ID,p_Action,p_Adventure,p_Animation,p_Biography,p_Comedy,p_Crime,p_Documentary,p_Drama,p_Family,p_Fantasy,p_Film-Noir,p_History,p_Horror,p_Music,p_Musical,p_Mystery,p_News,p_Romance,p_Sci-Fi,p_Short,p_Sport,p_Thriller,p_War,p_Western
1,0.06612067,0.0694603,0.005620639,0.028871315,0.28702664,0.027715374,0.008130932,0.6191507,0.008804252,0.0773142,0.009931124,0.056122243,0.019202882,0.01755173,0.02489654,0.08324122,0.0007135556,0.8193012,0.022250596,0.009184134,0.0038783096,0.18131353,0.03565031,0.010999691
4,0.06889133,0.033509154,0.0053924057,0.28699222,0.18709621,0.5788226,0.020993162,0.82897174,0.009047523,0.021883411,0.017591603,0.051855877,0.045117717,0.016365485,0.017267892,0.021499999,0.00080194033,0.051385157,0.017192608,0.0064394544,0.008085301,0.18663888,0.016462438,0.11449221
5,0.14291969,0.017284036,0.002070137,0.058710072,0.07823938,0.65302616,0.029052528,0.7362924,0.005537911,0.032233898,0.06406955,0.030592298,0.060386322,0.013645535,0.002802851,0.25036284,0.000664146,0.05502838,0.008234365,0.0024682917,0.023456894,0.6758838,0.0069265543,0.0108993305
6,0.1936806,0.08390505,0.0041909134,0.060232483,0.11848394,0.06641552,0.008243958,0.72137076,0.010180579,0.018390914,0.05613404,0.064406715,0.04859928,0.0050486727,0.007596956,0.09870974,0.0006989034,0.13340391,0.13419981,0.0055745435,0.00823905,0.21146767,0.1912923,0.0043235673
7,0.06787937,0.027993232,0.012725309,0.011664681,0.22435427,0.13306454,0.006586151,0.108550064,0.021482972,0.20009011,0.03951768,0.0043329992,0.9542655,0.008481369,0.011098056,0.63617766,0.0006428132,0.08555165,0.41915226,0.0074594785,0.0016377394,0.6811133,0.0018266767,0.0011516684
9,0.23957501,0.34220517,0.08230139,0.12628585,0.19885914,0.24885602,0.034890413,0.4539547,0.078781165,0.35979387,0.012168032,0.38546962,0.04749878,0.00785903,0.03766012,0.03356747,0.000787227,0.05589879,0.01845572,0.020468311,0.015420157,0.19517322,0.059419747,0.09584348
11,0.065485485,0.024053743,0.056885153,0.10890016,0.51861465,0.09631388,0.31397057,0.46500087,0.044312682,0.009699577,0.0015757229,0.04290383,0.0067867357,0.52060395,0.081553146,0.0023107105,0.0010783693,0.12197189,0.012950714,0.026481899,0.15438923,0.01720281,0.0059828167,0.015437056
13,0.17173368,0.05171574,0.009242063,0.015145459,0.7028876,0.5301981,0.001286464,0.5490757,0.052971333,0.011570882,0.048700787,0.013706562,0.004498019,0.008511001,0.023345647,0.016650425,0.00061940495,0.2110734,0.0056401617,0.0092402045,0.011421526,0.32271776,0.011241385,0.0422635
16,0.026436808,0.07365839,0.009551718,0.06764665,0.2883424,0.028997919,0.009090126,0.79587674,0.023395179,0.034466892,0.03946115,0.035614975,0.03278732,0.012754095,0.06840903,0.09978188,0.0004975643,0.79056203,0.009579279,0.005214854,0.012500838,0.044498675,0.050900724,0.0043955697
21,0.055321146,0.031910468,0.009517351,0.010521637,0.7861041,0.045065574,0.009244872,0.66388357,0.019456476,0.025820974,0.0072774147,0.012498242,0.013211491,0.023148365,0.025526417,0.014006069,0.00065366447,0.6405911,0.013585057,0.004073932,0.0104755545,0.053851128,0.01799819,0.010415556
22,0.11073054,0.23716925,0.014760951,0.0073410016,0.26830536,0.024150254,0.0013196146,0.6294651,0.03850312,0.4114976,0.00801732,0.013226263,0.19277012,0.01310178,0.025864523,0.10809022,0.0005819552,0.45860177,0.02169547,0.006868789,0.0100774495,0.24658293,0.017431488,0.0058269994
24,0.18608579,0.014265483,0.0022534418,0.005461955,0.3740205,0.5512501,0.001345731,0.6066064,0.00926059,0.008733822,0.034285966,0.003637585,0.10386747,0.005295712,0.009153282,0.39103216,0.00073417113,0.29663908,0.027895749,0.0019046222,0.0033286312,0.7705988,0.0038348308,0.005049595
25,0.20009239,0.27265984,0.03947122,0.039373793,0.3622787,0.18370089,0.008902073,0.49010473,0.13683312,0.04841077,0.0070903967,0.016690658,0.033603773,0.008329505,0.036556154,0.01555811,0.0007228154,0.16131243,0.0155314095,0.008449573,0.0353268,0.10514459,0.029916598,0.6188957
32,0.047212332,0.015949862,0.0049937335,0.013813022,0.35290605,0.03378573,0.0068465495,0.4854926,0.009433304,0.04855595,0.0098163225,0.0048189503,0.06462313,0.09831359,0.11033618,0.058356717,0.0007147388,0.6699544,0.019010281,0.010874509,0.0046815136,0.26812974,0.0069857147,0.010060087
38,0.006274108,0.027848743,0.0075109433,0.017955208,0.49683088,0.0381483,0.011627331,0.90187055,0.044958353,0.014562174,0.009935283,0.0078326985,0.05110223,0.01724028,0.024066726,0.026948659,0.0006919166,0.30767912,0.0022550873,0.0056736297,0.011711434,0.04635609,0.01188114,0.0147960875
40,0.416138,0.040947445,0.0027858233,0.016665196,0.34105337,0.7972445,0.0010619921,0.6714421,0.010864834,0.008376769,0.09500354,0.015049456,0.01878799,0.003432245,0.006163808,0.04294778,0.00048646357,0.14877903,0.026682265,0.003797943,0.0026151051,0.59651613,0.04755853,0.04381464
54,0.015787546,0.046737418,0.098134644,0.0078090797,0.9381607,0.039231367,0.001745649,0.18859996,0.22972408,0.16861309,0.011050576,0.0047793216,0.37245315,0.05963915,0.22101699,0.0072333496,0.00057137397,0.306104,0.012654216,0.041868273,0.014414099,0.04238538,0.0025467908,0.018893043
55,0.028796755,0.051306084,0.0060959905,0.010959143,0.17575818,0.04111799,0.002659004,0.4348436,0.05350559,0.17905737,0.009162273,0.0056836563,0.6524191,0.025906196,0.020286854,0.19382049,0.0006036277,0.1637315,0.010605806,0.002408031,0.0050403136,0.3031751,0.005787233,0.009447666
60,0.049072124,0.41073617,0.5961018,0.003955913,0.84426713,0.005032638,0.006642881,0.044761915,0.9521837,0.717149,0.0022570847,0.002145057,0.57858956,0.012320703,0.11688962,0.015385894,0.000728773,0.037206884,0.29206005,0.056945972,0.008635573,0.026281796,0.0015535406,0.0036716422
64,0.0053150128,0.010279143,0.0059317383,0.018703604,0.5556704,0.05738025,0.009322956,0.67693436,0.012830596,0.023806736,0.03243373,0.010275471,0.0140243145,0.0039886055,0.044526905,0.06334803,0.0006619595,0.80637014,0.005145422,0.01422234,0.0039114854,0.07433145,0.017796861,0.009889535
72,0.06558293,0.053305607,0.011419981,0.5660651,0.27915826,0.10849141,0.53293574,0.66993445,0.013460814,0.014846949,0.00524903,0.06937447,0.00088113925,0.084843084,0.010928,0.016608054,0.00096240046,0.12313811,0.00836491,0.006875437,0.2165924,0.04476948,0.025580578,0.017233318
74,0.04357905,0.011571678,0.0051776664,0.0026274994,0.46315777,0.14206308,0.0017842054,0.66153723,0.01141221,0.026660988,0.08543291,0.0028737548,0.16836905,0.0038266154,0.016574351,0.0778097,0.00053099066,0.31580403,0.013570138,0.0060807983,0.010284821,0.3126774,0.0049950513,0.01026425
77,0.332932,0.01950477,0.0030368792,0.029081082,0.20788877,0.75887513,0.01046791,0.6557686,0.024551244,0.003486534,0.032302406,0.01595293,0.023902899,0.0024121008,0.0012692352,0.23364535,0.0006290927,0.01448941,0.033749614,0.00443366,0.014115319,0.56845963,0.024104672,0.016928423
78,0.12615871,0.13639896,0.008351864,0.014405776,0.6508014,0.21514459,0.006529387,0.561884,0.0974716,0.13319221,0.018370258,0.006239145,0.029508857,0.014943308,0.008160204,0.038991712,0.00057079206,0.18037066,0.031108154,0.0017532712,0.02372414,0.16388208,0.005496542,0.016049752
89,0.3124196,0.6227595,0.08692729,0.08102307,0.14700204,0.030519718,0.006340886,0.48815474,0.11712185,0.52789336,0.008084192,0.14255252,0.016286915,0.008683888,0.035032306,0.072167456,0.0006819363,0.4054624,0.017057385,0.0074184933,0.05380637,0.074701376,0.01736471,0.020472484
94,0.031149514,0.08454799,0.024061495,0.06828937,0.26908565,0.07708924,0.009828947,0.6942552,0.031111255,0.04053752,0.031002892,0.031793945,0.018335525,0.019203411,0.06680898,0.022417603,0.00049852114,0.60491073,0.02251939,0.0037433484,0.011384404,0.029716358,0.022247473,0.020580236
97,0.02018479,0.065909944,0.018573178,0.017032778,0.24728015,0.038688097,0.003930638,0.2822629,0.1098631,0.7448094,0.020964716,0.024469107,0.84818,0.00478504,0.047434233,0.5347477,0.0005734499,0.13147569,0.036325894,0.010720963,0.0023344785,0.29277995,0.03973243,0.0064603738
98,0.14999217,0.08392579,0.041547105,0.121678255,0.6088161,0.35810792,0.046080098,0.5870853,0.10090263,0.05204501,0.00425155,0.02438542,0.0016894821,0.026500192,0.026733298,0.004198941,0.00091147755,0.07686594,0.0038395915,0.015648915,0.1284479,0.022930345,0.007418033,0.27791777
105,0.23945701,0.089787275,0.009998545,0.00985648,0.3775249,0.35520127,0.0016832383,0.5967963,0.037978612,0.014489144,0.057656568,0.006966269,0.011935941,0.006982818,0.026651617,0.013084479,0.0005247308,0.20134224,0.022960603,0.009362358,0.09920649,0.2490234,0.015193436,0.030003987
115,0.09452424,0.044567354,0.0088639455,0.0025193624,0.21724032,0.0308477,0.0073567564,0.7089399,0.015268088,0.18481173,0.015349614,0.0042447927,0.40622056,0.016815271,0.016486984,0.087687284,0.00059896125,0.28800014,0.013391483,0.0102960775,0.004854961,0.3058427,0.0144746015,0.0034505937
116,0.0349572,0.17042463,0.012423053,0.019493287,0.3355336,0.0132475635,0.078608684,0.47418642,0.03709489,0.059654444,0.0018037595,0.033573914,0.058201738,0.008422196,0.01240315,0.005606872,0.0009223392,0.09813959,0.03592833,0.005383531,0.066619754,0.02183246,0.012728836,0.23889525
117,0.2419903,0.07518519,0.018082798,0.0074602976,0.7431543,0.14475955,0.038190663,0.08707177,0.03748535,0.08140562,0.0039215866,0.004453417,0.13777515,0.026641753,0.013582654,0.016675787,0.00085848785,0.07065397,0.49108672,0.011703406,0.004007531,0.21424794,0.003447814,0.0260195
125,0.10185294,0.07869037,0.029935714,0.048166145,0.8081189,0.1625708,0.017714338,0.19855653,0.07952295,0.042007387,0.021119036,0.013068706,0.010839416,0.0069664335,0.028033728,0.026857495,0.00091436756,0.16551088,0.016510412,0.110680826,0.009003463,0.20599784,0.024905797,0.02822653
126,0.7691229,0.14089648,0.0076753153,0.071776174,0.23756407,0.7161145,0.007566721,0.5151422,0.010070245,0.03630845,0.035334412,0.01728632,0.015121414,0.00981281,0.006549287,0.07798616,0.0006925011,0.04922649,0.055160716,0.00427262,0.018483814,0.65800595,0.015271199,0.13434209
130,0.022392755,0.13157815,0.061935388,0.028318994,0.4631387,0.008305784,0.014750877,0.43344924,0.06456921,0.32302275,0.0077376864,0.010565712,0.26757625,0.010886594,0.018776689,0.0217652,0.0006199837,0.2195028,0.07789401,0.008222341,0.0067573697,0.053310685,0.010065379,0.009911293
133,0.49001935,0.095095456,0.0049194423,0.009915631,0.09045813,0.42018396,0.006106348,0.27998862,0.0071405238,0.009636055,0.015212476,0.030255692,0.16078767,0.0015677754,0.0032262728,0.10524799,0.0008066369,0.057284653,0.07750668,0.009641471,0.0010315104,0.7466111,0.014178757,0.014386114
137,0.083812505,0.06708026,0.0047993124,0.031926308,0.4914139,0.12734027,0.017085567,0.42099744,0.049239837,0.041523084,0.014281478,0.011034704,0.014362808,0.008020616,0.011405057,0.037630856,0.0007201933,0.13341428,0.010786816,0.0021646267,0.44138864,0.094432354,0.0037421999,0.03773816
138,0.071915686,0.011957521,0.00486569,0.071373396,0.31332067,0.32822824,0.11441391,0.16607316,0.017980829,0.022257295,0.038342163,0.017257862,0.26750886,0.03023971,0.010007399,0.19765173,0.0008307497,0.026472379,0.07702505,0.009507615,0.012712967,0.36124143,0.00875815,0.0067146006
140,0.06269957,0.58126444,0.06984029,0.024489904,0.3628501,0.03857965,0.0025579224,0.40238667,0.2626845,0.255285,0.026668703,0.041476812,0.03907053,0.0019025457,0.026001723,0.16792318,0.0006605227,0.50975037,0.03622824,0.013728808,0.014607438,0.17487,0.033340037,0.031812795
141,0.5401544,0.10390271,0.0049508484,0.005761273,0.31936264,0.16523077,0.002078007,0.30463758,0.02799126,0.019931704,0.037821017,0.014178617,0.0494948,0.0021553042,0.003633778,0.083959326,0.0007517841,0.0387296,0.10821429,0.020390121,0.0017078049,0.6993593,0.03422293,0.032407533
145,0.108594276,0.04922663,0.034303043,0.0056108185,0.6577212,0.016402416,0.011577455,0.45471975,0.10998244,0.16300629,0.0029660251,0.0014889643,0.16456911,0.011250887,0.005316009,0.08423439,0.0007113354,0.36160493,0.6779563,0.006072006,0.009912378,0.19535744,0.0019206301,0.0004647457
147,0.0023792463,0.011092739,0.015204292,0.051286165,0.3365683,0.022767121,0.01973998,0.8431889,0.03099712,0.03365443,0.0062382845,0.0026821946,0.03777313,0.22506578,0.040182587,0.06918239,0.0005946825,0.39510718,0.0045635547,0.014444737,0.009614437,0.08234685,0.009624794,0.004264343
148,0.0076052686,0.011613564,0.012586732,0.046545297,0.8378958,0.038269825,0.028210644,0.76707375,0.034634236,0.032895304,0.005029693,0.0025634884,0.009002357,0.09046162,0.04962026,0.011102772,0.0007090323,0.5731476,0.015518524,0.013151177,0.019101264,0.019029547,0.0054281657,0.003917331
153,0.19305761,0.22020222,0.05057313,0.025778612,0.20051149,0.026432622,0.0541564,0.07943182,0.050879646,0.85208076,0.0014922637,0.056699563,0.50530916,0.039242476,0.07641855,0.030935772,0.0009674371,0.058506325,0.03661494,0.010406983,0.002636537,0.1691806,0.0058844653,0.0027598972
154,0.015750699,0.039839953,0.006830809,0.028815642,0.4163366,0.03811653,0.0066432897,0.6010763,0.11442387,0.044826902,0.010924548,0.013671655,0.022713289,0.0054587442,0.0111912675,0.10967525,0.000681076,0.20354415,0.0057980474,0.004148479,0.005152943,0.09357231,0.005355548,0.010831633
155,0.017082555,0.00766239,0.010153868,0.07934047,0.67709166,0.05012536,0.06688995,0.3211306,0.026460862,0.025169013,0.008635716,0.027893713,0.09399952,0.026661089,0.06350031,0.015880534,0.0008340071,0.10781684,0.00872204,0.030420592,0.0066363863,0.054923527,0.023200355,0.010355957
158,0.28091475,0.21521753,0.012909786,0.021175716,0.08620519,0.062236648,0.0162541,0.3313593,0.030911887,0.042495478,0.012222125,0.034169003,0.31566077,0.0073793232,0.012783693,0.13039057,0.0007284151,0.09586346,0.746653,0.0021467877,0.0038665289,0.35531935,0.00682969,0.0016240568
159,0.09075699,0.08789415,0.00922699,0.021534897,0.36859995,0.2360773,0.0045233704,0.6004811,0.09135071,0.09853637,0.009051252,0.009189394,0.095358655,0.021444144,0.009283486,0.08956832,0.0005699171,0.06180804,0.10024907,0.0029235263,0.0116023915,0.35663357,0.009718081,0.008159444
161,0.16656862,0.46576828,0.075323895,0.021636797,0.11470647,0.014280906,0.042833198,0.13878657,0.1871381,0.11117965,0.0021305152,0.009196401,0.641374,0.009706611,0.015211326,0.06916501,0.0009599531,0.05674795,0.22834465,0.014007683,0.0057510724,0.22470987,0.008502515,0.024967298
162,0.009768694,0.033888873,0.011380159,0.012191123,0.68928885,0.0851645,0.0015977398,0.4596968,0.030988306,0.053102355,0.020335592,0.022772914,0.09469657,0.002680138,0.016772918,0.15610103,0.00056658214,0.5962379,0.026732633,0.015904078,0.0016125208,0.14059494,0.012609985,0.0051098345
163,0.20730089,0.07016703,0.008826939,0.1008639,0.33306003,0.29630703,0.010072047,0.7115408,0.13591881,0.019287258,0.0036821598,0.015025132,0.0038538438,0.030275116,0.005270318,0.021654155,0.00063318666,0.1015606,0.046084248,0.0039749495,0.2786231,0.15812941,0.007698499,0.029711008
182,0.053101372,0.12284904,0.01924548,0.0061270744,0.64527506,0.14885098,0.002009488,0.5045052,0.06640554,0.054155577,0.051981602,0.006080196,0.020093724,0.00455441,0.056474976,0.040798683,0.00052792334,0.7307439,0.007662353,0.005939999,0.009956004,0.13212812,0.0029481493,0.007697738
187,0.073776595,0.032893322,0.0064935675,0.0067915143,0.36117756,0.082672186,0.0017881197,0.7531145,0.041166496,0.036511265,0.016900258,0.004189427,0.05525447,0.008294029,0.0054480215,0.026101375,0.0005559325,0.20240134,0.024626605,0.015154814,0.018114338,0.1782769,0.021896396,0.016832031
189,0.10164756,0.05927003,0.0046843207,0.011289974,0.7243079,0.22384001,0.001956177,0.5574483,0.049466114,0.03411711,0.011586801,0.0061326865,0.042086545,0.0067653954,0.0148779275,0.0425699,0.0006118608,0.2095889,0.012458034,0.006056044,0.0072394777,0.13527791,0.0050519025,0.054176055
190,0.028400645,0.013643739,0.0009365121,0.0111802025,0.6938117,0.11198545,0.00489269,0.5500727,0.023129174,0.010500194,0.013282084,0.0067457147,0.027671104,0.012071543,0.004936772,0.033867992,0.0007876408,0.16677202,0.021827834,0.00086836977,0.031296335,0.101647,0.0054129167,0.011904719
193,0.017772263,0.07239616,0.012828851,0.06402662,0.11447494,0.017959228,0.003697389,0.8978024,0.07605246,0.15388216,0.012744216,0.030936994,0.0869007,0.008359869,0.012361591,0.072426565,0.0005436751,0.40812477,0.01867311,0.0070215566,0.018671123,0.10481481,0.032002736,0.00716247
194,0.03577522,0.040267896,0.015401909,0.0052286554,0.5860426,0.14531063,0.002881599,0.569415,0.041591026,0.093487196,0.027010605,0.008842117,0.047863476,0.008358719,0.033026896,0.061098706,0.0007296048,0.3788408,0.032555547,0.016613312,0.0028859205,0.21633297,0.0025424336,0.0121979425
197,0.00963312,0.008373901,0.0059880563,0.017202552,0.8276934,0.011338962,0.0060995077,0.58068883,0.0068885805,0.00445009,0.02120223,0.03439325,0.006723094,0.01105827,0.04244166,0.015556977,0.0007058215,0.8201284,0.004206458,0.014497086,0.011752273,0.04649965,0.029642757,0.0053323065
201,0.20489496,0.027224356,0.0021469686,0.011826855,0.3315839,0.4355894,0.0020400952,0.39177325,0.0061108004,0.017572949,0.03300594,0.0036195405,0.16051826,0.008100478,0.0084929215,0.29636022,0.00057550403,0.28751218,0.031383555,0.0036190466,0.0072536627,0.70833176,0.005833519,0.038890403
202,0.027224692,0.055646107,0.009380646,0.038307752,0.79902667,0.34302732,0.09672933,0.34899235,0.03955236,0.01308816,0.007923494,0.016409373,0.0023413908,0.021496248,0.0771446,0.020946499,0.0009659022,0.4174252,0.00193342,0.0055731665,0.019265777,0.033643235,0.0022221114,0.011181015
204,0.29719773,0.3251177,0.008211503,0.009861238,0.1809845,0.06587753,0.0022950624,0.32946867,0.052203942,0.024903556,0.013901196,0.02608367,0.10431286,0.00503711,0.032920532,0.1211638,0.0007278478,0.27295813,0.04536119,0.0073083215,0.0057580103,0.22050296,0.054471564,0.27746877
206,0.05667074,0.01490117,0.004204286,0.0025539426,0.5723475,0.1054392,0.0029804106,0.61177915,0.016624205,0.021868687,0.016792085,0.0020683852,0.09843498,0.007266911,0.0244436,0.117137134,0.00063656573,0.3651663,0.026510933,0.0054100472,0.0019141647,0.38064304,0.009085059,0.0014956119
207,0.02583459,0.036410283,0.027665634,0.41193762,0.33459076,0.042707503,0.7057186,0.2955255,0.07788413,0.0089452565,0.0039893175,0.054131027,0.015722279,0.18968807,0.04063477,0.025022585,0.0009697834,0.08047964,0.022854391,0.021893114,0.017013725,0.02283788,0.051345345,0.064996555
213,0.03694415,0.1996784,0.14749266,0.019800784,0.28579497,0.0115062175,0.025294524,0.5970364,0.27028352,0.19928151,0.0012376127,0.00819128,0.0662599,0.020764435,0.01030264,0.018626234,0.00077972485,0.34221488,0.21889395,0.014308978,0.009648645,0.056253016,0.017354632,0.0061774612
224,0.026946872,0.2333878,0.044552125,0.013651236,0.44751912,0.008767638,0.004948965,0.6362548,0.19538546,0.11924441,0.011316719,0.0086525995,0.02181851,0.0045910147,0.013515176,0.022989025,0.0006571051,0.3421868,0.06285659,0.0048940647,0.027095335,0.038430873,0.022295538,0.043916896
225,0.5449604,0.32268077,0.014981491,0.0042077084,0.14592265,0.15200034,0.0025086245,0.69283664,0.023215592,0.04078696,0.11198801,0.013667412,0.09072062,0.010748099,0.01780373,0.07692191,0.0005895402,0.34068397,0.15712956,0.009471557,0.010187289,0.5199096,0.0404898,0.0068079634
226,0.22908488,0.33667108,0.012504647,0.10547589,0.39825124,0.3629324,0.0045906813,0.53954417,0.038856365,0.11510077,0.009259409,0.16417937,0.005009395,0.008891145,0.016885348,0.036968946,0.0007491758,0.21654226,0.015009453,0.0030799008,0.0041510644,0.18930893,0.022978853,0.021814939
232,0.1282608,0.48623124,0.2420774,0.011902661,0.42021117,0.023442186,0.0058940463,0.34468222,0.35647553,0.21012326,0.009814071,0.044737864,0.055309903,0.00796111,0.048210386,0.01622639,0.00075506273,0.30346996,0.20227367,0.02529857,0.0022926321,0.042898033,0.055649683,0.008791981
234,0.18551326,0.0123541,0.0049876054,0.005475929,0.71275276,0.1755052,0.005980835,0.39517152,0.01333512,0.012215082,0.019813472,0.010390422,0.0204682,0.007225276,0.029309377,0.03437995,0.0007467651,0.2730924,0.0325322,0.08483536,0.007834844,0.21061778,0.013793327,0.0093214065
235,0.2053914,0.034109216,0.0024160556,0.030523764,0.3863592,0.46539974,0.0068054264,0.22204033,0.006406194,0.022623148,0.06565373,0.009783609,0.05741293,0.007176929,0.015514066,0.21816778,0.00076113763,0.20323639,0.056812786,0.0030460085,0.0029661523,0.6246906,0.0017547429,0.0051325234
236,0.12805535,0.29970747,0.04035001,0.013490386,0.11997733,0.012605651,0.099215336,0.547762,0.03836007,0.094263665,0.004282206,0.024901189,0.037071366,0.01883136,0.009224868,0.025808904,0.0011548597,0.11729205,0.66260433,0.017532557,0.0070614275,0.3285386,0.015800882,0.023343485
249,0.5418569,0.11773437,0.05063536,0.019156408,0.22752982,0.020895159,0.06981846,0.34395063,0.18713751,0.024421284,0.0013397761,0.015217992,0.0108185,0.036679357,0.0070996713,0.0071186917,0.0009010972,0.08735385,0.17032804,0.017591044,0.8945532,0.070593484,0.0046250443,0.008581375
255,0.16918506,0.06580981,0.0023575434,0.012282579,0.2559781,0.060737416,0.007875976,0.6894978,0.009437181,0.055335164,0.0042247614,0.006930731,0.11711424,0.021537663,0.0036317932,0.18683207,0.0006947655,0.20094545,0.29201987,0.00070864754,0.0026272296,0.5396068,0.014284062,0.0041074497
258,0.2792347,0.064643495,0.0077567697,0.0070007415,0.15031387,0.39546698,0.003945774,0.6432271,0.0104779415,0.044050183,0.031331796,0.009741411,0.1662059,0.0127333505,0.010872631,0.068891056,0.0005421927,0.05963595,0.058889497,0.004202002,0.001956124,0.5680903,0.0137315905,0.033948578
260,0.20647055,0.050413568,0.008052833,0.15743005,0.29608846,0.21552342,0.056597646,0.45912156,0.017939493,0.010768392,0.012698138,0.10297654,0.010671695,0.015850827,0.017734155,0.0621249,0.00087346794,0.11559415,0.044653013,0.019425087,0.0144524565,0.2044726,0.16457655,0.033425324
262,0.11231269,0.109855495,0.018161165,0.021389669,0.37492448,0.061768178,0.011271051,0.59313816,0.047131825,0.020409942,0.0154768955,0.010912416,0.114335984,0.019279873,0.025156343,0.032623183,0.00073198415,0.1897494,0.02184525,0.012696961,0.046957985,0.15021153,0.067527264,0.023743317
264,0.07812982,0.08292517,0.021005042,0.41127804,0.2672229,0.012167247,0.26720342,0.5442017,0.123729356,0.0075699156,0.0035590238,0.24483739,0.0025901513,0.019317506,0.017802522,0.010481957,0.0009296259,0.16249436,0.036090355,0.021854198,0.89052474,0.023005625,0.06360223,0.02062645
269,0.046266228,0.027337156,0.0025762694,0.006710398,0.28770247,0.19114636,0.0010039562,0.6971318,0.012708718,0.013501623,0.0777892,0.0049467534,0.09276627,0.018879462,0.045171022,0.09610727,0.0005053792,0.3929879,0.0093925325,0.0024359876,0.008549009,0.3411539,0.0038065442,0.019895427
271,0.035169125,0.017951097,0.008338653,0.02730664,0.74025345,0.09847841,0.0017758749,0.7136631,0.025435403,0.040913835,0.030539282,0.015021181,0.0078353,0.011925204,0.050033797,0.014990692,0.0005684952,0.81037545,0.0066409456,0.007528823,0.0035426163,0.06424499,0.03712606,0.0066811983
276,0.34556618,0.5718604,0.06298429,0.04536758,0.13683915,0.043267768,0.0031559963,0.43006712,0.14279549,0.14711036,0.0055115526,0.34607017,0.018569892,0.0021680633,0.08064368,0.010227892,0.00081179786,0.374476,0.029571766,0.019354654,0.008584974,0.077977985,0.069637515,0.0557202
277,0.03835022,0.1302974,0.030332526,0.019614434,0.84013623,0.060639624,0.00716012,0.27420178,0.29289514,0.066066615,0.0132042635,0.016716072,0.024150912,0.0073695183,0.054158326,0.014874573,0.00074202224,0.28220367,0.016368657,0.004095117,0.012198585,0.07647318,0.0065554986,0.006382092
281,0.022196732,0.0936721,0.009566043,0.033352338,0.15214713,0.014108246,0.0054344945,0.756839,0.063761905,0.13741435,0.0026904165,0.004490021,0.03247226,0.026732938,0.014021197,0.09931177,0.00069957646,0.46058667,0.013963606,0.002043599,0.014408308,0.16948701,0.011890004,0.0055248593
282,0.0085806325,0.014280021,0.0054481793,0.034886554,0.46929547,0.13853224,0.011317461,0.71748173,0.019675592,0.026457686,0.01023844,0.011424767,0.026533892,0.010342716,0.013141904,0.05400807,0.0006702144,0.5896696,0.02276264,0.0049622077,0.0032994288,0.09938102,0.008055638,0.002264504
285,0.038284138,0.12883513,0.008012858,0.018795652,0.21940583,0.028240714,0.0114900125,0.4823686,0.021541782,0.08007373,0.0077174893,0.0049306876,0.14147799,0.020743424,0.022811068,0.09266444,0.0007129466,0.40516096,0.04159174,0.006845677,0.0027981792,0.2081168,0.0053777127,0.0036707106
294,0.40463257,0.0117358705,0.0045927693,0.034584213,0.43504405,0.8886645,0.007799905,0.6433874,0.011432089,0.0060580135,0.0560197,0.01121343,0.005188711,0.021155396,0.0059761563,0.045120414,0.00066048396,0.05262132,0.008268602,0.009279378,0.031887025,0.49267918,0.0070895907,0.05511055
301,0.07536235,0.017235758,0.004124599,0.016009374,0.694037,0.21014692,0.01765121,0.72837114,0.024881508,0.0021319534,0.012552945,0.005466163,0.0041552847,0.015959203,0.007128337,0.006285406,0.0006802677,0.21611552,0.0045790905,0.004292298,0.33689433,0.04918185,0.007869071,0.05401933
302,0.40623012,0.044543765,0.00070336723,0.043263257,0.048645448,0.11122871,0.0098399045,0.82951236,0.0022140888,0.0056555145,0.06606328,0.04562909,0.01382046,0.0052917525,0.0026876442,0.33767807,0.00082076347,0.13801749,0.05192191,0.0014219398,0.0052271406,0.7393428,0.38838133,0.021025669
306,0.09388097,0.018830188,0.0040449067,0.034942694,0.31575525,0.2652271,0.011080528,0.65732646,0.0135981105,0.014454066,0.026520712,0.010379239,0.03719683,0.0069005135,0.0045449985,0.10825357,0.0007107445,0.10983452,0.019135382,0.005437426,0.028278345,0.4294849,0.0069356686,0.008428422
317,0.028962294,0.015641652,0.021090254,0.15789348,0.39932966,0.15050359,0.04791126,0.4410175,0.045850847,0.12361342,0.007833547,0.11831783,0.015529688,0.05694073,0.06478275,0.047345348,0.0008512727,0.27521327,0.009628003,0.029378066,0.019750183,0.064545535,0.014268601,0.009527141
329,0.28623888,0.18251087,0.006790379,0.0038587565,0.5505108,0.2954858,0.004559584,0.3559555,0.04844421,0.024866587,0.0154231405,0.001620515,0.05665827,0.0071021323,0.011844702,0.0814477,0.00071277027,0.27725822,0.03407031,0.0026768402,0.016635293,0.43170935,0.003894081,0.041206
331,0.1666975,0.19880894,0.11568434,0.027122539,0.15886158,0.09815624,0.00910737,0.12487076,0.3209686,0.6063395,0.0050748102,0.0077131675,0.8391119,0.02272813,0.03882064,0.04909524,0.0006148322,0.012051089,0.08139276,0.04693328,0.010057533,0.46641198,0.00301633,0.0056358445
338,0.02331377,0.036739204,0.0036507659,0.041723635,0.3977463,0.062882066,0.007293786,0.8282128,0.017168501,0.016370721,0.007885405,0.009045616,0.019629229,0.031280722,0.015435006,0.027176984,0.0006588993,0.65988797,0.022585563,0.0013935002,0.021420443,0.11763207,0.022933884,0.010774581
340,0.04260427,0.046498645,0.014164261,0.025208376,0.1398822,0.034774177,0.008755679,0.65388286,0.023041075,0.059716064,0.00877042,0.011618162,0.475529,0.012008459,0.011003317,0.22204994,0.0006326794,0.27986327,0.073805064,0.0069541764,0.0030752367,0.24791877,0.03058287,0.0045649437
341,0.009517679,0.04756535,0.011990437,0.01755173,0.89422894,0.027751254,0.0030369733,0.3529658,0.10367757,0.011457899,0.022479746,0.02175358,0.003592708,0.006832725,0.08201773,0.008155404,0.0007067992,0.77970004,0.010343966,0.02978089,0.0037684864,0.024222748,0.006214598,0.008586699
342,0.009582737,0.03542751,0.01495184,0.040093377,0.79212457,0.0188782,0.01442541,0.46022493,0.090640225,0.14942612,0.0026216367,0.01411037,0.03498037,0.05733063,0.02178792,0.042573184,0.000788861,0.45836353,0.013329945,0.0025499372,0.005752714,0.022322267,0.006493134,0.0030333647
345,0.08632408,0.20402749,0.0066303946,0.054253936,0.060110666,0.09830476,0.01707997,0.53992254,0.032296244,0.054542203,0.022442847,0.1962749,0.18878841,0.003925983,0.016689476,0.13497968,0.0007687474,0.06364124,0.033624616,0.0049684364,0.0063029877,0.26946202,0.29945883,0.13492885
352,0.042426992,0.13496485,0.033398528,0.014202337,0.50536525,0.029228183,0.01573347,0.3901877,0.28635094,0.09314513,0.002496824,0.011546846,0.110917956,0.0102229025,0.0044652144,0.044368006,0.0007075011,0.020364469,0.13008244,0.0076918835,0.012175417,0.05908003,0.012438162,0.008078677
355,0.41796467,0.057974014,0.0017217483,0.027413474,0.13130102,0.0549929,0.28657407,0.6081805,0.00533083,0.0019363796,0.006959632,0.08296155,0.0058760024,0.013030912,0.007898723,0.033310402,0.0013793941,0.076140665,0.015502911,0.010537316,0.011938634,0.2476828,0.86113864,0.021923287
358,0.08007932,0.011507048,0.0033270987,0.037832238,0.03715408,0.644681,0.276602,0.3958335,0.0047539813,0.016129004,0.018831518,0.038153138,0.5191538,0.00857989,0.0029478285,0.2872015,0.0010903002,0.0043459297,0.032498464,0.0080241,0.001268458,0.7087,0.016421437,0.0067572584
359,0.13709329,0.0831132,0.007763081,0.0054940274,0.16234022,0.049487904,0.0074607497,0.5312937,0.034122318,0.074974924,0.033560395,0.003880237,0.22021659,0.009129903,0.00551964,0.12160473,0.00063481997,0.071553685,0.31534758,0.004531212,0.03182362,0.47392088,0.009894732,0.002866672
362,0.017079273,0.02187124,0.006778969,0.006178702,0.7170139,0.19635297,0.0017452401,0.80605453,0.018205188,0.09172109,0.044817634,0.0057652844,0.028239131,0.005118807,0.022609066,0.085620835,0.00049971696,0.8097676,0.0057943487,0.008391346,0.0044439007,0.15170561,0.0027966895,0.003671316
364,0.08756565,0.17181273,0.024238948,0.015996285,0.47475508,0.11962693,0.01563029,0.5186221,0.048591137,0.024827583,0.008569838,0.034783475,0.010339437,0.01252713,0.019797666,0.020258173,0.0006847232,0.22558604,0.006625839,0.011126278,0.028461061,0.11050585,0.06678248,0.04080183
365,0.13418664,0.08845049,0.05029598,0.028615957,0.6030205,0.12724528,0.01633871,0.563031,0.32254767,0.025597265,0.007400842,0.011457272,0.0029410096,0.017306987,0.01750754,0.01263278,0.000673032,0.14978221,0.05053423,0.008720353,0.84802157,0.1067401,0.006501082,0.003986611
374,0.2502933,0.024864957,0.0059340554,0.013172198,0.27872372,0.2794323,0.0042697745,0.57461244,0.0086348625,0.00885959,0.059747852,0.0073958137,0.05240564,0.019857652,0.018251603,0.16432765,0.0006829278,0.1365738,0.05859162,0.0119488705,0.0031304029,0.4467787,0.13395664,0.005914651
382,0.075914025,0.012315481,0.0017169145,0.15140648,0.2745367,0.4821784,0.04237701,0.77662325,0.0025404019,0.016600735,0.015475485,0.03615023,0.050143342,0.030289553,0.0049598794,0.041802406,0.000817632,0.06684896,0.023597697,0.0013600574,0.01680742,0.2669611,0.012168222,0.016763203
384,0.20055489,0.03035118,0.012928612,0.027841603,0.4333056,0.4621586,0.01868262,0.30887413,0.0080150645,0.13428356,0.0316577,0.0077613294,0.06454659,0.0804047,0.015718855,0.12778069,0.00072234124,0.17361793,0.057022225,0.005882903,0.003287989,0.4821978,0.005907612,0.0015963665
386,0.028732536,0.05619353,0.011484955,0.026098983,0.26405275,0.05037108,0.007366864,0.9024832,0.04892921,0.09443177,0.0061898627,0.005991673,0.08005547,0.010602014,0.0016832359,0.013578981,0.00058948604,0.048759487,0.031475298,0.010196312,0.014943526,0.07635884,0.012650189,0.02139806
390,0.81665033,0.61338437,0.3127644,0.015367679,0.57178533,0.06304222,0.0066308687,0.04132754,0.6311137,0.42740262,0.011402767,0.018896842,0.06002438,0.010755655,0.061769612,0.0146309165,0.000678259,0.098777406,0.70165217,0.016175289,0.03842291,0.16827616,0.012312901,0.0029304677
391,0.24677187,0.0321211,0.0013730106,0.04514269,0.28019038,0.7696203,0.011603305,0.2969105,0.013104468,0.017621683,0.019727536,0.018843198,0.09187945,0.03256428,0.014373767,0.2477186,0.00071342196,0.045515314,0.023347203,0.0017795617,0.0022296878,0.5088528,0.0051417938,0.020538798
392,0.5393754,0.0855823,0.0009557037,0.017847467,0.01549408,0.32319465,0.008582069,0.54065907,0.0018147186,0.010696926,0.12638026,0.047345567,0.38706037,0.0026730797,0.0028307363,0.7802437,0.0007517815,0.054324135,0.24945408,0.0014303977,0.0022630598,0.9631831,0.04741732,0.011182111
395,0.31235176,0.1772322,0.005826527,0.006062885,0.5029394,0.521406,0.0020830084,0.22699817,0.115445904,0.033987187,0.04515689,0.006570882,0.04518618,0.00082448527,0.0057081175,0.22367607,0.0007817723,0.035838317,0.15865763,0.0043358062,0.0022099256,0.7648533,0.0071443687,0.0061678463
396,0.050235268,0.41132194,0.040293194,0.036967896,0.40667015,0.020933239,0.01523209,0.6004045,0.42577845,0.026117273,0.0010641833,0.023673309,0.04918731,0.00942113,0.026629606,0.005135843,0.00077302207,0.05705316,0.018729601,0.007189767,0.01839212,0.021008201,0.09431133,0.47792807
404,0.10293341,0.0153094595,0.002224481,0.0041757906,0.43425164,0.6807234,0.00060090853,0.32068193,0.010569392,0.034933913,0.16098073,0.0019703524,0.5303294,0.0024279938,0.012178067,0.39967456,0.0004863588,0.12848014,0.015110312,0.0030185406,0.0026270996,0.8198365,0.0005829444,0.0062159146
405,0.60731155,0.15907677,0.01260123,0.00641344,0.39074445,0.68053925,0.003237668,0.5180464,0.042620655,0.012762588,0.067626625,0.009612884,0.021199113,0.008384123,0.0233094,0.038466174,0.0005937874,0.08383652,0.10345941,0.002546592,0.012266844,0.47218582,0.03358145,0.018449679
406,0.0552237,0.026657643,0.0030153955,0.06020497,0.038361277,0.6782139,0.18274571,0.54637957,0.015021964,0.0047628065,0.010559971,0.045850396,0.18224388,0.009722652,0.0027624879,0.20554039,0.0008237608,0.009216282,0.026794469,0.003018977,0.0042632376,0.4367126,0.008910765,0.024400424
412,0.12283146,0.052859552,0.020888159,0.007382202,0.28809738,0.12458412,0.0040523186,0.32795334,0.07250916,0.048523396,0.012120102,0.010090253,0.5235293,0.013562673,0.028709942,0.11437133,0.0006683105,0.08137788,0.304641,0.007766531,0.0019049158,0.4398046,0.0052231825,0.003708979
417,0.0053893426,0.07103478,0.044283252,0.035623763,0.5068212,0.013841202,0.00887172,0.46063393,0.27290508,0.3369129,0.004920946,0.019297348,0.39172107,0.009046172,0.014246721,0.02796588,0.00063593267,0.061433595,0.023522492,0.016372511,0.007653711,0.01953534,0.005858686,0.009768749
419,0.10140679,0.019014897,0.0032517666,0.05249571,0.15052654,0.10141341,0.003268296,0.83819497,0.011957385,0.054221943,0.016585026,0.0099423025,0.092969105,0.011557615,0.0027366322,0.14229748,0.0005453445,0.0792065,0.03482236,0.0052164574,0.0063178483,0.43952703,0.03602353,0.015651662
423,0.13340089,0.19316247,0.06333802,0.033318322,0.5618309,0.18833536,0.004227667,0.56502867,0.25821564,0.033895954,0.015541283,0.008378314,0.0046263793,0.017899204,0.060811542,0.021587634,0.0007241071,0.26713753,0.006406009,0.022532912,0.11035184,0.15829127,0.013413695,0.3161772
436,0.08284919,0.6631473,0.26068708,0.048172988,0.18584502,0.012225528,0.018720677,0.39913213,0.43930712,0.48101008,0.0063557667,0.14617111,0.056663986,0.007415828,0.052646678,0.038827457,0.0006924684,0.20373207,0.07604136,0.07508474,0.006335931,0.03355107,0.056991108,0.008901791
441,0.05144453,0.24225129,0.053641647,0.0032471824,0.2789947,0.0047957157,0.007613046,0.51514345,0.16264853,0.084384374,0.003419295,0.016727872,0.087754056,0.0051968694,0.01736969,0.028243022,0.00076873496,0.1936046,0.025607953,0.012805079,0.0032342505,0.100511156,0.02922377,0.0030871653
442,0.23164503,0.057819102,0.017280804,0.0074080336,0.5503978,0.2858178,0.0017561434,0.44615158,0.04732283,0.069326535,0.014386656,0.0075165266,0.08852755,0.008921898,0.013466412,0.021905487,0.0006906672,0.09220761,0.026157403,0.011429249,0.041558538,0.38009202,0.0072927256,0.022741875
448,0.04091553,0.0691756,0.011282471,0.027559571,0.5489,0.046115637,0.0018555076,0.70811045,0.18897851,0.056837004,0.0074118283,0.006280506,0.039447147,0.025838796,0.027836086,0.039152782,0.00046707774,0.32351717,0.03260021,0.0048928573,0.04594321,0.08318596,0.006565406,0.00771765
454,0.26417238,0.10548156,0.005367294,0.031005371,0.3464371,0.41282296,0.0066558253,0.81478924,0.029733999,0.011805658,0.018664222,0.009783294,0.0026092054,0.024906555,0.009085433,0.020485627,0.00063900655,0.1327143,0.015239073,0.0058624195,0.09018178,0.16037047,0.0289882,0.028496549
458,0.06436341,0.026753608,0.004521481,0.019022534,0.4445791,0.32421806,0.03356812,0.6501593,0.012510377,0.008955112,0.0027224012,0.010493725,0.021782776,0.014379895,0.003813804,0.052696116,0.0008956361,0.06514303,0.04336117,0.0018387518,0.0018178143,0.15886211,0.006220535,0.006805687
459,0.09879643,0.014711131,0.0048194397,0.0032995762,0.11282938,0.35534462,0.00350219,0.49464503,0.016002897,0.047645163,0.031815447,0.0033107132,0.41988337,0.0067642196,0.0022822993,0.61090946,0.00064746616,0.08282676,0.10139496,0.0064397985,0.0011332342,0.88297904,0.00355127,0.0032820546
460,0.031260066,0.054441046,0.0063934866,0.21812129,0.10778874,0.15508844,0.012616975,0.7201424,0.06426476,0.035357974,0.014164201,0.1446472,0.010826351,0.018016784,0.011753425,0.25860828,0.000764394,0.23440363,0.00548165,0.008854195,0.011700352,0.18665576,0.036685362,0.01716767
466,0.17657162,0.048454467,0.019125558,0.030214386,0.5147778,0.5386429,0.0026398317,0.4855229,0.01078761,0.054381296,0.057964195,0.028099313,0.033897914,0.010482313,0.06911537,0.062628254,0.00047062495,0.6726427,0.016140094,0.009546163,0.00085952686,0.21204752,0.007048681,0.004522696
470,0.010518231,0.03457341,0.025466327,0.029632382,0.9015182,0.085549615,0.0026603926,0.71932524,0.13187025,0.029122215,0.019867966,0.007370911,0.003752243,0.011900312,0.022179725,0.006963027,0.00051894516,0.4738895,0.0040908335,0.011788353,0.018087687,0.019533549,0.028798115,0.012769979
475,0.74913335,0.29684243,0.010403119,0.03516521,0.23263222,0.1955915,0.0025372466,0.6920151,0.015232076,0.051513463,0.012618953,0.1561831,0.013213039,0.049962938,0.050666086,0.049487744,0.0006973672,0.51525617,0.017312543,0.0053337305,0.0065382826,0.41975698,0.15914634,0.086994514
481,0.5785162,0.0842973,0.006675716,0.014978185,0.25413916,0.42080045,0.011935266,0.39516646,0.016710946,0.022049882,0.0356519,0.021121534,0.023579404,0.008167273,0.006421616,0.15063241,0.0007532901,0.12344812,0.137797,0.0032685616,0.0038310257,0.64733535,0.04679986,0.00966834
482,0.67434216,0.18666454,0.0072935885,0.013192047,0.13930823,0.105192825,0.039040633,0.31785735,0.032642297,0.017136531,0.012490629,0.037281595,0.032346305,0.0036754294,0.0047989255,0.027141271,0.0011009795,0.012691666,0.11060751,0.017270232,0.006753438,0.6682741,0.06370073,0.006575995
488,0.0063001686,0.007419508,0.011525227,0.011209926,0.9564089,0.036557246,0.0027299412,0.6165075,0.022201674,0.01151694,0.013000927,0.0030749037,0.0039544962,0.009355524,0.01799512,0.0061999727,0.00061861053,0.89005244,0.0068704146,0.00786769,0.009644664,0.030669307,0.0055174883,0.0029485545
490,0.3309894,0.17725852,0.010719567,0.015499994,0.07077348,0.1212441,0.035404444,0.3080281,0.019188639,0.019591307,0.04251374,0.02711261,0.13833344,0.0104691805,0.0046426193,0.5743167,0.0009356849,0.06361036,0.47708872,0.008497842,0.0024489183,0.8537892,0.029306931,0.003143126
502,0.031027004,0.03379153,0.017651118,0.010570339,0.74851245,0.023329465,0.0043062605,0.35037002,0.20129539,0.07511049,0.003504374,0.006518697,0.072543964,0.032877628,0.03625871,0.026552055,0.0006504014,0.5100146,0.046372324,0.00450466,0.0048511797,0.070225924,0.0016400901,0.0017416079
504,0.010502205,0.018307973,0.0076973517,0.013472191,0.8966042,0.01774953,0.041677244,0.3233705,0.096997656,0.015580385,0.0064426493,0.010760259,0.011131278,0.10823607,0.07737085,0.012080372,0.00079795514,0.38750124,0.0064914636,0.0036300628,0.025250776,0.024319235,0.0017048254,0.0075475844
512,0.2681902,0.032252297,0.0031638353,0.049274717,0.4487023,0.43493766,0.006589588,0.5246767,0.0056258803,0.016992643,0.012757398,0.0068658744,0.067597315,0.050934132,0.04298168,0.10911713,0.00057816587,0.3168594,0.0071943053,0.003373198,0.011464538,0.49428177,0.0033763973,0.024504855
514,0.0078038946,0.014695732,0.004884576,0.015547675,0.7163979,0.0671752,0.0042640595,0.8671931,0.010668614,0.008327686,0.009434525,0.0130702555,0.005786215,0.009675656,0.014384081,0.06612873,0.000649945,0.8907635,0.0028888995,0.0023063242,0.022236783,0.09870575,0.024755277,0.011413103
515,0.06781476,0.0075852703,0.0014838659,0.024048304,0.5525704,0.25145727,0.0036162657,0.738693,0.0018045462,0.016456401,0.021778692,0.015564245,0.03813713,0.015729902,0.026902841,0.064855196,0.0005898007,0.66542643,0.00801905,0.0012302522,0.0035600318,0.1862104,0.008100666,0.0020143278
521,0.36883035,0.12750602,0.011116602,0.0027764116,0.3939149,0.6055234,0.0018691728,0.51726246,0.0431768,0.021567153,0.046380125,0.0050076228,0.085988685,0.007608533,0.0071659395,0.07651883,0.00060232944,0.19159372,0.076531805,0.010782573,0.0020027729,0.5551058,0.008335479,0.0038447878
522,0.29272673,0.19769381,0.0062883017,0.033576105,0.43149492,0.5624582,0.0055141877,0.4472244,0.11266782,0.022750815,0.02981792,0.029733328,0.013134293,0.010591135,0.009599089,0.050554447,0.0007064043,0.09657497,0.0123220375,0.0048992345,0.020664489,0.34381473,0.005380105,0.012205546
523,0.11232666,0.07918148,0.010566051,0.0775315,0.5462541,0.024615234,0.032868817,0.40954286,0.022868147,0.007944719,0.0073488103,0.039440416,0.009970627,0.06590802,0.026940102,0.022386326,0.0006799427,0.25415197,0.06379573,0.030612119,0.018024892,0.098766476,0.12464665,0.018093476
525,0.0058187954,0.009101584,0.008098881,0.049424317,0.723398,0.05896643,0.021359067,0.5813141,0.017188426,0.020727867,0.015113797,0.022318812,0.015710402,0.017870963,0.03868637,0.017403588,0.0006666328,0.63388765,0.011432697,0.01762601,0.0029761244,0.048618622,0.029493721,0.0042955317
526,0.13326342,0.11820002,0.007867289,0.011081222,0.653595,0.51321584,0.0045561073,0.24037482,0.06825416,0.06788942,0.03760641,0.004502845,0.19130358,0.006497257,0.00910385,0.0758589,0.00064065855,0.109370925,0.03939343,0.005421425,0.009983457,0.524747,0.003704077,0.022940403
529,0.021218902,0.020218352,0.016464299,0.015597661,0.6096508,0.16912812,0.0075619062,0.642628,0.03149888,0.020219443,0.026585443,0.002934522,0.06350958,0.092778504,0.02913271,0.018957814,0.0005402265,0.42868406,0.007949974,0.005394209,0.06625291,0.083525635,0.0041767685,0.007998513
536,0.047490973,0.0545912,0.01181915,0.011887657,0.7506608,0.074682966,0.0014283485,0.45503902,0.020652791,0.051348876,0.01631325,0.004332522,0.07895224,0.012032867,0.032416783,0.07061371,0.00058016856,0.74080914,0.017886091,0.0032350174,0.020949272,0.13930033,0.004000027,0.014056832
537,0.5645146,0.09706022,0.002836654,0.0068805283,0.08759491,0.15710708,0.030915257,0.22340758,0.01741499,0.03325272,0.025497181,0.0080337,0.28873053,0.005265755,0.0016747357,0.3093752,0.0009356033,0.014894942,0.5379694,0.0020341007,0.007381999,0.84360504,0.02770419,0.0022107225
539,0.3682919,0.12707362,0.0020248352,0.029290909,0.14070325,0.59846854,0.008612213,0.66148305,0.0044099437,0.002500864,0.049854044,0.07495776,0.015096687,0.0024803446,0.01342835,0.03950265,0.000757044,0.043044932,0.01931363,0.0026033265,0.00590183,0.6072634,0.14102171,0.27927926
541,0.12733392,0.061616976,0.0096605355,0.042671677,0.08059044,0.12242846,0.027486963,0.4779388,0.029946309,0.23494263,0.005196867,0.03141761,0.33908832,0.007881455,0.004142933,0.20089541,0.0007812984,0.06976794,0.05800986,0.0063793804,0.0057196906,0.46537542,0.02243632,0.019238379
545,0.011328046,0.04534788,0.0109247435,0.028830193,0.60325265,0.02263802,0.0031821947,0.6878531,0.05603032,0.17709965,0.016970905,0.032843083,0.010009515,0.008510756,0.08944408,0.0783876,0.0006800781,0.8630478,0.005981005,0.012102917,0.008861441,0.090152755,0.013224159,0.010178969
552,0.11437442,0.03416045,0.006171416,0.0104799885,0.46054965,0.64802706,0.00065672636,0.5725718,0.029984696,0.037952542,0.09484983,0.0026965495,0.12788044,0.005163222,0.017307384,0.092189774,0.00048822328,0.13421786,0.017997777,0.0067947567,0.0052723507,0.6831766,0.0054596034,0.011301743
556,0.10797642,0.07916832,0.014562248,0.014211727,0.6735024,0.054455344,0.013238547,0.6026495,0.030005986,0.082637966,0.002352427,0.0032607645,0.084777355,0.021348828,0.009445815,0.021140184,0.00065276766,0.11185233,0.0975943,0.0061667883,0.017027846,0.11155339,0.004342724,0.007085906
557,0.08910705,0.5042528,0.263802,0.018681288,0.60387486,0.0063753854,0.011255933,0.25245,0.7190202,0.47353062,0.0017317745,0.01604589,0.04367203,0.020489598,0.07430991,0.007819432,0.0007491936,0.25173965,0.04199422,0.012332737,0.011154476,0.0136615755,0.019933114,0.050704535
559,0.54359514,0.1258299,0.0024842164,0.019460697,0.46839887,0.35836744,0.049242355,0.41604167,0.006166382,0.010397942,0.015155504,0.044330597,0.008467178,0.0053438745,0.0059098364,0.09265959,0.0009997017,0.20697808,0.15062836,0.0026568423,0.0038136116,0.56755024,0.17488374,0.0041592387
560,0.031345505,0.09487317,0.028101461,0.008432834,0.7625078,0.008668467,0.08256757,0.5284511,0.07518918,0.026102824,0.0016308771,0.023460515,0.012819265,0.013650683,0.03566856,0.009853391,0.0012184497,0.16738178,0.014557679,0.015467531,0.009345545,0.026310105,0.06484956,0.021556279
569,0.88078624,0.38305384,0.019769995,0.009827716,0.20838152,0.4422414,0.007049482,0.33953983,0.06722055,0.072966754,0.024996823,0.022971455,0.010802937,0.009320583,0.0069281254,0.02021068,0.00068425026,0.130701,0.08495557,0.010943009,0.25402826,0.43691158,0.020247614,0.02022893
571,0.02065406,0.012316537,0.007369738,0.4345675,0.19670147,0.05683573,0.40558666,0.75658214,0.008447332,0.009046442,0.0042386297,0.046608504,0.0039525284,0.09624515,0.018010026,0.020360952,0.0010501307,0.48313108,0.008279785,0.011538711,0.009736744,0.06837861,0.02880942,0.003768427
572,0.01567502,0.01012718,0.003530677,0.032580093,0.3644611,0.071372904,0.0033007606,0.8359068,0.00433423,0.025785698,0.018842762,0.010090848,0.009534884,0.018198159,0.023096321,0.0421749,0.0005766546,0.90113413,0.0068572084,0.002682581,0.004958216,0.17480452,0.004234144,0.00991602
574,0.14639296,0.14087437,0.06643413,0.054354105,0.22751714,0.048363715,0.05424206,0.3720321,0.034152213,0.10252449,0.006066121,0.2857533,0.05733508,0.014553671,0.026049033,0.028726362,0.0009527054,0.14424004,0.03723078,0.038474508,0.008544508,0.10859162,0.11844637,0.04295565
575,0.34269106,0.022724396,0.004723406,0.011734189,0.17901139,0.41975832,0.058321647,0.08857601,0.008397676,0.015212548,0.02460839,0.0063073644,0.562213,0.012739273,0.005954012,0.63888294,0.0010689935,0.011669602,0.3241279,0.0036436077,0.0005493022,0.81844956,0.008519105,0.006327396
580,0.09078007,0.013523063,0.0032771525,0.013958283,0.07881616,0.02687137,0.0032891487,0.68737596,0.002867783,0.2101412,0.032453068,0.005814009,0.6931489,0.012073499,0.010488923,0.2873581,0.00051472225,0.46620473,0.3319273,0.002306907,0.0015281563,0.37097362,0.0051402794,0.0011741549
581,0.02703582,0.068975896,0.008488526,0.0135246515,0.5443065,0.18529691,0.0094273435,0.3005404,0.057343636,0.04578556,0.019459145,0.015513251,0.05910384,0.015342352,0.013193642,0.056954935,0.00079515576,0.19391371,0.025098246,0.004788697,0.004014989,0.160826,0.0041323174,0.018070677
583,0.011476318,0.035656,0.0063926387,0.024085341,0.6070556,0.03558481,0.026103929,0.6002472,0.026676694,0.044173736,0.006352822,0.0069608316,0.048981685,0.07954917,0.021771248,0.051247418,0.0007521273,0.34671217,0.03937517,0.0049498244,0.028143805,0.13883716,0.007416334,0.0040532
587,0.05744969,0.019474331,0.00225706,0.0807546,0.16445464,0.18168752,0.0072496426,0.81037253,0.0035674956,0.0109107485,0.020446295,0.04362164,0.007737537,0.014470901,0.0067373523,0.062487762,0.00074730656,0.47459087,0.008254713,0.00415728,0.00747008,0.3488054,0.02402847,0.01984724
593,0.048178826,0.009220489,0.005928025,0.019806357,0.8396494,0.34877813,0.0018785525,0.647553,0.020704469,0.0056975675,0.03086818,0.0041504907,0.009169822,0.007307125,0.0093428,0.03946572,0.0005238758,0.17229687,0.02023473,0.01241417,0.00977399,0.22629507,0.0024697126,0.012399996
597,0.24817744,0.21725562,0.014735472,0.06512348,0.2506602,0.04883207,0.03366655,0.57672274,0.083913326,0.050431866,0.011442569,0.008091774,0.0050619743,0.05676578,0.028497085,0.017634762,0.00057305646,0.17629056,0.013399302,0.0026771978,0.7149172,0.08606669,0.004559783,0.051488116
600,0.056161966,0.021292266,0.008946292,0.02316505,0.5597927,0.64704794,0.013270771,0.5710773,0.018914878,0.0091866385,0.06599397,0.0039055322,0.030075561,0.042232357,0.07129834,0.029971337,0.0006196098,0.26631168,0.010385672,0.00392997,0.0066125356,0.2544937,0.0029447637,0.014282807
606,0.5741041,0.16719174,0.014116652,0.012695102,0.53153443,0.51057863,0.01639571,0.3676225,0.044681083,0.021083055,0.004161841,0.017778624,0.04243735,0.024313193,0.015092887,0.011798918,0.0006867278,0.029945383,0.034995917,0.012134761,0.009206634,0.25546902,0.01088434,0.07979747
610,0.092763275,0.07060223,0.029747326,0.035827834,0.19062275,0.028194506,0.012232054,0.76375026,0.049116276,0.119809955,0.0057262057,0.085347034,0.021250973,0.016555676,0.0189159,0.041139457,0.00083006435,0.13997552,0.024939705,0.016570287,0.019132903,0.12809451,0.4089559,0.012641408
612,0.08405873,0.05078485,0.049626455,0.039617788,0.5868315,0.18655741,0.09105272,0.44822347,0.07735493,0.027831564,0.007127993,0.026161958,0.008422733,0.019618418,0.018296776,0.007483261,0.0010805401,0.052167043,0.028119693,0.013844671,0.0038454907,0.05546266,0.021409454,0.01594315
614,0.19857678,0.09223939,0.027685573,0.07715561,0.7913371,0.1902719,0.079675406,0.2174364,0.15531379,0.023715755,0.007689037,0.009528802,0.0078572715,0.022195268,0.027167523,0.0077551478,0.0007187048,0.16188988,0.02037017,0.0065624085,0.32158357,0.06491027,0.009281271,0.017277298
619,0.09077511,0.1189331,0.018292535,0.010987171,0.592851,0.19902845,0.001222355,0.48626047,0.0723964,0.19310535,0.069612496,0.009369898,0.019588482,0.02017352,0.084992334,0.036471926,0.0006020666,0.5552392,0.008275624,0.021276943,0.008003748,0.3022271,0.005326973,0.03248944
629,0.031527933,0.18849637,0.024148732,0.097021565,0.4938033,0.023963764,0.018693764,0.5231877,0.08680762,0.10217319,0.013402272,0.020455642,0.037483253,0.024489334,0.06297549,0.0730831,0.00062675786,0.36008877,0.009893789,0.018011266,0.079366796,0.07904264,0.011579426,0.0025066016
630,0.08435078,0.068147115,0.03469465,0.089185946,0.23989676,0.0069281454,0.11847918,0.60783535,0.03103717,0.29605934,0.0012465252,0.04737175,0.030173725,0.06424488,0.012994019,0.016205974,0.0010501262,0.1443468,0.11864184,0.017847093,0.013644116,0.06948237,0.015705286,0.01113552
631,0.04405656,0.022958811,0.0024767725,0.019040383,0.5658393,0.04785232,0.0033464278,0.73532027,0.03842075,0.048406683,0.020268118,0.0045388495,0.029478991,0.03300146,0.03038094,0.023747137,0.0005740449,0.35011667,0.0039493814,0.0023807045,0.084825955,0.096167676,0.0022330766,0.012071953
632,0.040053114,0.03005797,0.010500634,0.01000245,0.4550918,0.082424045,0.008518235,0.7379607,0.08397926,0.033034008,0.012586543,0.005626881,0.040122494,0.043820646,0.014291657,0.02512433,0.0006045287,0.19435348,0.008669275,0.006562903,0.025798941,0.11145655,0.010012549,0.009512102
634,0.010609283,0.009576404,0.0034433834,0.035654854,0.81844884,0.02764958,0.040590715,0.5790028,0.028079448,0.031230856,0.011319538,0.0106531745,0.021325689,0.05180412,0.008667357,0.04920546,0.0007103579,0.33490103,0.014147552,0.0061711497,0.038146943,0.06646778,0.0069263997,0.0032213756
635,0.17181772,0.014813872,0.002155688,0.06136611,0.41381115,0.5774697,0.04966315,0.5391038,0.004913419,0.01259467,0.011397726,0.015220736,0.020866703,0.056729447,0.013367991,0.15707162,0.0008976369,0.0892832,0.02524063,0.002401387,0.006416355,0.2926953,0.00330343,0.025215315
638,0.010679204,0.022812935,0.005247902,0.0028516839,0.7211809,0.08845225,0.0013698557,0.8505544,0.04390615,0.021511748,0.005621563,0.0010147241,0.020064315,0.013852393,0.007682077,0.030545117,0.00055791915,0.654864,0.016152319,0.0020404719,0.008600329,0.09784267,0.0031887721,0.0032249836
643,0.16277595,0.038685307,0.020289693,0.027789064,0.0667231,0.47457895,0.07810523,0.1742293,0.013302247,0.012888694,0.041734047,0.007549552,0.7024069,0.0093473075,0.0058781365,0.4846545,0.00082908897,0.019259183,0.11150808,0.018437244,0.0016749654,0.72436154,0.0050429804,0.011595564
645,0.41926822,0.04772015,0.0036786697,0.024203816,0.2686886,0.094493635,0.0061591184,0.86150616,0.006690547,0.005555607,0.0104182195,0.07057634,0.008504441,0.01720124,0.007892828,0.011733403,0.0007370271,0.2512333,0.015106104,0.0035417564,0.021691363,0.2378823,0.4844191,0.0050336053
646,0.02581014,0.020376377,0.004732134,0.10420038,0.33659714,0.08553341,0.020978237,0.6960479,0.005980279,0.0608368,0.009836012,0.014030099,0.14162894,0.043529868,0.016961202,0.079632655,0.0006386516,0.35781094,0.009463646,0.0049463026,0.013184911,0.1162721,0.015475986,0.02278621
659,0.021204963,0.044417586,0.008892016,0.053305153,0.23505266,0.040088817,0.009828594,0.84475535,0.11500222,0.18862551,0.0027847954,0.022485008,0.012184172,0.021475025,0.0050075464,0.032379325,0.00072141184,0.26271456,0.013733191,0.0033123565,0.0366632,0.1442281,0.01137181,0.010091311
660,0.04096038,0.046823543,0.0252417,0.030554997,0.8556718,0.26455033,0.0057975496,0.34741202,0.09032889,0.049225748,0.022008754,0.0085261,0.015607908,0.22727674,0.34876686,0.00861734,0.0006360096,0.3262719,0.011615134,0.012812292,0.009002672,0.057604033,0.001989491,0.019771043
661,0.0116759725,0.028008008,0.008125454,0.112761036,0.62529254,0.07639156,0.023944994,0.76282793,0.10721661,0.036199886,0.006682056,0.008797643,0.01567251,0.19897349,0.028367115,0.015637966,0.00064341695,0.12722893,0.017722199,0.006692512,0.02183949,0.03469463,0.00682506,0.0055822516
663,0.4162871,0.07650595,0.014264317,0.0061184387,0.38022262,0.18607669,0.007721924,0.07426937,0.03357875,0.2310728,0.011670466,0.0026973165,0.795034,0.031414934,0.01375718,0.10060621,0.00053325325,0.10378488,0.12419251,0.0032901964,0.02667986,0.4714468,0.001197834,0.0017714411
666,0.005597707,0.009526741,0.0034982366,0.023604602,0.60485864,0.07596989,0.015676314,0.82484907,0.006213382,0.038343083,0.015697578,0.018394228,0.020187955,0.026244795,0.027884169,0.10438849,0.00071162527,0.7416645,0.0052252836,0.0034791927,0.0020805844,0.07748007,0.01759022,0.0027771958
667,0.26229012,0.20300213,0.009156613,0.0094881775,0.15367639,0.19864288,0.0022336014,0.64563525,0.022988522,0.14741716,0.02435963,0.005894946,0.18628865,0.010863569,0.027484586,0.1346167,0.0005541563,0.4817504,0.0817415,0.0032355266,0.006424775,0.48246494,0.003148346,0.0027433634
669,0.032592073,0.043973584,0.07787168,0.01483454,0.8546432,0.13408755,0.004647668,0.4184382,0.23231262,0.12138598,0.007915746,0.005468509,0.039577015,0.06655529,0.108855434,0.07675588,0.0007020185,0.21428464,0.012690591,0.09366276,0.0050204713,0.16172177,0.004005626,0.0067236293
671,0.4764968,0.1990898,0.1220304,0.00961223,0.74574536,0.215325,0.016301133,0.11708076,0.19665824,0.19855736,0.011903878,0.0059401905,0.14712746,0.01435193,0.031280123,0.021655383,0.0005482119,0.081289016,0.2612961,0.021383068,0.055886034,0.11704234,0.003435868,0.0071324087
674,0.17630789,0.09241594,0.022506347,0.0211062,0.6194135,0.05534806,0.015623644,0.06984401,0.10388363,0.17542686,0.005401564,0.0044456227,0.74776745,0.012846648,0.007533471,0.06545769,0.00068521476,0.012728807,0.8552516,0.014013065,0.008669451,0.39364028,0.001797107,0.0017464318
685,0.7575079,0.42179024,0.01056331,0.06689943,0.06740585,0.012009574,0.14000046,0.3219798,0.026712382,0.013221745,0.0022011267,0.06341957,0.015300721,0.011886968,0.002837667,0.028636292,0.0010683506,0.06240148,0.81734264,0.004374357,0.026382737,0.25509202,0.031906474,0.010791412
686,0.7511854,0.36355284,0.0075347787,0.019624261,0.46053448,0.17550081,0.010396514,0.26249954,0.009590923,0.040427797,0.011410832,0.007873324,0.047650497,0.008083248,0.008211678,0.039885093,0.000690552,0.070687525,0.42711514,0.0035066812,0.03510842,0.37937057,0.009666879,0.060013484
687,0.028924145,0.030255357,0.0059365933,0.014665756,0.58055705,0.09872747,0.0068967477,0.6896519,0.045658223,0.027436493,0.004652389,0.0031585612,0.04909607,0.04191317,0.026200663,0.028783333,0.0005690647,0.35816193,0.014920584,0.004068151,0.023945574,0.08443822,0.0038519094,0.014819552
688,0.18771373,0.10551841,0.047329053,0.012596283,0.21116795,0.24556498,0.014468766,0.37632355,0.052094992,0.05873138,0.007350063,0.059483767,0.16154633,0.031173002,0.029457295,0.024239613,0.00077636406,0.026805606,0.013301684,0.036995873,0.010002317,0.18388169,0.053913247,0.045381274
689,0.1829183,0.08008536,0.008688779,0.012694481,0.431537,0.04343269,0.006520673,0.4925527,0.02686889,0.02569783,0.007810255,0.011266371,0.032806963,0.017976012,0.029403482,0.029811453,0.0005953815,0.5816755,0.050672565,0.0055206087,0.06219556,0.14172772,0.0065675396,0.0024425825
695,0.26424673,0.021170266,0.006316364,0.03149451,0.36478856,0.3230206,0.010934625,0.4844389,0.014512565,0.007549684,0.012559045,0.02852862,0.0545575,0.0055771954,0.027012553,0.02968598,0.000767841,0.1039307,0.009226507,0.00771849,0.0046255975,0.2702658,0.022970563,0.4380201
697,0.11017611,0.023989182,0.019370485,0.044568595,0.7639742,0.12575054,0.06934094,0.5186604,0.023010338,0.035935733,0.004520829,0.0054346365,0.0026109447,0.891178,0.14231619,0.002615644,0.000723184,0.24900158,0.010520862,0.005700969,0.09169457,0.023105087,0.002514832,0.007710357
698,0.020957647,0.27701125,0.053015973,0.019524291,0.30633715,0.03179179,0.010314553,0.26566276,0.4871929,0.7249938,0.0054139,0.042630255,0.07655849,0.011105385,0.009128384,0.10059888,0.00069581444,0.051071294,0.025379289,0.0121961655,0.021849845,0.1457125,0.010727705,0.004114942
699,0.05679999,0.0663647,0.024170198,0.13229969,0.7331814,0.09197333,0.11105281,0.1551136,0.1624828,0.0334553,0.0055644736,0.061742842,0.004588642,0.040902637,0.116538875,0.022786094,0.0009603318,0.16581587,0.035974722,0.060115423,0.032512605,0.021697914,0.0077955476,0.011201778
703,0.22871451,0.0449209,0.0052354136,0.021024393,0.3681958,0.9438268,0.0044242404,0.32281327,0.01240766,0.009204342,0.04960422,0.031351034,0.020818943,0.0013529236,0.007908444,0.09107132,0.0007419409,0.071171746,0.013106719,0.0035647883,0.00094251044,0.66685617,0.0018263028,0.025032235
707,0.07168167,0.08290635,0.0052232714,0.04568933,0.1698073,0.18551078,0.0045603416,0.67982227,0.024391867,0.048897173,0.020660577,0.05614718,0.024766693,0.00883553,0.020846277,0.36657023,0.00060838315,0.3104793,0.057847932,0.002743109,0.0014197876,0.3880063,0.020813113,0.003430277
716,0.026832564,0.06078813,0.018751195,0.061022148,0.7657026,0.039457556,0.00796444,0.4340734,0.049570296,0.02200939,0.013443488,0.015850456,0.0070197615,0.16316548,0.30442905,0.030998021,0.000691586,0.90581983,0.007771497,0.005830791,0.006754481,0.048051775,0.013581504,0.010502145
717,0.054934222,0.010382653,0.011642526,0.11637686,0.053419665,0.027289884,0.6459569,0.22174107,0.0038320592,0.056509875,0.004715761,0.06916986,0.80469066,0.049625564,0.0049015805,0.08558416,0.0010387755,0.008813949,0.10979704,0.030139465,0.0057921214,0.18868165,0.019309355,0.0075719184
719,0.0560985,0.19338138,0.031448033,0.032754343,0.048160087,0.040726043,0.013728219,0.44533435,0.023664724,0.40747634,0.024451163,0.06008743,0.37624043,0.013234244,0.03785665,0.6141147,0.0007537295,0.24489763,0.034172677,0.013274637,0.00050716574,0.4343425,0.08542023,0.009427545
726,0.022911575,0.03642413,0.010202383,0.028551862,0.655312,0.01611846,0.004438944,0.6380814,0.09299637,0.10188106,0.012602881,0.016688231,0.024282318,0.15603824,0.11516364,0.028771745,0.0005922221,0.73356205,0.010236184,0.0030680979,0.03771878,0.04914381,0.0036537799,0.0069531095
727,0.0050042598,0.009086535,0.0015669351,0.03144115,0.36918145,0.06452936,0.002491328,0.928239,0.011114772,0.02997239,0.03268244,0.0025505328,0.023019241,0.03318029,0.008053546,0.17988159,0.00045289594,0.46836624,0.0055947537,0.000556144,0.0061093355,0.12511538,0.0051106154,0.012423633
728,0.015651625,0.062468037,0.048648328,0.2771616,0.65918344,0.026763283,0.46096885,0.36809978,0.08550734,0.05383529,0.004272809,0.039486486,0.007095279,0.26847947,0.086229354,0.0041243094,0.0010007108,0.113599315,0.022120008,0.042547982,0.03964368,0.0096143,0.05130366,0.01697311
739,0.5614261,0.13243286,0.005077324,0.023065759,0.06326198,0.15051392,0.029175747,0.6857102,0.004962137,0.015286509,0.017318888,0.021510394,0.021838827,0.03821862,0.0029384338,0.22194664,0.0008483842,0.0431217,0.18397276,0.0024815449,0.0029681143,0.8413961,0.1707035,0.0058275685
760,0.022699354,0.024733229,0.012846774,0.0041398066,0.75194544,0.033649158,0.014009033,0.25906673,0.04028986,0.1181378,0.008736695,0.004291027,0.1591959,0.01326114,0.03934309,0.053415503,0.00080318993,0.31676707,0.10718574,0.00742119,0.004710467,0.14064671,0.010202475,0.0040832288
767,0.60782796,0.15444642,0.023801263,0.006957194,0.31775886,0.15300387,0.10942338,0.16540416,0.04977938,0.016558884,0.0024955205,0.015388705,0.026554475,0.4722909,0.013469701,0.03559879,0.0011430733,0.031137105,0.11044595,0.008698008,0.006542023,0.1933131,0.019649437,0.039578438
768,0.06401282,0.030941183,0.003702981,0.008305199,0.29469618,0.15011957,0.0033289713,0.7160814,0.026254635,0.021827614,0.025347799,0.0029899208,0.16060522,0.0064476263,0.011538669,0.15018833,0.0005907467,0.2646921,0.027300576,0.0036131642,0.0025677592,0.31563613,0.006166458,0.026754504
769,0.021891914,0.0538716,0.009866859,0.09052304,0.2806182,0.10739837,0.0044291075,0.74752724,0.045742355,0.024425533,0.029498158,0.026395008,0.05578726,0.045587625,0.13843876,0.056887526,0.00051755755,0.45800224,0.007250198,0.004723991,0.012949843,0.08254427,0.008236059,0.017298838
770,0.14037183,0.015349796,0.0012371494,0.023128156,0.12957406,0.65545076,0.0029744485,0.8245945,0.004675343,0.009206734,0.097369336,0.012902181,0.05611432,0.008451087,0.010146112,0.07421992,0.0005888683,0.08463997,0.010383575,0.0013527219,0.022158595,0.4953603,0.013758138,0.10189642
771,0.015092179,0.08442319,0.030803908,0.029333975,0.38464496,0.030588087,0.0064534205,0.8212319,0.16335116,0.18594763,0.0073441854,0.006687889,0.06493396,0.04240227,0.04443534,0.047606472,0.00062984624,0.3000919,0.021311775,0.0046321643,0.013938063,0.09050724,0.004331983,0.0072976225
775,0.2982529,0.028563078,0.0018428162,0.03219254,0.04711551,0.5894171,0.007655471,0.6317133,0.004870832,0.019940695,0.05715056,0.051740367,0.40860108,0.0089746835,0.009292257,0.37072048,0.0006396604,0.049834173,0.04095125,0.0038145066,0.0014311839,0.81127626,0.016600648,0.013236604
778,0.024166994,0.046043433,0.010444327,0.0054234904,0.7866403,0.09043408,0.00057880214,0.41907227,0.059256166,0.038631167,0.034808163,0.010526642,0.08919211,0.004560521,0.05033494,0.08371846,0.0004851794,0.49054006,0.014036315,0.056803007,0.0031159667,0.18538056,0.009452264,0.0049015526
780,0.14924738,0.041373353,0.002943448,0.004189431,0.5237363,0.65162575,0.00078817015,0.56370294,0.018010011,0.010526687,0.029015768,0.0037172614,0.07595963,0.0055683167,0.011410133,0.12873368,0.0004902647,0.41758958,0.01806423,0.0045382464,0.0036400554,0.5836494,0.0021721325,0.020638445
781,0.053004567,0.0173748,0.010547399,0.013681741,0.49791482,0.23516807,0.028328273,0.4136645,0.018378403,0.065611616,0.02564395,0.01068335,0.17561264,0.02732251,0.008937017,0.16770011,0.0006669997,0.043130867,0.045808047,0.022342563,0.01019884,0.5358836,0.008232492,0.0012389572
784,0.0522671,0.035293065,0.0083722705,0.0048479303,0.18083732,0.08156541,0.0020754118,0.22754943,0.04175644,0.20232067,0.032023273,0.010057961,0.96107614,0.0025574663,0.0107153095,0.3638112,0.00059697765,0.030782932,0.09765492,0.007983942,0.0005711665,0.59523636,0.015589625,0.0036523426
785,0.5485287,0.030207433,0.0026037747,0.007988252,0.2555491,0.8662223,0.003197525,0.49409333,0.014652174,0.014322044,0.14646201,0.0045959703,0.044920687,0.0059689567,0.011892196,0.17913637,0.0005832268,0.07721559,0.012105745,0.0033509552,0.017525503,0.7050599,0.007981823,0.029624624
791,0.019700848,0.023555549,0.00260983,0.07305907,0.3501006,0.06846896,0.019725548,0.818425,0.0109984875,0.00445984,0.047718458,0.061948266,0.0028838029,0.0121463,0.0057180994,0.015767487,0.0007971606,0.21738006,0.02546413,0.002723713,0.02180473,0.14454862,0.031504065,0.015407644
793,0.15835348,0.05439711,0.013266059,0.016994795,0.18965307,0.1002375,0.002993041,0.8001093,0.039282203,0.060157444,0.021412147,0.013084695,0.2432347,0.008833963,0.008513649,0.110750616,0.00057638343,0.04761591,0.12394788,0.018305857,0.007058142,0.48850808,0.017165925,0.003208195
804,0.008956364,0.007221877,0.00614308,0.09451224,0.63894004,0.047174513,0.052575756,0.76696527,0.018509258,0.0058437353,0.008119957,0.0057842676,0.004623605,0.15359268,0.016498927,0.015660966,0.0007362661,0.48890838,0.004640698,0.0057763266,0.046235137,0.06124454,0.012880761,0.0021355972
806,0.0148867145,0.14742579,0.042889804,0.050047677,0.2726153,0.008848777,0.20448928,0.5036984,0.15201887,0.05644772,0.0028418868,0.020274382,0.091654584,0.04413566,0.011065552,0.06592073,0.0009971453,0.05041489,0.045056097,0.026236266,0.019060856,0.05703832,0.016014865,0.027097015
814,0.031675253,0.07456884,0.029898455,0.05522937,0.8315847,0.03176383,0.006827346,0.633633,0.26930475,0.046861853,0.0072130417,0.006787813,0.0026532814,0.03276974,0.027133958,0.020686453,0.00071513053,0.42493528,0.0054439,0.01894166,0.5574768,0.029835343,0.004201777,0.009813194
817,0.06595354,0.029122328,0.0024936872,0.012167935,0.32524073,0.24498306,0.017905131,0.54697573,0.027363285,0.020277286,0.0080676405,0.007884357,0.1770764,0.017465807,0.007963795,0.113260254,0.00077879813,0.07837363,0.0495284,0.0018866056,0.0064382707,0.24820764,0.008619132,0.030750968
818,0.025078634,0.030003253,0.012292343,0.00853189,0.09487237,0.0543619,0.0025163887,0.776858,0.04081651,0.033476803,0.021649929,0.004292673,0.7373128,0.016055515,0.017956646,0.26319742,0.00051834574,0.124964215,0.057663277,0.0044229133,0.0013807247,0.4028,0.006680025,0.019055199
822,0.03277131,0.01662405,0.002473442,0.009260564,0.44886845,0.10829583,0.004453358,0.8873039,0.008126927,0.025594946,0.013095331,0.0023127727,0.032382634,0.02195716,0.0067976895,0.093080685,0.00055393,0.50048757,0.017693311,0.00076828746,0.019836767,0.15917207,0.0073404144,0.00812137
823,0.06116898,0.10156573,0.041815795,0.004915485,0.40027508,0.008368368,0.034750234,0.26781452,0.09710154,0.097307056,0.0026321672,0.0056900117,0.1405986,0.05744038,0.0496008,0.03428955,0.00093765714,0.10282527,0.1333852,0.014220654,0.0075972257,0.16435032,0.0071612634,0.011418296
824,0.10562616,0.37035406,0.017008541,0.06555963,0.088687226,0.05074017,0.011623677,0.76710856,0.033432197,0.029351125,0.023198102,0.21785252,0.048240613,0.016770655,0.030821275,0.03051984,0.0006513557,0.088036366,0.08787797,0.0041446453,0.009423382,0.120095976,0.38959056,0.011281764
825,0.061030373,0.025557708,0.0059727635,0.0055909534,0.28071693,0.19506447,0.0044249757,0.4633912,0.009511014,0.042627677,0.036305312,0.005182618,0.321027,0.04504387,0.015169767,0.27595916,0.0005526298,0.31138787,0.24132057,0.0047688293,0.007295902,0.4926201,0.0017452434,0.0023425014
827,0.2653176,0.068249,0.022516498,0.09253378,0.34654218,0.21935062,0.006315436,0.57461065,0.06959037,0.023419872,0.01061369,0.06297576,0.015899697,0.020288238,0.05774344,0.018226137,0.00074738666,0.12393929,0.00279278,0.020582974,0.113358706,0.2556119,0.038893897,0.016236693
830,0.006507922,0.064899616,0.08552815,0.029069914,0.5945638,0.016486512,0.0064526377,0.50150204,0.7820627,0.4422705,0.005423416,0.011274091,0.065890074,0.028769866,0.0768829,0.14915004,0.00071975926,0.21687856,0.010782055,0.0214276,0.0025332961,0.094810024,0.0027283267,0.0037881287
832,0.56539774,0.12125947,0.011063836,0.035204664,0.06810502,0.74102294,0.0091257235,0.7622653,0.02636742,0.019448504,0.04055659,0.10096942,0.020037021,0.0032971576,0.0056903353,0.022063099,0.0006252889,0.04178209,0.034470603,0.0067217187,0.012089435,0.4997805,0.1211116,0.05517949
845,0.5303712,0.0207443,0.00091431226,0.01089193,0.11586626,0.9164113,0.0011287353,0.5419349,0.0029939287,0.0074908617,0.21734343,0.008400266,0.07198627,0.0044775316,0.011514514,0.53739893,0.0005407394,0.13571991,0.023372121,0.00366397,0.003757027,0.9448675,0.0048145936,0.022733038
846,0.011672221,0.003532756,0.00617682,0.14226122,0.14195634,0.0840525,0.535217,0.5809664,0.0018959136,0.005142938,0.0064470824,0.016335838,0.06782722,0.753276,0.027156323,0.055760894,0.00079702114,0.09597825,0.013015393,0.008615336,0.0047132666,0.10037631,0.011275872,0.0034457797
851,0.025354797,0.036917828,0.013508725,0.060028333,0.71351373,0.04191639,0.06467881,0.59508157,0.041523,0.14154111,0.002527197,0.010046155,0.013046663,0.07997441,0.026618263,0.019502938,0.0008706917,0.17409302,0.008965223,0.0044443165,0.039237812,0.09160107,0.0029705325,0.0065787025
853,0.037956998,0.112190515,0.010779822,0.020821583,0.043300565,0.012262558,0.1735107,0.2705193,0.011665599,0.23839888,0.0016244326,0.036019232,0.7993453,0.018708628,0.002383671,0.105408825,0.0010073334,0.015521416,0.04485208,0.005548701,0.002593978,0.36121273,0.034932155,0.013358805
854,0.014659453,0.0119656185,0.010458017,0.045959014,0.062950015,0.034118168,0.119883016,0.62535894,0.003791661,0.10618412,0.008817171,0.09541612,0.44584835,0.0138326,0.00833421,0.13901019,0.0008276279,0.11518446,0.0032746787,0.014819559,0.0020943466,0.30112642,0.02452392,0.0032913021
855,0.18167993,0.039409656,0.0052075395,0.08737306,0.068998866,0.109109625,0.10523002,0.589042,0.010855097,0.03636404,0.011968832,0.01998549,0.05950022,0.0605783,0.0055152862,0.10458261,0.0008509049,0.026771469,0.06110829,0.017009785,0.066919364,0.2984932,0.014060051,0.0096667465
860,0.05551946,0.049255006,0.014978929,0.01733736,0.4053383,0.120343804,0.0014712793,0.66537833,0.04941241,0.09019302,0.048873514,0.034090124,0.11988783,0.014018091,0.15655534,0.10172797,0.00047184207,0.6126311,0.011762463,0.0087499535,0.003655188,0.12329481,0.017229095,0.012554936
863,0.37050152,0.0445245,0.01585126,0.007260561,0.42650414,0.46595296,0.010919902,0.49089006,0.035463832,0.029071914,0.02225971,0.01800852,0.07038969,0.013528973,0.0048562237,0.024648074,0.0006689334,0.03711524,0.09542917,0.0054160673,0.008601594,0.40054753,0.018844292,0.011380047
867,0.03404992,0.044292875,0.0071109976,0.009937268,0.45432314,0.02594095,0.000992745,0.619413,0.046155438,0.06499285,0.02321425,0.009648778,0.063222006,0.007899713,0.03672779,0.08968777,0.00060097355,0.42756486,0.027834188,0.0054124747,0.0090112565,0.13106528,0.0067799417,0.0070356573
874,0.21484055,0.054898854,0.010824931,0.014757137,0.23176639,0.44545257,0.0067887288,0.43184894,0.017073238,0.07563324,0.029849231,0.008288427,0.11938768,0.03270582,0.031713814,0.32705238,0.0005544783,0.1747381,0.01799983,0.005098967,0.0111323595,0.5623907,0.013521942,0.004773929
876,0.18100815,0.047061995,0.012410646,0.028809525,0.5052026,0.021907376,0.012215737,0.22707509,0.060658734,0.060963634,0.002292424,0.01129542,0.10081277,0.059123028,0.018264372,0.026814789,0.00066633354,0.15772083,0.11753622,0.0049887747,0.4149923,0.07106863,0.0059087966,0.0052894265
878,0.018692002,0.10252098,0.014331897,0.16227166,0.32575753,0.027209636,0.0071354583,0.7672789,0.05263437,0.04690162,0.018006131,0.15112388,0.016570775,0.014404098,0.024659758,0.060284268,0.0005950664,0.7478117,0.005990401,0.0063331337,0.004554172,0.047736075,0.052294087,0.0054767057
882,0.0426572,0.033613987,0.003462189,0.006978614,0.14609519,0.2676075,0.0032421614,0.39246148,0.022153275,0.09993715,0.045380812,0.0048239655,0.57219774,0.019151013,0.029977929,0.6541836,0.00061120134,0.23428248,0.040550943,0.0025358326,0.0015683456,0.7034376,0.0022615725,0.0061005484
888,0.6489375,0.20131293,0.0039697066,0.031623032,0.27624536,0.40940115,0.005745249,0.42745057,0.01717283,0.009395542,0.02477213,0.0653611,0.01171892,0.0011240494,0.0025452091,0.1687862,0.0009249424,0.03189223,0.075588755,0.0036942814,0.002948061,0.81861895,0.13872057,0.011885137
891,0.49172857,0.12090278,0.025211487,0.016359376,0.3070746,0.03997419,0.0056966897,0.3005621,0.055034555,0.016707078,0.013762953,0.03942621,0.03756308,0.05064601,0.09704361,0.016504746,0.0007275188,0.16754276,0.184509,0.01192875,0.010778663,0.1588661,0.25045207,0.051537964
892,0.10499118,0.216313,0.022499539,0.043674886,0.48959333,0.07462737,0.0019040222,0.55560154,0.25668472,0.27124053,0.0060334164,0.10807438,0.021929719,0.010820755,0.040442836,0.08258224,0.00060908403,0.21211648,0.0059435423,0.013223899,0.01973461,0.07997599,0.00918488,0.01010408
894,0.04878297,0.04066266,0.015520899,0.007274655,0.673569,0.07153259,0.0069967355,0.81082034,0.050183717,0.039311625,0.014073151,0.0050448636,0.01160139,0.008197356,0.022997556,0.02199147,0.00060675776,0.45991334,0.01676578,0.010168011,0.04202706,0.0863607,0.008208505,0.017546048
899,0.3389375,0.034643788,0.0045008617,0.14809632,0.15271482,0.7938432,0.010792663,0.939743,0.010454588,0.010692219,0.03560972,0.048265297,0.0033245268,0.03295963,0.01096301,0.013747097,0.00061609986,0.06828601,0.011258114,0.0027949228,0.07541611,0.25644514,0.036904983,0.020175224
905,0.056052253,0.020042136,0.028275594,0.25882563,0.32747224,0.0060492796,0.7998207,0.21791483,0.010485964,0.01879586,0.000519648,0.06274822,0.06301766,0.7980949,0.1186745,0.0045939595,0.0011449134,0.04960361,0.03171621,0.01586397,0.030379305,0.012916484,0.0079131555,0.052999698
910,0.0672364,0.04581999,0.008504384,0.053422026,0.18097262,0.10489873,0.019997409,0.3135785,0.018144457,0.30842227,0.0091948975,0.03637168,0.67389387,0.02987106,0.028454464,0.31454813,0.00062250363,0.23927082,0.046860546,0.007335386,0.004781143,0.3096857,0.012253204,0.009090023
913,0.24329728,0.27674276,0.056570843,0.20827754,0.18150833,0.02885183,0.23675612,0.25683153,0.088802464,0.082752265,0.0026095654,0.114073955,0.021770557,0.01961956,0.033562444,0.011231855,0.0011081558,0.0417444,0.021056544,0.020012792,0.05070371,0.03727895,0.107326,0.5911596
917,0.034695845,0.026615927,0.0121591,0.043145668,0.46521258,0.06932017,0.01837417,0.57666594,0.02340251,0.058946263,0.009064802,0.01723146,0.4648667,0.028950587,0.021961851,0.090879835,0.0006541936,0.21431863,0.09333465,0.008884996,0.0066595655,0.11471845,0.01630341,0.0050880252
918,0.33121085,0.4035338,0.106346086,0.0089393575,0.41783327,0.03209507,0.08648799,0.075313404,0.1648428,0.036521625,0.0015773666,0.045771148,0.10512505,0.0060721557,0.008505808,0.029648408,0.0012862558,0.029483939,0.7091918,0.01796594,0.0032963834,0.09954281,0.02089031,0.012869532
920,0.107579194,0.22931844,0.032328576,0.012784488,0.07747194,0.052598845,0.0064008515,0.3943525,0.0723971,0.43021956,0.01480644,0.024902856,0.6728081,0.014704227,0.04138673,0.38074866,0.0005785517,0.28704396,0.13958715,0.015947519,0.0023911647,0.3816688,0.015331932,0.0034428597
922,0.10164617,0.05766145,0.011665489,0.007650105,0.1964242,0.29146993,0.0037723281,0.2708356,0.07486817,0.0995308,0.008400103,0.0032219163,0.6771878,0.00958228,0.0029737062,0.3832739,0.00067290926,0.021843106,0.13114192,0.004469727,0.0070385155,0.70351917,0.0030117307,0.011321667
923,0.9089444,0.3617985,0.0138396,0.019378426,0.173914,0.46154428,0.0036583168,0.3415956,0.06536169,0.023070637,0.03280912,0.03488969,0.017029177,0.0033549261,0.01011368,0.14189966,0.00072884455,0.046101376,0.27306888,0.0023919835,0.0063102073,0.64562744,0.096577115,0.008241295
924,0.08653413,0.51404345,0.049740613,0.01400366,0.18409956,0.012113451,0.0036605073,0.31963834,0.23391429,0.5673028,0.009552756,0.019952733,0.3992203,0.0034728746,0.018371455,0.18806478,0.0007099102,0.32033658,0.06170253,0.0051506846,0.007861362,0.18823776,0.023465088,0.043351132
928,0.116780415,0.074613355,0.02777579,0.017058425,0.23254369,0.028848616,0.35724282,0.09606155,0.019380378,0.22713496,0.00357975,0.044651262,0.5988715,0.013781067,0.011447338,0.07651608,0.0014295406,0.01158138,0.120475695,0.021476356,0.0032480808,0.409787,0.00820613,0.002167068
929,0.05953872,0.060780037,0.019702958,0.019496635,0.5631441,0.079632305,0.0043815565,0.45892012,0.050720286,0.23992102,0.005534821,0.013683839,0.035675664,0.017074743,0.018010046,0.04419309,0.000708315,0.46052837,0.010191665,0.003999334,0.016161475,0.26340076,0.0020345787,0.005678046
933,0.010997569,0.007252306,0.011443082,0.028627452,0.42005226,0.096907206,0.00822474,0.88699687,0.05502777,0.035377264,0.0030744737,0.0029740538,0.024392983,0.038700983,0.016671794,0.024056194,0.00059931504,0.515077,0.009548065,0.0030168234,0.008488935,0.07298848,0.003137151,0.002466943
935,0.37763852,0.059274074,0.0038884862,0.028398236,0.26005095,0.73854333,0.0012947404,0.48901755,0.0154667115,0.025662998,0.091524385,0.013896549,0.02846803,0.005209353,0.045331515,0.20894012,0.0005585694,0.13664208,0.01001879,0.004768811,0.0022247836,0.4348199,0.0057233907,0.1928445
936,0.024489464,0.30035606,0.25213477,0.044014566,0.41263074,0.009596586,0.006462608,0.53743136,0.51513964,0.7459284,0.0041600466,0.0367171,0.063115045,0.018169614,0.19914992,0.014210918,0.00072909635,0.36880577,0.006757024,0.01772963,0.004194254,0.026180845,0.005082332,0.012118674
939,0.18266806,0.035462152,0.0030464341,0.028643958,0.31032208,0.4927146,0.007617118,0.63177687,0.0058832075,0.024717303,0.031260252,0.018174065,0.029900098,0.015550881,0.0027185073,0.42035717,0.00080620043,0.044433415,0.08653089,0.0069402517,0.0045110406,0.83973074,0.020571023,0.0019827196
943,0.88694227,0.7591583,0.10178178,0.015485346,0.1912714,0.019435272,0.07593952,0.22870433,0.08199447,0.4079472,0.0017041058,0.021881502,0.013212808,0.038551114,0.014538154,0.007138178,0.001014656,0.067855135,0.5517216,0.012517766,0.18728659,0.070707686,0.037750725,0.008442497
946,0.05146882,0.17627881,0.03976811,0.019531133,0.58775073,0.051055722,0.0020009086,0.6523148,0.21171746,0.1239353,0.004404362,0.01664422,0.0098293545,0.0036854218,0.036568955,0.019096095,0.0005924315,0.60838556,0.043178666,0.0077717947,0.0070069865,0.056855753,0.0058479975,0.004718918
948,0.37725556,0.51974195,0.01759523,0.003399679,0.16293307,0.064006455,0.00082839327,0.6178489,0.117940255,0.117034465,0.00644671,0.025086336,0.06766121,0.003220944,0.012136127,0.06658281,0.0005459709,0.09220881,0.058387637,0.0055712163,0.00526628,0.19319682,0.12555803,0.035332583
950,0.025062673,0.058139242,0.003729473,0.17951787,0.17728773,0.0887182,0.37502202,0.4014978,0.03552786,0.009179887,0.0068632737,0.046185076,0.070614934,0.057194,0.031506058,0.07419473,0.0010253447,0.040159844,0.013002933,0.004824353,0.006443165,0.087323226,0.005699002,0.0095090885
951,0.47420698,0.15934344,0.011897598,0.028677186,0.49909428,0.20792599,0.0025908058,0.31120574,0.06052754,0.13569902,0.01063595,0.01710292,0.014478608,0.013168212,0.008238361,0.053489257,0.00062434707,0.10549835,0.054486793,0.005629571,0.066886805,0.1795824,0.0075518102,0.04992358
953,0.06676841,0.38483343,0.2270162,0.06434024,0.6336512,0.005406746,0.003953488,0.4450873,0.5397258,0.16423248,0.0034204633,0.020605493,0.03014571,0.029378852,0.12180295,0.009028544,0.00067274505,0.50913906,0.021945525,0.016768344,0.04771964,0.021876143,0.015211097,0.020519214
954,0.12320356,0.029585294,0.0050179563,0.010082987,0.67214334,0.85588276,0.011300411,0.3260838,0.018551486,0.0075850263,0.11806129,0.004963371,0.07991974,0.0051202443,0.013922559,0.13751005,0.0006403371,0.08123861,0.021714369,0.006806416,0.008759152,0.6635473,0.0020492978,0.01414023
955,0.055952553,0.027948271,0.008059833,0.042281676,0.24107417,0.21538389,0.018671045,0.6523477,0.012922687,0.01730072,0.016301882,0.058147546,0.03736419,0.010910588,0.0051024267,0.035840083,0.0009964316,0.040609457,0.06930582,0.008143124,0.00415204,0.2841742,0.010048663,0.029573057
956,0.2075429,0.159461,0.0443082,0.024883289,0.37080944,0.04323881,0.03286274,0.19422397,0.08490048,0.29754314,0.0026971418,0.004089217,0.2768714,0.015103311,0.008167597,0.08902266,0.0007502668,0.07227091,0.17859899,0.0068421476,0.012469644,0.11797828,0.0020676532,0.0027000087
959,0.007215084,0.031498007,0.002041243,0.013934513,0.4303179,0.035583757,0.0010519074,0.8938596,0.051018678,0.051650174,0.03316964,0.008905995,0.041022357,0.005004269,0.01079102,0.10555957,0.00051502313,0.70542324,0.017261988,0.0019373834,0.008707646,0.11881369,0.012797831,0.007375828
963,0.06634031,0.506974,0.3510925,0.05981618,0.7340371,0.040221933,0.008231246,0.29638237,0.62186074,0.1058249,0.0059166364,0.027123822,0.019593606,0.055905554,0.13547225,0.02695822,0.00071609486,0.16736257,0.070968494,0.022392932,0.034414276,0.015170251,0.023442913,0.031540588
966,0.09184122,0.011995426,0.00747512,0.0068124207,0.4642928,0.023456266,0.0151503105,0.21113151,0.028667523,0.03676023,0.005457908,0.033067573,0.23523922,0.020496914,0.008558254,0.015145423,0.00076604163,0.1036568,0.053211857,0.021255584,0.0070171263,0.26913404,0.0069852252,0.0045732954
968,0.015350869,0.02639413,0.018495535,0.041906424,0.44406632,0.07537074,0.010655999,0.69357836,0.046267383,0.0869431,0.008314812,0.0043368153,0.032053966,0.079576895,0.0347009,0.042129062,0.0006277834,0.6007556,0.03314696,0.005572955,0.004263165,0.09644212,0.0036248236,0.0054521854
972,0.15465088,0.008652919,0.0006976776,0.0023496847,0.33482817,0.7517493,0.0043885033,0.7154069,0.004210303,0.0057299286,0.10884078,0.008160949,0.028400842,0.0039273016,0.004602498,0.2789092,0.0006755846,0.1445972,0.011964485,0.004019033,0.015291191,0.7731165,0.003158872,0.01871925
974,0.5278659,0.5790215,0.014223542,0.20871346,0.036569986,0.005701278,0.067280844,0.57315314,0.036799,0.0068804533,0.0028759458,0.40923062,0.00488092,0.007729037,0.035449326,0.009243775,0.0010515603,0.18597753,0.07116489,0.011074019,0.033291984,0.06931137,0.67277145,0.03949706
979,0.36856192,0.25757855,0.011792576,0.043541722,0.22948426,0.14531384,0.014629267,0.5287803,0.050551016,0.021344472,0.04127774,0.026381074,0.0142751625,0.009161031,0.01838349,0.082118884,0.0007397379,0.09565838,0.21428525,0.008108838,0.020960419,0.30458984,0.098778464,0.005925598
980,0.008243611,0.03688136,0.026408238,0.05127128,0.4688805,0.059960835,0.036421128,0.69717836,0.115452185,0.025616128,0.009605827,0.04470583,0.029331185,0.01049522,0.028481616,0.01318532,0.0007917394,0.23163618,0.006369516,0.008725664,0.014263968,0.035119887,0.02145998,0.06634638
984,0.032507747,0.15007336,0.029695237,0.01519754,0.31930062,0.055636648,0.0076536206,0.45664725,0.06764214,0.14398001,0.033268664,0.010922214,0.13367379,0.012211365,0.043109875,0.051353898,0.0006779623,0.7266619,0.060823232,0.0059535997,0.01267743,0.1287822,0.012666553,0.006753329
986,0.2757589,0.25379187,0.027877932,0.11890283,0.09246603,0.025372684,0.201591,0.30034655,0.046786845,0.11282008,0.005408988,0.027827596,0.038174003,0.07322429,0.017713252,0.058209408,0.0009941141,0.053961083,0.7488216,0.01229335,0.075812116,0.18457094,0.007349882,0.0055641094
987,0.5307347,0.030859603,0.0014596761,0.013650664,0.1038221,0.8637259,0.0022310652,0.5124244,0.00850985,0.008710791,0.07108642,0.0048059584,0.27719563,0.008234968,0.0029799389,0.43225524,0.00051168376,0.0510165,0.041118216,0.0019313103,0.0027772854,0.87904495,0.0088126585,0.0022128809
988,0.38292584,0.05823188,0.009034937,0.015878381,0.1065809,0.33453578,0.011552752,0.71756494,0.0061298916,0.054173484,0.016786702,0.038166773,0.061707743,0.012674834,0.0035059582,0.19493413,0.0008711423,0.039441183,0.026981395,0.013101083,0.004426915,0.5942928,0.106782526,0.004732682
989,0.02369418,0.07732672,0.10610729,0.1996676,0.5672856,0.026502663,0.099212095,0.575215,0.16636804,0.018502705,0.0044239634,0.07924005,0.0030217064,0.15848899,0.101009056,0.0011343678,0.00088593614,0.123970576,0.014878529,0.05099735,0.40098527,0.005731507,0.017488733,0.08699485
995,0.045585033,0.174508,0.06479562,0.02450298,0.5535244,0.011958005,0.006728602,0.4028423,0.13391188,0.20291713,0.005503754,0.011249174,0.0360793,0.07328922,0.033505272,0.05317038,0.00075099035,0.30677992,0.07028557,0.035082977,0.014767387,0.09876354,0.016023891,0.010522119
1000,0.040406797,0.038556963,0.007348884,0.0889032,0.10572829,0.09838196,0.11891592,0.6083793,0.027428905,0.040178947,0.014868753,0.028084446,0.058207683,0.009068041,0.007720243,0.07074896,0.0011090989,0.083365425,0.12782599,0.008729092,0.0070283585,0.1458261,0.01112206,0.0119119575
1007,0.10155855,0.081722185,0.013073842,0.046452656,0.49398616,0.22741991,0.0022820234,0.7237971,0.041926187,0.03922408,0.016075602,0.026300212,0.006171495,0.05510721,0.05108054,0.030856531,0.0006044694,0.32580847,0.0045780954,0.006115418,0.014387358,0.08455692,0.053425163,0.21510719
1012,0.11491594,0.1384312,0.006557999,0.0110486215,0.1860556,0.48028445,0.010851268,0.1977282,0.018249126,0.046949018,0.04824474,0.013957298,0.639697,0.033487443,0.033355545,0.610079,0.0006523883,0.04940274,0.047188554,0.007610132,0.0021696948,0.8160303,0.005489946,0.00690441
1013,0.037194867,0.008704737,0.002530921,0.018946284,0.65443504,0.031488143,0.012485666,0.6577061,0.0027582885,0.008182196,0.018051568,0.016171016,0.009383694,0.0073872707,0.015123098,0.022752572,0.0007599153,0.71151394,0.028669756,0.004977041,0.004975702,0.13082674,0.013868447,0.0063463417
1015,0.2597703,0.22870518,0.061179712,0.03994856,0.4403184,0.12491433,0.019123867,0.54248405,0.10584727,0.2980807,0.0044264044,0.019293122,0.043128457,0.028384728,0.023656545,0.014647721,0.0007033857,0.06649801,0.0977312,0.01636322,0.03510388,0.08469455,0.012571399,0.024968112
1016,0.017598584,0.019004831,0.008378757,0.0063565886,0.14217408,0.06168351,0.018785793,0.19228701,0.036706205,0.13768756,0.0033868607,0.011468964,0.9703011,0.01093116,0.00783573,0.35427317,0.0007612112,0.015216134,0.022391884,0.021737557,0.0013045501,0.55792385,0.0048951795,0.005963711
1019,0.063654415,0.03885837,0.007191445,0.19365448,0.10321636,0.22627094,0.11353334,0.7615824,0.010600793,0.0052715554,0.012048278,0.28361294,0.018575994,0.0148497755,0.013583665,0.01636276,0.0010598329,0.037128013,0.008783737,0.027071897,0.005108756,0.13833079,0.18185109,0.04596417
1021,0.01711137,0.026476298,0.007166082,0.0067224284,0.44713098,0.15587758,0.0062488858,0.24957342,0.03489887,0.049086243,0.012522565,0.00508622,0.66033787,0.0067082588,0.01613761,0.21833985,0.0008272144,0.13188234,0.041976754,0.0038314208,0.00040953507,0.36940354,0.001980811,0.0083046695
1023,0.12289242,0.010473824,0.0007754501,0.012087829,0.35006064,0.22148044,0.007319046,0.5864875,0.0055450974,0.0035475467,0.040106412,0.011548789,0.02009702,0.009774502,0.0060899146,0.05030479,0.0007211754,0.16853943,0.10356289,0.0024763744,0.011208355,0.48569638,0.0030892163,0.0049073193
1028,0.01748603,0.05010258,0.026090948,0.027780151,0.3595851,0.030701483,0.0025287997,0.38647732,0.07584427,0.10933802,0.038311798,0.0059436997,0.6470473,0.0068173264,0.028905693,0.30905613,0.0005174332,0.20188606,0.19798909,0.022235341,0.004874083,0.21021877,0.0071420856,0.0074316612
1037,0.045580667,0.01153565,0.009541866,0.016818417,0.2660812,0.12124329,0.0063801357,0.7506442,0.007348129,0.006682683,0.013292899,0.0060790894,0.03728334,0.25003037,0.057266038,0.021558419,0.00061867357,0.44980848,0.016290385,0.012391537,0.0053728228,0.16396475,0.007535139,0.00752395
1040,0.34831694,0.12416817,0.008590963,0.0043067713,0.24437578,0.33490372,0.0060900473,0.39861012,0.02367952,0.033276487,0.029426966,0.002087275,0.22525549,0.00818314,0.0031110796,0.34104353,0.00079746486,0.07779923,0.8121063,0.0020472063,0.0010169869,0.7805535,0.0037519524,0.000639554
1045,0.10663498,0.018804155,0.0029645409,0.022535648,0.4539084,0.50272375,0.009928171,0.7404055,0.019041987,0.010558442,0.016646095,0.0052023767,0.017961271,0.06504123,0.026027646,0.04204033,0.0006775118,0.11911297,0.016775073,0.0031617954,0.020769136,0.30343753,0.004331595,0.036308266
1048,0.14221263,0.40443018,0.14219019,0.010261873,0.7031628,0.02592607,0.004850464,0.43632254,0.4945916,0.22857852,0.0024209218,0.0030735633,0.01101808,0.027524062,0.09093557,0.0075249188,0.0006361106,0.55626124,0.040536657,0.01130985,0.05365863,0.031134896,0.0058066156,0.014942291
1050,0.2546128,0.084672205,0.009525526,0.08308838,0.114112675,0.079938285,0.04323871,0.66321564,0.00994035,0.014740736,0.0060009155,0.06300649,0.04792352,0.009957701,0.0074608377,0.017912932,0.00087214395,0.027636748,0.16458513,0.0043924595,0.0016401462,0.14798538,0.12686685,0.05608618
1054,0.091540396,0.1940428,0.008570786,0.005173142,0.46672192,0.18467624,0.0055319476,0.6126843,0.05488315,0.02983541,0.014700781,0.0056407796,0.05082716,0.016959056,0.010284505,0.08095049,0.0005660253,0.19550335,0.014210624,0.005638475,0.031548325,0.21289612,0.006139515,0.0060375556
1058,0.072964594,0.013767263,0.008700471,0.022365239,0.943781,0.06266975,0.18822749,0.13103747,0.027137104,0.017249074,0.0024582949,0.025169704,0.0049813925,0.06274679,0.08572813,0.00989583,0.0012106253,0.10463905,0.009079128,0.010215884,0.029046204,0.02353483,0.0051557627,0.0063059423
1059,0.72800326,0.66491735,0.018330308,0.01790633,0.100875124,0.0074929465,0.014162224,0.55933434,0.03200687,0.010893908,0.0027482507,0.096975215,0.010893688,0.003587725,0.011568882,0.014606834,0.0010158313,0.14899668,0.23288617,0.026500283,0.0154293915,0.28285664,0.71159005,0.027110536
1060,0.0040693376,0.030614553,0.027998956,0.03562804,0.3339439,0.0054359743,0.0060672853,0.7720428,0.077724904,0.18559356,0.0058008544,0.0031553004,0.08646682,0.037769575,0.017568724,0.08327629,0.0006695655,0.38288215,0.08561611,0.006583117,0.006800607,0.061177686,0.0040732953,0.0024762566
1062,0.19482401,0.117554076,0.02287703,0.004210339,0.23876138,0.082068205,0.00072796573,0.38485706,0.10658629,0.26697695,0.013272402,0.0026310533,0.7597909,0.015968807,0.032582257,0.18716444,0.0004807161,0.15615645,0.11136141,0.00664667,0.0057796077,0.5052624,0.0061677555,0.0053768684
1063,0.07086615,0.017575936,0.0077257645,0.021393865,0.37754458,0.33128303,0.002529964,0.75922495,0.0732129,0.041974813,0.018027145,0.02568272,0.063422546,0.012046082,0.010481843,0.07711177,0.00059429696,0.15552469,0.013607285,0.0019335101,0.0046050977,0.33606207,0.013563482,0.007077253
1065,0.06108707,0.07403397,0.007794906,0.05537909,0.3032626,0.15919478,0.0021376263,0.7735205,0.021654494,0.056168847,0.042668283,0.11819045,0.042441223,0.01022683,0.06219287,0.021887148,0.0005751934,0.5029068,0.014178251,0.005674579,0.00794305,0.08644616,0.03208526,0.0331412
1066,0.45869496,0.22260968,0.012989257,0.051235434,0.4244448,0.5692517,0.014479459,0.5870344,0.024724424,0.027724378,0.035185017,0.030222578,0.009190637,0.02522488,0.019658322,0.043003634,0.0006913257,0.1804085,0.0071067642,0.005548585,0.27456966,0.22287421,0.023741996,0.07503626
1069,0.2471803,0.2814261,0.015998673,0.035988946,0.044122204,0.05694322,0.051591754,0.309522,0.02848045,0.047451526,0.013221042,0.12780122,0.6507891,0.0125382,0.013627885,0.18131794,0.0007314082,0.020972798,0.24478544,0.011968714,0.004544058,0.2744133,0.035556797,0.079092294
1072,0.021361455,0.018239923,0.01526209,0.011628104,0.785636,0.044778526,0.02191334,0.25858495,0.059892412,0.037578892,0.0012708197,0.007695181,0.4443742,0.039272044,0.0074094995,0.059625924,0.00080637133,0.022731667,0.039720014,0.010130546,0.012982467,0.09968338,0.007833629,0.0022870938
1077,0.009558772,0.017862745,0.006797149,0.24365512,0.5327611,0.029607804,0.69061035,0.51963186,0.008560002,0.005752605,0.003902893,0.060612064,0.009761506,0.011814106,0.005111454,0.01141356,0.0012845546,0.048234332,0.055726334,0.0073001757,0.019109406,0.056970313,0.006558347,0.0036280493
1080,0.05669013,0.03425707,0.0021727425,0.0192372,0.2278466,0.32470244,0.0037139056,0.8291578,0.009351339,0.018202253,0.039638966,0.013191439,0.03960792,0.008945434,0.009960635,0.069153786,0.00059193204,0.41661662,0.0070514046,0.0028170685,0.0045303474,0.21413635,0.019478848,0.013816659
1081,0.050563384,0.018935625,0.008908491,0.35904405,0.019807134,0.016446155,0.9086493,0.7105731,0.004713557,0.003786202,0.0020441583,0.39784554,0.0066919667,0.026727237,0.0056148157,0.00874789,0.0019456752,0.040834714,0.024441985,0.016815964,0.010959071,0.057719864,0.75451535,0.0067787436
1088,0.30298313,0.1893766,0.09987141,0.010476004,0.2209802,0.15923391,0.0018750294,0.2644192,0.1836223,0.22304226,0.035815876,0.077991456,0.14597598,0.0040089376,0.075304024,0.22611895,0.0005814504,0.20488085,0.0681311,0.019436998,0.009255224,0.472138,0.02821745,0.0037267953
1089,0.022080895,0.014830199,0.00924002,0.034485415,0.58718085,0.32911,0.009427558,0.55742335,0.029391227,0.017245015,0.023249082,0.009040788,0.05102429,0.043156084,0.015041174,0.12708703,0.00072733406,0.057810545,0.030278876,0.009220314,0.0026484404,0.2808344,0.0025202348,0.009473602
1098,0.18106073,0.0407549,0.007055529,0.022690797,0.40024188,0.28430256,0.0028423488,0.6110694,0.05896864,0.048926428,0.010725667,0.0076014763,0.04266498,0.0056875786,0.008738851,0.06934341,0.0005752128,0.17075907,0.02492626,0.009909548,0.0075350534,0.28107846,0.00917879,0.017647307
1100,0.016585508,0.009727663,0.0010633802,0.074918725,0.27083105,0.23516293,0.0063764006,0.8491249,0.006908835,0.0053223334,0.056890476,0.032985825,0.012597618,0.0031793087,0.0064558177,0.14908682,0.00068450364,0.27474102,0.015894722,0.002476299,0.0019831613,0.43381226,0.0341836,0.0074082715
1102,0.12232337,0.045860827,0.011953408,0.014653158,0.73364353,0.17610297,0.006469173,0.42579094,0.06870023,0.018258054,0.013397588,0.010881507,0.011048423,0.028933058,0.02935961,0.01729677,0.0006627208,0.19323318,0.00935837,0.0061222934,0.13497892,0.12344931,0.004057347,0.017732935
1106,0.048352942,0.020125242,0.0080588125,0.038192406,0.4508144,0.02189419,0.009352908,0.6734068,0.008812416,0.044831086,0.013641171,0.10949365,0.009783714,0.024032589,0.1650522,0.0147548625,0.00063641893,0.89866495,0.0070614647,0.009100646,0.029009191,0.037489053,0.022991348,0.005366184
1120,0.48167825,0.5142304,0.03872654,0.042735185,0.35798857,0.0076536783,0.034590676,0.14431033,0.15206623,0.030960748,0.0024480403,0.095377915,0.009351808,0.011350434,0.012608839,0.009274504,0.001061404,0.08387974,0.74643964,0.008184549,0.029040596,0.13135353,0.031082869,0.00880008
1122,0.48574853,0.814461,0.058898415,0.060449082,0.14974815,0.02568426,0.08455301,0.24999171,0.11186844,0.09804681,0.0015466743,0.29007035,0.0059080156,0.012423318,0.007969336,0.0058275624,0.001106369,0.054234415,0.32379404,0.025944002,0.045393225,0.07197185,0.08048112,0.035625156
1124,0.20022509,0.031387106,0.004206828,0.010829129,0.45181614,0.9547255,0.00073944253,0.5622519,0.02074898,0.009467348,0.21887524,0.0077478644,0.027232427,0.0072633177,0.017775578,0.08147987,0.00047380285,0.2953762,0.0137538165,0.0032042663,0.004127734,0.6476242,0.00254348,0.025663458
1125,0.55445385,0.050542284,0.0023357181,0.029354163,0.20642428,0.7660395,0.010493264,0.6077384,0.00442615,0.006699099,0.05335244,0.015797872,0.009486161,0.012218102,0.006182592,0.07435696,0.000709966,0.26769182,0.0043466846,0.0035000024,0.02692898,0.64857626,0.011749428,0.022096137
1130,0.0645089,0.022025952,0.018916173,0.050153106,0.5350295,0.16243705,0.02089706,0.542677,0.05647748,0.016797362,0.015022621,0.01989519,0.015852047,0.037479058,0.024701169,0.037779402,0.00081542117,0.11580003,0.023233196,0.13487417,0.023631614,0.11726946,0.01657243,0.009077053
1136,0.11340723,0.37561283,0.02384515,0.036355894,0.23017631,0.043677066,0.0036871748,0.77884907,0.050534036,0.21073715,0.013301371,0.032702558,0.035463694,0.016320374,0.09109965,0.043287568,0.0006173224,0.6013139,0.013334656,0.004593506,0.020734353,0.12758619,0.014431844,0.031970557
1137,0.0074158986,0.008539489,0.02075128,0.7550495,0.10414353,0.02968762,0.44426796,0.828714,0.0127352085,0.011215344,0.00281888,0.057174794,0.0016296144,0.9745454,0.21427354,0.009858031,0.0009667644,0.2969923,0.0056776097,0.0095647415,0.030365303,0.0178158,0.013162904,0.010109852
1138,0.33829117,0.19240147,0.015546268,0.036671463,0.6005685,0.18261324,0.015156771,0.2363788,0.10395471,0.05860717,0.010230002,0.07672829,0.018474864,0.010620321,0.01143287,0.028855614,0.00076208403,0.0981378,0.065477856,0.00593981,0.052043166,0.32730657,0.07256543,0.0062624943
1140,0.11000811,0.11321167,0.040139943,0.06341063,0.083299406,0.031706136,0.076702274,0.18953131,0.033325884,0.13584094,0.004089718,0.008369975,0.8660771,0.008291975,0.0044261734,0.09262646,0.0009072804,0.0141189955,0.7791912,0.012824564,0.006519703,0.26270586,0.003370317,0.006344622
1141,0.5709226,0.0978762,0.0036803638,0.008467858,0.13941498,0.58550847,0.004643067,0.695236,0.008648891,0.048558466,0.02337083,0.008708672,0.0449015,0.0056986185,0.006998561,0.059176654,0.0005912526,0.13454549,0.021836396,0.001306857,0.008588701,0.65160865,0.007882899,0.012221353
1148,0.46963337,0.4646108,0.009173848,0.0067188637,0.10829433,0.02942288,0.0063639716,0.5646382,0.031282023,0.05036417,0.010249516,0.015759002,0.087545134,0.0072871596,0.0040747155,0.07992312,0.00069640455,0.05270525,0.5692809,0.006951974,0.010164403,0.45764753,0.040025458,0.00348038
1150,0.030571235,0.015312077,0.006843706,0.031329226,0.5246739,0.15642393,0.007824873,0.60827255,0.008895844,0.03838813,0.008681688,0.02155305,0.050468862,0.2572611,0.19973883,0.035347987,0.00062076864,0.63238,0.0037190965,0.017478175,0.0058928174,0.1136975,0.0046942844,0.005868715
1154,0.016825506,0.018505897,0.008359825,0.020067878,0.7961968,0.057404213,0.005094556,0.7192383,0.0544806,0.028105402,0.008427369,0.0038942085,0.016512651,0.024320062,0.12786171,0.011922137,0.0005707208,0.47680902,0.008980818,0.005460028,0.011125202,0.02894723,0.001994553,0.013319432
1159,0.06694394,0.10499667,0.003860073,0.022172213,0.18726347,0.07498127,0.0030406772,0.6407465,0.014325742,0.042297512,0.026168533,0.034409627,0.087812,0.005468102,0.061726604,0.11951363,0.0005473024,0.78865856,0.04004709,0.005796464,0.0029776602,0.24639212,0.023559283,0.0149628
1165,0.79180235,0.09914208,0.008507578,0.023086961,0.17847069,0.62193763,0.014397356,0.5725486,0.034457877,0.015001475,0.030037686,0.036943305,0.0066173263,0.0061865724,0.0067417827,0.107500665,0.0008238664,0.1150994,0.09217489,0.0039790543,0.01738433,0.6529641,0.00858816,0.0046871006
1167,0.008852454,0.28671634,0.114775635,0.05863815,0.38686174,0.005491636,0.009403373,0.7967718,0.613678,0.25878292,0.002711556,0.031249113,0.027255211,0.022436017,0.04096213,0.015924346,0.00070104207,0.15584606,0.022449885,0.025527632,0.013107763,0.01862519,0.021683127,0.035793398
1169,0.28792945,0.08278682,0.008359545,0.016428987,0.22974764,0.87106687,0.0092541445,0.32605514,0.009391601,0.01390266,0.06704832,0.0150360465,0.14596464,0.00338451,0.0073147584,0.35757765,0.0007554614,0.040073268,0.026649583,0.00599325,0.00032324475,0.8384505,0.0029932912,0.034188155
1171,0.0026202544,0.0031951596,0.0025472315,0.044384293,0.5253208,0.013147026,0.062273387,0.79664487,0.008164354,0.01365304,0.004549544,0.007859681,0.026008971,0.014216744,0.0038227038,0.06714034,0.0008975874,0.2041687,0.004278286,0.0036685034,0.004559677,0.071503,0.008617952,0.0017293773
1177,0.08897605,0.06880299,0.0058046477,0.03295503,0.043259416,0.21837822,0.0014167055,0.6823132,0.013464374,0.18802328,0.053052038,0.09986567,0.65636104,0.0043760207,0.009219426,0.7121589,0.0004887862,0.27094388,0.02071401,0.0055441144,0.0007733617,0.65836334,0.01917078,0.019381054
1179,0.6654103,0.5542431,0.028372617,0.010186269,0.104374066,0.05068875,0.008379506,0.26642227,0.08158705,0.37317163,0.0046671093,0.022259582,0.23541139,0.0074960715,0.0045560035,0.1071767,0.00073442305,0.13036756,0.25787878,0.0063194735,0.003948884,0.40790924,0.10679443,0.009479743
1184,0.5446138,0.48670235,0.14395961,0.0036684636,0.81743705,0.19079635,0.0026490176,0.06586114,0.43928373,0.24807769,0.01030488,0.0032607985,0.16726552,0.019784974,0.09308715,0.04321465,0.0005364239,0.095112756,0.4847716,0.0052640527,0.0029004025,0.20914015,0.0100205215,0.0060557164
1185,0.6894873,0.19099715,0.010139242,0.06741607,0.36687806,0.16436934,0.027455688,0.14780547,0.063876,0.016087342,0.015504848,0.046399932,0.01410326,0.004451413,0.0055877627,0.12232047,0.00093193696,0.022983173,0.5586749,0.01255752,0.023807863,0.7219865,0.022447068,0.006367648
1191,0.029986216,0.043310214,0.0075650704,0.018622646,0.787545,0.030971121,0.011700622,0.65585345,0.018453453,0.031448957,0.016765105,0.018372072,0.006296134,0.0095428135,0.040071115,0.028301338,0.0008286762,0.7616999,0.011853467,0.0018687128,0.0052624643,0.043554023,0.013151895,0.0015720909
1196,0.029459437,0.064770214,0.014565896,0.088624194,0.15737231,0.036765397,0.15879221,0.41533554,0.024448963,0.040496897,0.004561426,0.02756423,0.08891869,0.6563538,0.059515372,0.04848508,0.0007309445,0.07406769,0.01484262,0.008596418,0.012532771,0.06381715,0.024560366,0.008225234
1198,0.28098544,0.42553085,0.07019429,0.04310899,0.17551598,0.036232103,0.089925304,0.25641862,0.18677717,0.10638637,0.0024881777,0.08775896,0.042015035,0.018275114,0.028344322,0.015386494,0.00090249785,0.08309585,0.3610969,0.015648091,0.009241745,0.052699532,0.01495559,0.057145797
1202,0.054344166,0.051623683,0.040523406,0.02410109,0.7207235,0.063944824,0.0024876073,0.28702846,0.05275717,0.06717703,0.042233363,0.008411044,0.05870292,0.016878035,0.11634024,0.07962778,0.0005864987,0.66644704,0.040309224,0.011681614,0.0025888435,0.123100415,0.013399113,0.0036134939
1205,0.8084627,0.19652984,0.0079042055,0.007807809,0.072031714,0.5346532,0.0016232306,0.47928604,0.031441636,0.016082043,0.06538236,0.010906333,0.10735092,0.004337602,0.013033531,0.09352122,0.0006240913,0.0429006,0.026416002,0.0152344005,0.020926042,0.701899,0.038129505,0.34957743
1207,0.27661502,0.14447811,0.0046467353,0.018446544,0.33713263,0.46472886,0.0045887595,0.44362754,0.0202576,0.021046441,0.026676577,0.015416169,0.063934594,0.0069023184,0.008075762,0.038572896,0.0005917064,0.098703206,0.011018278,0.002788974,0.01747228,0.3075454,0.06321465,0.14171007
1214,0.0761258,0.042619817,0.06614619,0.09737479,0.42530617,0.17166737,0.12952456,0.4192543,0.037572082,0.04285632,0.006546577,0.027464991,0.074157834,0.05065197,0.021732144,0.020800183,0.0008453956,0.0596394,0.10070377,0.013791175,0.012356485,0.13274014,0.027125563,0.004847482
1218,0.021947343,0.06284252,0.026312781,0.0323249,0.56188196,0.10506333,0.0022432865,0.7141207,0.09256126,0.14755523,0.01107569,0.01201203,0.082213834,0.01204611,0.015449419,0.029410832,0.0005605956,0.20137571,0.046572827,0.009055469,0.0016662587,0.10446456,0.0037314352,0.010184375
1227,0.16322225,0.034257453,0.012416866,0.022934921,0.039992556,0.14261821,0.01912291,0.68245643,0.025018878,0.0404124,0.01399447,0.029097289,0.18343478,0.007480549,0.0017180109,0.26341152,0.0006473023,0.0257384,0.14365438,0.01432123,0.027465358,0.6995992,0.042267438,0.011804317
1228,0.033137362,0.06917796,0.047938917,0.036494385,0.59840727,0.03418567,0.011249503,0.489457,0.14640684,0.14601249,0.0024999185,0.021977097,0.021415586,0.08576598,0.12205066,0.01334137,0.00073411484,0.5443652,0.019932207,0.01456491,0.012187932,0.051286068,0.0088933185,0.011337215
1229,0.3181453,0.2781651,0.032157045,0.01401533,0.0633722,0.14202477,0.0018497146,0.43972412,0.050826885,0.11436073,0.02224288,0.092396155,0.24745159,0.020294765,0.053091202,0.042396054,0.0006127371,0.22483832,0.03717508,0.010611005,0.001400617,0.2293436,0.15568233,0.042576287
1238,0.22485848,0.6170852,0.23722301,0.01718459,0.53900665,0.057488218,0.009811957,0.29752308,0.43997845,0.15323445,0.009680323,0.008957659,0.05700336,0.012174953,0.028802054,0.024561804,0.00066235237,0.08989586,0.14132176,0.008896038,0.0051410403,0.12568465,0.003821048,0.043745253
1239,0.5369086,0.19246987,0.005932649,0.17864735,0.17159624,0.16100788,0.043933578,0.7711982,0.005571169,0.009859636,0.00497813,0.32321498,0.0028662658,0.02374546,0.003704473,0.0060260263,0.00090087444,0.08489273,0.044530496,0.0055085476,0.029268047,0.22051618,0.2577066,0.05430043
1240,0.34775758,0.15150218,0.030514752,0.15272827,0.2801009,0.0427447,0.077797994,0.21246359,0.01994713,0.1428453,0.004940711,0.015730103,0.049615186,0.027029898,0.0046772696,0.022236664,0.00078752375,0.04836951,0.52257264,0.0090526035,0.02990975,0.10646092,0.01528173,0.005470818
1241,0.13427061,0.046083093,0.009686967,0.008519205,0.36087584,0.07213368,0.0025017539,0.7889488,0.010818628,0.080925666,0.011395959,0.011132806,0.10762545,0.030816847,0.03640412,0.06786257,0.00052548613,0.69163007,0.030548044,0.0027465117,0.0071125804,0.2745407,0.012493459,0.022867976
1246,0.1823499,0.06553755,0.0058882097,0.015751291,0.8037681,0.29811046,0.008842301,0.651241,0.086980276,0.013415336,0.013935488,0.008363447,0.0009486295,0.010656592,0.0044667893,0.008115273,0.00062147307,0.057058323,0.00887679,0.0046381373,0.10313539,0.15325578,0.004160489,0.03402272
1248,0.050295863,0.017399648,0.0030609625,0.012080907,0.5116538,0.12599702,0.02185534,0.746778,0.0034233774,0.005502196,0.0056263953,0.004069442,0.035105664,0.014193353,0.0029579815,0.028224055,0.000783854,0.18871394,0.0214499,0.0037080066,0.0024833372,0.19070444,0.013307868,0.023697969
1249,0.16242114,0.23841666,0.020299535,0.012672948,0.5859217,0.093345426,0.009590202,0.11883252,0.05662235,0.078479044,0.010723531,0.11179855,0.12483487,0.0062788604,0.02384469,0.31157738,0.0009836977,0.15306628,0.1456356,0.019518312,0.00047381414,0.56399924,0.22309461,0.0020413713
1252,0.02364444,0.09068561,0.020753544,0.039094295,0.16061309,0.035664216,0.014163022,0.83407885,0.050369848,0.1801614,0.0042994246,0.018727502,0.037210405,0.009238742,0.013814262,0.047190763,0.00065945653,0.26887777,0.16323239,0.002235898,0.0055712825,0.06914438,0.011728522,0.0026590608
1256,0.013493832,0.0043687574,0.0084846895,0.07612788,0.17708735,0.076859005,0.34261128,0.3272282,0.006447724,0.049901646,0.0063787396,0.014037706,0.88267416,0.062397707,0.0075933365,0.39839894,0.0008164401,0.019626256,0.10849547,0.025106888,0.0019517574,0.359376,0.009131615,0.0006499658
1264,0.38158572,0.24045265,0.00708217,0.05633386,0.24077782,0.0403982,0.021498173,0.64235836,0.021556836,0.010488963,0.011539501,0.17708707,0.0034466751,0.006719818,0.007492724,0.04445386,0.00097304536,0.17356065,0.10789592,0.002984175,0.028244393,0.38008276,0.44374472,0.03589393
1265,0.4246601,0.06361478,0.0043292097,0.02546736,0.113472365,0.14641853,0.014322173,0.7985746,0.023780927,0.009662023,0.002391929,0.008725924,0.011975286,0.035517503,0.0015435935,0.008397041,0.00067798694,0.04315295,0.03476667,0.006590387,0.4870211,0.26468122,0.043079723,0.06154434
1266,0.06382299,0.17264089,0.019973133,0.0051049064,0.46191248,0.009977714,0.0073282677,0.4532915,0.07542988,0.109316975,0.0042389175,0.013940928,0.11079386,0.005392421,0.024733907,0.036622506,0.0008172309,0.35367018,0.11116954,0.00356171,0.0032381325,0.122460686,0.04077002,0.007622379
1267,0.11974002,0.39625615,0.09666773,0.015203078,0.4798473,0.03631384,0.0077049634,0.34306255,0.17936417,0.16489531,0.004387772,0.01055481,0.043912414,0.011139044,0.027469035,0.04205333,0.0006274239,0.30149108,0.053612232,0.0075679882,0.007413905,0.07190264,0.00810597,0.018887537
1274,0.57624817,0.100409634,0.0057708602,0.03319491,0.17515804,0.9419853,0.009628622,0.7227099,0.003796181,0.0070364536,0.08755248,0.04667694,0.006317875,0.018315936,0.013061388,0.10204877,0.000729609,0.090506315,0.012299448,0.004002017,0.004517579,0.7911046,0.054265868,0.15827762
1276,0.21544625,0.014624737,0.0009603552,0.08359717,0.07702244,0.68369454,0.36733252,0.46583223,0.0021794413,0.001420313,0.009886024,0.09931954,0.025464024,0.0068631894,0.0008327755,0.2154335,0.0011857881,0.007980959,0.04023135,0.0030478537,0.0015866902,0.7501353,0.13066801,0.009228499
1279,0.25565833,0.17397569,0.0030518814,0.047031455,0.17835613,0.3781733,0.0027131862,0.36968532,0.01492709,0.025651028,0.049575876,0.034239657,0.15009652,0.009343917,0.016794622,0.56609035,0.00068368996,0.10516005,0.03657933,0.006613162,0.0027394304,0.6745685,0.040736023,0.015119562
1283,0.05888718,0.058645543,0.007930713,0.0039007731,0.4135565,0.06779834,0.0062217787,0.2481263,0.020542711,0.16614546,0.013958218,0.0035057398,0.5521127,0.06811729,0.045804545,0.11478368,0.0005722798,0.1869752,0.11788406,0.0033984997,0.0050416742,0.21919104,0.010378818,0.008423828
1286,0.052841805,0.07514289,0.011318374,0.011148134,0.5449937,0.09622981,0.0008527511,0.6749051,0.08371749,0.25044206,0.05183494,0.00820776,0.03581386,0.0028707653,0.03405646,0.33066517,0.0005888054,0.7721146,0.043591075,0.002813073,0.0034045517,0.19540493,0.012799686,0.002446015
1290,0.65429264,0.40167376,0.036945935,0.00857284,0.5953153,0.23984067,0.011890403,0.05199423,0.10293761,0.07125785,0.012603219,0.011896085,0.5278329,0.0027940231,0.0049414937,0.08990162,0.0007223895,0.0143546825,0.27689958,0.004638353,0.006493417,0.35663643,0.020016542,0.024336338
1291,0.03324827,0.06197529,0.040345706,0.015648657,0.5212532,0.019073967,0.003465939,0.57409126,0.22420381,0.060526136,0.0059636687,0.0034593083,0.2356554,0.009132651,0.017936578,0.0129108075,0.000569802,0.122040726,0.036923002,0.014158795,0.0045069098,0.033158842,0.029983746,0.12688361
1296,0.29302448,0.12360174,0.014466339,0.038077295,0.43603987,0.21830817,0.006814176,0.4107341,0.08901537,0.113048434,0.019529046,0.016681114,0.041634254,0.0040270407,0.0053547104,0.062312502,0.0006067071,0.1259004,0.18280844,0.0073879417,0.01228964,0.32115224,0.007257049,0.007798879
1300,0.04209738,0.04010349,0.020584041,0.012978698,0.21792842,0.07170579,0.0031545279,0.3020116,0.038792137,0.33955747,0.015362838,0.0065552066,0.8323259,0.01973755,0.037250098,0.20289524,0.00050492183,0.068191275,0.06519328,0.01856044,0.0022183289,0.5890256,0.0051678834,0.00173716
1301,0.035810277,0.0060984264,0.004088433,0.09505357,0.046039578,0.10879895,0.58725226,0.61696184,0.0011967882,0.006398477,0.008415297,0.06412859,0.2455764,0.026461354,0.00398581,0.042338297,0.0009478303,0.039529763,0.105595075,0.0077057546,0.0017235932,0.1486372,0.023656508,0.0036380743
1304,0.008875885,0.0030686145,0.0032481921,0.017213745,0.60313225,0.11436077,0.0075687338,0.817779,0.0064423406,0.0066718473,0.01446322,0.00529918,0.006482499,0.018892305,0.009918454,0.07767424,0.0007143275,0.6303677,0.005977621,0.0023249048,0.03439611,0.18746044,0.0027686884,0.0015242274
1306,0.09819787,0.035403352,0.0079366835,0.008548209,0.110429324,0.4122158,0.00393594,0.66125757,0.011311493,0.04994085,0.0897954,0.051063407,0.3068177,0.003864171,0.012468933,0.3007114,0.0006865636,0.20107362,0.04727491,0.0073313415,0.0008772501,0.6767527,0.016809477,0.005972059
1307,0.7087349,0.028440328,0.0022473712,0.01859694,0.48883897,0.8004678,0.0077139447,0.27537274,0.005390631,0.0084358575,0.017545268,0.022833766,0.012074363,0.007856343,0.006009167,0.047321964,0.0009036035,0.077206165,0.051058613,0.0042704623,0.0043420047,0.49941525,0.0097681405,0.054169685
1308,0.0655979,0.013902039,0.0051300917,0.010777113,0.26315448,0.17281257,0.0049278317,0.63745266,0.017874653,0.0112323575,0.031793144,0.008747878,0.1106102,0.0053910604,0.022507824,0.066527806,0.0005582069,0.19585812,0.012113469,0.010017249,0.0049239146,0.257586,0.009468972,0.03258749
1312,0.3913969,0.043999493,0.002028108,0.008114417,0.39193505,0.4305313,0.0034658962,0.47586298,0.011781078,0.02056041,0.053988684,0.0065729427,0.0582452,0.009933661,0.0067502977,0.10139249,0.0006526962,0.30270547,0.032655463,0.0024960984,0.020139808,0.6523223,0.013962523,0.007977158
1316,0.03746885,0.09685833,0.011994233,0.012624283,0.30010504,0.018136812,0.0034866089,0.84913003,0.079614595,0.08500449,0.020932911,0.007473376,0.035139658,0.0074067996,0.013793106,0.06807968,0.0005834236,0.4110209,0.018043427,0.0032026644,0.022427313,0.07873039,0.032228786,0.0022948028
1324,0.27396306,0.05089427,0.008725004,0.02073904,0.35984713,0.5824627,0.016219694,0.5741886,0.033783536,0.009190715,0.03928915,0.049735323,0.011350183,0.015926221,0.003885944,0.050244365,0.0007566942,0.06605915,0.01411723,0.01544973,0.084786125,0.38565618,0.105717026,0.0045016333
1325,0.2339353,0.699134,0.23895067,0.004724576,0.66093963,0.020341963,0.00048498868,0.20402907,0.66138345,0.7159608,0.011130192,0.03086773,0.15926912,0.0036310407,0.16060083,0.034291137,0.00054131565,0.54775375,0.15921044,0.01985737,0.0032925694,0.07405136,0.016859924,0.0060926224
1331,0.58918124,0.07600555,0.0029600384,0.14440241,0.057824362,0.36203185,0.06585742,0.48932123,0.0030254552,0.015784739,0.063313134,0.4842757,0.05043916,0.0046019363,0.009900933,0.06825627,0.00085855485,0.030022185,0.07060727,0.007970658,0.004523396,0.48085535,0.53894234,0.0068248212
1333,0.035123963,0.021718455,0.003690766,0.0070291674,0.7743006,0.28786308,0.0018612302,0.37843758,0.0747398,0.025412695,0.09433433,0.0034727014,0.14137582,0.0027705005,0.015102077,0.11857761,0.0005305601,0.11577193,0.023563322,0.0025032952,0.001221272,0.29109356,0.0015213187,0.0025021299
1341,0.04313446,0.6496509,0.74972737,0.011659169,0.8301423,0.013787478,0.00918075,0.07324807,0.91473126,0.5255353,0.004119404,0.008485637,0.19857523,0.025387911,0.11782172,0.024453836,0.0007422514,0.093788415,0.091702595,0.077331975,0.005678369,0.048779693,0.007814743,0.0027804105
1342,0.017174672,0.02480196,0.007062267,0.009139161,0.8526495,0.015698403,0.0066695027,0.5823347,0.06426522,0.0208696,0.002354849,0.0068493644,0.009750579,0.007984892,0.024062974,0.0075374716,0.0007772675,0.72138876,0.009296951,0.006359417,0.032270942,0.024867315,0.011408779,0.02917663
1343,0.49061844,0.3816128,0.009637507,0.0046434854,0.076638475,0.017075166,0.03713764,0.445121,0.026428824,0.005610209,0.0046176813,0.038120683,0.25173733,0.005968388,0.0032649066,0.011615046,0.000954528,0.0096361,0.31184742,0.010968807,0.00891866,0.20532836,0.46657813,0.15253717
1348,0.504149,0.32248613,0.13087013,0.017475663,0.29090944,0.08097269,0.05502802,0.065975,0.2743275,0.16342513,0.0031020758,0.011309728,0.30173343,0.024535822,0.009442653,0.08752915,0.0008027129,0.02743977,0.49946496,0.01375322,0.006268313,0.2697595,0.009708325,0.0063996813
1353,0.029299779,0.040609393,0.0037795065,0.0395045,0.49808872,0.19769871,0.007477084,0.7430388,0.034589592,0.036132436,0.03985848,0.020337222,0.014139626,0.01187194,0.012112967,0.27455553,0.000763081,0.2801733,0.025631374,0.0037995747,0.011041397,0.25776765,0.013682186,0.007281708
1356,0.09857971,0.17002732,0.07101455,0.011824599,0.48218328,0.0861838,0.013686993,0.29087272,0.43111295,0.12007648,0.0076382873,0.0026668124,0.11141561,0.013390815,0.051556304,0.06357866,0.0007172033,0.17237638,0.024889173,0.010658297,0.017442917,0.14529905,0.0027657223,0.018462814
1365,0.10147765,0.015393885,0.01459559,0.011096172,0.61564225,0.10500475,0.021044144,0.21180247,0.024915028,0.21682686,0.0055767964,0.0106155425,0.5911489,0.027603885,0.014780712,0.07660939,0.0007004067,0.061810423,0.067347616,0.017931975,0.017087745,0.4003924,0.014956651,0.0020094689
1367,0.12267576,0.3195965,0.05349575,0.13274467,0.35909036,0.020641135,0.07145877,0.560049,0.14180857,0.01873024,0.0032619876,0.30903375,0.0018057156,0.06843537,0.017279832,0.0034725366,0.0010309102,0.11873058,0.012102318,0.027668519,0.32569337,0.015070731,0.28257126,0.015492538
1376,0.050280865,0.025861563,0.014445177,0.042765737,0.3655528,0.02727303,0.037170798,0.34235382,0.018197238,0.0365513,0.008645441,0.01960116,0.0724081,0.015167437,0.018620452,0.034411173,0.0007760878,0.36189017,0.038500942,0.03713238,0.011778658,0.095500976,0.011027614,0.017149007
1377,0.40848145,0.6536506,0.057438903,0.012209829,0.49027947,0.026407946,0.007932768,0.18332398,0.16126119,0.17194243,0.0045466297,0.016099943,0.18488863,0.0052250456,0.013880295,0.022336483,0.0008840262,0.059750676,0.76759493,0.00899055,0.004897271,0.22144197,0.016325334,0.06215311
1378,0.43210316,0.09369153,0.002612055,0.029721525,0.14207138,0.8458874,0.0024370444,0.70152295,0.010544478,0.015193657,0.036290582,0.046756867,0.02823608,0.004970851,0.008658795,0.4251601,0.0006586874,0.095833845,0.028672442,0.0027420877,0.005686012,0.83468354,0.0121494355,0.019492336
1380,0.796432,0.20911062,0.0036056496,0.0059580575,0.22709078,0.48124376,0.0035732193,0.27460605,0.012068171,0.052230302,0.0225719,0.0047416743,0.32107276,0.009052013,0.005597638,0.0926998,0.0005789257,0.048932344,0.4562407,0.0024158855,0.0029113835,0.7215755,0.009226376,0.008944529
1381,0.11721674,0.11451514,0.00844007,0.03090866,0.24967629,0.034267776,0.011712886,0.56413245,0.0057886243,0.04340636,0.0049167657,0.08668098,0.030976545,0.020013152,0.025767813,0.11131746,0.00085143815,0.67344874,0.017889937,0.013313217,0.0035194212,0.21420428,0.030213205,0.0029619092
1382,0.010489165,0.026193108,0.024361892,0.022909418,0.41689268,0.15525316,0.006080611,0.75381917,0.056332666,0.1059258,0.022191375,0.007944418,0.12771372,0.009216908,0.016172769,0.19571923,0.00055537536,0.18421772,0.012115078,0.050823264,0.0052683237,0.20921111,0.008337777,0.0032818925
1386,0.91524976,0.040816173,0.0050606467,0.041110706,0.15567917,0.69889134,0.007962971,0.56668895,0.0014438212,0.010470469,0.018366478,0.04456713,0.020624181,0.007731553,0.004214123,0.074037574,0.0008180642,0.036091067,0.23326114,0.0062393844,0.0037506376,0.81780213,0.03977571,0.0100269
1387,0.12791887,0.03783767,0.007929564,0.01547768,0.36828497,0.4548233,0.009472783,0.65657926,0.053500555,0.019112725,0.021851242,0.008981761,0.0871068,0.009584376,0.0043952484,0.0309194,0.0007050836,0.03784795,0.019063793,0.008991941,0.015190176,0.33681062,0.014071908,0.014271828
1388,0.012335433,0.015714716,0.0061482964,0.042713247,0.64767015,0.02444626,0.038890615,0.6959188,0.05968219,0.02031293,0.0019061201,0.0074444753,0.025299838,0.34260193,0.11152656,0.017050216,0.0006930712,0.39428738,0.0027936485,0.0047756894,0.035016302,0.043587975,0.0036931199,0.0012608069
1389,0.052470397,0.23108944,0.012856574,0.032257132,0.08513237,0.038412716,0.020793496,0.396745,0.02026106,0.07887446,0.027445523,0.012605948,0.61707586,0.010096318,0.024978189,0.09445958,0.0007257734,0.09027557,0.31827995,0.002806246,0.0024663107,0.29903123,0.006050266,0.030552614
1390,0.09764643,0.034215894,0.011937527,0.022741225,0.48959395,0.14811216,0.03217024,0.25871938,0.09548606,0.037954483,0.009390985,0.008389081,0.034173753,0.009193303,0.010132329,0.10217384,0.0009732721,0.049064815,0.25598833,0.021809893,0.010973272,0.3850944,0.0024335808,0.0019176179
1394,0.12832735,0.036170453,0.0025799763,0.0075691096,0.08595094,0.51363564,0.0062665697,0.6127683,0.012105106,0.013069641,0.03740783,0.004747682,0.1196245,0.025831224,0.0028767965,0.24950887,0.000621394,0.11868196,0.035092965,0.002427338,0.016171768,0.7247052,0.0020908217,0.0029589718
1401,0.111643314,0.06932227,0.031840198,0.18709418,0.25672647,0.07030329,0.08619975,0.6219978,0.12154007,0.021880822,0.0053784167,0.06875844,0.015135057,0.01576034,0.009361075,0.0063731475,0.0007191816,0.050160617,0.017316218,0.026620127,0.5546347,0.045449838,0.01898435,0.06617673
1403,0.029904477,0.042341873,0.019023463,0.024820909,0.586053,0.045332413,0.014098924,0.68251866,0.04239893,0.16535787,0.010195879,0.012131412,0.013320145,0.009093069,0.023841891,0.0753765,0.0007031715,0.68549097,0.009852335,0.007892085,0.0029297348,0.058809567,0.0063772737,0.004842132
1409,0.076412395,0.34369877,0.035368416,0.24291913,0.13177958,0.028762707,0.16323681,0.6756944,0.061008364,0.038658164,0.0041678986,0.61609817,0.0013901355,0.03462203,0.02126762,0.011761194,0.0012956249,0.2006573,0.012159845,0.021111436,0.016513364,0.09858793,0.22019662,0.025833864
1428,0.028585328,0.06509851,0.0579309,0.01713339,0.8742857,0.087929115,0.0047668926,0.57817864,0.20855488,0.028447213,0.011804279,0.0062397392,0.021359945,0.007920504,0.042592216,0.027120305,0.0005806917,0.28896853,0.02517443,0.021998309,0.02661313,0.048034843,0.015490618,0.0062778997
1431,0.010132276,0.038485035,0.07045004,0.15596844,0.63096046,0.021007847,0.07919476,0.54285973,0.10965371,0.052596614,0.0047003683,0.018236043,0.0062272386,0.5678173,0.1832487,0.04296418,0.0007635855,0.57340324,0.04967125,0.013221335,0.015776252,0.03927011,0.012709149,0.004076554
1435,0.2602591,0.00669527,0.00060183136,0.0074600363,0.085522816,0.6271605,0.0036538544,0.64092195,0.0011415939,0.0074631795,0.12940322,0.005207053,0.5519328,0.005381435,0.0026861618,0.47844312,0.0005512202,0.049161617,0.1387761,0.0028059953,0.002711682,0.82445455,0.0045643,0.008128872
1439,0.45989046,0.46311107,0.039429758,0.036667276,0.13436404,0.051512543,0.013974568,0.39995876,0.09653126,0.019701498,0.013920367,0.06875431,0.04800175,0.005974683,0.031156862,0.12678303,0.00080663187,0.1616821,0.2908379,0.0076158345,0.011517422,0.29260722,0.2986405,0.0043172943
1440,0.5485955,0.2843213,0.014060751,0.004611649,0.22944614,0.07221873,0.003663834,0.4887507,0.094824694,0.035485607,0.012636903,0.012745104,0.022639986,0.012549098,0.01031615,0.025850503,0.0006571985,0.19592163,0.021917675,0.012395641,0.33187783,0.39583567,0.030541807,0.014990944
1442,0.5218779,0.2610554,0.015650516,0.01184474,0.13536312,0.017001934,0.008916228,0.291796,0.03999023,0.096146956,0.0073071728,0.020310652,0.12912099,0.01104422,0.004147374,0.082320996,0.0007935957,0.18424319,0.9466621,0.0068909754,0.014912645,0.34699365,0.010620225,0.00599204
1447,0.091827445,0.045782585,0.020588806,0.009993954,0.39608312,0.043496914,0.03009017,0.15674682,0.13338502,0.09056505,0.0008842806,0.022011591,0.4149231,0.028847327,0.010616654,0.013253729,0.00095139147,0.005665299,0.066170566,0.015195983,0.014496793,0.15134396,0.008592002,0.0072199255
1449,0.22330628,0.035183962,0.0043109776,0.0023196507,0.5733381,0.6446763,0.00091499987,0.4176653,0.016942084,0.04809661,0.0360296,0.0018186173,0.24070312,0.009338613,0.005379241,0.21362914,0.0005668676,0.2506609,0.053384278,0.0011348703,0.0046138843,0.51945674,0.0032695218,0.014328811
1455,0.025786715,0.030913943,0.0075009298,0.38658878,0.10937324,0.017944794,0.440103,0.5419444,0.010294815,0.021777352,0.0054199626,0.23472533,0.02783586,0.023940103,0.008330081,0.02960972,0.0012395668,0.075155616,0.070192136,0.009782052,0.011732818,0.05410483,0.47019997,0.05233776
1460,0.05780548,0.24762817,0.04534356,0.023292337,0.29590705,0.034932107,0.031731684,0.4481322,0.17342514,0.05131667,0.0020946434,0.008601171,0.147871,0.011767619,0.0042372574,0.1051406,0.0009108845,0.07670453,0.18261226,0.0097713135,0.004837052,0.18654102,0.0061405217,0.006832725
1461,0.02999161,0.2686448,0.08660476,0.023320697,0.5829093,0.04164015,0.012391567,0.48660168,0.56332433,0.22867297,0.0024355007,0.006421926,0.020064596,0.09654775,0.20535381,0.01558473,0.00074196566,0.63316435,0.01291719,0.009567131,0.02336269,0.025310786,0.006079084,0.011666088
1466,0.059807777,0.06651465,0.0074321325,0.009306917,0.3353196,0.15564309,0.0059540146,0.49856955,0.04697619,0.042264234,0.018342847,0.006394838,0.103909604,0.050274853,0.045064405,0.17935313,0.00064773735,0.3811036,0.0035816622,0.012156879,0.023238232,0.33402255,0.005648729,0.004950031
1474,0.023678953,0.21847117,0.042311277,0.035230055,0.6596048,0.07281864,0.0015571202,0.4584521,0.303454,0.20575649,0.014071577,0.026722085,0.030283762,0.008620314,0.087646686,0.13649924,0.00055216043,0.5182335,0.0036658014,0.0071836766,0.0070735207,0.11694783,0.029978978,0.028653663
1478,0.043483514,0.19370277,0.16213189,0.037478574,0.778703,0.027215835,0.0057916464,0.2527238,0.64018023,0.40053132,0.0070462413,0.046941295,0.10267515,0.010849365,0.027495345,0.0086424295,0.00075789075,0.15155122,0.04464626,0.011631699,0.019525632,0.03791444,0.021873608,0.010432477
1481,0.18494307,0.23968531,0.04423248,0.08034967,0.35052422,0.04209411,0.014417765,0.57680273,0.3545926,0.041288663,0.004360413,0.03401509,0.017140988,0.013874324,0.05416281,0.02614657,0.00064464053,0.14263988,0.03628728,0.009426355,0.10607677,0.052355062,0.07051303,0.022974446
1484,0.42970654,0.5638378,0.19057061,0.069232605,0.2062788,0.098728664,0.072095394,0.33826315,0.2841376,0.054497086,0.0015414241,0.07107774,0.011070557,0.015652565,0.03664318,0.01320105,0.0011791689,0.067762904,0.018367708,0.03592161,0.025023974,0.04823258,0.07523656,0.0557125
1492,0.26799554,0.17356394,0.010367329,0.004338094,0.27889374,0.10241805,0.005893616,0.21442649,0.116535686,0.026659485,0.007749528,0.0067620254,0.42780054,0.007877199,0.004486054,0.081917174,0.00069289916,0.06887007,0.62209064,0.0039777393,0.004530954,0.47767994,0.0102809435,0.016846303
1495,0.18000293,0.19495544,0.004833691,0.016477779,0.42717886,0.07101976,0.0028628756,0.6404527,0.023496713,0.09241331,0.010819489,0.013424528,0.019528007,0.029918619,0.017758492,0.05201809,0.0005623335,0.44021392,0.068377055,0.0016348206,0.014119228,0.20599683,0.022630872,0.0068481965
1497,0.02137492,0.0380486,0.076448105,0.007621556,0.79767036,0.015069074,0.030397737,0.21305607,0.2226062,0.1823386,0.0056593018,0.007863162,0.2906292,0.025291115,0.0466356,0.022974469,0.00069746986,0.08641071,0.03258607,0.034531765,0.0030267658,0.0464573,0.0038370213,0.0028920604
1500,0.041368924,0.010072456,0.0024410994,0.009326714,0.32767153,0.082878366,0.012623897,0.51902103,0.011888027,0.017341156,0.01627021,0.0032951352,0.21530022,0.012611737,0.0073148627,0.17486328,0.00072634005,0.30418396,0.03882162,0.0029044899,0.0025808404,0.423178,0.005116015,0.0020635505
1517,0.39796203,0.077122144,0.002021956,0.009937666,0.07043861,0.35487717,0.0044950116,0.60609263,0.0036516294,0.011263206,0.08776465,0.015435853,0.28967437,0.004488568,0.008891532,0.48586348,0.00065327366,0.13539943,0.22123434,0.0021166399,0.001847425,0.8764476,0.04812823,0.011215286
1519,0.24457279,0.23853414,0.06554009,0.09786197,0.62532955,0.12109944,0.022774147,0.5089861,0.40239435,0.03885646,0.0057026376,0.04375476,0.0012193251,0.02334597,0.04818582,0.0041641556,0.0005723133,0.15186486,0.0447814,0.010930763,0.61665845,0.028762372,0.02875092,0.031127691
1521,0.076281056,0.01674143,0.002497501,0.01816315,0.43745038,0.16039777,0.0061204717,0.35512418,0.009469205,0.026981965,0.031775143,0.0066762352,0.19436657,0.0047830692,0.0039833877,0.29945108,0.0006275259,0.102873206,0.07436631,0.0045916704,0.0071034064,0.6830377,0.005478677,0.0036939424
1524,0.113823526,0.09272742,0.025192492,0.014801476,0.30275577,0.4192531,0.012920583,0.44746011,0.124500975,0.08494933,0.0254471,0.008133336,0.066831686,0.032632533,0.053350683,0.03353327,0.0005875917,0.07662959,0.0057167113,0.0122029865,0.0029489163,0.16981223,0.0077570635,0.044802632
1525,0.44586748,0.03523922,0.003912517,0.044913355,0.05995068,0.37960106,0.0146420365,0.44481558,0.004301291,0.013932343,0.013128448,0.024605602,0.2243848,0.007100011,0.016511846,0.0906096,0.00080751017,0.042165365,0.03279167,0.013015754,0.0022011069,0.78360313,0.01231555,0.012706367
1528,0.12514472,0.088781364,0.028421784,0.04144649,0.47614953,0.037360158,0.073759004,0.1643957,0.22288385,0.03830746,0.0065530455,0.002658345,0.10632726,0.016432485,0.006884918,0.034417838,0.0007477051,0.022641351,0.49902356,0.038410533,0.040143892,0.113715716,0.004674642,0.0083513465
1529,0.48139212,0.040938944,0.012090836,0.009848587,0.11176437,0.52894944,0.0125245815,0.2547037,0.01890684,0.08274821,0.028474096,0.011503208,0.42305216,0.006676766,0.0023479895,0.47770268,0.00061610923,0.023309417,0.11950216,0.0130294645,0.0060130106,0.6470398,0.010836598,0.005803715
1531,0.2871778,0.08250641,0.0017422339,0.010985886,0.09641058,0.7176374,0.008588164,0.45443952,0.009141208,0.008337103,0.12731737,0.052137647,0.059453066,0.002745168,0.008146141,0.10207074,0.00065480644,0.050888088,0.040035408,0.00705284,0.011541268,0.5716558,0.046059877,0.311831
1537,0.5808219,0.08626101,0.00860272,0.09360532,0.036283504,0.51163256,0.22846729,0.76359224,0.004334948,0.015705802,0.0045224964,0.08213072,0.0073972424,0.12058261,0.008794001,0.005183734,0.0010374967,0.036536932,0.049687766,0.0060832687,0.010635283,0.119306415,0.040968478,0.104710974
1540,0.091503665,0.04482004,0.011777948,0.01577654,0.56798536,0.45787215,0.0011618326,0.83394486,0.03749117,0.019550378,0.04133148,0.004885023,0.0030007972,0.10349769,0.053194582,0.02107122,0.0005466445,0.5290115,0.0021546623,0.0039867926,0.029603727,0.19098075,0.008046753,0.01130856
1542,0.09428004,0.07907094,0.01477425,0.011980826,0.48447785,0.60592383,0.0028279056,0.30592346,0.04259215,0.050556153,0.051941864,0.004445724,0.11339992,0.007551693,0.045011904,0.21341996,0.00056293735,0.16531894,0.031644255,0.00331646,0.0036213412,0.53512627,0.0025609026,0.031216783
1548,0.02236624,0.02660922,0.005915161,0.08272768,0.39254382,0.1969026,0.008214855,0.81776077,0.05491531,0.016917752,0.0030352818,0.005113792,0.00911906,0.05160069,0.007646399,0.013749547,0.0007216095,0.11212661,0.015021329,0.003478082,0.025325866,0.093971565,0.0023711629,0.033927646
1549,0.8292588,0.19856623,0.023149718,0.012046592,0.2478065,0.7766783,0.015801653,0.3068834,0.029879926,0.017556753,0.008938394,0.015169047,0.021541784,0.006040779,0.0061136046,0.051481787,0.0010107504,0.032004487,0.04456501,0.006766296,0.0023910622,0.60819167,0.016197743,0.005485382
1552,0.3056502,0.74204373,0.05832795,0.010533946,0.2706426,0.01280713,0.06109737,0.034409788,0.33390796,0.29935217,0.009003335,0.006683974,0.62136656,0.009551037,0.016567567,0.07460422,0.0009335788,0.02365979,0.813284,0.0056348452,0.011523607,0.24558555,0.0018280249,0.0042236983
1555,0.094698794,0.060744885,0.0033555415,0.019749032,0.22318019,0.2925831,0.061599325,0.33414257,0.0076757655,0.022996191,0.031110642,0.045836378,0.30856252,0.009716424,0.009333118,0.41680717,0.0008147427,0.05177823,0.023703603,0.0075556785,0.001906748,0.5518753,0.017011037,0.009096554
1556,0.08724974,0.17408524,0.061053257,0.017539851,0.810101,0.29288402,0.0061996467,0.0990416,0.20105547,0.1894189,0.036476534,0.009515104,0.04425204,0.019835131,0.1616287,0.12227733,0.0006751843,0.2282806,0.021922132,0.010060025,0.0015743837,0.18255825,0.0030667419,0.0037879974
1560,0.44473463,0.3722067,0.18870816,0.025158182,0.3399695,0.03039367,0.0075143003,0.13394043,0.42618328,0.5303303,0.002260914,0.0028222906,0.37443185,0.01404162,0.012230786,0.028344909,0.00073971885,0.03345969,0.80921364,0.007796352,0.04553682,0.11260312,0.0012554958,0.00404401
1571,0.022487797,0.012669464,0.005377445,0.05676983,0.14283244,0.056926943,0.03052972,0.8043681,0.0129770655,0.012976591,0.009789106,0.016846651,0.04172369,0.358022,0.030059151,0.039864812,0.0006409608,0.40968043,0.0060041794,0.0069881766,0.022677056,0.097065926,0.0019040402,0.004080389
1577,0.35458732,0.09041757,0.0063903825,0.030193467,0.043445274,0.045955066,0.018980386,0.40432417,0.009012773,0.29551607,0.015781991,0.010853203,0.9006103,0.0045370185,0.0022515033,0.19457102,0.00069536,0.022054,0.5362182,0.003398955,0.0054449607,0.5130728,0.0095864665,0.004826292
1581,0.31699792,0.043902237,0.005045876,0.0053664744,0.21614183,0.37520844,0.0021100442,0.4127188,0.011376335,0.047494218,0.059615836,0.0074656806,0.3444273,0.0047699,0.0059392983,0.3656133,0.0006183264,0.06546072,0.11835024,0.010676231,0.0028232504,0.7470247,0.0056222193,0.0028660137
1585,0.027157685,0.06250961,0.017917646,0.027667506,0.6758722,0.01846972,0.0034076301,0.48168367,0.10197464,0.18526438,0.0037529042,0.0074277404,0.06039915,0.008649901,0.05992667,0.07849374,0.0007101822,0.65656304,0.014499375,0.005587545,0.005101367,0.0352787,0.009021094,0.0028642507
1588,0.052504286,0.04123477,0.00449278,0.12167594,0.120044805,0.011354732,0.10585214,0.7222421,0.049708743,0.006910337,0.0012123246,0.23657589,0.0027377452,0.030033665,0.0040934626,0.001997608,0.00095051806,0.0955602,0.03368047,0.0053601046,0.4662666,0.017443595,0.14617509,0.017374288
1589,0.8420129,0.6794552,0.057372484,0.0051453393,0.27134848,0.10860009,0.0064767348,0.23063855,0.27050412,0.056088682,0.007851654,0.023411525,0.072391786,0.0024939969,0.006441581,0.08300917,0.0008148448,0.048988238,0.21309446,0.020228732,0.014890645,0.42011952,0.20208415,0.0055483435
1591,0.050087854,0.07345353,0.01826421,0.007434785,0.61403364,0.13770005,0.00083397934,0.59860224,0.18660836,0.09261426,0.038465697,0.008360806,0.014134303,0.0032971248,0.05576981,0.052467957,0.0006634472,0.32354373,0.0050542573,0.020161422,0.016247695,0.17387,0.004114675,0.060734835
1604,0.46400258,0.07762068,0.008586565,0.012558845,0.16884789,0.14009842,0.014596201,0.14923045,0.017259277,0.3070806,0.009183223,0.0111533655,0.81902415,0.01156911,0.006539262,0.32228807,0.00067307404,0.029744552,0.15008481,0.002502975,0.010357643,0.7471521,0.011173146,0.0056514395
1605,0.4069973,0.05782378,0.0016387166,0.060255237,0.10633691,0.25195318,0.015509768,0.36379623,0.0012517292,0.02482094,0.037152387,0.058962014,0.08409297,0.011047512,0.009130045,0.15488364,0.00063892984,0.25277773,0.014356437,0.0035623633,0.009672085,0.7282822,0.025800476,0.01921801
1607,0.025200607,0.051136944,0.014655555,0.25352275,0.43742192,0.0053363773,0.07118422,0.50278,0.09237639,0.02857507,0.0023660362,0.086679846,0.001947528,0.067076996,0.13450332,0.010039005,0.00093456043,0.64400154,0.012017638,0.009601142,0.34217253,0.008366153,0.019859992,0.0084491735
1619,0.05209624,0.6724225,0.11082777,0.08345235,0.3846398,0.029834997,0.044094037,0.5328726,0.42087838,0.26616672,0.0011269384,0.040382102,0.031457715,0.024629114,0.06179763,0.006582297,0.00084463955,0.16521709,0.0070218723,0.007944396,0.035424773,0.020254355,0.03341146,0.16508944
1622,0.16483112,0.13666035,0.027979322,0.0067628194,0.6857417,0.24826288,0.003417289,0.4040833,0.25081524,0.09375358,0.01841506,0.009352519,0.10622852,0.014340932,0.015410249,0.08948947,0.00055312016,0.124121636,0.12076929,0.0072864313,0.057698857,0.37256956,0.0046816627,0.0039849565
1625,0.2672452,0.38522926,0.024605505,0.03039133,0.1342937,0.020020837,0.09430378,0.5890993,0.06687276,0.034162156,0.0013523697,0.020734577,0.037401117,0.039501004,0.0073773433,0.020754473,0.0008433673,0.09798267,0.2280602,0.0033220095,0.04791049,0.0692995,0.032849953,0.024322156
1627,0.79524845,0.027426457,0.0017941276,0.0040419186,0.093620636,0.9024519,0.0017117652,0.61122406,0.003552043,0.0048852805,0.07782889,0.01093231,0.14359514,0.006616812,0.0025670987,0.33086085,0.0005984828,0.059770454,0.042283326,0.009969248,0.0030712907,0.9092441,0.018351628,0.011327641
1628,0.00836491,0.013445106,0.00544264,0.014733064,0.57880926,0.0435094,0.007250034,0.88176286,0.015967796,0.043024275,0.023528632,0.0064302925,0.027025389,0.019442515,0.017226204,0.015320892,0.00057443127,0.4510172,0.013812878,0.00900903,0.022024278,0.044943992,0.012811243,0.002567432
1629,0.2860478,0.19516276,0.0057837307,0.027052065,0.4794972,0.1389927,0.024479369,0.35555997,0.011717651,0.057959743,0.016012128,0.03880728,0.014057738,0.0126737235,0.025080051,0.08098278,0.0007761591,0.35340598,0.014249339,0.0032308055,0.0100566875,0.310318,0.02044354,0.008158004
1633,0.44516957,0.123158365,0.033329893,0.00446514,0.4226596,0.3755065,0.001180837,0.3359665,0.10767182,0.06098374,0.059503574,0.0027943102,0.10451482,0.0029472876,0.01757033,0.059126295,0.00053849246,0.093069434,0.080903776,0.015269235,0.011140378,0.51348436,0.029507369,0.01709178
1635,0.45356116,0.7359913,0.060650524,0.02193605,0.073991664,0.056754284,0.047210522,0.13432507,0.11266315,0.52373034,0.0097106,0.028165018,0.43263876,0.013689593,0.02409127,0.39294884,0.00084430404,0.111748956,0.5294336,0.0052713035,0.003915549,0.32391736,0.018536313,0.0036350747
1636,0.06819274,0.14028846,0.047418226,0.12594171,0.47043833,0.008649312,0.34862974,0.23405537,0.0631779,0.041111354,0.0031762605,0.0979232,0.008671644,0.60063416,0.14602523,0.011293429,0.0010167549,0.15906699,0.08819463,0.014849893,0.0211543,0.02073708,0.037108686,0.022105757
1638,0.11889694,0.19004394,0.020913448,0.016769977,0.3377299,0.079107895,0.035105173,0.6456977,0.045190558,0.05840222,0.012409565,0.004499994,0.008654989,0.016171055,0.01208373,0.027148096,0.00073133956,0.15081082,0.07449487,0.0041002682,0.019636145,0.18508592,0.004227037,0.009409451
1639,0.3010531,0.18139885,0.009256645,0.093937285,0.6209066,0.31041235,0.015432136,0.3159376,0.016370138,0.05956542,0.018357381,0.025831548,0.101423405,0.008513179,0.014368061,0.04379588,0.0006423649,0.060095992,0.042433947,0.006671291,0.013114036,0.15661852,0.014921433,0.034233484
1640,0.33334854,0.79518354,0.07049644,0.04378222,0.09898406,0.040618878,0.012219667,0.47404626,0.24274227,0.4807049,0.0022147032,0.09841154,0.081781395,0.0028715204,0.014896913,0.016288757,0.0007588555,0.037190363,0.05511029,0.022250686,0.011523075,0.07066868,0.05114944,0.13262804
1645,0.6550317,0.06404315,0.005301558,0.0060356073,0.17341311,0.2264811,0.003354298,0.49313727,0.012243512,0.012835985,0.03451925,0.05491704,0.09554772,0.0020387366,0.0028810014,0.14335538,0.0007567541,0.05774754,0.13358378,0.011372769,0.0017751456,0.7221024,0.09681701,0.0008678139
1646,0.09027024,0.026910087,0.0041704266,0.03758179,0.11352029,0.17828429,0.02210621,0.51862955,0.002342671,0.068136044,0.053546496,0.15017633,0.21848847,0.011460928,0.020797031,0.08713399,0.00073224865,0.25453666,0.011585529,0.004223759,0.0008639247,0.48279446,0.03486763,0.014885854
1648,0.42869282,0.106663756,0.013793243,0.008228856,0.3926865,0.10845936,0.012315319,0.28379536,0.021150991,0.031020531,0.006023822,0.00580059,0.1356524,0.100866556,0.036862213,0.068221584,0.00068784493,0.096506916,0.17360081,0.006152447,0.007854885,0.2817323,0.013193363,0.016146151
1651,0.27338624,0.045247987,0.0018875074,0.014336282,0.12188029,0.7250311,0.0020295293,0.65555286,0.010885496,0.01804284,0.17950948,0.005074562,0.09454932,0.0052741496,0.0040490753,0.23494352,0.0005201614,0.04781176,0.015669502,0.0025846693,0.033668566,0.81007844,0.008210338,0.020146867
1653,0.40263322,0.017729297,0.00641241,0.0066547855,0.32651412,0.34023783,0.007432037,0.17351955,0.014979332,0.045483474,0.07647245,0.005679403,0.6011618,0.0052544083,0.010182986,0.280495,0.00067346,0.053564485,0.17486101,0.009906582,0.0048812767,0.79028916,0.002057398,0.0023719787
1663,0.09737998,0.2148382,0.045303904,0.18090068,0.25263843,0.00949162,0.5475385,0.26269916,0.14644282,0.058898717,0.0010073449,0.044442467,0.00956023,0.054707654,0.016832283,0.018987231,0.0012183732,0.040233597,0.022093011,0.024951313,0.24926151,0.041039634,0.019263865,0.021858888
1664,0.065175176,0.054559994,0.016792882,0.005807937,0.4603968,0.039017376,0.0018280073,0.74577826,0.072027735,0.069100365,0.006800017,0.002331921,0.05919292,0.0048038973,0.0072170002,0.042752877,0.00055874593,0.23810893,0.046523757,0.009457703,0.020042162,0.10705699,0.005287924,0.027883895
1667,0.045996685,0.049145773,0.0017143601,0.061267868,0.3332959,0.12949306,0.0021475202,0.8346985,0.0065039373,0.011975183,0.035856593,0.053984728,0.022037568,0.010975063,0.020169904,0.047098223,0.00053850404,0.4515278,0.004658414,0.0035106242,0.0067961956,0.16386016,0.22761236,0.008762568
1668,0.038690537,0.019308042,0.01867695,0.0040743765,0.8537689,0.0691997,0.012342341,0.31085315,0.06537118,0.011890314,0.0037514698,0.0023563998,0.08726242,0.042687587,0.03404836,0.0093241185,0.00063716725,0.40849993,0.03673935,0.011468834,0.028208984,0.040623095,0.0017315091,0.015097601
1673,0.0971573,0.04329928,0.0042122025,0.022920014,0.678287,0.0552364,0.011139569,0.453944,0.006407609,0.0110121835,0.012698982,0.033068463,0.036180902,0.018569458,0.05164227,0.06809052,0.00080267165,0.4039971,0.010597668,0.012334351,0.0028481742,0.068041965,0.45631865,0.0115728015
1674,0.019678466,0.032761216,0.016543733,0.042415313,0.50626767,0.052905574,0.0035521968,0.7819189,0.06342396,0.030641403,0.008388747,0.006905277,0.020650819,0.017071558,0.027998852,0.0356511,0.0005122288,0.5678103,0.0103174355,0.0040671853,0.06407038,0.062626794,0.008433943,0.018498592
1678,0.040994283,0.029309586,0.008030973,0.012434204,0.47496212,0.33144143,0.0044516013,0.6694961,0.036250062,0.08110784,0.056672793,0.006361723,0.2615327,0.013495063,0.010915072,0.23987743,0.0006345459,0.14870678,0.027232965,0.0036358263,0.0021950346,0.25370112,0.008478627,0.0071113277
1679,0.4454854,0.17537446,0.016648857,0.021950863,0.17060225,0.22675388,0.01435216,0.32752073,0.013111882,0.0448224,0.036379922,0.01615291,0.19931957,0.011820314,0.0055241985,0.07954219,0.00065558136,0.04640807,0.0811029,0.030593656,0.024666902,0.47718212,0.011758561,0.0114349015
1682,0.24084102,0.70334566,0.13825566,0.006308859,0.572907,0.24749272,0.0014084452,0.11599846,0.510644,0.5216184,0.023910021,0.0044048177,0.5263089,0.0074617136,0.114644475,0.23812985,0.00047324065,0.13066795,0.10154563,0.0058952426,0.0014080052,0.2606207,0.0039345534,0.0067296317
1685,0.0419445,0.079539694,0.014151416,0.06935131,0.20907141,0.048511386,0.059352946,0.589538,0.02345357,0.08993344,0.009724424,0.016849834,0.05905079,0.008192984,0.052442834,0.11834062,0.0010232067,0.22861807,0.027550729,0.011652313,0.00354785,0.16050898,0.027228087,0.027288517
1686,0.07508489,0.24393688,0.041808978,0.006750589,0.55491114,0.022821207,0.029766634,0.18797684,0.094837405,0.3143746,0.002269556,0.025010213,0.22328599,0.014463151,0.029843953,0.03140529,0.0009262772,0.0788001,0.075108506,0.00546928,0.009545297,0.090266876,0.010226763,0.010692708
1687,0.34345427,0.11697123,0.023800654,0.009295023,0.71381485,0.53071684,0.004033443,0.43398127,0.08912866,0.026007818,0.024070092,0.0055343327,0.03118106,0.009648513,0.01049111,0.050258514,0.00064269104,0.13221903,0.07929624,0.018201998,0.008336914,0.28241977,0.011008227,0.013610364
1689,0.86056256,0.39496756,0.015732901,0.03721201,0.1390727,0.16235721,0.01917251,0.42890587,0.022202602,0.011187263,0.007798149,0.08482327,0.0047934153,0.008294312,0.0053600236,0.017148212,0.00095703674,0.046128057,0.18311207,0.006482149,0.048740137,0.53739154,0.24689148,0.037099708
1693,0.07955558,0.124061264,0.016906248,0.018883282,0.16878968,0.045106955,0.008019024,0.68789893,0.021667682,0.033848356,0.014788257,0.009531089,0.021907352,0.019907234,0.009674917,0.05607673,0.00065177307,0.5327406,0.061052162,0.0048599723,0.0058971955,0.28149667,0.016815452,0.0022319464
1697,0.8078783,0.77896184,0.034910686,0.01469978,0.2264293,0.08842309,0.007582586,0.31324095,0.03910773,0.15688644,0.008487566,0.12737449,0.013632065,0.0060365973,0.03440217,0.0104583725,0.00076288474,0.10285151,0.11920451,0.016842544,0.011638411,0.22077213,0.27449954,0.024787495
1704,0.19491608,0.21344364,0.0032448005,0.1783257,0.1135462,0.16982466,0.011066873,0.7556378,0.008867403,0.037786197,0.026845615,0.14627089,0.012961757,0.010839631,0.0077578933,0.10754118,0.0006737024,0.11651001,0.018327404,0.006547476,0.00910379,0.31172952,0.18537669,0.0013590992
1707,0.110610254,0.07344723,0.013773811,0.013813638,0.3697852,0.024621492,0.011847353,0.31508037,0.021518374,0.29555753,0.003428349,0.016197849,0.33175975,0.01083271,0.040148597,0.039023045,0.0007690331,0.40273014,0.017583735,0.0058070174,0.021309273,0.07964697,0.007662245,0.012729562
1708,0.24170977,0.05091761,0.0014995963,0.014394589,0.22575286,0.38214624,0.010452161,0.6007174,0.011900177,0.010811164,0.029008714,0.007673315,0.038449865,0.0064775357,0.0020649326,0.20354004,0.0008508425,0.07011249,0.13909635,0.0013718375,0.011280339,0.70524997,0.015627299,0.019465838
1709,0.0204113,0.39959627,0.060803376,0.038116418,0.625013,0.033264197,0.022803837,0.42310634,0.36055565,0.33573878,0.005076522,0.013121845,0.04671793,0.04582028,0.06642518,0.03554802,0.0006811708,0.15376909,0.007977512,0.009300962,0.018102873,0.030429166,0.015767843,0.08104507
1712,0.014792606,0.022730328,0.010581336,0.017847218,0.6300255,0.08719517,0.0023048029,0.8565074,0.04064235,0.022214249,0.022804521,0.002905428,0.019582843,0.12716016,0.0520374,0.0221559,0.0005075606,0.37485933,0.016927034,0.0035662213,0.0029863152,0.08868052,0.003273367,0.016735286
1715,0.68059975,0.91431284,0.29301625,0.019960241,0.19794187,0.04586566,0.030322498,0.13423945,0.44993627,0.24418242,0.0027482533,0.0132323075,0.09916864,0.0099487165,0.08661204,0.03242362,0.0009426371,0.07209447,0.09373129,0.04368872,0.009238876,0.12804267,0.013930791,0.015488371
1724,0.21232489,0.07677426,0.0065260287,0.026404366,0.08266306,0.2194906,0.0024553172,0.8621987,0.012727842,0.03279271,0.06969452,0.059348032,0.040448647,0.0040573697,0.0061907074,0.120748155,0.00064119144,0.22919358,0.039508868,0.0049876906,0.004813664,0.6023,0.21354996,0.010648914
1727,0.23096952,0.062257476,0.021471849,0.009848261,0.45961025,0.7621965,0.009162811,0.12411942,0.06830454,0.06081584,0.02015563,0.0031023666,0.14002053,0.0052294447,0.026629206,0.18386489,0.0008261769,0.058622476,0.038697064,0.014233206,0.00047911113,0.6631312,0.0013897774,0.009751794
1733,0.17933357,0.054104336,0.022713544,0.029549025,0.5126561,0.40994373,0.009203407,0.2991239,0.03938439,0.037929386,0.025854062,0.019097704,0.02944686,0.002634548,0.022945063,0.06170542,0.00078774925,0.15233234,0.02437967,0.016901169,0.017954057,0.20245613,0.019426,0.00691016
1734,0.76588917,0.11823939,0.010250188,0.017823344,0.39264616,0.3667982,0.012807883,0.2765985,0.022478988,0.03704266,0.011574357,0.10631742,0.02816301,0.007967097,0.015860641,0.05974901,0.0009991303,0.05055478,0.18702616,0.006987968,0.0009550192,0.73395014,0.14190342,0.0023821737
1735,0.10710958,0.07662459,0.019578751,0.02254137,0.041201714,0.08434896,0.101234354,0.33368126,0.004732327,0.24132632,0.016779793,0.117798895,0.7829039,0.011105264,0.008146229,0.57028973,0.001041964,0.014585595,0.072359554,0.021843676,0.002358231,0.58949214,0.022986954,0.011038175
1742,0.011931178,0.30950332,0.14422603,0.058244277,0.27481532,0.011908607,0.005760091,0.5663292,0.56176704,0.279777,0.006522923,0.02019928,0.18046007,0.013185376,0.17462482,0.02020964,0.00063502387,0.486653,0.062540606,0.012317378,0.0036643124,0.021205233,0.009806761,0.018283056
1749,0.004698611,0.015539984,0.013109101,0.14308186,0.10998139,0.012009076,0.32930475,0.8355907,0.008193008,0.051359516,0.004565167,0.0736032,0.103947744,0.040347047,0.00813112,0.015075751,0.0011338292,0.12864177,0.010559049,0.018254302,0.0076753986,0.051334955,0.029327106,0.0033040547
1750,0.018870676,0.0039389096,0.0047452496,0.3770986,0.12463151,0.012883951,0.9728064,0.46433535,0.0017142679,0.0088175535,0.0007833081,0.06482616,0.011598056,0.84970146,0.028937653,0.004451603,0.0015529181,0.0688436,0.023363438,0.016059289,0.016779164,0.009718747,0.011394599,0.016164767
1751,0.05965847,0.023856275,0.008325714,0.026445119,0.37997016,0.0228515,0.0057354486,0.67677087,0.017379036,0.024453638,0.0060750972,0.034835648,0.024855312,0.027753519,0.017739614,0.024615567,0.0007233901,0.4700346,0.016686402,0.0035759606,0.0123800235,0.10034176,0.016167596,0.02826685
1753,0.10325564,0.123515666,0.06615003,0.0031238417,0.37963748,0.043506287,0.001961414,0.48144233,0.15960787,0.27358636,0.0070719803,0.009114726,0.19301859,0.027768465,0.061889283,0.077390924,0.0005655678,0.44014895,0.11920288,0.020943655,0.0018718571,0.19942844,0.02605853,0.0049534827
1757,0.6868801,0.09417729,0.04338737,0.0041755964,0.42266625,0.4010328,0.0067616915,0.0630865,0.23837535,0.04813166,0.003517089,0.0036214138,0.46777526,0.0076674963,0.0038349074,0.10224095,0.0007953895,0.0035472298,0.5344497,0.03480257,0.0010443293,0.8217698,0.0014565241,0.003683211
1759,0.0626806,0.45579705,0.19524182,0.009753783,0.7202697,0.0043930435,0.009288175,0.13786028,0.7776998,0.5592599,0.004182796,0.025567863,0.04798827,0.010739792,0.08185846,0.018265313,0.0008891904,0.1577732,0.08529791,0.032695845,0.0043880157,0.036754135,0.013481004,0.00651253
1761,0.16172367,0.009694138,0.003177775,0.03711306,0.3164604,0.22529975,0.04689836,0.44778532,0.0029368054,0.007342451,0.0024408847,0.01635597,0.104207896,0.2299771,0.034277298,0.02415588,0.000936683,0.21278143,0.01026104,0.012131948,0.008452914,0.28288007,0.0016494908,0.010086929
1762,0.048013445,0.011800847,0.0013688639,0.04194453,0.6279063,0.743498,0.0034830354,0.45914346,0.011099097,0.010173076,0.14766803,0.008115956,0.017296132,0.004199535,0.0239612,0.21124507,0.000643974,0.3280987,0.004300041,0.0018207091,0.0010464266,0.4155071,0.001413167,0.017490242
1763,0.05441541,0.36190253,0.030435687,0.0118716275,0.17779128,0.043276306,0.006730454,0.6262116,0.1118233,0.053400338,0.01134578,0.016177967,0.17512433,0.0075465944,0.019685099,0.032857247,0.00062467414,0.29620454,0.019981394,0.01383154,0.0051728967,0.17431033,0.019143464,0.022217102
1771,0.9571453,0.36660016,0.0074630943,0.00936926,0.24551824,0.5031262,0.0019756933,0.26993203,0.018385174,0.062406465,0.019070402,0.028809493,0.11234645,0.0043458017,0.0036552104,0.16071315,0.00074663636,0.025103007,0.46997488,0.0037972939,0.002701473,0.9226361,0.017754568,0.009477379
1772,0.11189371,0.039492358,0.008329742,0.21513669,0.17015797,0.06161132,0.80122125,0.2033202,0.005371266,0.005131508,0.0028329687,0.27386284,0.034169782,0.027300792,0.0052023423,0.020435601,0.0020715462,0.01804428,0.0151623525,0.03190939,0.017407607,0.2089011,0.056516673,0.012842191
1774,0.400604,0.26224366,0.018090406,0.010228635,0.22872284,0.052601743,0.04467507,0.15101214,0.013575444,0.040319897,0.009551741,0.01769728,0.64154345,0.018728936,0.012236755,0.08328763,0.0007838633,0.021082189,0.07534843,0.027529798,0.011765689,0.19657546,0.020721283,0.015813196
1778,0.07438964,0.06549948,0.006580663,0.030915115,0.52417505,0.13891701,0.0035023899,0.53609824,0.039034642,0.031455543,0.037282705,0.09145361,0.009823435,0.021461232,0.07158822,0.15395185,0.00059115706,0.6732442,0.004218373,0.008041913,0.006295102,0.15424009,0.033075966,0.005851206
1787,0.14168434,0.085682735,0.012963874,0.009881806,0.49525502,0.55990213,0.0041126157,0.42422685,0.036112007,0.03467023,0.058295522,0.013314124,0.060679078,0.011881336,0.014252722,0.07951711,0.00063189113,0.17662722,0.031386364,0.009090456,0.0035680227,0.46437165,0.017575162,0.048998527
1792,0.07692509,0.677795,0.49833176,0.022444751,0.56013954,0.0197892,0.002818934,0.1821718,0.6929538,0.7692642,0.006143997,0.012885206,0.12221489,0.00791799,0.12796268,0.023989182,0.0006266252,0.13468552,0.058927707,0.044075653,0.0055652284,0.04211452,0.020758437,0.046194937
1796,0.19884138,0.11857001,0.004371801,0.038995527,0.15680088,0.2118177,0.010579021,0.26980016,0.005883232,0.043834634,0.010021927,0.0334699,0.078915834,0.005980401,0.03479965,0.07041418,0.0007826758,0.13382398,0.023389073,0.005084102,0.001967929,0.41674846,0.009264039,0.23479983
1798,0.51502,0.020931212,0.0026173275,0.056291845,0.32861227,0.73968405,0.06992039,0.6406542,0.008114248,0.00608838,0.011001211,0.011716546,0.011728169,0.028785622,0.0039014418,0.057030916,0.0008996286,0.0191501,0.019785918,0.0037529971,0.048953928,0.4876263,0.011260837,0.019572582
1800,0.107054345,0.06349291,0.010400174,0.0092746625,0.63296336,0.32584912,0.004843203,0.59485734,0.104871474,0.026545696,0.014554847,0.002233916,0.029089307,0.020657204,0.012708827,0.053998534,0.00059587514,0.14279093,0.049971607,0.0032382265,0.0537931,0.2801686,0.003141211,0.01315387
1802,0.018870976,0.01270126,0.0092641,0.03624774,0.057447445,0.046093903,0.0122707095,0.6181506,0.005697295,0.234905,0.018433629,0.018558508,0.7842257,0.013735666,0.03226805,0.4118815,0.0006253303,0.251293,0.026967954,0.022561759,0.0035788722,0.450969,0.0048498265,0.019960312
1804,0.6425411,0.38875845,0.014674779,0.026133262,0.20240138,0.06756709,0.014245569,0.28204313,0.03776553,0.042347096,0.019501366,0.10024139,0.05675579,0.0029851554,0.009304226,0.104249775,0.0008523786,0.024494017,0.4917867,0.009496629,0.0064386306,0.7049125,0.6625251,0.009059296
1809,0.094911315,0.03450584,0.0022808535,0.012831986,0.0994885,0.0918913,0.023922566,0.5888373,0.00384696,0.078058794,0.033998024,0.0080657825,0.5461815,0.010030706,0.0069832737,0.35882774,0.0007383019,0.12419563,0.078877,0.0061277477,0.005430854,0.6343243,0.011316842,0.0021004356
1810,0.120525174,0.73244774,0.32093275,0.014287137,0.5685024,0.0036476469,0.036777183,0.04261722,0.5714425,0.61018443,0.0021877121,0.007277783,0.24954504,0.022705056,0.038182285,0.025483673,0.0009966543,0.07673456,0.84340674,0.00983116,0.010579554,0.027808376,0.006273608,0.022554448
1815,0.0041343686,0.0029051034,0.009669778,0.010836425,0.66850954,0.016750325,0.009161676,0.76326424,0.003937279,0.026176553,0.012608216,0.018936748,0.009213065,0.015009714,0.025507718,0.029604727,0.00068040774,0.8186307,0.0073374165,0.039908685,0.0027200875,0.05323402,0.015600305,0.00151558
1816,0.031205319,0.08798684,0.032482747,0.028844425,0.8353062,0.030265788,0.0033038494,0.5779374,0.055490207,0.08526722,0.0056384266,0.007353626,0.010127495,0.026655471,0.04772652,0.027275363,0.0006050314,0.89153636,0.049762715,0.0116752125,0.016859839,0.059239533,0.006853871,0.002973532
1819,0.39542338,0.23131679,0.017730892,0.01374982,0.21295436,0.052609835,0.06700872,0.46184763,0.03924061,0.023313351,0.0015685793,0.022024708,0.04581999,0.017579617,0.013941105,0.013153145,0.0012832498,0.018648207,0.06331254,0.03126142,0.00983624,0.17053363,0.028568663,0.12458658
1823,0.024378747,0.0074933227,0.0023230563,0.057279736,0.6648485,0.025848184,0.07055062,0.5172743,0.0046150405,0.013306503,0.011241158,0.036210835,0.037538297,0.033278894,0.03074077,0.018205846,0.0010065339,0.25819644,0.014784519,0.008068915,0.0052333004,0.06238611,0.0077555957,0.005603959
1826,0.39492086,0.17990746,0.011087709,0.043876734,0.31390557,0.74816364,0.0039065448,0.4334391,0.040085,0.027966665,0.052894343,0.031630486,0.0152767645,0.011821736,0.036339384,0.22101727,0.00061736774,0.21653998,0.056159027,0.0079236245,0.010558686,0.42658544,0.020210689,0.04326459
1827,0.33612144,0.18085212,0.021578273,0.074138395,0.33331946,0.16109775,0.012519417,0.36722508,0.0708918,0.08147985,0.009091775,0.033351656,0.02295828,0.025189487,0.030427063,0.013798187,0.00069440604,0.067729235,0.023886139,0.006394935,0.06456551,0.096851826,0.02011721,0.61717975
1828,0.063186586,0.20210315,0.028572647,0.12978514,0.26992226,0.017297218,0.017226722,0.8490783,0.273735,0.036979873,0.0023066413,0.071005695,0.007102384,0.025652794,0.008791861,0.012075798,0.00069607474,0.33500013,0.058148935,0.0067400653,0.09542517,0.017515432,0.13404332,0.06900585
1829,0.30407962,0.040653147,0.002204899,0.07676842,0.14737894,0.68122256,0.015410148,0.6822549,0.015113125,0.0048272703,0.034507822,0.01820522,0.023333518,0.012772391,0.009470376,0.05510834,0.0006109495,0.06338576,0.024976378,0.002075402,0.009073651,0.5712193,0.00460522,0.018041104
1838,0.017988198,0.09774559,0.008036308,0.031935263,0.111577965,0.029157497,0.0026574563,0.69827956,0.069011316,0.19426915,0.012005252,0.011353838,0.3282899,0.010094269,0.01685422,0.36461028,0.0005206659,0.35419524,0.038435657,0.0046454873,0.009586843,0.30613944,0.008894361,0.0098512145
1841,0.3593025,0.048251867,0.011722848,0.025654133,0.34070826,0.35032114,0.056010827,0.369161,0.018478258,0.025524989,0.026948366,0.0025848376,0.07048539,0.033534467,0.012068564,0.10053612,0.00079286814,0.114430286,0.10563933,0.004096994,0.30797887,0.35341436,0.0054293373,0.0062425486
1842,0.25000605,0.04014289,0.0064031202,0.006857796,0.72598356,0.54873556,0.0007372188,0.39623874,0.02553137,0.053031944,0.022089452,0.005591086,0.031310607,0.022652803,0.041615333,0.028966304,0.0005757792,0.38364094,0.011894348,0.0037534465,0.005486407,0.423413,0.0026257269,0.005540532
1843,0.13071729,0.33035132,0.030012377,0.0076759877,0.29824418,0.02469051,0.0036227594,0.6412321,0.06696449,0.11347546,0.0089321025,0.0035101904,0.15380432,0.010809359,0.015914926,0.029247556,0.0006374263,0.27489758,0.12790692,0.008043088,0.008786602,0.24653693,0.022569753,0.0023766614
1846,0.012498713,0.01836919,0.0037601176,0.009308276,0.4663622,0.030437108,0.003971617,0.67267895,0.036465064,0.04981379,0.0074644615,0.008056678,0.12501293,0.019685587,0.015965113,0.060319453,0.0005964553,0.51417255,0.014562905,0.0025519028,0.0063396636,0.08267183,0.012446272,0.006898175
1847,0.021414366,0.04242058,0.0077265943,0.0053183464,0.8751401,0.10745371,0.0055022165,0.69422996,0.050717648,0.043810535,0.006592694,0.004039731,0.010557231,0.039655685,0.010508242,0.01425007,0.0007035332,0.5156421,0.02740914,0.0018170755,0.03310311,0.05963633,0.0075287265,0.004657362
1852,0.08476932,0.12471975,0.012864771,0.020400662,0.47583556,0.72348917,0.0011917611,0.4971099,0.023349084,0.01668339,0.13781354,0.014346009,0.04386122,0.008201222,0.03193759,0.51384264,0.00050745707,0.43529052,0.025381075,0.005059487,0.0012020034,0.44155887,0.00818956,0.012569854
1853,0.056623627,0.054715246,0.005857436,0.028679322,0.74635464,0.044301923,0.03968954,0.4914234,0.014608722,0.0056063323,0.0057131485,0.014604466,0.008303975,0.022570716,0.011236028,0.016596632,0.0006922698,0.36380908,0.016941434,0.0073281354,0.017551886,0.05934951,0.017533345,0.018241813
1854,0.12740247,0.103089854,0.020598058,0.0020353708,0.19269912,0.022498338,0.0020336078,0.36848512,0.14988112,0.19789475,0.0061442093,0.0031840845,0.5801721,0.006340015,0.009632674,0.19935481,0.0006094191,0.23928832,0.25730687,0.0074229985,0.0021410396,0.3453348,0.009032111,0.0042248657
1856,0.12766436,0.0951892,0.0015695274,0.014695325,0.30709338,0.48156223,0.020953,0.63448715,0.0061764363,0.008613267,0.01615445,0.008175977,0.049295463,0.0018162557,0.004609668,0.28581852,0.0010043618,0.08201735,0.020586027,0.0013598799,0.00085441355,0.78982407,0.01273284,0.010946787
1863,0.019774089,0.020436661,0.011773143,0.03304681,0.58856314,0.1613807,0.01879395,0.82098854,0.11009764,0.019696811,0.004232367,0.002989773,0.015726078,0.067600414,0.013541274,0.069447145,0.00058186427,0.2579003,0.022224784,0.009971648,0.03656426,0.0904484,0.0049820803,0.0032063397
1865,0.25576463,0.008873527,0.0013795339,0.013409898,0.09511316,0.7067537,0.023112228,0.42346492,0.002652806,0.0064242883,0.044475485,0.030938236,0.18295445,0.0021697972,0.0023473094,0.3565144,0.00088044006,0.024741523,0.028743103,0.0065769916,0.0010663942,0.7752634,0.012352739,0.004000246
1868,0.08041711,0.36993358,0.05086537,0.010956146,0.30431783,0.10127506,0.0020255665,0.5649773,0.34388763,0.28803235,0.011200606,0.0029419328,0.14265515,0.017713692,0.04340422,0.06683445,0.00064219936,0.1644998,0.06823851,0.0042497595,0.0052383593,0.20269619,0.0072534257,0.031255417
1875,0.0062654065,0.031051721,0.09081357,0.020533642,0.89789754,0.026731355,0.0490697,0.33812684,0.19885239,0.0378598,0.004435258,0.00591298,0.065772355,0.023396546,0.039503403,0.013735297,0.0007935495,0.062660895,0.17552727,0.08078846,0.004521389,0.055529896,0.0016253161,0.0017476053
1878,0.08075972,0.016672792,0.003499048,0.010034486,0.36037257,0.046261776,0.005560338,0.66869336,0.011645692,0.011531856,0.01179625,0.007428545,0.028809905,0.01189224,0.015021745,0.073031776,0.00062235154,0.4087554,0.036789924,0.0067542763,0.008729789,0.2026051,0.009713071,0.003444444
1884,0.028614698,0.019581767,0.012465399,0.006052365,0.13725892,0.041540496,0.013351692,0.39996073,0.07371515,0.08208719,0.0055721304,0.0022886884,0.80347943,0.015015454,0.0041563762,0.15187149,0.0006819204,0.020229643,0.29583782,0.01810014,0.00093695073,0.51204944,0.0041254177,0.001667283
1887,0.21269523,0.17241617,0.02357695,0.014951459,0.7560476,0.27628043,0.022685722,0.040947977,0.08484819,0.11257685,0.015147122,0.009906703,0.5374844,0.010764837,0.01598926,0.25991568,0.0008208722,0.02231535,0.11629032,0.0051299697,0.0034423838,0.3802503,0.0040612905,0.007973332
1895,0.04177632,0.041384906,0.0057102586,0.07741188,0.38141534,0.17597759,0.019305035,0.78381497,0.035734702,0.015630906,0.013346593,0.021568108,0.026500093,0.026553415,0.008590565,0.04216354,0.0008752645,0.13037208,0.048412845,0.007826597,0.02403456,0.21329314,0.041383564,0.014208714
1898,0.015896617,0.00971965,0.008067736,0.17835787,0.048690464,0.20574334,0.25478122,0.4714649,0.009740565,0.025452103,0.012290803,0.052408732,0.1039811,0.08066746,0.053311158,0.2809169,0.0009774067,0.03609831,0.008857685,0.025324803,0.0012868084,0.13346614,0.0183958,0.02421713
1899,0.059076108,0.017657768,0.0021860797,0.013072366,0.29583916,0.1812777,0.0059930426,0.57538223,0.018943612,0.009290615,0.01392671,0.004403141,0.08592314,0.18213405,0.022055136,0.044581033,0.00059438613,0.3191536,0.010776452,0.0011678943,0.013860181,0.24007438,0.0025299822,0.007424773
1900,0.24355458,0.0065833568,0.0018084456,0.010895517,0.12480828,0.7249772,0.0053931423,0.2883173,0.0036155032,0.013959274,0.05784941,0.004504658,0.84268653,0.005579698,0.003374232,0.39502147,0.0005795631,0.037556686,0.06662198,0.0033727635,0.008160242,0.894726,0.0021644528,0.0029638263
1906,0.01504099,0.013634295,0.025157573,0.09691981,0.5401233,0.0650405,0.056669872,0.6493118,0.084445775,0.019942041,0.0059464616,0.051190928,0.013824803,0.34960377,0.09322664,0.007486488,0.000787779,0.22449479,0.006065247,0.02376134,0.028767044,0.035702027,0.02018289,0.035855014
1908,0.08238036,0.044920985,0.04416758,0.038217463,0.873555,0.18396267,0.014806608,0.60098195,0.07862564,0.046516873,0.0059164846,0.008047076,0.0045897663,0.11515332,0.021758962,0.020320129,0.0008132171,0.28498688,0.010151276,0.0051770792,0.049822614,0.06714837,0.010327119,0.011080663
1913,0.029663943,0.019954445,0.0056150607,0.009444343,0.21841879,0.15904638,0.0029341693,0.3877981,0.022409948,0.10267205,0.04244889,0.004407993,0.7562793,0.008683499,0.008852056,0.09468128,0.0005031945,0.04801876,0.0621076,0.0050078295,0.0026873106,0.37710762,0.0044601723,0.015338045
1917,0.009408625,0.0075606937,0.016630115,0.11695786,0.58633846,0.004445956,0.7964654,0.10457274,0.049033985,0.009700008,0.0009767226,0.056668866,0.050247144,0.7049486,0.082047425,0.00852126,0.0015021431,0.06493589,0.010897628,0.025194073,0.017978994,0.011340733,0.021251095,0.004508699
1925,0.014283021,0.025202775,0.018039761,0.11756889,0.2293449,0.028297275,0.5113946,0.1817046,0.021103136,0.020599741,0.0055858023,0.0746047,0.12651461,0.0262558,0.014670167,0.074867316,0.0013646738,0.0223814,0.024801094,0.014896733,0.0026061125,0.10403512,0.020131214,0.058509897
1927,0.017507391,0.03406127,0.009782915,0.3853345,0.06979796,0.0073715495,0.93915284,0.32864675,0.004250018,0.022782981,0.001853767,0.14512025,0.03775789,0.83246714,0.0699923,0.027128188,0.001357075,0.108724,0.0029568453,0.015331861,0.07536625,0.029415272,0.06463691,0.0127090365
1929,0.07513169,0.036682364,0.0028267496,0.010973603,0.08410575,0.23186055,0.004888912,0.46471936,0.008765377,0.066351034,0.023093378,0.0068401196,0.84128034,0.0065979925,0.008457247,0.5032833,0.00051445886,0.09615672,0.022771673,0.005341191,0.001514759,0.58742064,0.008123153,0.016207607
1930,0.02491785,0.012053228,0.0064311977,0.014257366,0.44585532,0.18856604,0.0032612325,0.47592035,0.020404277,0.033233594,0.069951676,0.008788549,0.12665969,0.07381762,0.044034824,0.26513845,0.00056251715,0.3706178,0.038277976,0.013807638,0.0046429983,0.30397242,0.011071418,0.0011231535
1931,0.16389081,0.21716277,0.006294893,0.014766874,0.15804449,0.34601644,0.0015733308,0.62618476,0.034567103,0.07279435,0.059576083,0.033902943,0.04981747,0.0037541098,0.009369017,0.24626473,0.0005374692,0.20250362,0.06843151,0.005591327,0.0027463369,0.50035506,0.018775197,0.020381022
1932,0.013452643,0.015631361,0.003473223,0.013761146,0.7380924,0.01996769,0.0018213148,0.64087296,0.03816084,0.015619796,0.009645506,0.00954784,0.005018699,0.0056984513,0.0071000173,0.0152018,0.0006734305,0.80452174,0.005500479,0.0037169133,0.010026484,0.025342898,0.028184917,0.019903857
1933,0.6126573,0.5583341,0.009177403,0.010971731,0.1179792,0.16544177,0.0031279724,0.45148006,0.053458836,0.032393664,0.024072714,0.10747475,0.061459284,0.0014564493,0.014249211,0.09509713,0.00083029346,0.18527834,0.107714936,0.007121995,0.002257176,0.59595746,0.6055292,0.037248295
1936,0.01586449,0.024178308,0.016198099,0.053493902,0.9303147,0.024202986,0.059695862,0.4436077,0.056979638,0.0131782675,0.0036694466,0.0050307214,0.017986968,0.065289065,0.033158507,0.008703383,0.0007531852,0.19296615,0.0060222973,0.00821167,0.052851688,0.021016397,0.0054312637,0.28214607
1938,0.210461,0.036347516,0.005683953,0.036130138,0.36284745,0.13954332,0.0028288083,0.5963042,0.015241707,0.03368463,0.044329014,0.032452438,0.023311343,0.054175757,0.04906486,0.07901353,0.0006237452,0.3390406,0.026409777,0.005713834,0.005235282,0.20487635,0.10572554,0.031713888
1939,0.45424145,0.27245733,0.007567817,0.023067858,0.08503941,0.058565754,0.020649644,0.28597316,0.012387494,0.014778574,0.0044805617,0.044791512,0.36251935,0.0061233416,0.0067446316,0.12131309,0.0009375437,0.028270619,0.1996703,0.024395281,0.0032510539,0.7163921,0.090263955,0.0013467419
1946,0.02186109,0.02183481,0.005156012,0.020100955,0.48043013,0.09462691,0.005703917,0.5531795,0.011802777,0.018423067,0.02926684,0.010347276,0.049295686,0.20921697,0.03246023,0.0893917,0.0005911041,0.59717566,0.011962524,0.012530634,0.0059538875,0.21573873,0.028368048,0.021344734
1948,0.021971092,0.0141279185,0.0028906802,0.021338934,0.43212414,0.039605234,0.0029852788,0.7944929,0.03973669,0.034628943,0.0059638554,0.004250161,0.03462885,0.005233184,0.00237133,0.06022349,0.00059025903,0.14055401,0.029919852,0.0032099294,0.007262489,0.16687681,0.008833387,0.008338558
1949,0.010643148,0.11038754,0.024486283,0.051684987,0.38833994,0.026134754,0.0074691367,0.5814123,0.17411532,0.19630724,0.014201549,0.0124289,0.030772464,0.009605922,0.037830412,0.16073215,0.0005864598,0.60671973,0.018375784,0.0074665286,0.0035152028,0.05216985,0.010508212,0.0021028495
1958,0.026583277,0.047414146,0.024034018,0.115936995,0.18277451,0.017647762,0.080235384,0.808149,0.07016684,0.06652288,0.0017569269,0.031575434,0.14152884,0.010181093,0.0034381186,0.017126517,0.0008770081,0.022480885,0.29102105,0.01445097,0.004083227,0.12526825,0.016095119,0.01335949
1959,0.023955919,0.062764995,0.019484978,0.0076974533,0.6532614,0.055322375,0.046555866,0.28207868,0.016503561,0.078196906,0.0058231554,0.01710288,0.41684106,0.009483625,0.01400657,0.09899723,0.0008571297,0.04942061,0.076261535,0.012710843,0.0009410676,0.2731279,0.004108343,0.010729195
1960,0.017981663,0.037091475,0.0044302074,0.23454577,0.16404033,0.07948031,0.64992696,0.6398918,0.011161883,0.009676027,0.00716308,0.20804638,0.015774222,0.017950853,0.007210894,0.0352942,0.0011316658,0.08723201,0.0049592652,0.01169942,0.0077975844,0.053322252,0.15623693,0.005707923
1967,0.06539919,0.16361493,0.015782718,0.023643246,0.10619545,0.01467851,0.02097377,0.70343935,0.077547394,0.110516265,0.005573312,0.006389556,0.25360432,0.030884916,0.010920308,0.089400046,0.0006019599,0.1322105,0.046234265,0.0056072203,0.03346362,0.24905688,0.0023496153,0.0022174034
1968,0.0060411766,0.023754653,0.004745362,0.19028632,0.16462807,0.005448631,0.020840341,0.7615631,0.015323411,0.016053028,0.01344369,0.12502344,0.009931827,0.022122009,0.026075935,0.014329707,0.00071094366,0.83410674,0.055103485,0.004634654,0.039027184,0.019147146,0.012867885,0.044186868
1969,0.41423336,0.548182,0.027579643,0.010290777,0.07813102,0.0076097683,0.055858023,0.20141375,0.09559159,0.20999996,0.00700355,0.01757932,0.41698602,0.00885789,0.0034669142,0.10587938,0.00087439344,0.02180838,0.9591188,0.010868222,0.012493393,0.52821845,0.015158672,0.0014049065
1970,0.55884624,0.18704157,0.020432714,0.034450725,0.09292505,0.27213046,0.017594373,0.3453678,0.007782613,0.06462397,0.010002501,0.54130733,0.024076914,0.0027771322,0.008251576,0.033604167,0.0008798862,0.097840816,0.09745451,0.018745786,0.004568457,0.35057437,0.122901306,0.015600064
1974,0.25785318,0.110220835,0.02741734,0.04469475,0.77855605,0.7589495,0.0075959777,0.36579785,0.0683364,0.051973306,0.02993656,0.010423324,0.009252942,0.1128835,0.055291735,0.0139910765,0.0006114312,0.17477459,0.0140447235,0.012083901,0.039791524,0.23027574,0.008435402,0.07962228
1976,0.1452261,0.021181718,0.00096095196,0.0062278463,0.047183633,0.55069953,0.0009793199,0.70981777,0.008315141,0.032902386,0.06125501,0.005978505,0.40447056,0.0025064908,0.00185487,0.87816465,0.00060634094,0.20755969,0.03249756,0.001878437,0.002150768,0.91863257,0.008245552,0.0056992453
1980,0.4598956,0.058734875,0.0074594785,0.36077842,0.10362056,0.21422064,0.13328035,0.6264549,0.0052534733,0.012033978,0.0058195484,0.26086095,0.00094168464,0.018087769,0.0080493,0.013249228,0.00095881463,0.16847464,0.010259892,0.010199826,0.37033665,0.15373786,0.061730996,0.15232487
1986,0.04639934,0.09626002,0.036037184,0.016862161,0.42680976,0.105088525,0.008413272,0.43164462,0.14696501,0.0891678,0.009860762,0.008241678,0.04984258,0.01830613,0.048120562,0.013222791,0.0006402035,0.26980603,0.050560825,0.005365652,0.024744494,0.0369929,0.009748304,0.038563725
1990,0.23989598,0.1376321,0.010259452,0.011272704,0.59166664,0.35608724,0.0022488644,0.82732505,0.045889203,0.030198174,0.02300402,0.010596413,0.0032868017,0.0077668615,0.008008959,0.020090517,0.00063996343,0.39682248,0.011988263,0.0041168462,0.023201225,0.18988726,0.005933617,0.0265346
1994,0.021644404,0.0028065904,0.0031727883,0.0735709,0.2989433,0.2220371,0.024683239,0.76258934,0.0041801054,0.023982668,0.027412487,0.007112931,0.03504263,0.054808177,0.05319887,0.06336537,0.0007566228,0.3613232,0.019375844,0.0069227275,0.0023007372,0.10952127,0.012715199,0.006123335
1997,0.12952346,0.24542512,0.038533397,0.036506478,0.34243795,0.015010066,0.019905908,0.45208937,0.28229854,0.02257725,0.0037472234,0.010667014,0.036918,0.012599748,0.0077562993,0.024896951,0.0008293359,0.06460666,0.16107714,0.00828885,0.0913827,0.14557077,0.028308893,0.017076423
1998,0.06755925,0.033522993,0.015632968,0.006496463,0.59378946,0.22748673,0.004220675,0.2875627,0.04933559,0.111007705,0.056503072,0.002214582,0.2943971,0.008057702,0.020729166,0.20659491,0.0006824762,0.107569605,0.2596325,0.004442924,0.0019008478,0.51246744,0.0035636448,0.0018032161
1999,0.032485407,0.04510036,0.010328562,0.006908744,0.2059178,0.18219887,0.0036293005,0.2984786,0.12333011,0.035692826,0.042030305,0.0033737477,0.35456946,0.012267936,0.011593323,0.5135622,0.00062574254,0.06783014,0.05171161,0.0055614556,0.0017946126,0.5773558,0.0064825024,0.0032539323
2000,0.006252905,0.024817558,0.024349349,0.08117609,0.3591972,0.010287802,0.04888147,0.6789214,0.22510983,0.18235013,0.0018427005,0.030449668,0.0152974315,0.035926193,0.03694787,0.030689338,0.00093276403,0.25054845,0.0093799895,0.034245603,0.0110124955,0.039144088,0.012955609,0.0038505578
2005,0.02249567,0.045693778,0.011747633,0.020993289,0.30099455,0.024272388,0.008123195,0.43692186,0.13327006,0.037624415,0.004999921,0.009001017,0.16640608,0.03498594,0.05572173,0.095147654,0.00062445365,0.2687299,0.014721572,0.011017088,0.013536636,0.09160715,0.013345545,0.013502245
2007,0.023922065,0.059509624,0.0030727102,0.021055145,0.5430386,0.07842309,0.0025725486,0.8296012,0.06633261,0.04657007,0.023984617,0.00728127,0.01950409,0.004160398,0.011039159,0.06490949,0.0005593752,0.60399854,0.016223924,0.0013035727,0.033705253,0.05328814,0.015272369,0.031001369
2010,0.78493285,0.49679676,0.051269,0.028039536,0.26355806,0.2513892,0.009474903,0.30139807,0.06537443,0.049885776,0.015176058,0.06252885,0.030059807,0.0031247535,0.01571499,0.08947484,0.00073952647,0.043745212,0.47438452,0.017210325,0.0107494425,0.55122215,0.22711581,0.0033909418
2011,0.27031666,0.2916176,0.022373144,0.0816799,0.15085898,0.03672283,0.014963572,0.7017966,0.062701955,0.025299903,0.009577769,0.062249765,0.012075695,0.012669631,0.028140696,0.028318832,0.00075261877,0.43517965,0.08303658,0.019017566,0.019166054,0.12807037,0.65514433,0.015849303
2014,0.106309265,0.022571336,0.0035227102,0.02669647,0.20524561,0.8975544,0.004949944,0.39972365,0.009120073,0.006745022,0.37913132,0.053037677,0.095314346,0.0022088082,0.016777158,0.5803791,0.00059396797,0.24147333,0.0074619534,0.009497517,0.005940962,0.722227,0.023403531,0.020317456
2016,0.014752512,0.018682366,0.009897769,0.13297306,0.304737,0.078312725,0.0229882,0.781945,0.025267752,0.014780698,0.011731778,0.043095656,0.0073649436,0.22113429,0.13999271,0.04291746,0.00068504957,0.66722333,0.0086456165,0.0090289535,0.018648984,0.08328098,0.030614056,0.0195956
2023,0.12991136,0.08464826,0.0042463187,0.01526907,0.30582365,0.3274629,0.0017336352,0.4818694,0.03493192,0.08038961,0.031943828,0.007493631,0.1824005,0.002517992,0.00879056,0.60013276,0.0006057916,0.1350292,0.08512351,0.005751784,0.003868946,0.72856987,0.004338654,0.0034231707
2026,0.012640341,0.03379767,0.05926817,0.015957842,0.8672718,0.05494682,0.007982786,0.4250169,0.12637894,0.07953451,0.014476989,0.010136219,0.0067241485,0.28906086,0.5250986,0.029559813,0.0006729243,0.7413418,0.00589022,0.00968248,0.009692893,0.015690086,0.003015219,0.0019945446
2027,0.25779322,0.4825494,0.05163038,0.015888369,0.13301586,0.069973886,0.0030007716,0.16760635,0.09872825,0.5135665,0.04558391,0.048620056,0.8808605,0.001987167,0.02745871,0.23127963,0.00055134686,0.054499343,0.23895454,0.004113794,0.0014160406,0.51186734,0.039120767,0.006152747
2032,0.35121807,0.3234261,0.007923996,0.04364988,0.17625016,0.16591069,0.015637027,0.60192704,0.027081875,0.05127396,0.011593968,0.21535021,0.026305592,0.0030002354,0.0027734875,0.09319478,0.0007875159,0.088378154,0.045753203,0.004356951,0.0043814587,0.32127118,0.3247063,0.086254865
2033,0.02534568,0.011954806,0.005292493,0.004650318,0.863232,0.38855195,0.0023563874,0.7616018,0.030736191,0.015767014,0.051778775,0.0028127546,0.020398803,0.010761446,0.008364341,0.03797073,0.0005400098,0.25246993,0.012662369,0.008981761,0.011156616,0.29243094,0.0035918478,0.00661091
2043,0.058118463,0.019033713,0.002541511,0.05849538,0.17424412,0.41480672,0.016039696,0.7601354,0.0033331774,0.011338193,0.025374543,0.01535624,0.026583789,0.0053478954,0.0014733255,0.1777505,0.0007826852,0.15604918,0.050953504,0.001803715,0.0053566075,0.6035153,0.006839203,0.0032743812
2044,0.06516003,0.008615923,0.001357117,0.031037878,0.17411713,0.7174219,0.004649872,0.7085915,0.0034722295,0.010191646,0.2951548,0.034060627,0.043885473,0.0048790975,0.013978406,0.33167383,0.0006035417,0.16450211,0.008924031,0.001750096,0.009430702,0.5529607,0.016914159,0.0063614636
2047,0.15028657,0.0524375,0.0070840144,0.2743807,0.068875276,0.87332654,0.04152031,0.5078275,0.008808727,0.017369559,0.12311725,0.10752175,0.068558805,0.005023952,0.0047694743,0.1776397,0.0006580273,0.014787442,0.049044807,0.0038038474,0.0016389007,0.7625592,0.02867012,0.02687693
2048,0.46762505,0.2526487,0.10729592,0.0054442715,0.6669347,0.07915779,0.006193181,0.14415126,0.47886938,0.3454975,0.004278355,0.006819403,0.14120677,0.0061039263,0.010004244,0.026153352,0.0007500938,0.065979995,0.6671675,0.010202527,0.0056163496,0.15693693,0.005617159,0.0018134468
2049,0.09699835,0.042807225,0.00766401,0.013018375,0.3683763,0.6970529,0.0012968705,0.7913561,0.060404252,0.04549211,0.087450944,0.0025947776,0.048087537,0.0089941,0.018253593,0.060405985,0.0004641197,0.07896628,0.03381607,0.0047339443,0.0081034135,0.48583102,0.004118211,0.0074897488
2050,0.0701337,0.08296277,0.00806206,0.31237128,0.37573507,0.018930618,0.09159081,0.8675101,0.024776062,0.011504862,0.008608973,0.06950224,0.0014116075,0.020767294,0.0249828,0.0060697356,0.0009893059,0.39857382,0.037002303,0.0066224723,0.06068581,0.039219443,0.57736033,0.0028846064
2051,0.014846922,0.016507935,0.004911857,0.02054782,0.819574,0.09040691,0.0028867493,0.53843194,0.021209866,0.037595175,0.014137785,0.0038634795,0.031099489,0.044559963,0.03758681,0.04222977,0.0005535413,0.839892,0.04270775,0.0032268004,0.013202536,0.076108605,0.0027851067,0.007914575
2056,0.009848317,0.004163007,0.0017465915,0.011377681,0.65449417,0.09933037,0.014943393,0.5680869,0.004273586,0.013309622,0.028111216,0.004153338,0.03680768,0.10869337,0.045264732,0.08469294,0.0006216958,0.7031417,0.0041577774,0.00279329,0.012857083,0.14403692,0.0048516355,0.0018814408
2060,0.29918993,0.022346752,0.0014152775,0.02721722,0.042423915,0.68252325,0.0049535036,0.85958415,0.0043324153,0.0057050986,0.1808284,0.063138045,0.048193786,0.006411022,0.0057192273,0.21795009,0.0006506983,0.108641595,0.010904225,0.0028397753,0.013323931,0.82382905,0.15617053,0.01672036
2062,0.2302504,0.5448104,0.7650317,0.01724643,0.90663624,0.136342,0.01112984,0.058343787,0.8727223,0.5765779,0.0032391702,0.01152162,0.037265845,0.017255347,0.14598954,0.009081257,0.00077352277,0.12929584,0.053846415,0.036786992,0.008450421,0.026275314,0.010167124,0.031704057
2064,0.017584058,0.018269897,0.018026931,0.02716675,0.6678599,0.04328041,0.003893661,0.47506008,0.04931067,0.05790157,0.051970333,0.10825718,0.020983143,0.008356189,0.054477643,0.05984305,0.00061649806,0.71867603,0.016227243,0.024392422,0.0036730848,0.06215063,0.021928977,0.0033079877
2065,0.10130954,0.20344761,0.039331943,0.0063682063,0.57724595,0.1350835,0.008012286,0.124434255,0.07066552,0.06657245,0.016002344,0.006312187,0.35203987,0.008141573,0.033742182,0.07002806,0.0006608375,0.070392855,0.108947456,0.043928932,0.00888353,0.29037806,0.01028852,0.017827868
2066,0.0059488467,0.011626504,0.009356478,0.07786549,0.30308503,0.021743387,0.19602492,0.7000538,0.006900707,0.2729107,0.00542258,0.05480312,0.15501054,0.06731369,0.044683274,0.02953161,0.00093108136,0.2784831,0.0018183733,0.016089862,0.0032239887,0.03427942,0.02427626,0.0077770073
2070,0.18000975,0.094799474,0.014306685,0.038727783,0.3757164,0.46126744,0.03827353,0.2443298,0.034438737,0.1515432,0.012553257,0.040860195,0.032281384,0.007790913,0.0156018,0.092793904,0.0009901597,0.027580928,0.011189157,0.0062635033,0.016381998,0.39514485,0.0055558365,0.013669302
2071,0.60891616,0.2671638,0.008944787,0.03652234,0.11407311,0.046599224,0.043342613,0.68279284,0.026316244,0.0075431955,0.0061570173,0.23210333,0.0041893953,0.029081231,0.013226524,0.014064407,0.00089587294,0.07139271,0.032425154,0.0089882575,0.01015475,0.12812838,0.85107946,0.032968476
2074,0.11667205,0.03253442,0.008621451,0.047001462,0.14337528,0.047528096,0.055410676,0.64932805,0.017314019,0.015022049,0.0029118252,0.051011153,0.036010217,0.014588143,0.0051011415,0.024196494,0.0008959912,0.062387742,0.055385523,0.0068198517,0.012397777,0.21418442,0.27874514,0.010792781
2078,0.37818882,0.20900896,0.006935386,0.0182048,0.34473264,0.8659176,0.00975335,0.27028635,0.044615466,0.029016089,0.030534212,0.011422263,0.026555587,0.010328723,0.0282202,0.09200073,0.0007193125,0.115808,0.04780994,0.006968166,0.0076427953,0.6198388,0.0028368023,0.030278169
2079,0.031495627,0.047464952,0.028052744,0.055811845,0.11297591,0.031375952,0.023465782,0.59212196,0.03277918,0.03248917,0.018692745,0.0325735,0.09018834,0.015441963,0.052975014,0.020174515,0.0007801794,0.31038037,0.02599381,0.02465838,0.01947347,0.07463977,0.057119045,0.4823828
2082,0.16117555,0.58694553,0.07708253,0.062308144,0.09384808,0.022322731,0.05054483,0.5372475,0.13102756,0.19507551,0.0035690386,0.048561417,0.050431307,0.0097508915,0.022350617,0.070282504,0.0008710183,0.14145616,0.051572125,0.02146005,0.01891567,0.12122414,0.05986062,0.023919096
2090,0.06990319,0.08402599,0.013910795,0.10811128,0.6453544,0.12213149,0.2087444,0.27277216,0.06485526,0.022140475,0.0074682706,0.09278874,0.0025718391,0.11305432,0.029946558,0.016186478,0.0009338195,0.16437986,0.0071268086,0.01709884,0.06034524,0.06978437,0.019120151,0.0027455585
2092,0.019620523,0.06984426,0.00590451,0.20076032,0.015694203,0.06268235,0.07143336,0.68396854,0.015520491,0.30255067,0.021301296,0.09413236,0.5591938,0.0075009833,0.0049423687,0.606259,0.0008801536,0.02972458,0.05002989,0.005823953,0.003130104,0.6037725,0.016636917,0.015892403
2096,0.01595695,0.03280915,0.03035891,0.031262375,0.7852206,0.10676747,0.004803815,0.47458264,0.23753044,0.10874115,0.0075679165,0.008934357,0.04653735,0.021598242,0.07699121,0.025167046,0.00057448685,0.2921185,0.008631989,0.008370735,0.010667296,0.06070459,0.0066821384,0.0022636026
2097,0.045546293,0.21307516,0.049190722,0.028977772,0.6373766,0.021447467,0.0055525443,0.5614543,0.4606703,0.16699047,0.008238922,0.0052894615,0.07027652,0.030486934,0.019252392,0.03364853,0.000603777,0.080273464,0.07527423,0.011957447,0.030219743,0.052069437,0.0059732166,0.078313984
2100,0.102545395,0.19682966,0.020075452,0.023038285,0.4214903,0.027136583,0.002130723,0.6572313,0.05667767,0.013239157,0.0066976584,0.0063113314,0.09138682,0.015893565,0.03745241,0.021778662,0.00057912106,0.30432972,0.01441897,0.05098826,0.026115354,0.09212853,0.01631722,0.040151775
2101,0.14161244,0.088815086,0.0047842637,0.011867756,0.10505573,0.13983072,0.004346631,0.3701229,0.014455949,0.10010102,0.034090996,0.01176095,0.6996774,0.0062852306,0.011123119,0.42384294,0.0006137918,0.06490885,0.07002419,0.003043409,0.005398022,0.67327535,0.012943535,0.010488963
2105,0.23159291,0.0750805,0.0057814056,0.012046286,0.5576448,0.38616705,0.0019103433,0.67075294,0.04219838,0.023862708,0.05107416,0.0024712733,0.015245357,0.005121275,0.003991152,0.025951391,0.000568603,0.15126443,0.045377888,0.007246791,0.04484676,0.30416545,0.0033700156,0.015106304
2106,0.22510476,0.040701073,0.008955518,0.010750036,0.1816741,0.6481145,0.012944273,0.30953586,0.019292861,0.0606863,0.10766848,0.0072948695,0.27520397,0.0088104345,0.022279806,0.2364365,0.00068204745,0.07244385,0.08121235,0.011611948,0.0015096659,0.62734073,0.009747052,0.0033457088
2113,0.026547523,0.015926916,0.007688448,0.03272319,0.28048912,0.12506364,0.021748167,0.6100358,0.037208438,0.029717725,0.0021134114,0.012224865,0.13491048,0.0062682037,0.007828801,0.033037566,0.00071127067,0.09346224,0.009398848,0.0041266247,0.0075699445,0.16435114,0.004710632,0.004542764
2116,0.048315894,0.015067815,0.00760678,0.029367136,0.735242,0.063879624,0.03828333,0.346419,0.03385213,0.034099113,0.021549279,0.019388545,0.024456708,0.23027463,0.15309186,0.014903059,0.000875057,0.6101008,0.01067534,0.0055628116,0.040170718,0.044796742,0.0021286712,0.010761152
2120,0.08831887,0.032716904,0.022183664,0.32462293,0.24653853,0.008174132,0.9081912,0.28358498,0.01635195,0.02594294,0.0002816643,0.068158865,0.007270944,0.81160945,0.023887323,0.0039801276,0.0016419386,0.03884708,0.030763403,0.02072247,0.14474288,0.013564279,0.057564586,0.0076035014
2125,0.085577555,0.03253836,0.003915943,0.045857888,0.7108196,0.13265991,0.010747283,0.45240667,0.015513819,0.033389717,0.011020008,0.011909286,0.04014913,0.011665649,0.04455713,0.020842072,0.00069173495,0.44084543,0.008886755,0.001911147,0.025967686,0.04769335,0.014785185,0.004721288
2130,0.043601304,0.09203228,0.021599224,0.020014368,0.68199563,0.23387276,0.013639766,0.5957229,0.23922199,0.034698967,0.0074912524,0.008033724,0.017445559,0.0148929395,0.02327059,0.010311243,0.0006147795,0.08752057,0.024790324,0.003295389,0.013849737,0.031686634,0.0077577247,0.033310253
2136,0.025552899,0.010232044,0.0017807039,0.03977782,0.47968817,0.088126495,0.018283647,0.73901826,0.008930203,0.013518539,0.024195954,0.028779395,0.0046473835,0.017660322,0.017795352,0.052110583,0.00070105144,0.67809296,0.005578965,0.0022315534,0.00997551,0.12509486,0.0141798705,0.005269158
2137,0.019033197,0.07529066,0.013781126,0.03000885,0.54326063,0.0118146185,0.0019850591,0.7683852,0.050310396,0.070670724,0.0065939683,0.09838074,0.0032830937,0.009961142,0.026635984,0.015588358,0.0006191727,0.87581503,0.0067674397,0.0029562775,0.003985439,0.029243771,0.032349166,0.010838638
2139,0.011590253,0.009636324,0.0029852674,0.05389439,0.32362166,0.32327306,0.0035798126,0.60124546,0.014927153,0.03376113,0.0770176,0.058746677,0.12824474,0.0031182799,0.054885797,0.18974231,0.0006392889,0.26809022,0.043435346,0.0070346114,0.00058742595,0.31627375,0.048788745,0.004073876
2141,0.10587722,0.034950048,0.008733232,0.28621814,0.07173655,0.029017689,0.85554546,0.32563734,0.032107826,0.009490984,0.000992147,0.042675536,0.014392451,0.14180228,0.00746082,0.008501498,0.0013433044,0.034223553,0.026589708,0.011533057,0.41748875,0.052681014,0.020857656,0.006115137
2143,0.22925597,0.12353,0.008960318,0.034475368,0.22033842,0.40143177,0.0036063024,0.5276921,0.07153437,0.034126796,0.026341217,0.011788537,0.037072506,0.01307839,0.022485925,0.015370985,0.00061669265,0.14885575,0.008505165,0.007836853,0.033805218,0.33909133,0.005339504,0.45425382
2151,0.09216346,0.0500053,0.008244835,0.044998307,0.18983328,0.29075637,0.0028749232,0.66212964,0.016893003,0.011227206,0.029213052,0.010660393,0.109179825,0.17806956,0.04155791,0.052351207,0.00060105574,0.13839671,0.026648635,0.018062456,0.01819421,0.47572654,0.01754355,0.037440963
2156,0.02091185,0.016857665,0.01388922,0.0045477953,0.64780635,0.016344428,0.009387644,0.63366336,0.060259532,0.04173614,0.0037046191,0.0021353806,0.14010182,0.05076745,0.022595963,0.034502137,0.0007382361,0.4909136,0.044643212,0.006056784,0.007515075,0.098435715,0.009620031,0.002193807
2158,0.2609022,0.4057703,0.028008768,0.01980305,0.5066095,0.053642012,0.008215737,0.29256678,0.2043913,0.05210768,0.0019471907,0.00806206,0.011980459,0.04120973,0.069452494,0.0046835537,0.00081716746,0.29802266,0.0123814,0.012946155,0.07754494,0.057671048,0.010560434,0.74269
2159,0.01917434,0.036387157,0.011187105,0.061722875,0.54547733,0.03168639,0.013212808,0.6829058,0.049359415,0.15392151,0.0054503316,0.011279796,0.017837541,0.10096247,0.076498486,0.13645436,0.00077008334,0.53500706,0.017722523,0.008067087,0.016741807,0.082504295,0.008668861,0.015469987
2160,0.027286176,0.028056305,0.018999968,0.04613481,0.7239669,0.023558466,0.0027160146,0.6265203,0.02408743,0.06942473,0.00890543,0.010980012,0.0060153566,0.27407807,0.3170701,0.014330522,0.00068165234,0.87426096,0.010950959,0.02097594,0.029045315,0.049569834,0.0044742236,0.029429648
2162,0.022567749,0.41948637,0.009292327,0.011897003,0.107656196,0.009282131,0.13329422,0.098342344,0.051764518,0.062200822,0.0025605736,0.023898026,0.72058386,0.0119376,0.009583768,0.29543334,0.0011431392,0.0322289,0.082195,0.010823313,0.0008410099,0.30832335,0.01319332,0.031989213
2169,0.19132802,0.23954289,0.0408863,0.37810448,0.3438861,0.07280537,0.08172199,0.6287778,0.11213335,0.037046377,0.0075735236,0.05836966,0.0014810136,0.088251896,0.05475946,0.0026971921,0.0007597093,0.06925919,0.009376163,0.011935963,0.743061,0.046928927,0.032788932,0.0800152
2171,0.20984368,0.22073998,0.023192143,0.013110038,0.09609883,0.04276138,0.01057646,0.51372784,0.019764936,0.30713376,0.004788027,0.052695047,0.8385668,0.006218498,0.0048417645,0.07153683,0.00069332257,0.036885995,0.32291806,0.01138895,0.0019333335,0.33529052,0.122276224,0.0033162693
2172,0.37880528,0.17760551,0.038622845,0.008300594,0.5337263,0.046493806,0.0037791294,0.16787948,0.09400472,0.11628286,0.024830088,0.014822002,0.2107087,0.002570906,0.019500576,0.02057338,0.00060622854,0.14044301,0.30432928,0.015438238,0.0874631,0.12391088,0.018128298,0.028488776
2179,0.06304206,0.03391711,0.0026082785,0.025496827,0.33768985,0.02335728,0.010833574,0.86826044,0.00462531,0.0071789348,0.0068901205,0.07366262,0.006967658,0.005157076,0.0053916075,0.009257227,0.0009521985,0.586391,0.018512124,0.003705288,0.0082666315,0.0512184,0.6357998,0.01774332
2180,0.022467978,0.0024486051,0.0025926211,0.017421266,0.8621069,0.15791535,0.005050858,0.7188999,0.0062686848,0.006116302,0.0220724,0.014432556,0.011352114,0.028547551,0.019893432,0.02788243,0.0005549637,0.6774256,0.006894246,0.0036652023,0.006527009,0.18738133,0.00804027,0.0015566769
2188,0.034184244,0.02593405,0.006153794,0.003991296,0.76422685,0.03416343,0.0018541517,0.6332462,0.0346892,0.04102712,0.009688746,0.010531252,0.013515374,0.012833199,0.044552695,0.037460156,0.0006444025,0.9132586,0.01332328,0.0024451006,0.006061448,0.08605077,0.008935104,0.009601858
2190,0.04071956,0.10863663,0.02190841,0.08101123,0.33933946,0.029922416,0.004465958,0.5751839,0.07564313,0.09295956,0.021240551,0.1623565,0.017272148,0.038889885,0.19228028,0.07385744,0.00067944353,0.8098164,0.002700136,0.00662315,0.0036109712,0.05956294,0.049727134,0.0055706883
2192,0.4747548,0.7746394,0.09595192,0.018857023,0.22904229,0.032166537,0.004986453,0.3404111,0.1794512,0.21265975,0.010147937,0.020160649,0.0776096,0.0067663435,0.043093108,0.06123585,0.0006700854,0.3326316,0.34682,0.010471842,0.010791529,0.1314834,0.06827431,0.01545951
2193,0.16666467,0.03683992,0.011731253,0.013196902,0.3901151,0.685979,0.0022087987,0.49545318,0.012132142,0.13400517,0.08828875,0.011497868,0.14650716,0.019828716,0.028778728,0.11469175,0.00048746596,0.14879651,0.008269415,0.0064556403,0.029724494,0.609272,0.003087252,0.012300485
2196,0.03610127,0.10446262,0.007436928,0.07688315,0.2039803,0.016054286,0.2754051,0.5558841,0.018341156,0.00612239,0.0013496977,0.02275096,0.018362418,0.5315947,0.020137014,0.017032348,0.00084327447,0.1260903,0.04555733,0.0065938933,0.05108134,0.03635055,0.02587368,0.010598998
2198,0.58826715,0.022022454,0.0016484562,0.019351391,0.16887107,0.87645954,0.0036269566,0.46666813,0.003036133,0.015161291,0.07399983,0.012238196,0.07517604,0.003438063,0.0032751565,0.43020505,0.00077140314,0.08366388,0.021548785,0.0027822554,0.0080755055,0.9257274,0.031302374,0.011709077
2200,0.040766012,0.04900981,0.010388383,0.08510745,0.27052316,0.0798912,0.050611895,0.6594665,0.017700572,0.026876213,0.0033376636,0.0445349,0.055678952,0.008391707,0.0076717716,0.08696867,0.000982356,0.036349963,0.15028912,0.011937121,0.00983668,0.28975576,0.009459129,0.05233847
2203,0.07224278,0.0032005613,0.0030357735,0.01029908,0.7439016,0.111747876,0.011473085,0.7272731,0.008064166,0.004447303,0.00750847,0.006846309,0.017190963,0.028535254,0.0062610554,0.016122226,0.0005250611,0.6271803,0.017350899,0.0028956737,0.21751502,0.12675948,0.006128294,0.00057314336
2204,0.1757478,0.033339515,0.0015232757,0.021123137,0.54277015,0.45001754,0.020337565,0.6332452,0.014825067,0.020346006,0.012402997,0.0021321217,0.026309654,0.0410946,0.01819931,0.05044142,0.00058070355,0.28301623,0.020889746,0.00096705597,0.07103508,0.1727022,0.0011573331,0.033514544
2205,0.04158525,0.06267619,0.00813279,0.02327956,0.52029985,0.049527686,0.011070771,0.56388277,0.12030042,0.0936054,0.009703976,0.030454332,0.010962999,0.010245816,0.0061869095,0.04813712,0.0007701882,0.1838306,0.00883472,0.0026222065,0.014517736,0.08929456,0.006196058,0.00858948
2207,0.10092811,0.07235214,0.0059297,0.030419374,0.14328133,0.04672292,0.005890946,0.4524675,0.011849586,0.111282095,0.02795453,0.0077564246,0.5054774,0.009911662,0.0066375993,0.37482047,0.0006794786,0.23310858,0.70628244,0.0021412536,0.0024763048,0.43654492,0.0071446327,0.0013030978
2219,0.10208919,0.24596284,0.20533516,0.016771622,0.7132812,0.010189338,0.0033838188,0.22294664,0.28587416,0.4705423,0.0025374384,0.055559635,0.034759134,0.030174498,0.30143097,0.017521668,0.0007361535,0.74194795,0.0497739,0.0057017696,0.0073668403,0.024957985,0.00856362,0.0045503583
2222,0.07455123,0.16564296,0.21124019,0.029543461,0.7811151,0.035594836,0.032168787,0.32532197,0.42835826,0.112083584,0.003073115,0.021495782,0.015641887,0.091991685,0.16580468,0.0054975976,0.00089286774,0.21582983,0.015465245,0.04157893,0.016406957,0.026347706,0.041740395,0.019711101
2224,0.29158336,0.3620497,0.030352488,0.011322318,0.25566524,0.18754216,0.0059658657,0.30836886,0.07195561,0.033872556,0.01696634,0.029724346,0.061195474,0.008384361,0.032594014,0.023455612,0.0007192862,0.065778784,0.103527635,0.022717921,0.008395688,0.3181402,0.017274076,0.28210407
2235,0.0727019,0.016584605,0.0035341477,0.0038511977,0.15448813,0.050330203,0.0127260685,0.27320158,0.0059914407,0.18229057,0.017239416,0.005919228,0.95480615,0.006848586,0.004820709,0.4340777,0.0006697273,0.038259894,0.22717151,0.0071194735,0.0015933486,0.70137984,0.00401448,0.0007038822
2242,0.047965974,0.035695914,0.012626304,0.044252846,0.6130896,0.029658932,0.06042676,0.27583748,0.014870997,0.012169815,0.005164648,0.007726039,0.01631794,0.731984,0.11968488,0.0098344935,0.000661787,0.23753582,0.01419174,0.01253333,0.018874424,0.04252455,0.0070770513,0.04640318
2243,0.60362184,0.07041106,0.005786388,0.028727073,0.20946647,0.29156187,0.10530246,0.43705,0.0044863336,0.0025264493,0.019587483,0.08210314,0.02222608,0.006728723,0.002956955,0.043420814,0.0011848351,0.04271678,0.13547605,0.0129353935,0.036036838,0.5914116,0.043878462,0.015929323
2247,0.056892063,0.012854154,0.005666154,0.026274178,0.71639377,0.27589083,0.0394982,0.7617321,0.029220477,0.0045081573,0.008099593,0.0060550505,0.00385588,0.043250024,0.010759487,0.0063730422,0.00061589875,0.33573666,0.017056353,0.0041771275,0.35276222,0.058437612,0.009879454,0.01684114
2255,0.40729144,0.024389677,0.0072589903,0.07370736,0.1602584,0.6173027,0.04278644,0.62064725,0.0018725717,0.02072002,0.03999958,0.03205668,0.027546572,0.06934852,0.046619065,0.057254106,0.0006926453,0.26768,0.019612279,0.009571651,0.010093302,0.52166474,0.013116721,0.017622724
2257,0.08663177,0.21583998,0.014366736,0.007653229,0.41045064,0.09150686,0.0021117537,0.28577027,0.10729423,0.21118098,0.09039616,0.005664961,0.19690844,0.006691906,0.02661799,0.6162568,0.0005687133,0.20195909,0.047723055,0.013274925,0.0042042555,0.31509656,0.012629806,0.009027106
2261,0.15378481,0.046208303,0.0053538163,0.029985348,0.4776011,0.0544069,0.2767952,0.14964417,0.023647819,0.008548908,0.005815536,0.054475307,0.027526569,0.016597006,0.011888033,0.05782174,0.0012553923,0.04855025,0.045864668,0.021778917,0.010116411,0.15875198,0.07949706,0.0059937495
2265,0.07312635,0.062003534,0.020668697,0.06997761,0.2062076,0.025597448,0.08326107,0.46359557,0.13899513,0.02948774,0.023617547,0.020432571,0.023024786,0.028737482,0.037266202,0.01710785,0.00073750655,0.08115277,0.019954067,0.02257544,0.56734395,0.07517002,0.021187704,0.0129901
2274,0.57087886,0.2481911,0.013232002,0.0725628,0.09405425,0.20908119,0.08951834,0.5277483,0.015121955,0.039782405,0.010820617,0.039257813,0.05175527,0.024184776,0.018256418,0.036286756,0.00080365926,0.07373005,0.040672723,0.011136418,0.21414933,0.24725422,0.06254005,0.025987122
2277,0.07840986,0.019387739,0.0064397743,0.018431494,0.37473005,0.05863527,0.030308433,0.25909853,0.018374948,0.12938286,0.013257834,0.006726671,0.823275,0.009441287,0.005852274,0.32056037,0.00073401444,0.026306972,0.7097759,0.0019774279,0.003497753,0.4711059,0.0078825895,0.00029874724
2278,0.050051235,0.11457753,0.011990194,0.04293881,0.61632824,0.24948257,0.016683633,0.7737489,0.037682842,0.033614304,0.030358087,0.016089924,0.000727913,0.009921596,0.02935455,0.03219108,0.000727343,0.4523133,0.007434278,0.0068002366,0.06130588,0.06563635,0.010372028,0.008046098
2279,0.011495019,0.010052786,0.04542393,0.106869265,0.18780181,0.010094398,0.8576469,0.20490725,0.09165724,0.006370047,0.0038410148,0.03158762,0.020821918,0.058024414,0.010099579,0.012314959,0.0015843139,0.032859877,0.04303138,0.06805578,0.8084819,0.05312011,0.01277974,0.010003342
2282,0.19507854,0.69691217,0.035321023,0.078444,0.036057796,0.007307245,0.3520266,0.22222161,0.07595716,0.11150997,0.0022595602,0.09941152,0.06881894,0.0077469475,0.007867999,0.0834438,0.0013918477,0.023751657,0.3987047,0.0066664265,0.0079022655,0.2528629,0.00989555,0.03149063
2285,0.4950189,0.11101695,0.012770449,0.03302299,0.2954493,0.33897424,0.037355565,0.43861517,0.045386128,0.014661904,0.013622348,0.10323851,0.008913051,0.006035499,0.012445808,0.028720483,0.0010807877,0.088636465,0.022286508,0.0066679236,0.013516067,0.28739986,0.32663703,0.07330761
2289,0.15385081,0.32624045,0.044245712,0.14591868,0.27648756,0.056638293,0.010495294,0.6528926,0.057590846,0.29226848,0.008384881,0.3453401,0.014458835,0.0051841424,0.015178297,0.036522817,0.00063877064,0.18991119,0.13307552,0.0052688187,0.008671308,0.09038291,0.054967944,0.004674256
2293,0.18072389,0.0955006,0.010070231,0.036825474,0.04837041,0.113544025,0.04399612,0.7305544,0.009683281,0.015862398,0.01611833,0.17092676,0.19152015,0.0045796908,0.0071761818,0.031391796,0.0010207123,0.022542592,0.056992657,0.015868004,0.0022534742,0.37324128,0.3689799,0.015223545
2297,0.014976265,0.013348068,0.009684268,0.019878706,0.6959757,0.13127205,0.0042916383,0.6449251,0.006754666,0.056508284,0.010873226,0.014601811,0.044196483,0.056055292,0.048920956,0.10920006,0.00058837543,0.8628304,0.006107077,0.007385337,0.0019293277,0.11365883,0.009862131,0.004160546
2307,0.039519604,0.075366765,0.08969624,0.04502531,0.29531235,0.020891549,0.14857805,0.4602735,0.0840691,0.15833208,0.004978314,0.037918538,0.060775276,0.04015876,0.030717226,0.028980583,0.001125505,0.154255,0.080233306,0.015523946,0.0075869933,0.0963267,0.016849827,0.004963408
2309,0.05673881,0.07953747,0.010409061,0.14872304,0.15364212,0.19130985,0.01357393,0.748397,0.01168565,0.06260593,0.02270923,0.12267746,0.03182141,0.021924652,0.04192214,0.0806722,0.00054621685,0.48609447,0.00770566,0.0068843807,0.0029359735,0.08904119,0.015222673,0.005861864
2322,0.54671764,0.15126386,0.0050731683,0.02566806,0.05472615,0.53996086,0.018412562,0.64193535,0.010777682,0.0070799375,0.039543007,0.08759238,0.014758474,0.004755394,0.006105763,0.022673575,0.00067978486,0.040027782,0.07093713,0.0058042654,0.039593264,0.46271804,0.14280458,0.06655506
2324,0.019551894,0.020123325,0.002684124,0.0084782895,0.47297603,0.04615744,0.0013211583,0.78950876,0.012008634,0.021132609,0.024598978,0.0064591523,0.027656384,0.0054861126,0.0070233024,0.09148,0.0005277885,0.72360235,0.0063382876,0.0024371,0.01261483,0.10701488,0.01275032,0.0042825355
2326,0.10773093,0.03559848,0.022988467,0.009127742,0.45644927,0.03469539,0.23835412,0.056136966,0.023074426,0.049035423,0.0076900856,0.011706794,0.87666017,0.013545956,0.015142144,0.09595097,0.0011591966,0.0074981647,0.067617066,0.04276222,0.002252055,0.40553457,0.007983685,0.005926994
2327,0.1287604,0.4673014,0.050259147,0.028395498,0.07010838,0.009312103,0.16185412,0.2268796,0.096356556,0.044641726,0.0018311702,0.038974304,0.30849847,0.012551225,0.008257364,0.12708598,0.00092686206,0.049486745,0.38894635,0.028478283,0.005946417,0.370699,0.20421463,0.002268276
2336,0.0139422,0.049425304,0.011720251,0.12225952,0.23898605,0.055531055,0.079516776,0.87016153,0.007881373,0.054494172,0.008548614,0.035232875,0.0096676685,0.03143421,0.014071531,0.011982204,0.000764272,0.41881987,0.0151688205,0.0036237077,0.04023105,0.07224153,0.008607109,0.004500445
2341,0.080589324,0.1255503,0.021401724,0.13419884,0.29214957,0.31847146,0.044455327,0.44165468,0.055224657,0.029058224,0.009299968,0.051638123,0.011222093,0.030883402,0.041915994,0.09857837,0.00080117036,0.40250114,0.0175861,0.0031553633,0.0025320733,0.11140433,0.01909951,0.042315926
2343,0.026012378,0.0060626576,0.004790193,0.16998559,0.38224563,0.29684752,0.026786815,0.86359406,0.0040464574,0.008131444,0.0438577,0.02699463,0.0016814716,0.041658357,0.018077828,0.10613394,0.0006983165,0.6963069,0.010007465,0.009077575,0.0082835015,0.11457258,0.02313453,0.0034329465
2349,0.012716977,0.019314015,0.0061066546,0.05691637,0.7937835,0.08523543,0.081514314,0.49922124,0.053053882,0.011465273,0.0065467097,0.014778464,0.014045238,0.028133016,0.013750562,0.006994016,0.0007654666,0.06262754,0.006357104,0.0074067083,0.12177064,0.035392556,0.002385612,0.015056193
2352,0.14200258,0.020574277,0.002497236,0.035470482,0.2773202,0.22496335,0.001061971,0.6531889,0.01153601,0.045605823,0.018218813,0.019033585,0.1854267,0.0062644947,0.0072055473,0.06985812,0.00051560026,0.22867541,0.031085977,0.005733461,0.012604221,0.4026375,0.010107543,0.027020857
2353,0.0031882145,0.010283728,0.010695367,0.6991893,0.16434583,0.010563494,0.31953856,0.76603913,0.015026981,0.030880898,0.0030982473,0.064388126,0.021978639,0.63239396,0.10163245,0.014025884,0.00091589475,0.17569841,0.0072737187,0.0072736153,0.027674884,0.01190514,0.038904246,0.008687628
2355,0.18126795,0.058083598,0.010939866,0.033921614,0.344354,0.4476799,0.0043390905,0.61968166,0.009588206,0.00804189,0.049681492,0.020059895,0.010669309,0.15850352,0.11651853,0.027481783,0.00056335493,0.40440091,0.009285762,0.014243747,0.011820905,0.2414354,0.028310847,0.497605
2356,0.053308368,0.1047278,0.0043790257,0.12384087,0.08503729,0.04409852,0.012157177,0.8297052,0.050831143,0.026193807,0.010761065,0.12687892,0.020451192,0.01589585,0.038758025,0.06319116,0.0007374391,0.34164506,0.008582426,0.0047534783,0.0072741252,0.10284782,0.06591881,0.009526993
2359,0.1711898,0.09248807,0.009941904,0.012841024,0.27278137,0.33637828,0.0025995923,0.6733512,0.07219099,0.020776596,0.019418422,0.004969877,0.13014217,0.012269484,0.010775297,0.012857482,0.0006181234,0.05913822,0.023062434,0.009077099,0.0023627495,0.22606301,0.005886555,0.08086447
2361,0.009022982,0.02648324,0.00313403,0.021625238,0.51765513,0.13011695,0.0010075129,0.7835414,0.053269822,0.04066283,0.021854497,0.013302409,0.09072317,0.0060685677,0.020726126,0.18312131,0.00049815915,0.52491325,0.026425844,0.0015256397,0.0013009339,0.18386734,0.014777199,0.009279737
2365,0.02298721,0.038785018,0.014218629,0.033774547,0.8105653,0.0615773,0.01674735,0.7282869,0.08371154,0.038375635,0.0128820585,0.013308018,0.0060498673,0.016557734,0.0135101555,0.019302083,0.00073335966,0.32737258,0.059760954,0.0033311935,0.007368238,0.044827566,0.006149605,0.002164148
2368,0.40416607,0.21876553,0.0073709944,0.37749386,0.08411651,0.027658489,0.03365553,0.76535124,0.013776563,0.012557296,0.006987336,0.34877616,0.008099942,0.010487998,0.024494968,0.037563555,0.0009393387,0.09249209,0.04154773,0.012721109,0.0396609,0.14137906,0.70921427,0.04170118
2371,0.042556226,0.058253784,0.011677635,0.05183771,0.02382743,0.0355281,0.041436914,0.36108077,0.020395374,0.18383366,0.0050569456,0.03276472,0.8542402,0.024899613,0.016651371,0.33994308,0.00076468545,0.037497852,0.042721543,0.0070443503,0.0030030264,0.31395504,0.011236219,0.04456366
2376,0.14168756,0.010358688,0.002162963,0.009691876,0.098298326,0.55421937,0.009015967,0.34582514,0.007061876,0.026351186,0.019175945,0.0047307597,0.7954159,0.0055181454,0.0019146723,0.5665346,0.0006839526,0.028135806,0.045950025,0.0032500913,0.0012934757,0.87666494,0.0016543696,0.010819255
2382,0.057272907,0.033214588,0.0030020673,0.046437915,0.58746797,0.089566424,0.005890862,0.6695881,0.011207478,0.006825713,0.023262907,0.030945536,0.031793714,0.01728278,0.032075625,0.011808412,0.00051588146,0.16776533,0.005336114,0.005859566,0.18833153,0.06308766,0.056528527,0.14356874
2383,0.01047463,0.017388655,0.004969681,0.019064276,0.45991397,0.035684086,0.012863978,0.8868236,0.011938562,0.012148458,0.025043163,0.01257732,0.010997227,0.044188377,0.043261647,0.010204536,0.0005450639,0.7824089,0.0033074892,0.0047888365,0.006408626,0.041588984,0.015606047,0.021643
2384,0.10610304,0.46553838,0.07117476,0.04874751,0.69230413,0.035500944,0.050831683,0.327601,0.09417341,0.07165106,0.0018519008,0.012583775,0.015588425,0.036592025,0.0830766,0.016309476,0.00089689577,0.34143224,0.09250256,0.01050852,0.009534727,0.01662794,0.014396652,0.008059913
2385,0.7067791,0.06031951,0.004589154,0.014916982,0.16749546,0.63263017,0.0055621834,0.25617087,0.0077281003,0.016871864,0.08932541,0.028227761,0.13867643,0.005204816,0.011728153,0.09901943,0.0005637492,0.06276041,0.116299555,0.013218654,0.002365406,0.727452,0.05976812,0.062625706
2393,0.016111579,0.019029966,0.05965271,0.00551206,0.90637076,0.11249675,0.009599269,0.13765615,0.23912123,0.055607233,0.0076028327,0.0022464348,0.27660254,0.008927216,0.0325561,0.07706628,0.00068332884,0.042589687,0.017515548,0.030037865,0.00071596284,0.16113494,0.0055525857,0.0025163742
2394,0.03592166,0.01845919,0.012069195,0.0019936536,0.8011722,0.1684886,0.0040883007,0.5496862,0.013958269,0.03630903,0.015969122,0.0012383909,0.09005368,0.07516135,0.029743975,0.06303537,0.0005802482,0.50777346,0.013722887,0.0030588184,0.0049196947,0.21497418,0.0033816644,0.0029677995
2396,0.53452843,0.34584147,0.04492663,0.029513648,0.3393849,0.10845193,0.010776711,0.29375014,0.18664744,0.087593995,0.015822371,0.0064044613,0.04677561,0.014535757,0.008931402,0.048700336,0.0006959315,0.09461623,0.38733026,0.009708288,0.23275419,0.19320327,0.0030729559,0.008998822
2403,0.46851456,0.8382659,0.13400453,0.050069615,0.058349404,0.0021087162,0.26335892,0.35383356,0.16214265,0.14129156,0.00052962155,0.16228627,0.007130183,0.035803825,0.012220197,0.0022516288,0.0015644194,0.07277422,0.53690976,0.010662793,0.07403673,0.037929922,0.25613198,0.043615524
2408,0.04100361,0.057057288,0.004291249,0.05646757,0.43729895,0.055636358,0.0015542582,0.64772916,0.06453175,0.046726733,0.04754116,0.01842273,0.010950024,0.0033467917,0.018693345,0.09845575,0.00060446735,0.35204074,0.011736622,0.00912068,0.018076884,0.12542053,0.050427232,0.018946901
2409,0.03923626,0.31062302,0.0057566566,0.083178215,0.094859794,0.029220512,0.06822203,0.71011674,0.027005155,0.019748442,0.0027750228,0.1258638,0.02907845,0.020397242,0.021297075,0.014551667,0.00094428926,0.2644134,0.0071131093,0.0075622997,0.0074219555,0.03376631,0.07144956,0.080692746
2416,0.11824355,0.010071029,0.0017450441,0.04151807,0.2378192,0.7257915,0.0069270884,0.9273929,0.0011838153,0.0077580875,0.04546277,0.009166044,0.01520158,0.0027134495,0.0036252043,0.019659432,0.00060278916,0.109001204,0.007098643,0.0036208562,0.004138291,0.34378937,0.0053751804,0.021061346
2419,0.004292172,0.024755104,0.04160198,0.01083101,0.9115681,0.022438379,0.0018765704,0.469838,0.16946849,0.059723243,0.02058763,0.0030741654,0.019670753,0.03129512,0.1865849,0.03453238,0.00057527865,0.80875754,0.007190894,0.0150641715,0.020788217,0.032042813,0.0068129017,0.0022283283
2421,0.17984395,0.06759395,0.017156547,0.011781495,0.16135317,0.03867743,0.0962532,0.17506129,0.021766748,0.071653344,0.006925872,0.026088439,0.60230994,0.0058975285,0.0035221563,0.13036284,0.001094007,0.029354645,0.19449967,0.02049393,0.020307636,0.47798163,0.0037185028,0.0050759222
2426,0.60750896,0.9082791,0.10296244,0.015623923,0.1009256,0.030105298,0.025048602,0.15394019,0.18451744,0.7589395,0.0024178238,0.10497138,0.026977066,0.005409016,0.024520077,0.042448655,0.000899794,0.033528488,0.09585249,0.007073688,0.02623489,0.16685115,0.046779193,0.046614934
2427,0.03631679,0.052377533,0.013704075,0.019750666,0.50393313,0.08547584,0.007437213,0.73110676,0.05505663,0.040610813,0.0055964673,0.004180163,0.06486404,0.007430328,0.007665345,0.03357512,0.0006761547,0.33320594,0.013545802,0.0046963836,0.007945023,0.12923647,0.008868337,0.0069422727
2428,0.27864158,0.14902227,0.019826654,0.013980687,0.26641127,0.12511773,0.023882348,0.17355023,0.09357134,0.24683219,0.005996861,0.007543792,0.5321205,0.010951155,0.0077710077,0.06286792,0.00069531397,0.02857045,0.017836815,0.021587467,0.025863497,0.33584955,0.008943127,0.010088205
2430,0.8750221,0.9246812,0.23374602,0.013991747,0.31918687,0.0267706,0.006506473,0.05112098,0.5874859,0.56852883,0.005169727,0.042774208,0.1236292,0.022464043,0.04141212,0.014711456,0.0007887723,0.07157085,0.4238516,0.011948926,0.024512818,0.13328809,0.018941026,0.03100176
2433,0.06567899,0.031179316,0.014945864,0.017328085,0.8183131,0.39192623,0.0135530615,0.35396314,0.05760199,0.011308843,0.023513908,0.0051180394,0.021628542,0.0054410216,0.010332047,0.016718408,0.0007143683,0.0822032,0.017853653,0.043138366,0.003559883,0.16168411,0.0020711864,0.011205513
2437,0.3976842,0.020720514,0.0041226842,0.01669216,0.65986246,0.68415487,0.0016017419,0.3660345,0.008004744,0.037203416,0.06888094,0.008114747,0.15697666,0.005381073,0.005499345,0.18468787,0.0006323122,0.050328173,0.16099313,0.0053987363,0.0065439874,0.73935544,0.0040448816,0.006507423
2443,0.48267367,0.41017833,0.06575583,0.009679418,0.13328792,0.02473748,0.0054508643,0.26198575,0.12678322,0.6492247,0.0051171994,0.018084915,0.37112612,0.03683451,0.12903607,0.13534458,0.00063871976,0.22403961,0.22077093,0.005760577,0.001771926,0.26757774,0.011260041,0.0044505214
2448,0.018107299,0.062370315,0.016320297,0.025385087,0.75109273,0.03397069,0.0028728163,0.6780113,0.07441602,0.0964229,0.017131962,0.015389312,0.017504489,0.002330261,0.029029774,0.008868648,0.000653538,0.26751468,0.014276565,0.006681344,0.0046870606,0.06612874,0.03895134,0.006953877
2454,0.059653807,0.05652486,0.009770912,0.03936877,0.5746498,0.13365367,0.014736123,0.51545155,0.025684623,0.07916571,0.012739334,0.021441253,0.09008854,0.02583498,0.030282328,0.04285768,0.00058536837,0.1963025,0.007106821,0.0049800673,0.022690644,0.13569704,0.015620096,0.005857647
2460,0.01021789,0.009914086,0.0018189863,0.0072103925,0.7311313,0.024897682,0.0019876454,0.44958192,0.008484666,0.0049294243,0.021937244,0.016904164,0.024667323,0.005632262,0.04062601,0.021924574,0.00057757983,0.7698694,0.008510555,0.00559999,0.00917464,0.08383305,0.025085285,0.01663875
2461,0.018631529,0.041907534,0.016784364,0.17752331,0.4646922,0.03616772,0.28439683,0.4333879,0.060523964,0.023949336,0.003195647,0.06754714,0.0056852438,0.13678414,0.028748162,0.012327662,0.0009929361,0.13810489,0.0067049144,0.0063195606,0.5821216,0.037407074,0.011677436,0.0065662516
2466,0.012172274,0.017670251,0.011116853,0.123465955,0.07327605,0.024232917,0.8428284,0.11202335,0.007441093,0.04314647,0.0022099381,0.111726336,0.6714585,0.027309839,0.004392526,0.22897635,0.0013375927,0.0129402885,0.04713362,0.015475726,0.0024964584,0.25215447,0.021615217,0.0036505752
2469,0.120869495,0.19965248,0.051845748,0.07933258,0.038736384,0.011975748,0.5184414,0.16995452,0.023647413,0.3336659,0.0027391736,0.3084899,0.13859355,0.0091183195,0.00490714,0.056804705,0.001377718,0.041955415,0.37770754,0.013378586,0.007242926,0.06894569,0.046986297,0.005256667
2472,0.029555395,0.17677201,0.26308239,0.054260045,0.6992411,0.030119987,0.032585993,0.20029952,0.6418158,0.4541158,0.00275768,0.025630033,0.048563663,0.07885932,0.2995725,0.022420313,0.0008611439,0.18480758,0.0388678,0.09292611,0.002376857,0.037371207,0.003739708,0.002660132
2475,0.04447202,0.03141529,0.008432452,0.039671216,0.20471098,0.3268131,0.028038394,0.8101984,0.009172768,0.009887886,0.028198214,0.024698924,0.054454263,0.022837827,0.00747925,0.09258521,0.0006007365,0.06926143,0.022787813,0.0072809462,0.0050345915,0.3223482,0.059223127,0.0052204523
2479,0.060305197,0.15962544,0.026733479,0.009518717,0.36021712,0.032080505,0.0070687667,0.5798451,0.20389168,0.076939076,0.0035121622,0.00680233,0.1718249,0.013888012,0.0058870097,0.05248784,0.00066175737,0.14434639,0.21372877,0.011013836,0.031438317,0.09417583,0.033851083,0.0035680262
2482,0.054401744,0.05419572,0.012501626,0.045178264,0.5001486,0.019705126,0.28443587,0.15369119,0.022905074,0.019019468,0.0022665295,0.010392374,0.023413919,0.5240687,0.034602545,0.029403148,0.0011572461,0.039226446,0.06084681,0.013660811,0.0254709,0.05854253,0.017964644,0.009221604
2489,0.0031254042,0.01015244,0.006382195,0.21957801,0.5549721,0.02817474,0.01622346,0.7946667,0.021857353,0.040393844,0.016845942,0.01772302,0.02723172,0.015238986,0.038779758,0.035323966,0.0006238076,0.63996375,0.011806715,0.00503902,0.0048419046,0.023750778,0.032044042,0.011899358
2490,0.046777777,0.028554704,0.01699505,0.023464208,0.9024892,0.050753724,0.02413771,0.129989,0.12795375,0.033507496,0.0095647555,0.003284447,0.024266686,0.005660611,0.0053886296,0.024222016,0.0008743623,0.064498454,0.25429854,0.011046835,0.019237956,0.06007287,0.002234875,0.010594149
2491,0.07729022,0.13638112,0.041516032,0.086538255,0.2644107,0.14406936,0.044502262,0.8342031,0.029753046,0.034940135,0.014132408,0.05631248,0.0035913463,0.010296253,0.008165496,0.021076526,0.000894227,0.12116538,0.021448689,0.046563596,0.00425909,0.16812308,0.037744258,0.030454408
2493,0.9257849,0.6301577,0.010139357,0.0025104769,0.28705528,0.09331887,0.0034713272,0.24166328,0.06696429,0.16864914,0.0038997207,0.0085718585,0.05805674,0.0039221975,0.002964218,0.058167335,0.0009052533,0.041642036,0.7832272,0.0022312773,0.013963758,0.66474104,0.040190283,0.008148683
2494,0.44412225,0.020650163,0.008791524,0.101927295,0.38361222,0.8112685,0.056173656,0.2949443,0.0073151044,0.011518362,0.04875376,0.04152081,0.04163587,0.012732571,0.008535279,0.04922941,0.00078802515,0.024695575,0.030252459,0.030444117,0.006658878,0.4075393,0.040109422,0.021905998
2496,0.008104176,0.03901905,0.013512939,0.060035612,0.26613176,0.010127481,0.09576541,0.8714513,0.068002015,0.16179968,0.0010942469,0.023043843,0.026220134,0.023666857,0.011502102,0.012582965,0.00088012224,0.12091678,0.023889642,0.00580215,0.01499517,0.031548385,0.009775869,0.0067789624
2497,0.031172268,0.017155936,0.0075564943,0.025152095,0.34308198,0.110131525,0.0018520913,0.8858627,0.022520429,0.016239708,0.026667392,0.007932033,0.022467367,0.006717158,0.0118829645,0.06706145,0.00048720487,0.6115197,0.026106983,0.0061994474,0.0067056986,0.20137084,0.004470423,0.011593897
2502,0.19041717,0.7171485,0.40292212,0.005392186,0.2465461,0.003211709,0.005088793,0.07107033,0.70279825,0.9398783,0.004640542,0.005526989,0.71342707,0.0053452076,0.041648317,0.15569897,0.00073895406,0.055024337,0.49095017,0.017822167,0.0050094575,0.16589311,0.004738195,0.0071598697
2504,0.0140004,0.0072725313,0.0021884972,0.012191284,0.56294304,0.03842497,0.009138392,0.82040066,0.0029337464,0.016886098,0.0090908,0.015165059,0.008298518,0.011753769,0.0033333313,0.031094417,0.0006983565,0.7872079,0.008348247,0.0045537204,0.0025130361,0.08439627,0.010004518,0.0046796696
2511,0.39824253,0.056867596,0.008878721,0.032714453,0.36575595,0.7212309,0.011723897,0.42765388,0.035920784,0.008706095,0.046781965,0.010584022,0.010260212,0.006144061,0.00472485,0.13799243,0.00070087373,0.09236781,0.041973587,0.00467273,0.018389214,0.57642007,0.008697104,0.031372864
2512,0.033147298,0.071200915,0.10787453,0.020574512,0.47932103,0.05279746,0.034177523,0.09476041,0.23907952,0.26790705,0.0024672751,0.00784628,0.7884799,0.031459995,0.024449412,0.032539375,0.0007720558,0.019536288,0.03760981,0.030683666,0.004083124,0.10435989,0.008531431,0.010495343
2520,0.08899297,0.14385211,0.00586793,0.03041879,0.25268725,0.32971558,0.22407672,0.14353228,0.0226978,0.012817721,0.010889726,0.040895678,0.23095375,0.0017139479,0.004406219,0.24537575,0.0013376724,0.0045558196,0.292448,0.008667009,0.00088791235,0.5196636,0.010882122,0.011215381
2524,0.15132965,0.33603373,0.018339138,0.033178654,0.18683007,0.0486083,0.016116729,0.6860961,0.05474058,0.018468004,0.0062710852,0.052962422,0.0021502995,0.004725031,0.015872227,0.017154304,0.00095500285,0.21761908,0.015420482,0.009177702,0.01812292,0.10277287,0.2933475,0.07540735
2529,0.09325921,0.06827251,0.041123528,0.052924037,0.3229282,0.15861562,0.007424942,0.42107487,0.06994802,0.25630403,0.010061755,0.05299285,0.16152814,0.005547554,0.017310588,0.0803995,0.0006869157,0.092420034,0.34943306,0.007610813,0.0035640988,0.186799,0.010241407,0.0023250487
2530,0.05373611,0.19834065,0.06909405,0.009977073,0.4458242,0.11480929,0.0023389705,0.2313541,0.5550622,0.24519032,0.010748368,0.021231452,0.122821264,0.0023193506,0.018991401,0.1594529,0.0007052836,0.04687914,0.16171013,0.033993725,0.0032167595,0.36423522,0.0017005346,0.0042910003
2538,0.2414388,0.09659249,0.017831594,0.026319776,0.37205184,0.5631294,0.037976768,0.3999364,0.0920345,0.043427855,0.018056592,0.03372866,0.018047737,0.012230049,0.007762578,0.02722096,0.0011098048,0.02319732,0.012760311,0.0060417177,0.0051030177,0.25863189,0.0061149546,0.058271613
2539,0.0062697423,0.015154799,0.017177256,0.012550179,0.22735484,0.02971655,0.026178664,0.17502107,0.0650324,0.20710857,0.008938791,0.0062255184,0.94074243,0.008748986,0.008939696,0.43974468,0.0007020904,0.044335406,0.04893677,0.024656942,0.0006302047,0.3155757,0.0039160214,0.0038194784
2541,0.12640356,0.020723369,0.011132742,0.005518718,0.14445022,0.060933806,0.019100562,0.16307382,0.023906916,0.33308798,0.008215737,0.00800786,0.97338593,0.018431176,0.0045561832,0.2690608,0.00069529406,0.01018727,0.09896853,0.010583154,0.00079856213,0.5242462,0.013113598,0.0012420914
2547,0.05047669,0.018575246,0.0042348076,0.031001914,0.69259745,0.3030377,0.003175877,0.7839619,0.011218803,0.04896634,0.05792449,0.010124235,0.036267377,0.010384507,0.02483295,0.03004533,0.00055129797,0.23313405,0.034712225,0.004298163,0.03655634,0.18647556,0.010177226,0.047331642
2551,0.06361511,0.3649587,0.4795278,0.0061442684,0.65996855,0.017413277,0.015463734,0.13276857,0.67952955,0.18583906,0.0018044903,0.004938105,0.062182017,0.022529941,0.038031325,0.018251456,0.00095412834,0.086435504,0.11402883,0.05703697,0.013137329,0.09632599,0.004194688,0.005672207
2555,0.19568832,0.018152082,0.0058160736,0.010875831,0.49614668,0.5132948,0.0059080995,0.77966094,0.013385435,0.017030902,0.024382751,0.0034286215,0.04245546,0.020137902,0.003945883,0.041119598,0.0005100666,0.14353108,0.02993809,0.003704746,0.013303242,0.35769796,0.0053835157,0.0036369178
2557,0.025307978,0.08430595,0.012377289,0.006825335,0.6824756,0.02685549,0.00297646,0.6636727,0.046095423,0.09358432,0.016648997,0.0063136527,0.04152048,0.013064696,0.06757141,0.077154785,0.00067766843,0.7132245,0.032377172,0.0039397236,0.002814356,0.10540574,0.012654531,0.00086667185
2558,0.22224644,0.31167728,0.010618677,0.023553476,0.04395311,0.059589814,0.016325206,0.3817757,0.03640131,0.017818429,0.0043921634,0.07745548,0.24046643,0.014734061,0.015398438,0.04448862,0.0009489974,0.07363246,0.03271022,0.0077985357,0.007260612,0.23910193,0.07891419,0.33539495
2560,0.047504626,0.013471551,0.0030701505,0.011921705,0.35173777,0.4704378,0.00133701,0.6814031,0.005384325,0.027149811,0.08298232,0.005139855,0.20096672,0.013264454,0.015439173,0.11552905,0.0005405639,0.27598503,0.010557834,0.0050410903,0.0033186087,0.5844401,0.0051364913,0.0079052495
2563,0.0155826025,0.04548195,0.00544422,0.03064842,0.29227635,0.043791596,0.0031526394,0.46678218,0.032402795,0.2205469,0.05452457,0.007568046,0.23891884,0.005855296,0.015419738,0.6294433,0.00059986475,0.35999662,0.10284971,0.0049673896,0.004115294,0.39296073,0.0046793525,0.0011185026
2566,0.019189859,0.030100156,0.036062337,0.2460687,0.62662065,0.04514193,0.028304067,0.4779919,0.12395028,0.051361166,0.00902398,0.014744094,0.0036680365,0.11457709,0.052779075,0.044792313,0.00096574996,0.16812202,0.04144848,0.006858592,0.01146115,0.08746877,0.0049473923,0.02007722
2567,0.2784262,0.021471867,0.0038214112,0.034730036,0.1886444,0.7068487,0.014400787,0.4926355,0.0024907023,0.0065927966,0.051736835,0.0074980655,0.08289776,0.06487345,0.016105186,0.21488473,0.000529315,0.2392364,0.018097378,0.0012862643,0.0067693633,0.5982691,0.0022589637,0.0032209025
2568,0.18159325,0.011123874,0.0024962765,0.057340983,0.157252,0.60983866,0.0179395,0.77897114,0.012849308,0.008599093,0.018559588,0.027048495,0.013388477,0.0069509535,0.0038581335,0.064469054,0.00086118,0.020704836,0.008294437,0.005675995,0.0080661485,0.5430571,0.0051425863,0.03606219
2573,0.0998193,0.03890273,0.0029450438,0.03137718,0.14400662,0.8398404,0.0070938254,0.67592454,0.013509532,0.0025191156,0.08061648,0.033687524,0.008394878,0.0026617276,0.0057615847,0.17313907,0.0006917057,0.118860655,0.023018535,0.005493152,0.0045026867,0.71658087,0.009396043,0.038578395
2587,0.0065382677,0.007652078,0.005903338,0.03067802,0.70054364,0.03641493,0.04485903,0.46580678,0.013550722,0.06884577,0.026245842,0.005592035,0.07491634,0.013285504,0.026362354,0.05372852,0.00070207973,0.3275538,0.017784828,0.005432526,0.0012483067,0.03245114,0.0031564017,0.0024831435
2590,0.026318694,0.019408446,0.008829902,0.092280224,0.6927727,0.056853354,0.03439405,0.56991863,0.04447328,0.05411168,0.003904699,0.0059741167,0.018768473,0.25093067,0.12299489,0.010060909,0.00072350004,0.48354375,0.011971031,0.003024135,0.071189165,0.020262333,0.0028991534,0.0116429925
2591,0.010213811,0.021930685,0.008928131,0.19989671,0.42408326,0.056894496,0.5154451,0.2991329,0.0035676043,0.049494755,0.007526379,0.0758691,0.057551835,0.12207278,0.035171267,0.05460106,0.0012274986,0.079229474,0.01710547,0.014925364,0.0034591998,0.0914883,0.014694981,0.01093249
2593,0.04507044,0.014771668,0.003755212,0.056391936,0.2705598,0.112001434,0.025079148,0.46199512,0.011665347,0.047399264,0.024011455,0.0127584,0.08968252,0.060386136,0.01215382,0.22726186,0.00087793573,0.19050233,0.076087125,0.005791383,0.0052576694,0.30514517,0.027574861,0.0024003088
2597,0.56272906,0.17398301,0.010419459,0.042212892,0.22896287,0.10336568,0.009881632,0.4645497,0.034510456,0.014094014,0.005043406,0.0793114,0.0050210287,0.0057314257,0.013256362,0.011603054,0.00096922775,0.114374295,0.14593022,0.017079152,0.018066254,0.31363636,0.56166583,0.007635949
2599,0.3706746,0.13255873,0.0055140727,0.031047381,0.053630065,0.15686855,0.006365371,0.69535524,0.0181379,0.02265916,0.06289913,0.019005418,0.092108436,0.0036989124,0.01167332,0.39189208,0.00067835173,0.12257988,0.09748115,0.0049441066,0.0042138807,0.69800395,0.33722916,0.009784209
2604,0.2156874,0.044667713,0.0046370104,0.018462487,0.17363602,0.64132243,0.010325297,0.22399268,0.010756173,0.02535538,0.01713796,0.013333325,0.6280188,0.0126212,0.005830791,0.18247223,0.00065030315,0.023877563,0.12245365,0.003114289,0.0035566504,0.525878,0.010497567,0.025601862
2606,0.045314837,0.10211531,0.010621363,0.00986183,0.18593639,0.11815367,0.004614123,0.56333786,0.06700699,0.06315522,0.010324068,0.014536167,0.2603353,0.0063821734,0.008787129,0.06723696,0.00072943623,0.029879753,0.031141052,0.008215892,0.0015821145,0.32910284,0.009297904,0.04705523
2610,0.020857263,0.019811902,0.0033149377,0.018753141,0.70002836,0.10481497,0.009279027,0.62708086,0.004284258,0.016091343,0.017336214,0.012615574,0.054019667,0.026812322,0.006677706,0.03317581,0.0006437773,0.469057,0.018098602,0.0023943628,0.0035038465,0.11805963,0.01179497,0.0023066523
2612,0.025378224,0.057875536,0.010529131,0.04027548,0.39354756,0.042937823,0.0038922133,0.70980906,0.026647124,0.02998304,0.012935411,0.020668654,0.05172571,0.0181078,0.025168724,0.025480116,0.00063341815,0.50877106,0.016957283,0.004108347,0.0006131136,0.09204639,0.048609324,0.0063413247
2624,0.26621836,0.13659726,0.008376298,0.09132809,0.12905335,0.22211434,0.0066410243,0.84884846,0.0037290498,0.011503387,0.032670524,0.05640615,0.013375181,0.02748939,0.026297001,0.025366018,0.0005795722,0.41933176,0.006226265,0.0073450548,0.015039126,0.42061034,0.030384256,0.050424755
2632,0.34804326,0.1882872,0.009612834,0.039134894,0.053486794,0.08148313,0.01326139,0.4701131,0.027345095,0.026452582,0.016823873,0.026381593,0.07281466,0.013403148,0.011803433,0.21498942,0.0007038872,0.09932397,0.099623665,0.0051650107,0.0108241495,0.6139352,0.015840944,0.0024748188
2634,0.22314975,0.00992781,0.0026483347,0.026327066,0.07178706,0.55723804,0.032255284,0.80989724,0.0028844555,0.0051989947,0.040421125,0.022582533,0.07014367,0.009574282,0.0022197636,0.08598507,0.00068988994,0.035844564,0.01378016,0.003094225,0.0087352125,0.67076606,0.048150975,0.004744585
2635,0.5572567,0.3743536,0.046426956,0.0395574,0.2660985,0.010199191,0.03128776,0.19186094,0.09840667,0.06827343,0.0021604442,0.075924374,0.12604739,0.008312602,0.006809463,0.018119168,0.0009571074,0.024897298,0.7304841,0.021399189,0.011921535,0.38964593,0.032623317,0.003572695
2643,0.6278277,0.71496105,0.21219994,0.059096586,0.37787655,0.08315084,0.03823985,0.21654361,0.2683775,0.3183216,0.004099505,0.026453124,0.093047604,0.04317618,0.09272562,0.030330574,0.00078069844,0.12828456,0.35725972,0.009187441,0.019611344,0.0863411,0.009755137,0.033786524
2645,0.013648911,0.016836576,0.004324534,0.010595503,0.52573764,0.03556326,0.0029977218,0.7226917,0.032134168,0.042422723,0.015194185,0.00574648,0.029173935,0.016331516,0.0053315507,0.09877845,0.00057572377,0.36051038,0.043346692,0.0024432996,0.022522796,0.17916197,0.009422531,0.0045947274
2649,0.06399419,0.01351917,0.0044555254,0.009374697,0.5393933,0.08701671,0.0052886913,0.738864,0.00798163,0.017203914,0.0115880845,0.004759702,0.0117066335,0.025634049,0.026861595,0.019613715,0.00066987536,0.76890516,0.0055327713,0.0023420625,0.0109113185,0.21865281,0.0056289784,0.0051938333
2655,0.22874185,0.147812,0.052675914,0.027014237,0.43199983,0.0249873,0.04987336,0.06686101,0.0613812,0.39211497,0.003597347,0.05009315,0.7176236,0.006015103,0.0099633625,0.027525777,0.0010536275,0.063395314,0.0724764,0.034788232,0.014314857,0.16120891,0.0263463,0.033675767
2657,0.07409558,0.012664062,0.0014745313,0.013738404,0.19400428,0.5670412,0.0030708045,0.7453235,0.0046081305,0.027363867,0.046882346,0.003274724,0.2980261,0.011079619,0.005073483,0.3904904,0.00055846316,0.16881701,0.023615645,0.0025048247,0.009508002,0.5454723,0.002408246,0.012764324
2658,0.09944341,0.73973036,0.032494806,0.021270975,0.2745897,0.05535664,0.029111154,0.41142493,0.13015172,0.053710278,0.006680765,0.014819899,0.10364102,0.0069887517,0.020745419,0.11014433,0.00081956736,0.26176038,0.06584255,0.0076379436,0.0024574765,0.17728594,0.02017369,0.053393014
2659,0.021259429,0.015183714,0.006053877,0.013795961,0.7682046,0.07388079,0.0051893583,0.78870606,0.019177271,0.026929356,0.008792443,0.0036229005,0.003939123,0.03254318,0.02173085,0.018278934,0.0007104743,0.9098449,0.0034536875,0.0016136649,0.0119056385,0.09685548,0.007649768,0.0025743577
2660,0.064466506,0.05634045,0.008471723,0.02361963,0.48094854,0.4493118,0.0077383756,0.43632916,0.028904738,0.0560337,0.041476402,0.0076781088,0.039520495,0.042669255,0.044056226,0.30069354,0.0006458696,0.37031746,0.00798756,0.01482109,0.0074566156,0.39747885,0.0033096436,0.0041919323
2661,0.12459964,0.046276882,0.0047177514,0.017792169,0.52843547,0.156338,0.0049885805,0.35179356,0.047151852,0.014756693,0.019265173,0.0095394375,0.015912395,0.002548823,0.009508024,0.069959894,0.0007902383,0.14664249,0.07283066,0.016986497,0.0077636354,0.40179616,0.0032842066,0.008707951
2665,0.2215817,0.13076758,0.008567257,0.013099387,0.23824885,0.14443147,0.0077369036,0.44816178,0.06836628,0.02063939,0.009105378,0.0034988383,0.3354055,0.0076146885,0.009372876,0.041719366,0.00062022335,0.055057984,0.49669746,0.0047067483,0.003491773,0.41744596,0.010426163,0.0050025433
2667,0.49361396,0.13691731,0.013955868,0.021315098,0.31475544,0.3039261,0.0125879245,0.34772977,0.038932916,0.06844124,0.017541463,0.010460919,0.034349293,0.017036516,0.01597116,0.046031065,0.00058630615,0.15843794,0.22364275,0.004195224,0.045616865,0.24475439,0.0048113572,0.005281111
2668,0.5393014,0.23407067,0.0050930823,0.03005451,0.13551718,0.048378326,0.016404632,0.7734434,0.018234838,0.008066241,0.00994518,0.3086261,0.008911004,0.006122001,0.018510226,0.012665319,0.00092268636,0.06662459,0.02969556,0.015725976,0.01601119,0.2152771,0.94283825,0.05574406
2671,0.0675892,0.036343917,0.00159943,0.012352763,0.22003354,0.06665349,0.002031017,0.8281218,0.0039999685,0.028004378,0.027931565,0.009432181,0.093919046,0.02335643,0.0134191485,0.12722187,0.0005338992,0.71611756,0.07878035,0.0020088034,0.004595833,0.38559762,0.01930754,0.0039684703
2672,0.05648636,0.05833555,0.017823052,0.08671662,0.21647802,0.09803854,0.016536193,0.7444564,0.013289196,0.054710586,0.0094442,0.05368795,0.024588699,0.08849608,0.056349907,0.035525702,0.0007765838,0.29603663,0.0035887177,0.03683994,0.002917625,0.08831271,0.041500296,0.450338
2674,0.13011284,0.24094622,0.037183087,0.0089786,0.22606967,0.071824595,0.0080595855,0.47785315,0.090871505,0.090286806,0.014074924,0.013354219,0.2006801,0.016236547,0.023899233,0.046299867,0.0006291194,0.18587837,0.13144529,0.013644618,0.0069695786,0.23413935,0.025943901,0.009064014
2679,0.18143539,0.0097496305,0.0052930955,0.04704766,0.38729542,0.54809266,0.044188518,0.3832124,0.010396867,0.0070969826,0.03935638,0.013543433,0.0475329,0.017512806,0.009172469,0.068269394,0.0007480982,0.05266804,0.031983826,0.019011637,0.023109972,0.3570023,0.005580436,0.018947681
2681,0.15721221,0.7074702,0.121843256,0.007997855,0.34948468,0.020467173,0.011342155,0.16252011,0.15849832,0.120086074,0.005254568,0.006588486,0.49508217,0.00947669,0.025147507,0.051424302,0.00075197214,0.15003686,0.19235146,0.012448406,0.0041189366,0.16348884,0.021645484,0.028410437
2693,0.01565926,0.008855697,0.010871872,0.3516819,0.11827073,0.15975827,0.14892857,0.73493797,0.015255432,0.053073447,0.015694534,0.26388982,0.023158066,0.19239023,0.04849157,0.07421222,0.00080122915,0.11798708,0.015191823,0.018077744,0.00681734,0.09107837,0.015422879,0.00412437
2695,0.033061016,0.017999176,0.0071051023,0.09505738,0.64642346,0.20938918,0.014781436,0.853571,0.018159874,0.006792482,0.019897152,0.02196008,0.0026411465,0.018766632,0.020765428,0.06595138,0.0007163832,0.22188206,0.011299692,0.0048581506,0.051906493,0.111574665,0.013161231,0.01649273
2702,0.29037943,0.2822368,0.017696783,0.19350764,0.12238011,0.16183847,0.020771677,0.5356499,0.014887883,0.13485038,0.009406221,0.67960066,0.02560414,0.004737311,0.021519013,0.02218999,0.0007335844,0.23195533,0.026123773,0.01649741,0.0025181188,0.14890754,0.08591943,0.0059555443
2703,0.17099656,0.046828352,0.012264804,0.02196071,0.55558383,0.8789038,0.0055752704,0.4032542,0.023299431,0.009436067,0.024019368,0.0070823375,0.019788783,0.015579537,0.039896827,0.031693686,0.0005987296,0.21298128,0.0067200605,0.005425497,0.005511916,0.388215,0.003464487,0.008175914
2708,0.007547759,0.014145191,0.00295127,0.016729174,0.87363386,0.13478029,0.003789459,0.782393,0.03186774,0.021530144,0.024281982,0.0063577453,0.0056869476,0.014377673,0.038593944,0.035253473,0.00063451205,0.6519257,0.003419407,0.001735307,0.0030285507,0.060628094,0.0030684217,0.006889204
2711,0.1144359,0.598953,0.03945824,0.08865412,0.1549917,0.015526802,0.017544305,0.42355734,0.15565056,0.124538876,0.0036115183,0.018494463,0.054848727,0.0125601515,0.029262643,0.010228104,0.00079283677,0.1672731,0.07166998,0.016853753,0.014136389,0.026957408,0.018524133,0.062247172
2712,0.06643847,0.031023333,0.006081752,0.19027905,0.3624172,0.05394278,0.08120885,0.8144404,0.016346797,0.008227728,0.012303151,0.020508522,0.0030360145,0.01851822,0.0038573383,0.023029227,0.0008172083,0.21605022,0.004430773,0.006906892,0.69827044,0.06436736,0.028895492,0.011041913
2713,0.60487133,0.013546924,0.0023847509,0.0067674904,0.08983148,0.86551344,0.0023240359,0.64792,0.0029657644,0.0055683716,0.07693193,0.021684477,0.20785622,0.0068100146,0.0052117654,0.17962213,0.0005818709,0.03378227,0.018608134,0.010312539,0.0015494971,0.78863484,0.018196788,0.009292626
2717,0.0075591723,0.009026535,0.01967457,0.079341315,0.82948554,0.027846701,0.006957582,0.34213504,0.034447595,0.22391994,0.013482069,0.015832784,0.04832043,0.020527422,0.055952337,0.08705221,0.0007206725,0.4839922,0.0311192,0.009569951,0.0057777227,0.07438827,0.0052509895,0.0010438011
2719,0.10745083,0.26814613,0.042997286,0.012312407,0.61864144,0.05803802,0.005219856,0.52025044,0.1277723,0.07147349,0.0156792,0.024755392,0.015775245,0.011668601,0.04093067,0.021542747,0.00063711073,0.21833389,0.0058258506,0.0077971113,0.27739182,0.09664797,0.026846532,0.07408158
2720,0.80193335,0.19730148,0.003941968,0.025656035,0.11264751,0.6810858,0.009864079,0.63742083,0.007387231,0.021180648,0.04233715,0.05255499,0.009524924,0.0052432544,0.0032807353,0.083385125,0.0008448839,0.07072893,0.014962145,0.0051279846,0.020581173,0.73283136,0.17225488,0.032116756
2723,0.42486966,0.085156344,0.008366588,0.0094292145,0.21370913,0.92441165,0.0028748028,0.4788683,0.05514966,0.010339203,0.13263486,0.006558863,0.049006503,0.0024302434,0.012029131,0.27350712,0.00066962803,0.046533607,0.021888474,0.0075752013,0.009131676,0.7522794,0.0015552687,0.008169826
2731,0.3285461,0.18280065,0.09521206,0.044754863,0.6047096,0.06704324,0.01219426,0.15563875,0.14898427,0.18440385,0.005547396,0.08838773,0.018629435,0.011437096,0.09386085,0.0087113185,0.00081035844,0.21327715,0.02769117,0.020303637,0.008458947,0.076668054,0.029678581,0.028191162
2733,0.009267374,0.012976791,0.006254822,0.009811068,0.4875098,0.03837458,0.0067152176,0.8686749,0.029351825,0.03926814,0.015452232,0.004397534,0.03162432,0.02173836,0.00965691,0.02311598,0.0005881857,0.4566385,0.008267644,0.008100498,0.003724082,0.09362814,0.012036768,0.0056428127
2734,0.12177108,0.13307293,0.013196548,0.034717076,0.6121702,0.104316,0.02297616,0.45696202,0.05723617,0.039992105,0.0064600212,0.051934097,0.0064254324,0.0027770055,0.007609235,0.24706669,0.001143173,0.10337726,0.0703772,0.0100777205,0.001576462,0.3504716,0.19304897,0.008288866
2736,0.055877768,0.07390897,0.040066686,0.020922849,0.5853004,0.1484917,0.0011462431,0.5153186,0.1119541,0.24044923,0.025189904,0.033909317,0.043279674,0.004618295,0.031312358,0.12713186,0.00057946675,0.2767692,0.14988701,0.021361815,0.002278745,0.19458537,0.036533743,0.002386174
2738,0.46696183,0.72042954,0.020608699,0.03610852,0.053866122,0.0044713593,0.03157167,0.7776629,0.028690914,0.013512736,0.0030833534,0.19772683,0.0042892057,0.0038996171,0.012750265,0.008082479,0.0010170784,0.30665162,0.14622037,0.010991447,0.00732739,0.061145637,0.94974416,0.03483173
2739,0.029879428,0.16974552,0.06790575,0.029037917,0.03268572,0.017271202,0.0863723,0.4304978,0.23582265,0.23200808,0.0033082424,0.03342745,0.6319134,0.0065654744,0.0056208945,0.08134194,0.00073453435,0.017490348,0.32434678,0.0098403925,0.0049124286,0.16746858,0.010862754,0.0010365463
2740,0.15962827,0.6086706,0.03546646,0.02610925,0.16764264,0.029234508,0.0030178118,0.28409356,0.102809146,0.2801879,0.021090975,0.033827692,0.08638053,0.008448638,0.029657299,0.053031642,0.00071491965,0.45418873,0.042452745,0.005695793,0.00566943,0.1496609,0.01444082,0.054512605
2744,0.009817866,0.011587703,0.0061457446,0.04235895,0.14317507,0.0786058,0.0018793377,0.7987235,0.04501918,0.012761506,0.023922745,0.030721853,0.092481345,0.0120000215,0.030796573,0.067950465,0.0005770373,0.5382065,0.017169248,0.0038490873,0.002663755,0.11655004,0.016671794,0.007539231
2745,0.34449568,0.19288757,0.01180429,0.0465695,0.08954839,0.06535335,0.015476183,0.7569616,0.017553324,0.020150479,0.015284953,0.18959299,0.0074977395,0.01010232,0.019799767,0.021341503,0.00090013107,0.108619526,0.01642394,0.015477425,0.06470998,0.20220704,0.7243064,0.06515766
2747,0.14126788,0.22952123,0.022091841,0.008525528,0.22385876,0.020771187,0.0023620224,0.51284176,0.07731852,0.5621945,0.010808044,0.01585637,0.36331317,0.0027750703,0.013622623,0.13942386,0.00062684505,0.10633139,0.25134283,0.005353519,0.0013404366,0.4671484,0.009611699,0.0012040886
2752,0.026876993,0.014096393,0.006584598,0.031918585,0.5905771,0.015273395,0.146951,0.3378291,0.015262274,0.035587594,0.0016665085,0.0063794977,0.10346813,0.69097817,0.054384973,0.012578504,0.0010233466,0.15093589,0.031149378,0.004336366,0.02621549,0.0122577185,0.0047275415,0.0072557777
2757,0.20642328,0.054734066,0.0062439037,0.0045542885,0.5608065,0.4412257,0.0011454768,0.57640505,0.030047107,0.012988186,0.012940521,0.0023216975,0.08429419,0.020647798,0.010212109,0.04223907,0.00047849584,0.09933368,0.045025945,0.0039823777,0.015008283,0.3859849,0.013401036,0.041808445
2767,0.030947575,0.04147337,0.0301379,0.03318322,0.65899014,0.023195278,0.0032979774,0.57421976,0.12995622,0.0113401655,0.022036612,0.015263493,0.0043904437,0.02285752,0.056947686,0.008253417,0.0006136757,0.5330138,0.010895819,0.0227531,0.7236784,0.040239856,0.017156404,0.030969303
2768,0.078010485,0.018089855,0.0029099528,0.058637504,0.32374477,0.7043109,0.01724412,0.7133754,0.02785441,0.0030939542,0.048880253,0.043603543,0.0032653986,0.0066309287,0.009749027,0.036682673,0.0008756191,0.04553911,0.009786556,0.0021667248,0.029292978,0.22762746,0.009998861,0.06723908
2772,0.30462483,0.08052277,0.0042038984,0.0488896,0.13095206,0.17089854,0.0067885104,0.5299148,0.010880019,0.016463874,0.011514449,0.016334243,0.24168026,0.0049016643,0.016498664,0.13682216,0.0006825107,0.10401716,0.029981604,0.013366236,0.0054629548,0.6749285,0.009895214,0.0033623802
2779,0.16524516,0.027590271,0.010305066,0.024966275,0.3626697,0.5109429,0.22022629,0.17777322,0.043913394,0.021182187,0.012468017,0.012224658,0.047986347,0.05091239,0.009208509,0.023118284,0.0009741269,0.05597048,0.034131914,0.018572344,0.006581022,0.18754072,0.0033863536,0.0038323796
2780,0.055082683,0.050055135,0.015663354,0.024208067,0.7523818,0.07229216,0.011037191,0.3516941,0.03168784,0.019255435,0.015150473,0.014012162,0.096486,0.014810044,0.11683022,0.04080402,0.00070694974,0.19372183,0.016693553,0.007118176,0.0036875603,0.17924523,0.0074119647,0.024411866
2782,0.08726871,0.18463843,0.017874679,0.020038253,0.52460885,0.17652445,0.0010142757,0.80509657,0.12866762,0.105326094,0.02776066,0.05375579,0.014001829,0.0106427455,0.07627245,0.05220752,0.0005166171,0.59229845,0.0011215872,0.0074760965,0.0072541707,0.10379608,0.051546592,0.027058227
2785,0.11375609,0.051957235,0.008381876,0.043097485,0.22089149,0.18239047,0.013684805,0.8748994,0.05066753,0.08343271,0.0066559357,0.0057169115,0.03693566,0.024857212,0.005306715,0.07307165,0.0005218551,0.13612832,0.026454749,0.0029897941,0.012289541,0.22658646,0.0022296305,0.008510157
2786,0.041281544,0.06863515,0.08264273,0.4337632,0.13478567,0.009078828,0.38875836,0.85278505,0.042581834,0.38023815,0.0012833897,0.3669072,0.0220954,0.015818242,0.0050957794,0.010979955,0.0010842676,0.037195407,0.029162602,0.015930077,0.02902339,0.02272375,0.02824259,0.012502256
2788,0.065025166,0.014834122,0.005728565,0.018656159,0.56033474,0.7434269,0.0010589532,0.52579904,0.019935085,0.018081535,0.13344753,0.011754168,0.10782475,0.007124339,0.08316825,0.059658736,0.000488146,0.17880285,0.0028860536,0.0069071474,0.0030878831,0.3639261,0.003441005,0.00434801
2790,0.2004833,0.33514422,0.03140093,0.10008797,0.23773621,0.0037841506,0.007884865,0.670729,0.08058051,0.16459064,0.00448171,0.036590993,0.03800819,0.05654792,0.019416057,0.04082931,0.0007159969,0.117598556,0.6836302,0.012399278,0.02899259,0.12412588,0.057576407,0.0045602545
2792,0.2468655,0.030652143,0.004298196,0.010645668,0.16725576,0.22118081,0.011669371,0.4084629,0.006583769,0.08254094,0.07582895,0.009727695,0.5476961,0.006552847,0.015629089,0.1843934,0.00069376803,0.0649768,0.40148103,0.007450079,0.003723548,0.4750381,0.019910859,0.012925351
2797,0.009920828,0.020498654,0.008911675,0.011315813,0.84905887,0.1230363,0.004190229,0.5668745,0.006966295,0.013293105,0.0145306755,0.0050822305,0.013323575,0.003653162,0.006583519,0.043294758,0.0006339007,0.6277481,0.021071304,0.0058818934,0.005488096,0.08264695,0.005353428,0.0039674863
2800,0.009813403,0.008000958,0.0043925494,0.022088988,0.34322587,0.012393773,0.54782677,0.24096726,0.003929421,0.006410062,0.0029389102,0.019038578,0.07420278,0.023481878,0.012634363,0.06526113,0.0012258734,0.1046501,0.0570675,0.011800613,0.007119696,0.06276459,0.018553883,0.0006608904
2803,0.8395215,0.375139,0.01388194,0.024359751,0.15373553,0.3387613,0.039887358,0.12040846,0.03950372,0.024247358,0.021901181,0.028382635,0.22941545,0.0053903754,0.008196806,0.12824568,0.00077650347,0.01821838,0.5423241,0.004577552,0.006341229,0.6151663,0.03263669,0.0050264625
2806,0.038841587,0.22847551,0.027999565,0.011500438,0.7245574,0.07251289,0.006891064,0.4854759,0.3910579,0.069945596,0.002622173,0.012520808,0.054921202,0.026723096,0.054744195,0.042989694,0.0006384782,0.33937892,0.015540438,0.009910418,0.009654141,0.05564784,0.01156114,0.013949261
2808,0.0086031305,0.020375919,0.0107216,0.017554123,0.34453514,0.08430592,0.0031093971,0.80561286,0.040865626,0.014309416,0.024940567,0.01220097,0.059945546,0.040216807,0.06139481,0.015138191,0.0005231792,0.47886333,0.007767472,0.015106695,0.005164506,0.08037522,0.017650316,0.015350546
2810,0.09220396,0.0398782,0.006239095,0.06108388,0.1436403,0.19199318,0.01690693,0.8921871,0.0058258367,0.011558214,0.015384348,0.037312858,0.008886941,0.15545356,0.04078691,0.113560095,0.0006700474,0.6036908,0.006511586,0.0040152064,0.009393895,0.19341937,0.044267792,0.02135552
2811,0.012463837,0.0036449065,0.0010967285,0.0066184704,0.5697915,0.13921064,0.0078052017,0.6720168,0.004005862,0.029397126,0.036558993,0.002547835,0.09847599,0.0045857728,0.0031483788,0.09691249,0.0006470673,0.31488508,0.025000852,0.0020755453,0.009729009,0.25640917,0.0037486586,0.0006997142
2814,0.014214279,0.03276966,0.02719248,0.022878394,0.74087423,0.010892183,0.027672546,0.5299623,0.09677361,0.020085862,0.0010097052,0.032989353,0.0058321008,0.027948564,0.0074029574,0.0057479213,0.00078548817,0.47695705,0.01090907,0.0067066327,0.030335147,0.0074728425,0.033668507,0.008715849
2817,0.28835595,0.14562994,0.0060217036,0.03175781,0.14608599,0.37785017,0.0019520108,0.678235,0.031266663,0.076022476,0.03229103,0.032472454,0.105650164,0.0040442804,0.0043781507,0.06483115,0.00059409364,0.099254936,0.06980088,0.0014255532,0.0053122304,0.5404108,0.032120045,0.026917499
2819,0.032341916,0.17631891,0.061443236,0.01217267,0.8392194,0.04656097,0.008595594,0.27280605,0.40891093,0.16556725,0.010086763,0.0042619426,0.04197765,0.014526874,0.082210995,0.030221224,0.00060556387,0.28999043,0.017361546,0.015610794,0.013181566,0.027326869,0.006709063,0.0048672766
2822,0.034929864,0.07627005,0.010372057,0.03365733,0.6360907,0.040220305,0.019662695,0.46699423,0.018804302,0.061694413,0.007601188,0.0058966004,0.05665826,0.01807287,0.043992754,0.12878893,0.00083380373,0.6800684,0.026409367,0.0044357735,0.0067526354,0.3032254,0.0015327871,0.0057237763
2824,0.21038157,0.051441982,0.028791618,0.30931336,0.09427686,0.28513986,0.24536468,0.46425492,0.016415223,0.019100018,0.01990449,0.2962742,0.0283104,0.023813287,0.00876357,0.033566132,0.0009343019,0.023428408,0.046930898,0.018948453,0.008909712,0.24487175,0.5797517,0.0038924576
2828,0.017240215,0.22015116,0.03436758,0.0026728127,0.61063117,0.025067562,0.006769722,0.1541351,0.19360156,0.11398752,0.0019341958,0.004073216,0.4453649,0.016568337,0.016527548,0.048179176,0.0007297265,0.24755836,0.021905605,0.018155823,0.0056389775,0.09223897,0.0106827,0.008001935
2831,0.5257321,0.17931147,0.03556971,0.030870218,0.29513705,0.17886601,0.03316098,0.2727397,0.040020768,0.0671989,0.0144335395,0.04164898,0.05087444,0.05308761,0.041209713,0.030805219,0.00069287536,0.3006683,0.04086328,0.015908325,0.021573054,0.19362256,0.028647708,0.05473343
2832,0.13983473,0.20698254,0.0102965105,0.014588547,0.73222566,0.030040083,0.011349081,0.5478855,0.08177509,0.030757776,0.0026880288,0.01277544,0.0050812396,0.011918571,0.021187833,0.0098971715,0.00082745677,0.30707747,0.023175886,0.003260941,0.053752933,0.07278115,0.023126373,0.036916066
2834,0.8360129,0.92173976,0.2990677,0.025653921,0.2787932,0.02629297,0.01887728,0.08064202,0.7720207,0.6753637,0.006610738,0.01326436,0.029163789,0.007728734,0.024830377,0.05161635,0.000876319,0.056049917,0.95350933,0.018708277,0.030446585,0.16291271,0.0107758725,0.0021782366
2838,0.03793779,0.018266737,0.011294813,0.0061134184,0.6304219,0.07809454,0.0014767331,0.57597595,0.0265927,0.045035694,0.021630414,0.0040503964,0.13193987,0.06877536,0.10050948,0.09547429,0.0005520168,0.64085484,0.019297885,0.0039968314,0.002866078,0.17665179,0.012839333,0.003264632
2839,0.020339526,0.042781923,0.03455507,0.08632586,0.49743342,0.0380674,0.027062088,0.64317936,0.45501572,0.067265004,0.0009541779,0.014049405,0.007980667,0.054226942,0.0049390914,0.012180643,0.00068787276,0.04433343,0.025950763,0.023049373,0.4164517,0.050178956,0.0034104185,0.0020464347
2841,0.028115282,0.02946956,0.014419316,0.022047758,0.37498012,0.14100711,0.007478312,0.65075177,0.0986783,0.12961905,0.0124383615,0.010046714,0.02432714,0.0058009312,0.020210529,0.05095266,0.000561967,0.43960798,0.035553757,0.0058274,0.01468747,0.092662394,0.0100643765,0.0013493462
2844,0.27977923,0.7497795,0.06901199,0.0479406,0.20421027,0.05919893,0.012857973,0.61150575,0.08394,0.06346867,0.009548002,0.10932998,0.005456777,0.0070957365,0.01968018,0.0072551114,0.00071606925,0.3611789,0.035099875,0.012810114,0.01491523,0.047141925,0.11924303,0.012637682
2849,0.008614053,0.063262716,0.010729026,0.10334743,0.19667524,0.03456887,0.009896503,0.9024051,0.05012497,0.10364031,0.016585702,0.059680615,0.04312756,0.022104753,0.024966316,0.039848883,0.0005696836,0.23657049,0.0038486652,0.004020253,0.0055588824,0.038861398,0.029357614,0.025788194
2852,0.0636813,0.022688849,0.022079544,0.024531394,0.22124591,0.09721863,0.075385705,0.1852778,0.04185915,0.078558944,0.002461248,0.007443249,0.7720981,0.020937163,0.004450794,0.2142055,0.00091137114,0.006932858,0.0842082,0.0070877722,0.012413908,0.32454717,0.0031933344,0.004560887
2857,0.03714208,0.068510465,0.02685638,0.012127217,0.50327843,0.017445583,0.0017797922,0.53597265,0.08282396,0.20114893,0.0083490405,0.007757996,0.044549584,0.16937275,0.20012061,0.042945437,0.0005725291,0.8124291,0.044362787,0.0063291593,0.009827735,0.096441925,0.009592078,0.001872519
2863,0.4659498,0.71017015,0.06071699,0.009589881,0.113458626,0.048562065,0.0016103765,0.3829925,0.19080584,0.5548034,0.016880408,0.033858236,0.31557807,0.0043937024,0.04892308,0.065782465,0.0005933218,0.12793586,0.21841249,0.006286493,0.014307956,0.24029863,0.058138173,0.024910845
2866,0.05833264,0.06709924,0.00973936,0.10601285,0.23539966,0.23719682,0.0848131,0.64067876,0.014095869,0.025470356,0.012123505,0.050461587,0.053253587,0.017809035,0.012970448,0.033993945,0.0008376529,0.06583625,0.026704306,0.007355203,0.028735677,0.0870187,0.02862175,0.049541548
2869,0.017185694,0.031503577,0.0128095355,0.060635768,0.2520878,0.024641488,0.12667298,0.31096375,0.008925123,0.021262828,0.00883216,0.038074158,0.2715013,0.0018321082,0.0027230964,0.13166767,0.0010590976,0.04585603,0.42987868,0.015266274,0.0028619096,0.5081996,0.01439482,0.0022864933
2871,0.09957524,0.06032291,0.016865032,0.012925728,0.48433423,0.21620606,0.0017769461,0.63377917,0.038532455,0.07341891,0.019839859,0.0061886073,0.08735751,0.021905553,0.052896436,0.038109425,0.000521743,0.1994349,0.023067897,0.0041374206,0.011492483,0.21740112,0.0068889074,0.028029064
2872,0.14336057,0.06252505,0.0060878717,0.02842065,0.51819044,0.051604647,0.0021673834,0.8711809,0.020601554,0.013278435,0.014882869,0.045206133,0.006772583,0.011514296,0.045025945,0.040660184,0.0006615918,0.51148134,0.01450527,0.015453546,0.014784852,0.14415583,0.45569092,0.03309839
2875,0.12878571,0.059814572,0.016379261,0.07260574,0.2486137,0.25514832,0.015313284,0.7482942,0.06626897,0.021703906,0.026824258,0.021007063,0.0013963019,0.028827295,0.018346986,0.03785073,0.0006865433,0.35613307,0.008363502,0.014611611,0.44215503,0.110233225,0.024257677,0.04403883
2878,0.015936784,0.24682017,0.048583362,0.017913569,0.16821328,0.008070949,0.36183542,0.09971362,0.12760569,0.072083846,0.0006209313,0.010070018,0.67102367,0.031302836,0.011478407,0.06370952,0.0011790337,0.010689349,0.09623655,0.0073724217,0.0046189833,0.09491396,0.009475195,0.031742
2891,0.293598,0.3175493,0.030712724,0.008360878,0.19243419,0.09749388,0.0038595246,0.16883382,0.088958934,0.054460622,0.022121483,0.006170033,0.57036674,0.0047313618,0.021675985,0.076617554,0.00067141344,0.055331234,0.26844525,0.020940898,0.0027986264,0.65845484,0.015664935,0.0023651246
2896,0.061439686,0.32937002,0.077569366,0.005630433,0.855233,0.022736879,0.005718953,0.19196612,0.72990876,0.14314762,0.0063946014,0.0019046784,0.060274117,0.0071540964,0.03346137,0.03215097,0.0006787433,0.20916975,0.054867048,0.019037742,0.16473776,0.030678814,0.0035969643,0.01953837
2898,0.10619814,0.20558926,0.03834698,0.0123339975,0.49293518,0.021502825,0.003222578,0.25835997,0.22323643,0.5139129,0.002843126,0.007807625,0.10666197,0.011898159,0.026907416,0.023931686,0.0006291194,0.402887,0.11306181,0.004892644,0.007818651,0.11760597,0.005702089,0.0066405623
2911,0.12018774,0.0064580264,0.0014593869,0.008306558,0.42627215,0.17569754,0.005920064,0.2768757,0.0042795534,0.0697524,0.017092807,0.0013184412,0.73853725,0.011387393,0.0047606234,0.14446065,0.0005532393,0.07433604,0.09751836,0.0019131327,0.01410753,0.61809725,0.0011813922,0.005245364
2914,0.0056964685,0.030158175,0.04823871,0.010188284,0.33225572,0.003900684,0.06645216,0.5081721,0.116627224,0.37681055,0.0019253104,0.0055801314,0.36870798,0.0080011925,0.0065022083,0.022138989,0.0010165791,0.19081475,0.18637118,0.013616773,0.0024277512,0.07985024,0.003867943,0.003723539
2920,0.3804688,0.043267917,0.0023318666,0.012579215,0.4117384,0.79186547,0.0023475126,0.61491174,0.009131771,0.005642532,0.092853524,0.022691136,0.0069392817,0.0049342825,0.020661576,0.06331036,0.00061947043,0.1855113,0.0064479928,0.0039308993,0.008331948,0.40243763,0.013792763,0.0501824
2923,0.95117193,0.776144,0.06320663,0.012984324,0.10911942,0.22428627,0.0065859454,0.22490887,0.060133364,0.11611117,0.0076648053,0.047152333,0.10054785,0.0069156596,0.012409448,0.04473878,0.00077296497,0.030940548,0.5353247,0.006701276,0.0024051438,0.44923258,0.23763256,0.04783369
2931,0.009596115,0.05851388,0.018385638,0.023449996,0.8025054,0.014843679,0.08746979,0.27606726,0.1167444,0.026783064,0.0019983184,0.032465886,0.043437753,0.4879476,0.18688776,0.029277856,0.0008956285,0.33878407,0.009005875,0.010895511,0.01941878,0.015733868,0.014810614,0.002840352
2946,0.2375675,0.06808727,0.00848745,0.011023064,0.38604814,0.70771724,0.0021479249,0.66259533,0.057647344,0.025044447,0.033043824,0.006446453,0.051863637,0.008741954,0.0050398903,0.102717616,0.0005177487,0.22056957,0.04282757,0.0022798346,0.021700708,0.4386994,0.011355637,0.011608621
2950,0.117855616,0.053660497,0.019657219,0.048262753,0.7950359,0.4867076,0.012458761,0.61455137,0.05011328,0.021696735,0.031169826,0.015812483,0.0031279707,0.013866341,0.013290305,0.020627726,0.0006014517,0.11530049,0.01067997,0.00891504,0.04831311,0.11914829,0.024825636,0.02219328
2951,0.359933,0.10977004,0.0035101688,0.021118075,0.096525125,0.042293448,0.008773194,0.8576395,0.006439164,0.009309296,0.01114,0.13025689,0.011230992,0.00609786,0.0065297675,0.023646185,0.00077665964,0.117929496,0.03646154,0.013413254,0.0075282,0.19182596,0.963809,0.020809881
2953,0.026979307,0.026467863,0.0060660117,0.02540414,0.6335156,0.031037843,0.013970785,0.6576084,0.026188005,0.026477018,0.009810721,0.0045512547,0.024127172,0.18013279,0.052141313,0.022336882,0.00060204876,0.5900222,0.011922109,0.00201674,0.014124996,0.05119719,0.0033966783,0.005567598
2958,0.015016221,0.005099322,0.004969059,0.044597924,0.8128159,0.057362743,0.24944097,0.30796194,0.04970214,0.014843442,0.0020823544,0.0046373494,0.028457401,0.070567824,0.007667289,0.013221577,0.0011950379,0.042230256,0.01385231,0.0038152153,0.032992367,0.05874793,0.0012109689,0.0012210098
2961,0.051421452,0.14276195,0.011514073,0.008843333,0.27388072,0.086154945,0.031277902,0.5863799,0.035571814,0.03522365,0.014646929,0.031106707,0.021165548,0.0017597685,0.009639077,0.04009199,0.0010338441,0.11759304,0.01648919,0.012976651,0.002372193,0.13361089,0.06349673,0.0058709183
2964,0.2510866,0.71657556,0.059658434,0.026003353,0.07901705,0.019511651,0.0199381,0.30012307,0.2040343,0.116392605,0.0033751572,0.017552929,0.17435364,0.011721368,0.010679782,0.13078596,0.00080247613,0.09688369,0.37172237,0.007918139,0.006083698,0.23903075,0.019647337,0.019245416
2967,0.09435384,0.1507441,0.0058765956,0.14638248,0.20793194,0.3338809,0.0035956316,0.6377513,0.015441225,0.08105099,0.045631617,0.2164571,0.08356131,0.003001789,0.011293045,0.41526085,0.00062391587,0.2309039,0.032605678,0.0049869525,0.0013296555,0.5392643,0.07910466,0.00798151
2969,0.1778419,0.15648897,0.0069159647,0.11704623,0.08549079,0.43468723,0.014017947,0.74124265,0.012505841,0.011098636,0.023094792,0.14315991,0.027395248,0.0060410253,0.014546142,0.025846906,0.00080021855,0.10011996,0.014673772,0.007799236,0.010391232,0.33919343,0.09304895,0.66900057
2975,0.75504345,0.101502046,0.039458882,0.01498102,0.32428768,0.5787811,0.0109129,0.1727796,0.053202882,0.038806356,0.032380063,0.0146061955,0.052526467,0.039536733,0.007756924,0.16990958,0.00073740043,0.037126392,0.06804459,0.009673793,0.0340785,0.5300914,0.0064659705,0.014357989
2976,0.29323617,0.17092833,0.03145012,0.029350324,0.7593907,0.17249502,0.003949655,0.20753586,0.109851904,0.037820965,0.0082760975,0.016367028,0.01823839,0.011525096,0.044752516,0.0143601075,0.0006054504,0.11759316,0.020805461,0.012885273,0.15558742,0.07230095,0.010168007,0.18393901
2978,0.3500367,0.0348164,0.0072140284,0.014445395,0.35550097,0.5889604,0.007510581,0.38096124,0.0131671475,0.0075863795,0.020849124,0.0028257552,0.09453728,0.03507589,0.010771857,0.08911203,0.00067610823,0.20352513,0.09638232,0.009192669,0.008915622,0.5063009,0.0035101953,0.04952621
2979,0.1859636,0.03802931,0.0019150532,0.023114737,0.3842631,0.7462497,0.025293753,0.25644302,0.0036874183,0.0095383115,0.04702914,0.01632,0.0824202,0.0044984696,0.0029664033,0.6835362,0.0010795735,0.033686716,0.030898098,0.003635662,0.0022752504,0.8563914,0.0038231048,0.0022304866
2983,0.49563164,0.41259274,0.0028767472,0.07064444,0.02240716,0.071687825,0.15954791,0.41530073,0.0062231263,0.0075688264,0.012330571,0.292533,0.062212195,0.0016710199,0.00641389,0.116316855,0.0010169559,0.03137557,0.08089012,0.00874524,0.009532975,0.5534946,0.16447088,0.0065644607
2989,0.13976376,0.39238232,0.006394159,0.01795563,0.12519513,0.034679137,0.008692529,0.6695843,0.018455397,0.022310875,0.008830082,0.11143939,0.016478227,0.009947223,0.012174809,0.08196891,0.00084592425,0.250533,0.016965592,0.012903207,0.02169886,0.16560052,0.15177086,0.18563624
2990,0.36612782,0.41127,0.003114209,0.07431301,0.08056112,0.31452638,0.0043269475,0.66141695,0.008375295,0.014802858,0.027292991,0.16213773,0.031550262,0.009860903,0.036473442,0.0157918,0.0006966554,0.18528847,0.012510223,0.002691411,0.012400217,0.26689205,0.2142811,0.73178273
3004,0.17503862,0.005595112,0.0016193166,0.022712158,0.19589216,0.78790665,0.0039023962,0.54583883,0.0058023646,0.005487265,0.11036891,0.0072017955,0.17550713,0.004933589,0.0061723725,0.25309044,0.000582481,0.13140196,0.025981052,0.0032802566,0.07244432,0.7826891,0.004414028,0.0038373345
3005,0.114595436,0.0068966104,0.0019122316,0.08963446,0.053315274,0.5628197,0.04321754,0.67085034,0.0022187424,0.04314303,0.07504779,0.01809266,0.18466198,0.009824006,0.0027945573,0.46257,0.0007114612,0.019145278,0.06968297,0.008425254,0.009359948,0.6748481,0.018543636,0.0012582312
3009,0.012126378,0.011591957,0.004392716,0.05080406,0.84735775,0.056030042,0.014161863,0.6080256,0.089505956,0.016504832,0.004804002,0.009756307,0.006194525,0.016817542,0.015192238,0.0055122427,0.0006515821,0.1490835,0.009097697,0.008049029,0.612894,0.025335396,0.0017677105,0.017832328
3020,0.2261728,0.36396244,0.031223726,0.04397161,0.12028936,0.12268521,0.01696292,0.67745507,0.045679204,0.10075484,0.012189699,0.033250757,0.036076024,0.024794135,0.01733892,0.04511026,0.000726166,0.13840625,0.3676157,0.015957378,0.0075349254,0.24346665,0.0152388,0.008292194
3028,0.41389406,0.23587199,0.0062689134,0.04153204,0.41533282,0.44580948,0.0067867744,0.3804135,0.02681852,0.028190019,0.03920359,0.038030278,0.016666228,0.014113216,0.062186304,0.092121676,0.0005900906,0.28534263,0.01614229,0.0012775388,0.0051752576,0.48778123,0.01827348,0.008212113
3030,0.08445618,0.16244468,0.08632216,0.050772313,0.20115721,0.004426543,0.13564162,0.31815675,0.09745612,0.52766097,0.002156451,0.09790446,0.08284548,0.01068575,0.006553698,0.07556484,0.0011237978,0.054191653,0.60659903,0.013765256,0.0061251293,0.13597788,0.012531879,0.005525139
3036,0.007970142,0.0072523886,0.009707179,0.18907566,0.21358001,0.062211495,0.11878349,0.74413085,0.004946972,0.016338035,0.021398988,0.0710306,0.07513093,0.13645412,0.11447226,0.027465276,0.0007019921,0.5027361,0.0052860603,0.012831449,0.011767225,0.046772283,0.020022608,0.009313043
3040,0.5360364,0.3875564,0.04969868,0.003308266,0.11965172,0.08141303,0.012683166,0.23469737,0.066182695,0.21249071,0.007572617,0.005408998,0.1779773,0.0038049277,0.006410293,0.03910871,0.0007941937,0.09043491,0.55089813,0.00920516,0.010079066,0.4406858,0.0039071348,0.01172266
3041,0.115287654,0.13460264,0.037900746,0.017953452,0.7754567,0.24664564,0.013702,0.56595486,0.120496325,0.042850055,0.027037688,0.012544566,0.008246726,0.028961064,0.027715048,0.045534685,0.00065619644,0.2310785,0.025913155,0.0070263627,0.08929869,0.0975896,0.013531385,0.02056211
3042,0.8163964,0.0883808,0.0015377414,0.03211022,0.14036496,0.82925206,0.014061286,0.6660417,0.0049765315,0.0035466263,0.06305479,0.06669358,0.0037477077,0.0041806498,0.0027435943,0.08289127,0.000833876,0.034638382,0.050488997,0.0015777135,0.0046060686,0.92565095,0.099603735,0.01822742
3051,0.037190266,0.0045331954,0.00477105,0.014602092,0.43480417,0.39272618,0.0063810637,0.38170627,0.0069686705,0.0120945275,0.07236261,0.0027359088,0.1534943,0.24425022,0.055185944,0.2612341,0.00056584977,0.24026628,0.024422692,0.004609408,0.0060248496,0.35898173,0.0050202115,0.0032364153
3052,0.015422431,0.037915405,0.084368095,0.07088448,0.29830515,0.052984126,0.30229273,0.18237981,0.0306455,0.21845393,0.0029862584,0.04075603,0.54601264,0.102096364,0.014339631,0.068922706,0.00083367975,0.0143662635,0.018641515,0.034396615,0.004523772,0.13792147,0.0058306498,0.012065999
3054,0.05178932,0.02916472,0.019665614,0.046162046,0.2541028,0.021809032,0.7226311,0.12419838,0.055576373,0.013102976,0.005299936,0.010991571,0.06555946,0.021657182,0.007439033,0.06889912,0.002042245,0.051457316,0.057476487,0.022019511,0.015456128,0.07041805,0.020828614,0.0067182304
3056,0.043671183,0.045912944,0.043292683,0.049665615,0.7904183,0.13355374,0.03098545,0.29953706,0.11669069,0.082607575,0.008247885,0.0035017757,0.06923293,0.030659884,0.013397468,0.026782073,0.00068165327,0.099328704,0.051585943,0.011671247,0.021888038,0.06484995,0.0046078046,0.0031343696
3062,0.09752946,0.09091256,0.01361785,0.006830754,0.39651343,0.059728652,0.006783539,0.5000862,0.2858867,0.028755128,0.012629152,0.009122034,0.016545517,0.0105342,0.012247804,0.023975208,0.00074805546,0.09524307,0.012496153,0.0054788874,0.58755857,0.08887507,0.012094715,0.013147335
3067,0.30379668,0.053418614,0.009038981,0.015784554,0.16907305,0.14590967,0.012946569,0.39191595,0.00929598,0.22951496,0.016734837,0.019056514,0.64704466,0.013617805,0.009163031,0.26687598,0.0006742037,0.06865965,0.11518813,0.0056174095,0.0014896167,0.6355876,0.002930674,0.007206703
3072,0.42226675,0.051285002,0.006470303,0.0149358995,0.37588346,0.6926068,0.0075098597,0.30036092,0.010783793,0.0074603963,0.059256244,0.0062424364,0.17012683,0.0059896265,0.0064836056,0.08346917,0.00055135635,0.044999957,0.029657127,0.0044324016,0.012837158,0.54464006,0.0059780227,0.25105986
3073,0.07356198,0.074913025,0.062776074,0.023865342,0.18051341,0.039026614,0.03568285,0.45147195,0.17020725,0.158019,0.006860986,0.007494294,0.09010414,0.14469989,0.02624611,0.022049379,0.00070289377,0.107022755,0.03309852,0.043033324,0.07554234,0.105860695,0.0074128592,0.0058859326
3081,0.1757652,0.01847618,0.007171414,0.014944923,0.49740782,0.5379407,0.0033658366,0.462682,0.0049030557,0.1087415,0.0350401,0.0025998373,0.27582946,0.056664094,0.01949828,0.11229319,0.00050102075,0.14827113,0.018570518,0.01105436,0.014452063,0.64177996,0.005211308,0.0020603784
3083,0.31686532,0.10166178,0.008390199,0.0070050852,0.38663694,0.23093066,0.007598139,0.47242624,0.07055569,0.0046341526,0.012695904,0.020633915,0.023217592,0.019078467,0.008051306,0.02137029,0.0007476496,0.06040547,0.036022563,0.0039818613,0.06907693,0.22275354,0.046819363,0.069034755
3086,0.009763211,0.034677245,0.011251853,0.060599834,0.11562397,0.02702075,0.037942063,0.6473802,0.13109076,0.14267202,0.0040734387,0.0074715554,0.124927565,0.019867325,0.01008116,0.09505408,0.00071627164,0.16725454,0.042013083,0.002098785,0.006255471,0.09910646,0.0056747086,0.002191105
3093,0.0051272255,0.004368664,0.0039124833,0.3401809,0.43217093,0.11285397,0.01163164,0.90521926,0.014987663,0.012163024,0.01567062,0.04634226,0.001981103,0.03767639,0.05503439,0.011118112,0.00062593614,0.85620713,0.0025821123,0.0045125764,0.015846834,0.028496776,0.0069013247,0.013575068
3097,0.111888945,0.010880599,0.0014160716,0.017279897,0.49841526,0.7745004,0.0073287287,0.57205236,0.004176356,0.0072558085,0.06913763,0.007156785,0.01467911,0.0605428,0.027117921,0.2233597,0.00062072574,0.30246633,0.019700076,0.0012700399,0.018274857,0.4176527,0.003297717,0.021235699
3099,0.5582412,0.020093333,0.0014124715,0.008517711,0.15715048,0.83742476,0.0019473437,0.7851268,0.0014545261,0.009087677,0.069762364,0.009273812,0.029437134,0.005797179,0.00107777,0.25199053,0.0005963814,0.13397573,0.053527653,0.0029033662,0.0020234904,0.8662925,0.014981394,0.025384484
3104,0.030762255,0.029697565,0.0044430825,0.032546926,0.7997627,0.2338747,0.016758982,0.39881364,0.011372726,0.019693142,0.045056332,0.016605133,0.013040304,0.0044632116,0.028247904,0.11352838,0.0007585555,0.5057308,0.009278931,0.005570218,0.011842407,0.16611093,0.021568099,0.019717423
3108,0.88965654,0.7007296,0.032448035,0.012979619,0.22530809,0.12826407,0.007891753,0.1582697,0.28799388,0.09436554,0.006520043,0.010601659,0.032744896,0.002470366,0.010574224,0.10215088,0.00091938896,0.034033675,0.87629956,0.014440325,0.016418427,0.5171977,0.021962702,0.011008005
3112,0.030137349,0.036965262,0.008144723,0.0017705433,0.76170456,0.028510269,0.0013256056,0.4364085,0.024966566,0.01503025,0.04083193,0.008354246,0.07115905,0.0032133914,0.015821079,0.047485083,0.00058341335,0.54613996,0.027354848,0.027216263,0.0035794606,0.16040081,0.006612736,0.0038943714
3116,0.44131657,0.075916,0.0056354436,0.017875507,0.20980254,0.17953861,0.015152559,0.7505525,0.0034077403,0.042025477,0.0067103026,0.012538554,0.016272575,0.043103483,0.005703803,0.05907838,0.00077008107,0.13158406,0.041131124,0.0060104006,0.005930583,0.5263336,0.020430334,0.024752904
3117,0.0051664957,0.0055207233,0.010616785,0.25345853,0.40861946,0.026071059,0.53221536,0.4698562,0.020280857,0.012238128,0.0027259416,0.022653954,0.015575149,0.8186056,0.051595416,0.060955662,0.0011634767,0.14461552,0.04832962,0.011878319,0.013232046,0.05611512,0.009364703,0.0027824473
3119,0.39087707,0.20067188,0.004491004,0.040391583,0.20418258,0.038364965,0.0918269,0.71275425,0.027017904,0.009184498,0.001835438,0.021932987,0.0042013703,0.053777315,0.002331218,0.007219539,0.0009260305,0.1358494,0.02776066,0.003072551,0.055195283,0.08331377,0.11876953,0.15852512
3124,0.051431447,0.22110473,0.086232625,0.024724338,0.701756,0.020587081,0.31122693,0.18247084,0.14745027,0.119565316,0.0014144024,0.012200177,0.011353917,0.7869157,0.19541626,0.012118251,0.0009949427,0.15803865,0.037997287,0.0060866545,0.08172069,0.01761584,0.015645066,0.020697942
3134,0.44888008,0.6632276,0.026127147,0.010156097,0.13011871,0.079680406,0.0023882533,0.62538016,0.12492048,0.41536143,0.0072586085,0.15157385,0.037264336,0.0061080037,0.04017899,0.02450802,0.00068586646,0.27491638,0.024812808,0.008442233,0.016569238,0.11784096,0.086420186,0.08557896
3137,0.06889672,0.1017981,0.014453705,0.020191843,0.20276785,0.051265404,0.043822944,0.23840435,0.029485779,0.05959703,0.0044248286,0.008982703,0.6469388,0.07675058,0.04127777,0.092516616,0.0008394763,0.05944079,0.016618585,0.014186856,0.009105137,0.2352883,0.025194664,0.07495321
3138,0.3293162,0.66311264,0.039213922,0.007504154,0.20152725,0.07001545,0.009038259,0.37701988,0.14492661,0.12140085,0.009079278,0.049116645,0.24662395,0.0032438445,0.010755417,0.049863104,0.0006825546,0.062393356,0.13895461,0.010031621,0.0033632368,0.20566504,0.022421882,0.006817307
3141,0.14055689,0.009020501,0.0029577957,0.015038475,0.29996905,0.37885663,0.014404604,0.7123505,0.0025377679,0.013279465,0.038013358,0.008221159,0.071734205,0.043403447,0.018407475,0.04628806,0.00059805205,0.12680914,0.009172079,0.009720462,0.007816672,0.4300058,0.015697747,0.0053453953
3144,0.02391109,0.008871808,0.010311721,0.035624467,0.66621643,0.039762404,0.036507685,0.7747711,0.038515043,0.0065699327,0.0024796722,0.009969761,0.0037779321,0.11055408,0.017623836,0.016379623,0.0007931534,0.10874565,0.013513619,0.010786572,0.38351995,0.06050819,0.011219417,0.006011184
3147,0.118227646,0.019123496,0.00089227327,0.022336379,0.14344287,0.92322206,0.013333457,0.5729007,0.001192898,0.0057470333,0.15854634,0.025639432,0.12959829,0.0021636907,0.002342027,0.23133518,0.0007818789,0.058635503,0.012887092,0.004227334,0.006890033,0.7209611,0.0077644875,0.043151874
3152,0.0023070287,0.0065646567,0.0063186567,0.007940327,0.50282973,0.033592734,0.015082074,0.5002762,0.0071834973,0.029027572,0.0065375674,0.007463137,0.35878965,0.0045886943,0.0020476135,0.09852096,0.0007011466,0.12569636,0.02907271,0.018437939,0.002546185,0.27017283,0.013718777,0.0018752295
3155,0.122234136,0.045101333,0.011388183,0.0038120304,0.1361821,0.057374563,0.021939237,0.23532136,0.0075326078,0.036455877,0.010543632,0.023277197,0.6517545,0.0032454235,0.003781953,0.108011924,0.0008564672,0.054733217,0.10569697,0.030457119,0.0006172562,0.59013444,0.040868223,0.0059506996
3157,0.053581152,0.13073865,0.020347571,0.022299292,0.101162,0.055510875,0.021605633,0.8255965,0.041678462,0.1032906,0.0047166096,0.03020438,0.023912547,0.022133302,0.023316838,0.03787571,0.00080752786,0.38635784,0.026559351,0.011072191,0.020332608,0.16271448,0.014635461,0.009554579
3162,0.091375135,0.07261183,0.007511783,0.044154193,0.33442312,0.039630983,0.012048068,0.5340169,0.10048071,0.04349342,0.0061472417,0.046577293,0.015060896,0.013572034,0.009292587,0.045503758,0.00084507465,0.14508346,0.006708567,0.0076342984,0.28599483,0.12447887,0.013103513,0.04149101
3167,0.18494527,0.82647115,0.078758344,0.027694598,0.1629385,0.006431371,0.0052597844,0.43393826,0.26873615,0.23885716,0.0058414834,0.033943824,0.30478552,0.003910815,0.022830687,0.052829634,0.0006971067,0.11110379,0.30888438,0.0164139,0.0038594017,0.07131201,0.032078434,0.028164392
3170,0.02710499,0.029964123,0.0052809385,0.048426215,0.30918774,0.040646926,0.004459922,0.55537033,0.0048165247,0.081229836,0.013007389,0.024927756,0.027990429,0.0029540183,0.032830264,0.0634636,0.0006407696,0.7362112,0.06701169,0.004001342,0.0019114128,0.10492883,0.0066387975,0.0078043705
3171,0.14112099,0.458672,0.0357881,0.026833473,0.24956627,0.042810235,0.012896455,0.38311794,0.31155676,0.022137266,0.0029489668,0.0061844266,0.07123597,0.00620917,0.019204827,0.037493516,0.00084540085,0.10229787,0.056056123,0.007984802,0.016974421,0.17773302,0.019960562,0.06962468
3173,0.031914983,0.008158209,0.0022519953,0.032579027,0.8206428,0.049297664,0.027025001,0.3188158,0.0059130783,0.0030310783,0.0267405,0.007785128,0.0074213413,0.018688207,0.014066067,0.009384488,0.0007061057,0.5777982,0.006736392,0.008796816,0.29411888,0.06553596,0.0072839316,0.009263684
3174,0.8265285,0.14883378,0.0021795575,0.011087939,0.04977046,0.35444644,0.00857839,0.49581093,0.003508261,0.005426969,0.014164587,0.07273707,0.041439384,0.0048946547,0.0025370112,0.28614286,0.0008885712,0.036080785,0.18897006,0.0052546747,0.004470001,0.74962294,0.5847371,0.010857842
3175,0.44669086,0.26224434,0.0067320033,0.06847772,0.203643,0.3406321,0.010698172,0.34365535,0.050749395,0.02605153,0.02649289,0.056313787,0.032041837,0.005387508,0.020030666,0.021399472,0.00078895845,0.09724931,0.019096855,0.0061139953,0.022154711,0.22980927,0.052862372,0.8174235
3177,0.036065303,0.014838436,0.007980014,0.0068518883,0.79021424,0.033114716,0.004353876,0.5449521,0.0339133,0.022522235,0.0045431545,0.005993565,0.027086476,0.02584487,0.016048314,0.009741573,0.00058344804,0.51458913,0.014429165,0.00543383,0.047513366,0.13441898,0.008584536,0.0023688653
3178,0.034030903,0.0067911474,0.0031442302,0.05250374,0.34748814,0.62290215,0.0146570215,0.8040511,0.0044807633,0.005032779,0.0420605,0.011728882,0.029747766,0.0062603345,0.0038286534,0.066631556,0.0007078319,0.09446644,0.009590746,0.010717862,0.0042623454,0.34848797,0.004576103,0.033310372
3179,0.29916757,0.100905135,0.019668773,0.0070010265,0.63262486,0.43026337,0.00875899,0.15276285,0.04191708,0.036090776,0.018186703,0.020053832,0.048950177,0.010030811,0.055899255,0.01728133,0.00066838315,0.19095561,0.017445132,0.042566024,0.0030747016,0.16422257,0.011579552,0.04214134
3186,0.019552005,0.021522267,0.010613659,0.012008154,0.6104783,0.091672964,0.003714929,0.40983382,0.04907063,0.06605606,0.026783112,0.003780988,0.09144325,0.004826193,0.033877067,0.078803,0.0005735412,0.44639993,0.035374474,0.009797134,0.0066199633,0.17943296,0.002529436,0.0013232196
3191,0.14067777,0.029653024,0.012002277,0.20153399,0.3406465,0.0899456,0.18847132,0.655755,0.005325677,0.011176972,0.003174816,0.0112961335,0.0013511479,0.804992,0.11912922,0.007719688,0.0008033675,0.35792118,0.007088886,0.003270414,0.03641998,0.062000558,0.008429135,0.0065118265
3192,0.26447192,0.015728256,0.003594354,0.05404526,0.45727524,0.803598,0.0051507433,0.577805,0.0065851156,0.011806148,0.043942645,0.0141139785,0.017288579,0.009184082,0.009675931,0.07177829,0.0006560704,0.054988187,0.028946312,0.0044584936,0.004610058,0.46961412,0.0053097187,0.016816808
3198,0.044660248,0.072549194,0.0038436793,0.018675828,0.3003438,0.06659728,0.005499955,0.815904,0.017502636,0.118327536,0.0076959054,0.009476103,0.106671736,0.030012764,0.018961305,0.06600573,0.0006015039,0.42505947,0.009121478,0.0027743077,0.0033706385,0.19921125,0.010531546,0.032593008
3200,0.18994455,0.17615783,0.007837031,0.2651464,0.07584798,0.020776503,0.08666063,0.8866047,0.05397826,0.019265123,0.004796551,0.2202522,0.0019388028,0.014358717,0.012301661,0.008300421,0.0008794566,0.051798865,0.008983225,0.009683976,0.059300695,0.04694577,0.86847895,0.031294048
3211,0.01748934,0.07807104,0.033851683,0.0044579986,0.1990077,0.026628062,0.012825095,0.24117592,0.08132013,0.15298828,0.0048920284,0.006814596,0.9304978,0.013337523,0.016101582,0.20441154,0.0007048582,0.08736917,0.07403542,0.01797178,0.00039853607,0.20770073,0.008963046,0.002276972
3216,0.007644358,0.053834584,0.0056099887,0.016570162,0.107948475,0.017564585,0.0057275794,0.5671888,0.044291306,0.23779018,0.012898252,0.0055115577,0.6307208,0.0082399435,0.008032215,0.72852844,0.00062082487,0.42933518,0.062033936,0.0034392606,0.0055323387,0.3538917,0.0018345288,0.0022850349
3220,0.24292721,0.10322269,0.0103065055,0.023236929,0.4764075,0.52271676,0.011806103,0.59240025,0.040135715,0.013043809,0.009706909,0.013175359,0.004680116,0.004083256,0.0031067054,0.026631054,0.00078451267,0.072855845,0.050500687,0.002506623,0.012370559,0.3049509,0.005482029,0.037314348
3223,0.10138687,0.19679604,0.025077486,0.028785946,0.43482047,0.016982602,0.018442228,0.69563425,0.3132659,0.03959148,0.0019241021,0.0095091285,0.01779076,0.048900273,0.009288623,0.0069983522,0.00072327256,0.08745403,0.15593728,0.012780028,0.05704053,0.058636166,0.020049253,0.02266651
3224,0.05955582,0.100250706,0.04660559,0.017952409,0.7948982,0.08935775,0.013754993,0.3328843,0.21832775,0.060654026,0.007033192,0.011243956,0.01786912,0.07664752,0.097197376,0.015559461,0.0005772199,0.3027351,0.01027776,0.005995082,0.07341065,0.04042185,0.010941027,0.012488506
3225,0.01003127,0.033919487,0.025909713,0.065497234,0.4854757,0.00973913,0.028928893,0.8306283,0.011738746,0.13449383,0.005219232,0.057964575,0.008106994,0.010613995,0.043344636,0.0048789866,0.00077145203,0.8580554,0.011467127,0.018660642,0.0039151195,0.011639486,0.029580291,0.0011485985
3227,0.46226284,0.0060961866,0.00067756476,0.025405474,0.042035837,0.9029469,0.028155532,0.596658,0.0011277846,0.00042427363,0.15825386,0.06935896,0.024419677,0.007290872,0.0033554616,0.3981958,0.0008168031,0.05268129,0.01660416,0.003630144,0.0048923837,0.8304145,0.0691243,0.03727839
3228,0.016003132,0.0075467266,0.0013711812,0.030631142,0.57497996,0.46011183,0.006098744,0.5585852,0.0052939644,0.0084268395,0.18017569,0.022794062,0.013182038,0.0031510438,0.013165574,0.22103125,0.00070709357,0.55787253,0.0044311075,0.0025222423,0.0059180837,0.4305986,0.015418354,0.004440978
3230,0.45478472,0.438767,0.023449311,0.013769388,0.062494338,0.005502566,0.210621,0.18012768,0.03309243,0.059071988,0.0020849262,0.16335164,0.29857156,0.0071680504,0.004477506,0.060338072,0.0013225576,0.00926963,0.37107706,0.031818375,0.0017194337,0.25932828,0.30117062,0.008617898
3236,0.027750237,0.024750637,0.0075397016,0.0021948593,0.9111965,0.046598814,0.009914601,0.18855391,0.036525838,0.0162512,0.0073719504,0.0025187538,0.36798745,0.056540705,0.06774559,0.024585938,0.00064771116,0.16799274,0.009564055,0.006611248,0.009498939,0.10626574,0.0018744477,0.011502872
3237,0.02248251,0.0088608125,0.001852243,0.010966743,0.7488456,0.17651542,0.0013408043,0.6525363,0.0066993944,0.011103144,0.053233754,0.0038072169,0.012069451,0.006200496,0.013040531,0.11581821,0.00054488075,0.775931,0.007836527,0.00250788,0.01050222,0.26357955,0.006866957,0.008034476
3239,0.058903217,0.11888754,0.022390468,0.017834065,0.25473443,0.00808423,0.09943517,0.4450023,0.056363218,0.03207191,0.0036906886,0.024356991,0.045873724,0.009098496,0.0012554396,0.034042,0.0009957701,0.017072165,0.24572486,0.010374827,0.032710668,0.24189284,0.054498427,0.0025938498
3241,0.3708931,0.19364429,0.0032791905,0.007920241,0.23481023,0.048297707,0.0023965302,0.86728287,0.02873611,0.017316552,0.01520959,0.024607051,0.016516361,0.011217327,0.013820362,0.02149754,0.00062395184,0.34276015,0.02467875,0.0026192227,0.014936502,0.19647054,0.33428723,0.043086737
3242,0.033824433,0.03447981,0.0017104489,0.015837036,0.11669142,0.14983174,0.0032847621,0.68034464,0.009075534,0.022067018,0.020757353,0.0026894496,0.12588327,0.018456493,0.008250491,0.28081173,0.00062337227,0.46941045,0.031081,0.0011238,0.0066754795,0.29233027,0.005040734,0.011695374
3243,0.027282195,0.031087333,0.03772257,0.15949124,0.115515806,0.008385599,0.5679862,0.4201144,0.013525186,0.06919138,0.002536835,0.20129889,0.13198704,0.6045207,0.13887405,0.011675691,0.0011333255,0.07287588,0.025245616,0.031459183,0.003827015,0.044179052,0.0207631,0.01283491
3249,0.009213191,0.011844735,0.006151438,0.12176419,0.7158878,0.036517818,0.100703314,0.54027885,0.01386947,0.014830011,0.0018492435,0.021470677,0.004024848,0.10061385,0.03056141,0.024079092,0.0010082484,0.45784616,0.005892926,0.0037733568,0.03231754,0.03692073,0.009849327,0.004574659
3253,0.19764656,0.16241384,0.022130128,0.03314291,0.12770812,0.030035626,0.042495217,0.6378461,0.08037833,0.036266085,0.0021689548,0.081994645,0.040753577,0.031153724,0.028246032,0.0049893237,0.0009571225,0.04585897,0.0149623705,0.076687075,0.059935108,0.070879735,0.046245042,0.6021737
3259,0.051788267,0.04069047,0.022735624,0.296999,0.20380823,0.009744963,0.8501584,0.43988958,0.02436616,0.028318306,0.0015800236,0.04557665,0.006788935,0.1552392,0.006547017,0.037763026,0.0014699523,0.078400485,0.02879322,0.012075547,0.55036116,0.04635301,0.014390666,0.0032117027
3266,0.36725023,0.10928922,0.021450575,0.029455679,0.061738946,0.107653126,0.09646881,0.44152948,0.019371463,0.109090336,0.0065860893,0.063713245,0.27200693,0.008108985,0.004138234,0.05076969,0.00094923744,0.027501691,0.49757233,0.014330751,0.0053390204,0.33547625,0.04422924,0.004739184
3267,0.046663318,0.022862628,0.021464631,0.02013828,0.46690387,0.05417402,0.022256447,0.63114494,0.1816651,0.06267653,0.010341808,0.004925742,0.0427415,0.03772548,0.008766131,0.026134275,0.00053655915,0.08248708,0.048095822,0.021689136,0.017008023,0.14144127,0.010597568,0.009181011
3270,0.027669264,0.0155414585,0.0017618303,0.0124966595,0.6436834,0.08723539,0.005939757,0.7645624,0.011546057,0.019813726,0.041343857,0.0059992326,0.008017097,0.02441206,0.032954425,0.045973726,0.000604837,0.47774097,0.0087377075,0.0026591758,0.01614404,0.1154441,0.01039413,0.0049523828
3271,0.16950427,0.27102944,0.041189548,0.038912624,0.13858487,0.096522115,0.0043659294,0.25456265,0.12429247,0.48922706,0.011422016,0.012569339,0.41004732,0.014842598,0.022129929,0.067090705,0.0006456311,0.05769645,0.1569438,0.014533961,0.004485188,0.21674848,0.0123513015,0.03770406
3273,0.025920516,0.031404056,0.010247857,0.10155078,0.6155745,0.059651174,0.04219301,0.7221542,0.05996128,0.010565607,0.007969003,0.012728382,0.0033706997,0.08155505,0.04620864,0.020532401,0.0007210885,0.61713874,0.00841128,0.006317516,0.014987552,0.048132084,0.021069782,0.0063551855
3276,0.1466382,0.053922113,0.0029566193,0.025638256,0.14557302,0.07606868,0.0026200924,0.57862663,0.0051880023,0.025456388,0.027968612,0.030457385,0.2100909,0.004757245,0.027727675,0.14479382,0.00058798806,0.43648863,0.026258964,0.002039542,0.0012734623,0.26367354,0.024172528,0.048162643
3285,0.023704022,0.120834365,0.02165512,0.047732286,0.48448277,0.054737967,0.013216308,0.54199815,0.09121726,0.07500108,0.007410422,0.032945376,0.027060978,0.012147846,0.011033726,0.069835335,0.00076117355,0.193028,0.018557938,0.005481996,0.025147973,0.06263343,0.016113099,0.01661127
3291,0.04377188,0.042109687,0.014689851,0.08537512,0.053530216,0.036675785,0.0057165027,0.797001,0.022157712,0.06673433,0.017960036,0.09667631,0.046145875,0.053873107,0.03724125,0.102992415,0.00069767365,0.5460784,0.0071455557,0.023022572,0.010688417,0.14958346,0.19896287,0.010697431
3292,0.30400032,0.0549555,0.0034274694,0.007752602,0.38140127,0.20198406,0.0100184595,0.4509912,0.031059304,0.005222486,0.013666165,0.009541371,0.033805437,0.0038626331,0.0040563196,0.098903,0.00070402876,0.06330802,0.03932257,0.006063014,0.061338197,0.485417,0.023808483,0.019788979
3294,0.08810757,0.2009137,0.10021026,0.015593343,0.7022325,0.05434065,0.0023821613,0.6527207,0.5570499,0.101610385,0.0061353934,0.016284082,0.005601945,0.013301715,0.030511905,0.012342063,0.000593168,0.5587501,0.022416918,0.018702054,0.2619831,0.021610029,0.0711546,0.007522281
3300,0.5576899,0.18494636,0.030642161,0.050694577,0.41176727,0.2956794,0.017959675,0.64313227,0.039025817,0.03123769,0.007763319,0.025676427,0.0050241593,0.012524199,0.022013234,0.0067456127,0.0007375899,0.058816586,0.028660754,0.008454257,0.026386807,0.16261102,0.040754948,0.033834964
3302,0.10257849,0.13212457,0.031729992,0.007977603,0.6293642,0.31671563,0.00094890286,0.69492036,0.026495142,0.057121404,0.11262235,0.0027324243,0.02282429,0.015941452,0.0729279,0.05532858,0.00048747408,0.42517814,0.013497057,0.0051120482,0.0074296705,0.3318038,0.014199145,0.014145443
3304,0.5814579,0.2715696,0.03737045,0.00632101,0.2682315,0.6896954,0.021640234,0.19812253,0.06924166,0.03080373,0.04504077,0.013349457,0.023831628,0.0031434442,0.014093471,0.078941174,0.00073694345,0.04825267,0.08568916,0.030397162,0.009202259,0.5669697,0.012699915,0.006834304
3310,0.006011677,0.02319974,0.013334969,0.08443762,0.29415387,0.007653218,0.11871488,0.8305674,0.11426708,0.036930513,0.0004573338,0.020790609,0.0022751084,0.4436761,0.026291708,0.004649435,0.00096300314,0.15931296,0.0041344706,0.008815928,0.056492563,0.009340937,0.0041725677,0.003884233
3311,0.012647628,0.019528061,0.016647179,0.3076568,0.63429296,0.010619475,0.65101224,0.28398055,0.012966712,0.006132789,0.0049866,0.09162355,0.009494588,0.48431194,0.091263436,0.018059418,0.001545966,0.077809505,0.024293255,0.007126542,0.008976928,0.023316149,0.022164859,0.030553648
3321,0.026519252,0.005409301,0.008522517,0.03961982,0.5129321,0.16528921,0.0031830843,0.7231668,0.0349032,0.028856874,0.026880236,0.0048376536,0.070821695,0.01495415,0.01635524,0.05649954,0.00048993673,0.30048662,0.016198212,0.0067772004,0.023684675,0.10693391,0.0070531643,0.008141692
3323,0.08386649,0.05034604,0.013624693,0.017126149,0.26103532,0.12194216,0.0026858414,0.40790543,0.09685376,0.22513811,0.05415289,0.013580802,0.30487323,0.009767785,0.014376727,0.17270362,0.0005512675,0.15253769,0.11570616,0.008124828,0.004396219,0.27348584,0.015559511,0.0037914377
3324,0.116113864,0.61674076,0.18757442,0.02309561,0.49795243,0.03611513,0.005132455,0.41988412,0.41932654,0.22767389,0.0042749536,0.01609702,0.0058293534,0.008756154,0.06317602,0.0063865776,0.0007294338,0.41745716,0.0073485943,0.019052058,0.10967346,0.040109925,0.02972741,0.18429558
3327,0.3089978,0.0318712,0.0014803163,0.010576321,0.15723346,0.39676645,0.012954787,0.6914178,0.006569998,0.0050820643,0.017623954,0.007568647,0.050228268,0.009305989,0.003219274,0.049731247,0.0007177527,0.033958245,0.035385933,0.0026585814,0.008904383,0.60820377,0.009610805,0.02874473
3330,0.07544053,0.20908794,0.009287587,0.10434737,0.17176588,0.052439127,0.0260779,0.42121145,0.026241615,0.013808592,0.011243421,0.096156515,0.016791716,0.01316794,0.014030106,0.011464862,0.00076986937,0.105208114,0.045164492,0.00480134,0.020343607,0.11278652,0.042028986,0.49562538
3331,0.28205606,0.86009604,0.20463453,0.015494372,0.2741049,0.0053259446,0.032215413,0.2767705,0.3669787,0.5216261,0.0016867403,0.018825496,0.043156832,0.022813588,0.012931972,0.04257557,0.00089639385,0.19277363,0.48795214,0.008782744,0.03785073,0.10073546,0.032121997,0.014601467
3335,0.14461769,0.7057036,0.25259188,0.013231747,0.45054582,0.01641125,0.009637857,0.19551699,0.6825043,0.46338025,0.0051568802,0.009311153,0.42712042,0.006317618,0.026231728,0.039554663,0.0007138875,0.08899616,0.24724959,0.023355637,0.0049747443,0.063236706,0.012302634,0.011005165
3342,0.024942879,0.02608768,0.019953083,0.00774121,0.60704327,0.06397046,0.0077537578,0.73215276,0.055438284,0.02763772,0.019871602,0.0016672362,0.11130038,0.01437203,0.013851072,0.07229342,0.0005798098,0.33128664,0.124200456,0.0022196032,0.0051420745,0.11973465,0.0057610003,0.0065055024
3343,0.043493647,0.0076884986,0.00064292597,0.012186858,0.11726285,0.43682382,0.0024760906,0.81736124,0.0015318533,0.0224686,0.086692646,0.0055202944,0.35417187,0.008074814,0.003637746,0.46595725,0.00058096764,0.26962885,0.027153784,0.0012185299,0.0020011265,0.7776397,0.003007687,0.0039500007
3345,0.017195748,0.04221583,0.0020340309,0.027274838,0.69097966,0.13905652,0.0024239777,0.6552997,0.014898279,0.025771415,0.07068258,0.0403859,0.0045299046,0.0027519502,0.03125377,0.080196805,0.00061141024,0.7168937,0.0031842191,0.0034594971,0.0063579134,0.10635095,0.0282879,0.0066291415
3348,0.019624123,0.021543369,0.023726681,0.3862011,0.2236555,0.013462302,0.6937535,0.37124887,0.017342292,0.012207494,0.0011126131,0.0563297,0.0043957117,0.9445875,0.11041074,0.014823611,0.0011314874,0.081370965,0.012354927,0.006756407,0.031668898,0.021840824,0.018396014,0.010548737
3354,0.054955576,0.02057851,0.003143241,0.031106286,0.317988,0.16327573,0.011093807,0.8805903,0.016091509,0.010159391,0.035783697,0.029199073,0.029493934,0.012899103,0.009505038,0.05695666,0.0006638846,0.11195802,0.04219415,0.007113493,0.009125491,0.17223549,0.03181499,0.0019133313
3356,0.14174479,0.2117307,0.030126827,0.0867441,0.5563479,0.2981671,0.030535348,0.7311367,0.06638733,0.12479232,0.01805342,0.04299336,0.0015786754,0.032685447,0.010893893,0.030317886,0.0006868332,0.15334898,0.015637614,0.009059356,0.26200163,0.20235924,0.01546639,0.007689183
3361,0.016028251,0.024397574,0.005731711,0.007959765,0.44206217,0.036863804,0.005809446,0.77456623,0.060443345,0.060793053,0.030388363,0.0056093927,0.040792808,0.0189037,0.024187164,0.030670896,0.0006125254,0.35166746,0.0027456367,0.0028077704,0.015111769,0.106317736,0.0099039115,0.02266474
3363,0.5624072,0.8139969,0.045960262,0.05810048,0.10245466,0.047662888,0.022509672,0.58296424,0.05002652,0.022559226,0.0041631907,0.20990828,0.015218034,0.004636564,0.024040824,0.024895366,0.000926715,0.2326094,0.06945947,0.03470888,0.009507548,0.13518395,0.11190731,0.024754275
3368,0.013108139,0.0050480315,0.005362841,0.024968471,0.25118414,0.1363891,0.0057622185,0.7956897,0.005144685,0.066913,0.028470688,0.017226156,0.1317054,0.03951714,0.010410755,0.08422804,0.00061089033,0.38851732,0.052301306,0.004843658,0.0015651047,0.31690633,0.0038802922,0.0013933982
3373,0.072325245,0.08510547,0.0128028495,0.30098552,0.17609335,0.015081665,0.262607,0.48854643,0.025927879,0.007497718,0.0063882875,0.21638927,0.002943231,0.18819422,0.075216405,0.0070240633,0.0011471119,0.15245917,0.024041187,0.054501887,0.057634674,0.020261414,0.6144438,0.06952585
3374,0.007763422,0.01828932,0.008355525,0.023626866,0.5643611,0.047844887,0.012547626,0.87050164,0.016899537,0.015184286,0.0020698959,0.0074371286,0.006931069,0.025275,0.0068242424,0.0071981004,0.00069731433,0.57242566,0.009853173,0.0027651424,0.011527656,0.024886854,0.010605956,0.003233975
3376,0.03135596,0.07146579,0.011091835,0.07325258,0.5399352,0.04651678,0.0042332634,0.7785446,0.028686503,0.096390106,0.013949918,0.033794623,0.008667132,0.017164301,0.018495796,0.07336876,0.0006358909,0.7969293,0.010932093,0.0040132157,0.07833114,0.08279433,0.010267783,0.007008881
3380,0.03941886,0.02249888,0.004840214,0.020498326,0.62616783,0.013917291,0.02083441,0.5172878,0.019970242,0.006904924,0.0010894643,0.014322509,0.0027695706,0.6296304,0.08260475,0.01271095,0.00075341715,0.61258394,0.008292485,0.0030067065,0.3147809,0.019685531,0.007870963,0.009268788
3384,0.008472616,0.009524941,0.0057733366,0.039289024,0.37718645,0.015391883,0.45396417,0.16311766,0.0126413535,0.09849843,0.0015641483,0.03840208,0.7348498,0.13323964,0.024705444,0.03518822,0.0009671269,0.020006409,0.00843049,0.008690035,0.006591052,0.083456986,0.0073997737,0.004641533
3385,0.026469644,0.03420691,0.0045742854,0.011033996,0.62952006,0.010221513,0.003181537,0.48027638,0.048445795,0.02885241,0.016601225,0.009535032,0.018436339,0.020685185,0.03659545,0.02582829,0.0006764966,0.58426064,0.020216685,0.0068743173,0.531102,0.13020478,0.0062424927,0.008830452
3389,0.668903,0.22592154,0.035812262,0.009606348,0.2465909,0.032231055,0.015795305,0.11917234,0.033035643,0.20657973,0.0036279403,0.011666105,0.3580641,0.0060833637,0.0067264764,0.04419027,0.0008622675,0.057831455,0.8624915,0.016833553,0.0038463145,0.37000093,0.0037536193,0.0008819716
3390,0.25972688,0.04069762,0.0010273757,0.013481169,0.07855222,0.4163445,0.004659022,0.7455276,0.002227602,0.0040849163,0.073445596,0.054311767,0.055540018,0.0032433912,0.005792157,0.222416,0.00077852287,0.16748878,0.052994527,0.012904628,0.0022674354,0.74688715,0.40223795,0.005162103
3391,0.103626765,0.039098844,0.011833996,0.0024460882,0.5248966,0.13222484,0.0017778617,0.43032175,0.03186742,0.040943436,0.031326797,0.003198019,0.08672427,0.01838702,0.03819575,0.09593294,0.00062982616,0.3131712,0.027284296,0.005934033,0.0026164611,0.43470913,0.0025493503,0.010574184
3394,0.13268207,0.021178445,0.006480977,0.007276873,0.7683075,0.2610916,0.0055094804,0.4006066,0.012664431,0.014953645,0.019112203,0.008689961,0.06539779,0.023910644,0.009953564,0.023190757,0.0006733548,0.10755155,0.029690072,0.0062329923,0.0124492785,0.24203992,0.013104333,0.007807156
3402,0.8118239,0.5648891,0.062108893,0.033559576,0.19385305,0.10888185,0.006990533,0.6980259,0.113689356,0.04003741,0.007447139,0.04746885,0.003681941,0.0071900836,0.006553338,0.00614347,0.00077790517,0.09882648,0.044218294,0.020926686,0.07951641,0.11434535,0.5984178,0.15804642
3414,0.20812042,0.11207219,0.025456311,0.006922813,0.8846516,0.06837777,0.012478548,0.31005213,0.13721155,0.009483043,0.0034155808,0.0034125242,0.019537257,0.06523682,0.032737277,0.0061878213,0.0007430207,0.18515776,0.015348484,0.0058712745,0.5406668,0.05997195,0.003319213,0.042193197
3415,0.065820284,0.019668711,0.0030369658,0.019908974,0.7690464,0.14312355,0.02279452,0.47748524,0.010654175,0.018004056,0.011597274,0.011595919,0.016426852,0.28276405,0.06285399,0.04204701,0.00069970085,0.39798498,0.003589195,0.0016108105,0.07204709,0.07237187,0.007728481,0.038047623
3417,0.11454924,0.077882744,0.0054921596,0.0029380065,0.18301257,0.20489018,0.0031556888,0.3624965,0.014417575,0.20584689,0.06637157,0.008996582,0.7086944,0.004139867,0.014856808,0.2139127,0.00053622754,0.157472,0.08402447,0.0047045285,0.0014858999,0.4942792,0.011108124,0.010579024
3419,0.5557831,0.6831516,0.009660408,0.036529254,0.24667512,0.112188525,0.0070517147,0.54036635,0.033591837,0.08106563,0.019579139,0.08849176,0.0073069655,0.0039335294,0.012739802,0.04213668,0.0008439227,0.13677011,0.0411328,0.0027088725,0.020346615,0.39035946,0.23410326,0.021206155
3420,0.027563898,0.013649129,0.004593207,0.025768824,0.34102353,0.08783899,0.013676646,0.5876144,0.0077643814,0.025693353,0.030633612,0.049047884,0.17982633,0.0018309732,0.004368874,0.0464241,0.0007092255,0.05458294,0.09748397,0.016566984,0.0008993183,0.27330893,0.058114585,0.001234344
3426,0.10373409,0.020214472,0.007105691,0.039857395,0.17703578,0.118814126,0.005399796,0.84044284,0.0029224784,0.023667006,0.03283532,0.03969274,0.05187625,0.016679643,0.012550456,0.05354005,0.0006129231,0.45689955,0.031080311,0.005013321,0.0084580025,0.3124949,0.06610144,0.006615148
3427,0.16532038,0.30496475,0.043937866,0.010390108,0.110154964,0.054858398,0.0015184287,0.45679864,0.29977962,0.71244603,0.01096088,0.012244424,0.32767698,0.0073625697,0.03873728,0.056385554,0.0005905292,0.12538338,0.10600196,0.008488991,0.01572244,0.29331592,0.018147992,0.0045702206
3430,0.4354498,0.19414213,0.045295306,0.026340293,0.12385713,0.08168874,0.07627719,0.32018423,0.06298271,0.10278318,0.007057136,0.016125124,0.17955613,0.044170357,0.033286337,0.02958732,0.00079533504,0.030636124,0.027889976,0.021709573,0.050466716,0.20138863,0.012764853,0.010096294
3431,0.0707601,0.014733818,0.0078006466,0.017613405,0.7159294,0.28822336,0.0026321446,0.74527025,0.0087408135,0.020529615,0.040475722,0.0066030202,0.050183974,0.017320681,0.026259879,0.17265087,0.00057852804,0.4490472,0.031166598,0.006900897,0.0014123034,0.32907823,0.0023676553,0.004713553
3432,0.08040319,0.12910585,0.08836191,0.009156475,0.7103337,0.05444708,0.02890511,0.287619,0.21356888,0.06247145,0.0032409397,0.0083861975,0.16015747,0.006364623,0.0762462,0.010275956,0.00089940615,0.084415086,0.043619175,0.014741878,0.013138991,0.061932795,0.00950103,0.43464583
3436,0.08889845,0.37102067,0.08693227,0.0514804,0.2399253,0.03565627,0.101256885,0.11423512,0.17752217,0.24644907,0.0061848606,0.012563281,0.47220093,0.019794798,0.027476393,0.07304816,0.0010247637,0.03879012,0.040932514,0.018010806,0.03016191,0.13571581,0.0047532935,0.04422321
3440,0.085795864,0.064236835,0.008335593,0.0359394,0.66564524,0.14878145,0.0044603096,0.6266693,0.08488095,0.053118765,0.0070357737,0.006732717,0.00489191,0.01936023,0.0143695995,0.057307754,0.00056853116,0.29368755,0.10467352,0.0033706788,0.0066617583,0.103108265,0.004949059,0.0082986625
3444,0.020445628,0.002563276,0.0027429562,0.032267645,0.34437117,0.04377785,0.04082324,0.7639536,0.0038581227,0.010090253,0.010038612,0.008364384,0.058424108,0.01595281,0.005002916,0.03578845,0.00081792305,0.26347542,0.009358419,0.004812015,0.005624619,0.20845427,0.016755737,0.00065112737
3446,0.10936635,0.07043597,0.012916035,0.021927996,0.12057807,0.021294083,0.072499864,0.43716577,0.013252458,0.1204743,0.0041953316,0.006327255,0.3851796,0.025402099,0.009940829,0.053141605,0.0007564487,0.08134024,0.7243757,0.0022462457,0.0053064306,0.17356503,0.0036189128,0.001471039
3451,0.55384433,0.19619446,0.0042638876,0.054626826,0.13475312,0.8505612,0.0017944778,0.5799944,0.02121203,0.020970348,0.06882401,0.029553166,0.024036426,0.0032392272,0.01206559,0.23970136,0.0007392432,0.09155461,0.0139838625,0.0059662755,0.018336225,0.76555693,0.042565256,0.04738318
3452,0.008183443,0.01108658,0.0028393203,0.042600695,0.7190322,0.04419762,0.0057574944,0.58686733,0.032822028,0.05690634,0.003650426,0.01341656,0.058004107,0.02385766,0.03139532,0.026276948,0.0006292465,0.35758904,0.021371042,0.001557009,0.0037286954,0.048632815,0.005774478,0.003187178
3453,0.09538456,0.007160985,0.003800138,0.17010775,0.039492086,0.04974763,0.9231553,0.41085738,0.0022069854,0.0049448386,0.0030170528,0.32931912,0.0074409097,0.062234286,0.0021997415,0.047531433,0.0019494987,0.037395295,0.023362104,0.021807527,0.0062874495,0.264004,0.098007806,0.0029225547
3456,0.029412055,0.16249958,0.10338765,0.007929377,0.9594957,0.011180266,0.015323383,0.08284577,0.6132178,0.12528205,0.0041650534,0.013516302,0.021387687,0.009752287,0.038061444,0.0038750889,0.00082506175,0.16806225,0.023240393,0.061066225,0.0050295284,0.014938151,0.0062255715,0.007368489
3462,0.79458517,0.4845571,0.015576421,0.06851391,0.112005115,0.07490823,0.02661452,0.24353367,0.051798526,0.10143718,0.005981507,0.1738058,0.012712212,0.0124314055,0.012591427,0.024336189,0.0008886754,0.1483482,0.3673215,0.011642553,0.022096306,0.19769989,0.1348619,0.026451103
3466,0.6125418,0.7075387,0.092951335,0.020168204,0.13294396,0.016795661,0.007995377,0.16025376,0.060870435,0.752326,0.0029194425,0.045273207,0.45607015,0.04302665,0.047706597,0.030627418,0.0005980329,0.18673252,0.16409327,0.008631712,0.025392849,0.11625246,0.016333684,0.012156923
3471,0.048162963,0.011969937,0.003295962,0.034813475,0.13285135,0.075747475,0.08401727,0.15307812,0.0046934914,0.091102056,0.0037562826,0.036486566,0.8990385,0.039540112,0.008744801,0.3113463,0.00089087535,0.02367752,0.019211182,0.02023636,0.0012636321,0.61175513,0.009280395,0.0023526351
3472,0.12932211,0.038939446,0.008405117,0.007636715,0.24314462,0.11720582,0.0022622289,0.3831659,0.016749226,0.07461658,0.09345258,0.00421582,0.35992357,0.004572527,0.015731534,0.40914366,0.00057223754,0.2370722,0.1913084,0.007966769,0.001070951,0.6179856,0.010192165,0.012017067
3476,0.058160998,0.13533893,0.05663209,0.03110225,0.40474242,0.0073392894,0.3010729,0.14647575,0.12786962,0.15639067,0.0024017412,0.010716351,0.22539772,0.012104412,0.0053352537,0.066954516,0.0012057516,0.02976062,0.6032324,0.0298058,0.01070161,0.08552985,0.009828171,0.0016751137
3483,0.5674709,0.13871527,0.03982444,0.008916296,0.18044832,0.1827429,0.010442243,0.20889615,0.06337282,0.14447762,0.018588725,0.008458935,0.27645016,0.024680639,0.013268548,0.041038025,0.00063477637,0.04836536,0.31944105,0.026006361,0.044181366,0.33862218,0.0100591,0.009406371
3486,0.068177275,0.11278629,0.0080152955,0.034699876,0.4804853,0.40599957,0.010206154,0.4215377,0.098351896,0.072620295,0.037404448,0.01182277,0.03937307,0.023486694,0.020360349,0.17746802,0.00058915827,0.098665744,0.020650597,0.005543042,0.0064496733,0.33931065,0.003443367,0.0038868354
3489,0.14130293,0.5336416,0.060219366,0.092354484,0.2160015,0.053290956,0.009222562,0.57302105,0.16142334,0.25596696,0.008425254,0.16721773,0.0075401408,0.0234489,0.07348162,0.020030372,0.0006520411,0.4616968,0.008562933,0.012814964,0.01090474,0.044159226,0.074724056,0.02365838
3490,0.14896356,0.13111715,0.019453827,0.085045785,0.18446746,0.06469111,0.037605807,0.62009877,0.07273214,0.073690474,0.0029959523,0.032810308,0.07748137,0.012725475,0.0070626144,0.07056569,0.00082202326,0.056860145,0.025805306,0.006717776,0.06304483,0.14077361,0.049829025,0.16887225
3492,0.09991808,0.053258188,0.012372999,0.051391494,0.66755134,0.18479306,0.1290595,0.27717564,0.016393565,0.024652958,0.011222623,0.048630938,0.003983558,0.01634363,0.0141675165,0.015391862,0.0012699037,0.124484055,0.02609826,0.007462133,0.012832227,0.17292942,0.023580562,0.0018332753
3493,0.20942761,0.012861519,0.0024451762,0.081113845,0.13733685,0.13592239,0.58747655,0.31630304,0.0021387974,0.009427167,0.0025534783,0.040953998,0.026422525,0.47457227,0.0066313115,0.05124204,0.0012929203,0.01536866,0.054351263,0.0060569393,0.010538594,0.31060204,0.03213016,0.004751999
3496,0.38142893,0.037335612,0.0024955547,0.02655614,0.4828424,0.74907047,0.001957384,0.6597798,0.025798827,0.014338041,0.06247005,0.010958709,0.0033605255,0.012626078,0.01445811,0.17282712,0.0006710207,0.14636542,0.0026156974,0.002694929,0.046493955,0.64472556,0.0053667896,0.008736311
3500,0.027380634,0.22360867,0.019654885,0.03426511,0.6117466,0.029407848,0.012006429,0.70283955,0.24062696,0.050598286,0.0058803577,0.013850298,0.015977284,0.031859428,0.03077601,0.020240242,0.0006569511,0.3497354,0.03861442,0.0029630824,0.015251372,0.034584068,0.010294489,0.010492853
3506,0.10859561,0.06194778,0.040556617,0.012617367,0.93772346,0.08599881,0.0119557455,0.16524865,0.25091562,0.031713404,0.0067375917,0.0023750486,0.01399628,0.23839353,0.064934544,0.012743149,0.0006196293,0.17444572,0.037689604,0.005263398,0.1094354,0.03575381,0.002818907,0.0063697547
3507,0.84037364,0.4393162,0.0461589,0.010701155,0.07372417,0.029389732,0.011469246,0.26320523,0.024697449,0.37077093,0.0045240424,0.03789546,0.47982973,0.013836211,0.005760662,0.031472895,0.0007608476,0.06673466,0.19880378,0.024024136,0.01964,0.30276096,0.050771747,0.0066798255
3510,0.28158686,0.052357085,0.0017591955,0.099385135,0.032841127,0.10970489,0.7402767,0.30618128,0.002396927,0.0052458765,0.0035527723,0.21176538,0.24741963,0.0115928585,0.0029141963,0.15866084,0.0016282558,0.0036023466,0.08219801,0.00408149,0.005294311,0.39065215,0.09837516,0.046604257
3511,0.014584017,0.007273358,0.01602323,0.31779346,0.62635535,0.105657674,0.17363022,0.6232741,0.036736447,0.014467352,0.010091911,0.061356116,0.013176872,0.019419398,0.024574751,0.03890147,0.0010769357,0.09911327,0.010799722,0.014231768,0.015131538,0.08631174,0.004575814,0.0064813755
3512,0.020236062,0.015146063,0.02368625,0.106595196,0.74375856,0.0113899065,0.5374615,0.29710194,0.033402547,0.0065574087,0.0013102082,0.01324532,0.003572571,0.660818,0.28587776,0.003261358,0.0012816418,0.21287154,0.00551909,0.024955958,0.062115118,0.010114296,0.009951483,0.0059403507
3516,0.03573743,0.014911602,0.0068297293,0.005332218,0.592899,0.06518139,0.018395646,0.3543261,0.00742451,0.017394098,0.0031821902,0.002594759,0.3609241,0.130431,0.014934349,0.019688347,0.0006365014,0.08423547,0.02098567,0.004513082,0.010724589,0.11466308,0.0018586542,0.012056817
3517,0.01899286,0.030304277,0.019630032,0.024004903,0.66827095,0.0073138857,0.017939225,0.29933354,0.08112009,0.04593626,0.0117908595,0.07170934,0.020420473,0.00890172,0.06616857,0.025988372,0.0007942652,0.50373626,0.016189333,0.025844468,0.009560551,0.034722064,0.036027778,0.008073596
3523,0.03506825,0.028843518,0.022752604,0.009218939,0.7240551,0.14156707,0.014295164,0.3184325,0.023784013,0.010305256,0.0177793,0.014766139,0.056934025,0.0014346745,0.0078286305,0.024107527,0.0008005038,0.22850569,0.026364641,0.015778895,0.0029147742,0.1086878,0.005096732,0.020707127
3525,0.1838392,0.015639031,0.007491241,0.013656192,0.059703056,0.112606056,0.02105781,0.45540246,0.021490883,0.027152684,0.011368727,0.005164168,0.46230748,0.0053478857,0.001671144,0.16723746,0.000706913,0.021800779,0.4557812,0.009153702,0.02888228,0.4804987,0.0055434313,0.0009927696
3530,0.48798984,0.3375287,0.012719349,0.034636877,0.16385867,0.039092746,0.059043076,0.22013272,0.031885415,0.027697524,0.020975959,0.013525728,0.071173094,0.00401579,0.004848388,0.21339712,0.0010333469,0.08488198,0.8379313,0.004699842,0.010271646,0.38666025,0.020187361,0.001215788
3531,0.02220216,0.039022394,0.010614385,0.06726711,0.5666815,0.105010204,0.003481978,0.7988257,0.048713915,0.058452897,0.008949282,0.013841976,0.015334056,0.0060663912,0.0117813125,0.03454495,0.00056422444,0.31957024,0.018583177,0.00662716,0.014135678,0.08914958,0.010380082,0.008898977
3536,0.17415783,0.1801419,0.046870172,0.006148512,0.80941993,0.10675214,0.0020932008,0.25779057,0.5058728,0.120783344,0.009748681,0.0012423677,0.04778666,0.019731725,0.020938702,0.07581497,0.00061358593,0.23229486,0.13196924,0.008528631,0.06299943,0.16047435,0.0069386647,0.0062868213
3537,0.055980906,0.52767676,0.017608356,0.02852093,0.27143255,0.011502022,0.0027749017,0.7114198,0.07899472,0.13984469,0.011466174,0.035278287,0.049420014,0.005403634,0.048424058,0.03255855,0.0006572868,0.55686134,0.075382106,0.0065863454,0.0076523423,0.05795848,0.019720087,0.2713839
3549,0.6697078,0.23008879,0.007495298,0.009415578,0.25463855,0.33853394,0.005218019,0.13545313,0.04607178,0.0804868,0.009495131,0.0032835884,0.2635228,0.0052132267,0.0023552075,0.15535045,0.0008418081,0.03293166,0.8518103,0.0020130828,0.008233485,0.88626754,0.0015869341,0.0013356501
3553,0.079643644,0.17753196,0.046808574,0.008864281,0.65954894,0.0843081,0.00089625677,0.25061637,0.27179903,0.10427253,0.04244794,0.0031495763,0.13123313,0.0064877653,0.07963299,0.13333836,0.00050639693,0.32422403,0.075921714,0.012947393,0.0062719467,0.21749799,0.003315648,0.0026264274
3556,0.4152893,0.12662196,0.0035075678,0.023230005,0.08641378,0.44653252,0.02474299,0.38551,0.010775317,0.0069789635,0.024985291,0.00882855,0.19161844,0.012284407,0.0077212406,0.22123343,0.0006469699,0.076651484,0.08644938,0.006362585,0.0093339775,0.7574142,0.014033984,0.047285553
3561,0.020687493,0.006025121,0.0060986485,0.037240367,0.5518938,0.41051918,0.05310949,0.69433624,0.008896336,0.015093299,0.044949815,0.012366621,0.026549349,0.010889603,0.011306081,0.11674788,0.00076112704,0.11729167,0.011909567,0.013095734,0.0041412455,0.22517635,0.0035000974,0.005651577
3564,0.02546867,0.0031309447,0.0009745317,0.20639436,0.089722164,0.7169407,0.16633365,0.7898609,0.0022064385,0.0029637432,0.050530743,0.027396962,0.009225478,0.13151765,0.003178488,0.17367469,0.0008565521,0.116279595,0.0034405766,0.001997187,0.011168564,0.4189907,0.0033660447,0.0036351627
3568,0.031178208,0.09249694,0.01542448,0.0092130955,0.42574444,0.032986473,0.00055082893,0.8268955,0.0614255,0.10084329,0.0090562655,0.0025053904,0.08517362,0.009173838,0.025495809,0.033394158,0.00042456534,0.5310237,0.03875035,0.010725565,0.0028786191,0.09422581,0.007854454,0.0044375407
3572,0.033376615,0.11028723,0.17638512,0.044011198,0.6414142,0.04016251,0.055369828,0.21766868,0.29671758,0.10145491,0.0026121866,0.00662674,0.12646295,0.32987088,0.08570195,0.013395432,0.0008918942,0.091677636,0.13341591,0.016057517,0.029422803,0.047735263,0.00093901384,0.036143143
3575,0.7977038,0.748242,0.020753093,0.05306515,0.070298456,0.20921692,0.005975677,0.3119471,0.04052382,0.25996366,0.018292665,0.07103001,0.034678936,0.010723046,0.025677567,0.054835927,0.00063058897,0.10240576,0.435416,0.0023593283,0.01285882,0.4658853,0.026542425,0.068367794
3579,0.039553232,0.044741206,0.006049079,0.01773081,0.21963154,0.059591603,0.0022876184,0.81160414,0.03005877,0.06321997,0.023318468,0.0044442676,0.06708846,0.010325151,0.02835258,0.13057028,0.0006453595,0.44659993,0.020203797,0.006099811,0.005456945,0.29103312,0.017393682,0.006055458
3581,0.12840152,0.2369727,0.009254197,0.009103287,0.15456036,0.13238262,0.0028912094,0.60873467,0.061947986,0.03910885,0.080128506,0.030218199,0.08013497,0.0062391483,0.02488683,0.13573192,0.0006295129,0.45990765,0.016005406,0.007634887,0.008135687,0.50329065,0.010862534,0.015791927
3584,0.034604046,0.034925684,0.00835845,0.029918963,0.33439282,0.089772366,0.1539854,0.7865552,0.038806073,0.011925108,0.022887515,0.10780317,0.0024160072,0.0156195685,0.030448986,0.024490576,0.00088285236,0.39855254,0.008024768,0.023846904,0.11168115,0.027854595,0.12435272,0.052930225
3586,0.24883087,0.11330726,0.0046118745,0.004665143,0.70190334,0.37365678,0.0053468486,0.12510625,0.13858733,0.03949225,0.005621561,0.004476382,0.24588406,0.0053159557,0.0034379454,0.054149475,0.0007008714,0.023305498,0.109837204,0.0037871087,0.004501287,0.5363235,0.0038861854,0.004771308
3591,0.02259134,0.02731716,0.052479547,0.07147363,0.9083462,0.032844603,0.57638973,0.14198932,0.12138671,0.021590438,0.003799692,0.022913523,0.009598757,0.09680927,0.047222555,0.0040081646,0.0016213816,0.048965387,0.013989438,0.031068226,0.041297503,0.019078821,0.007857718,0.010536148
3594,0.019154754,0.10072707,0.024573632,0.048894666,0.42365128,0.01856354,0.0053437273,0.79826456,0.0523612,0.02330488,0.008140186,0.025245558,0.006133059,0.19528276,0.15407173,0.010586384,0.0005989062,0.8434719,0.024906168,0.0107583245,0.01977596,0.030610861,0.10702158,0.0047284546
3596,0.101408824,0.039940037,0.014485222,0.0061327275,0.49386248,0.12525788,0.003466809,0.5319332,0.026946422,0.037265483,0.009238707,0.009280825,0.0414884,0.0030256177,0.013824139,0.021818642,0.000602231,0.6355202,0.054344863,0.003823005,0.0021284958,0.21559557,0.0076635387,0.004545188
3598,0.31420594,0.06777782,0.0020750763,0.007027889,0.5694511,0.2260899,0.002899217,0.69100225,0.018346561,0.021725059,0.013656424,0.018255508,0.0092228195,0.005248405,0.0075797476,0.115680136,0.0008344944,0.3591565,0.037346367,0.004478556,0.021486005,0.49269614,0.05981828,0.0057120924
3600,0.11585303,0.011353966,0.003048958,0.009092334,0.2839883,0.39272884,0.007389893,0.46404797,0.0041219224,0.01880843,0.06474005,0.0051864055,0.4282726,0.009654566,0.0071039586,0.33135203,0.0005538062,0.042614993,0.023580074,0.009314398,0.016607244,0.64036113,0.0051870896,0.0030308277
3604,0.28349945,0.11077908,0.020244513,0.01604476,0.45542222,0.75087935,0.0022919027,0.547144,0.036853045,0.049408,0.039010055,0.007095024,0.035086684,0.013596359,0.022096936,0.033829734,0.00054102857,0.108371414,0.03850962,0.004152618,0.011390448,0.4835196,0.0040816935,0.019984825
3607,0.26749367,0.0184896,0.003678628,0.013805878,0.18668278,0.5957531,0.0032168725,0.45397264,0.004951873,0.02945932,0.050228935,0.017840823,0.2754264,0.0339653,0.017383156,0.26358625,0.00057732523,0.12786223,0.03593376,0.005437957,0.010558386,0.74180067,0.016122423,0.019499622
3610,0.059183348,0.07544581,0.0059446017,0.33513975,0.14200443,0.18620996,0.043523874,0.8643891,0.010745624,0.016246086,0.017365051,0.103022225,0.0031686136,0.026657417,0.01170018,0.105346724,0.00073439366,0.19256377,0.012147245,0.0055085267,0.01830334,0.24349684,0.09936468,0.021863261
3627,0.09267182,0.37254366,0.06316885,0.024052203,0.2920438,0.030118128,0.0029457186,0.41267782,0.21598694,0.6499258,0.0078819925,0.041504722,0.08347541,0.006717893,0.020132536,0.12381699,0.0006365785,0.17733534,0.020862898,0.01954462,0.004210345,0.089081205,0.024222298,0.012149911
3628,0.043113533,0.0046994695,0.0041490486,0.16679116,0.13354145,0.34790593,0.011687803,0.8523278,0.0018551472,0.009831448,0.07823245,0.09250202,0.032685515,0.003032583,0.009348305,0.060507465,0.00063597783,0.31059298,0.0050535593,0.007803053,0.0032767272,0.32783106,0.023386454,0.0063756993
3629,0.056860656,0.121966355,0.009856118,0.032465182,0.30711144,0.041977923,0.004915103,0.70553446,0.07153772,0.038718835,0.016322616,0.021253938,0.014930253,0.0058134575,0.046594128,0.03177904,0.0005597144,0.5335286,0.013930653,0.0057240557,0.009113714,0.1291218,0.030493738,0.021334562
3630,0.45683494,0.010281564,0.0045046746,0.013691641,0.23275599,0.9617128,0.042743653,0.27706426,0.004455851,0.0047111283,0.034110606,0.01818612,0.065282084,0.008193449,0.003166873,0.20296125,0.000918006,0.012579014,0.02295406,0.009304864,0.004116807,0.8087119,0.0023757436,0.0075271954
3631,0.0054354537,0.010142923,0.0039592115,0.25778142,0.41008902,0.065055326,0.030960372,0.8952778,0.008628024,0.006715701,0.006996033,0.039409846,0.0058999327,0.09363111,0.010464103,0.032211386,0.0006810893,0.5069343,0.011226444,0.0020407594,0.0061665806,0.09640348,0.0076469486,0.004755446
3633,0.09048108,0.025947515,0.0033989938,0.011894594,0.19408575,0.57803285,0.008029598,0.5167168,0.007908713,0.034177627,0.06923241,0.009332826,0.6429282,0.005466775,0.0092108715,0.6574617,0.0006019871,0.08188858,0.15494184,0.0038698136,0.0015490596,0.6061883,0.0059818155,0.0014576348
3636,0.10533167,0.01351388,0.00845556,0.061328843,0.47381508,0.24300465,0.009297469,0.3993724,0.0216712,0.026085768,0.032977127,0.019827483,0.022813061,0.05277011,0.038210034,0.062385354,0.0006448433,0.3164735,0.0463449,0.012606744,0.0051177624,0.24313399,0.008267418,0.01522978
3637,0.009502349,0.009324903,0.005591616,0.07075216,0.6949596,0.071847625,0.012467771,0.88930476,0.011810008,0.024278028,0.006253417,0.009007484,0.0024487367,0.021968639,0.017559567,0.036526777,0.0008003795,0.67982244,0.008518646,0.0047422373,0.007781044,0.10643958,0.0059375726,0.0019866016
3638,0.6534466,0.029612152,0.0029097341,0.017677207,0.49000224,0.6866082,0.0015101511,0.597295,0.012346766,0.01030725,0.039908145,0.014084065,0.010125096,0.0074766483,0.011383953,0.027207527,0.00068293593,0.12642273,0.005469503,0.0070641995,0.028237313,0.46788394,0.025778672,0.26673907
3640,0.3515482,0.06522794,0.004692304,0.0379386,0.084352106,0.45403722,0.07848694,0.37744012,0.0044243666,0.0045383475,0.029756939,0.019560847,0.043979127,0.018242719,0.010628516,0.31411588,0.0009727339,0.070168674,0.12251735,0.008320963,0.0017656215,0.67525804,0.02599302,0.004355555
3644,0.37269774,0.5537507,0.06303273,0.06665677,0.08958784,0.0055129067,0.09100415,0.40159217,0.041556638,0.35417572,0.0020954001,0.06134714,0.070419565,0.005704241,0.009049755,0.019977132,0.0011836833,0.06532863,0.7082598,0.03382538,0.008056155,0.23653644,0.023649719,0.013198039
3648,0.11852197,0.01812265,0.0023989643,0.18748236,0.16080746,0.41422665,0.030104376,0.8624778,0.0048257746,0.014624572,0.0226021,0.05121627,0.007897359,0.00877852,0.0021262476,0.091869935,0.00066826335,0.07307664,0.031166153,0.006725569,0.0325575,0.28365588,0.054208703,0.013497685
3654,0.02388606,0.08304615,0.05546853,0.016734893,0.10887305,0.0073851063,0.01478147,0.23310189,0.05825578,0.39865074,0.001787815,0.0058131986,0.541501,0.012101788,0.0076572825,0.082478985,0.0007883478,0.17229985,0.107816584,0.023272688,0.0065350626,0.31315622,0.0035509008,0.009700036
3655,0.48352247,0.4497612,0.010635825,0.07205119,0.028105335,0.06833008,0.008609864,0.5344854,0.011265522,0.03710896,0.044515446,0.054135967,0.48663267,0.011268841,0.015294536,0.34529144,0.00068799144,0.08739542,0.19684991,0.010789294,0.0023620864,0.76248544,0.29905382,0.014311157
3657,0.06730727,0.0482138,0.007076472,0.009686724,0.47919756,0.35595977,0.0075330753,0.48540747,0.010442977,0.02547022,0.105665304,0.010630777,0.043741904,0.018109612,0.048888158,0.1475046,0.0005766582,0.47737622,0.013594013,0.008446449,0.0040706634,0.45307022,0.01471606,0.007666916
3665,0.079271905,0.12038842,0.07570657,0.016055048,0.16914505,0.0052666846,0.18532987,0.07298079,0.110003166,0.17358752,0.0021667609,0.01893545,0.6245924,0.006549098,0.0043519977,0.0686144,0.0011101216,0.029529164,0.6513888,0.032960117,0.01147773,0.120932646,0.005371939,0.0037868102
3670,0.1278679,0.05306034,0.0061852885,0.0140895685,0.17487621,0.15887348,0.026689297,0.38039738,0.01673614,0.06204743,0.012394993,0.0067804777,0.14931357,0.01310503,0.012346941,0.22628225,0.000792904,0.22298689,0.022274459,0.010074833,0.0067939074,0.7156591,0.00530447,0.0016253208
3672,0.03134468,0.3356799,0.18837826,0.062647864,0.7828815,0.011988223,0.003800553,0.36893785,0.65964156,0.38739294,0.009665131,0.041565318,0.021404905,0.009160499,0.2119692,0.016658751,0.00054769876,0.45851043,0.008423677,0.027320381,0.0114422515,0.016998308,0.009610306,0.011870548
3674,0.093683794,0.32779044,0.032385226,0.014048685,0.13363673,0.010088563,0.018369243,0.17200233,0.08752156,0.19334924,0.0042534475,0.028773353,0.8612052,0.0130773615,0.034882106,0.35072014,0.00080641167,0.05679524,0.17987122,0.019613747,0.0021438,0.3694727,0.01677667,0.016230242
3675,0.05857458,0.025920637,0.0012381137,0.016359285,0.24810386,0.17404212,0.0014940959,0.69734603,0.016310548,0.0276631,0.13540077,0.005946583,0.1451237,0.0116006145,0.02894695,0.31645384,0.00051808514,0.3033161,0.01697054,0.0017109195,0.017521825,0.49681923,0.005667303,0.00516956
3676,0.21772228,0.16328134,0.012607088,0.007907905,0.939136,0.08758137,0.014476942,0.22286469,0.1727568,0.031306632,0.0054922113,0.0024958171,0.0077836476,0.09967388,0.023800084,0.0040493193,0.0006734087,0.13473642,0.018209694,0.0028588127,0.7630429,0.059016883,0.0019956487,0.012702671
3683,0.017191147,0.11636414,0.024206184,0.48441955,0.06946356,0.010340159,0.49066654,0.7145351,0.0209412,0.16036956,0.0017888654,0.10514616,0.02230189,0.02604309,0.011630949,0.04388883,0.0013356628,0.08103298,0.028656034,0.009980338,0.0035351354,0.030395685,0.05910629,0.004582483
3687,0.023766749,0.019308727,0.0041314894,0.022941995,0.18686683,0.053594973,0.027942093,0.7474823,0.011529399,0.01123677,0.011096773,0.008648924,0.056647204,0.0065508853,0.009026334,0.029129704,0.00086481374,0.14601237,0.03350549,0.00589887,0.012066796,0.12396007,0.0031132246,0.036247823
3690,0.00937463,0.020119062,0.010378299,0.032523602,0.8030876,0.11524359,0.0045336992,0.6547705,0.036780056,0.035533473,0.0076461527,0.008510828,0.014436646,0.0462338,0.049115676,0.027427932,0.0006261139,0.77341235,0.00834627,0.0030712702,0.007694926,0.057139345,0.002418422,0.01331967
3695,0.42229822,0.4854524,0.030803988,0.10812964,0.15702535,0.035280973,0.013963323,0.6566226,0.08981573,0.016858304,0.0040458767,0.11870424,0.0022598838,0.032318495,0.0362026,0.0043064076,0.0008625087,0.19557208,0.021157688,0.014788658,0.087073475,0.031959638,0.37680143,0.7475745
3696,0.020580154,0.074156955,0.017652862,0.04518248,0.39632624,0.03662469,0.023642464,0.575458,0.051072385,0.10278558,0.0128269,0.02304079,0.09223887,0.015255153,0.092886485,0.052381456,0.0007397453,0.4164324,0.045208387,0.010351193,0.007100101,0.07856195,0.018818315,0.0076075215
3699,0.031799998,0.024707742,0.011818772,0.018974122,0.86157,0.034137495,0.011064247,0.43961746,0.06620935,0.014969745,0.0012568011,0.023666427,0.017757613,0.058002338,0.00987612,0.00677427,0.00077059603,0.13685966,0.060179975,0.0021507721,0.23097315,0.014443264,0.008227728,0.0073923036
3701,0.029937167,0.017852785,0.016554365,0.03869524,0.9072906,0.080204844,0.059543226,0.6420237,0.027649533,0.026028464,0.007041186,0.020849027,0.003649238,0.39131722,0.09976443,0.008268614,0.00078258745,0.474645,0.0069964966,0.01566595,0.024203967,0.041201074,0.012981568,0.0022917108
3709,0.045071855,0.14398597,0.028253324,0.004152742,0.7764097,0.014698081,0.0032262052,0.25717372,0.11623207,0.035894472,0.016890889,0.0057618525,0.16512911,0.00682199,0.033583578,0.056472108,0.00067180715,0.62158906,0.025794422,0.017208962,0.0036840758,0.122491226,0.021959418,0.0042309687
3711,0.093635336,0.025276624,0.004568342,0.0041183205,0.2755652,0.16571553,0.0019734474,0.65128183,0.018567078,0.101092994,0.029178765,0.0026906852,0.40028596,0.0065029664,0.014602915,0.29826418,0.0005335695,0.18189499,0.013403143,0.0030163643,0.0019305062,0.40786958,0.0057560806,0.006793168
3712,0.17029613,0.21371713,0.02071975,0.056229867,0.31396213,0.26735654,0.029872186,0.50175565,0.051530458,0.02481634,0.008959327,0.017245088,0.005704563,0.043690044,0.05854608,0.011987856,0.00061696715,0.38409385,0.02172249,0.010843604,0.28109854,0.12434765,0.0051274467,0.016963668
3713,0.23198828,0.33712292,0.020508403,0.024496712,0.10178848,0.0915063,0.004828063,0.6954664,0.025632694,0.02470634,0.025657704,0.13028745,0.028733589,0.0054657846,0.030175673,0.06818614,0.0006754346,0.48057562,0.03181891,0.007462264,0.005252731,0.14966457,0.103283174,0.1188753
3714,0.014009277,0.006390143,0.0015885116,0.024401814,0.3958332,0.07568887,0.0028290623,0.9361455,0.013034285,0.011165288,0.014944235,0.00770488,0.013600165,0.011516907,0.004423113,0.036224168,0.00056972296,0.4213204,0.02058125,0.0036624693,0.04121399,0.18317476,0.0135497665,0.004639225
3716,0.037206173,0.18349716,0.018252525,0.10279145,0.21704966,0.011078031,0.008075891,0.84480053,0.07027865,0.18572311,0.004164292,0.50692314,0.0041488376,0.0067259255,0.011561838,0.03653287,0.0009044567,0.4088851,0.011152803,0.007475198,0.021987656,0.04831423,0.22939336,0.028531289
3718,0.32790276,0.08719175,0.0049537104,0.13114074,0.17270549,0.65493435,0.003376458,0.77116835,0.015746204,0.024483157,0.06005747,0.011217322,0.041738752,0.021664789,0.020508986,0.25732327,0.0005676908,0.13946259,0.010837039,0.0083534755,0.031927023,0.61915356,0.0063235895,0.12973195
3719,0.2113842,0.65013355,0.25113204,0.014068295,0.34012672,0.08385202,0.004644819,0.3838606,0.6129392,0.42707133,0.002265532,0.009384811,0.06939345,0.010467624,0.025259245,0.023607673,0.0007479456,0.07060849,0.11738373,0.03125406,0.024885736,0.2004102,0.015319822,0.05078079
3725,0.024109794,0.038652062,0.0094209025,0.054967932,0.7869403,0.016783388,0.008267918,0.59402925,0.049753234,0.12098363,0.0035485597,0.011170908,0.0050888676,0.009925687,0.037056543,0.053671066,0.00078702293,0.7412099,0.010895435,0.0021802855,0.01057378,0.025033038,0.008293924,0.0018602879
3726,0.06020934,0.095607504,0.01335359,0.008396803,0.41042244,0.021129452,0.0046552867,0.41109285,0.024950793,0.076622225,0.012893087,0.009828798,0.14082357,0.0059896177,0.014811282,0.13079855,0.00065534055,0.7155206,0.086124845,0.008708502,0.0036699418,0.25243875,0.011455425,0.0031447038
3727,0.5623026,0.056290075,0.0038614261,0.03713918,0.36994314,0.28778717,0.022722214,0.4623776,0.013811092,0.026629534,0.011494997,0.014882512,0.021011898,0.06836184,0.00833758,0.010121512,0.0006756297,0.06955526,0.01730762,0.004331572,0.49487254,0.17571434,0.017055403,0.011160857
3730,0.06673581,0.25189292,0.022992624,0.04846356,0.15249899,0.04372458,0.0048273248,0.8272452,0.066540055,0.1266134,0.00970267,0.06279298,0.06351531,0.0057911547,0.01218078,0.06941575,0.00063592754,0.1813188,0.017167784,0.009205229,0.004666199,0.15770258,0.069370665,0.023363333
3735,0.20300487,0.08184929,0.021283904,0.019258693,0.15684323,0.087260336,0.01756085,0.19653656,0.036813207,0.30267626,0.008243228,0.012802458,0.85846174,0.02425231,0.017362742,0.09682699,0.0006384599,0.014312833,0.07182143,0.009260363,0.013928682,0.59163,0.021392465,0.0069240616
3736,0.7775077,0.04519001,0.0067377863,0.058610108,0.09942296,0.81731904,0.013099326,0.5521003,0.003916168,0.028198222,0.055999808,0.17112681,0.0331129,0.0038335288,0.0027149338,0.047092017,0.0007927586,0.016461441,0.032465547,0.013364601,0.0037892428,0.63585526,0.034097645,0.030559935
3738,0.027520074,0.048506238,0.027121957,0.012467612,0.7565695,0.05870682,0.0022515473,0.49486378,0.17664368,0.15740572,0.008044162,0.0033407088,0.17592736,0.032710392,0.033556428,0.040412918,0.00048421288,0.24626224,0.019651454,0.0055171694,0.007364389,0.08529564,0.0023219406,0.0036788075
3740,0.24958417,0.14239772,0.017748382,0.02903497,0.60246843,0.118154466,0.0015161473,0.8447062,0.17799872,0.014142026,0.005947045,0.01344975,0.0029208837,0.036129456,0.017526234,0.0064726826,0.00050251174,0.2043257,0.046923924,0.0043302807,0.074975185,0.051959787,0.10270643,0.03174707
3741,0.11329509,0.19966069,0.016599108,0.06281596,0.56681556,0.20442003,0.0024144622,0.75361806,0.14850625,0.05862494,0.009699441,0.010451288,0.009214105,0.0129820695,0.050498083,0.017321087,0.0006688457,0.3880101,0.027336866,0.004132794,0.021944933,0.09880374,0.0016954488,0.012275184
3744,0.42970297,0.026388044,0.006838241,0.01882901,0.19945492,0.7551135,0.0019260909,0.8446927,0.011173383,0.009695969,0.10958479,0.01704737,0.0044054575,0.0067760735,0.008321002,0.029073374,0.0005387792,0.22648159,0.014488212,0.0086452,0.14278643,0.5200677,0.020930858,0.05001314
3747,0.028396145,0.14025839,0.01600923,0.0344169,0.16557862,0.07158782,0.004768614,0.5490257,0.13781789,0.28960055,0.009272997,0.019057361,0.0799395,0.005707514,0.05218843,0.13309051,0.00067327934,0.19740471,0.012566464,0.0055505903,0.0032174552,0.2701717,0.008635185,0.025306523
3748,0.032895066,0.02765255,0.0036385702,0.075301185,0.395506,0.14986536,0.17121679,0.53083336,0.010480053,0.0036959525,0.015953192,0.03217949,0.0028196832,0.011110669,0.013361193,0.06318709,0.0013782746,0.053273227,0.0067185643,0.012568676,0.012801247,0.28835395,0.0049786544,0.0019842999
3750,0.37722978,0.266329,0.075464204,0.070384614,0.38280296,0.07410675,0.0041783275,0.4450681,0.1200038,0.12558487,0.014726774,0.19153585,0.005552757,0.01215721,0.050754953,0.033305436,0.00073840073,0.3148592,0.026537731,0.059185434,0.01862948,0.11127529,0.25707793,0.008012168
3754,0.015656196,0.004763168,0.0021979213,0.042450894,0.6159528,0.3241291,0.0045102676,0.7678564,0.025271522,0.007158951,0.017022802,0.0085184965,0.023870885,0.0107094385,0.017118333,0.06456602,0.00071282766,0.20700258,0.012583202,0.0015485104,0.013461809,0.21788476,0.0038724488,0.0023428672
3756,0.012758119,0.019016316,0.005875295,0.43561092,0.14983164,0.012244684,0.574983,0.44213954,0.009675748,0.059372347,0.0047879023,0.06189938,0.062581405,0.14540443,0.022649173,0.058551546,0.0010780966,0.18020363,0.01631676,0.007249855,0.020238573,0.031246942,0.015690617,0.0067782816
3758,0.08721236,0.10485706,0.030444756,0.09020976,0.26624867,0.064287804,0.028359482,0.5694208,0.06045847,0.12467591,0.0077947513,0.030772412,0.16899908,0.0137698855,0.021548415,0.18275785,0.0008619278,0.08816937,0.08894344,0.022322558,0.007785382,0.17176634,0.03081019,0.015053485
3760,0.1772182,0.076093785,0.0067663565,0.06079554,0.5930348,0.5408598,0.0034065698,0.43715712,0.03227257,0.024225278,0.043206275,0.010713702,0.019449208,0.016099557,0.056012467,0.011909337,0.0006216004,0.23178406,0.016226474,0.006451504,0.019747237,0.32991472,0.0083717005,0.12972355
3762,0.6883984,0.66538507,0.0733028,0.028819479,0.08953818,0.048310634,0.008270753,0.27693683,0.21566693,0.5479104,0.0020187583,0.042683903,0.071567625,0.012507915,0.0149936415,0.024374703,0.0008490862,0.041340087,0.04410098,0.0039333235,0.05332301,0.13559453,0.016781729,0.081078246
3763,0.047326956,0.00645635,0.0007986824,0.060612746,0.3214449,0.20648137,0.032911986,0.7196564,0.0016682873,0.002551075,0.022592,0.06564759,0.0061379555,0.004926581,0.0051909983,0.114415765,0.0010070647,0.21655773,0.01631279,0.00083234627,0.0039707534,0.3521577,0.097098604,0.0047387206
3764,0.032753255,0.017355526,0.00413186,0.024711177,0.242249,0.33676347,0.009950727,0.82348824,0.030835913,0.008367054,0.031231154,0.015237785,0.073482655,0.05447059,0.013527598,0.07456782,0.00050503446,0.27420425,0.008725626,0.0025375579,0.034472447,0.24696109,0.0039345194,0.0064630792
3766,0.0047321115,0.054679397,0.004406859,0.07108784,0.44159913,0.029319674,0.009727084,0.8885733,0.043803908,0.051065475,0.008745335,0.0242276,0.010869658,0.007683611,0.01703709,0.06622047,0.00062633207,0.50590277,0.012666362,0.0036038652,0.0112596955,0.022793924,0.019587532,0.0051322263
3769,0.014870423,0.014213959,0.016485779,0.0053468687,0.40298143,0.086236335,0.0048033935,0.4048224,0.06809542,0.07933736,0.035423063,0.0037056257,0.2796264,0.019444471,0.05209877,0.30769008,0.00063085766,0.37298423,0.05103912,0.014026069,0.0011208155,0.26850167,0.0024711064,0.0025173991
3775,0.03144525,0.06951711,0.014483092,0.011993376,0.41008842,0.17954731,0.0039190897,0.5140109,0.028528793,0.18105103,0.017957445,0.007740023,0.12353134,0.029593194,0.023036148,0.053516977,0.0006413002,0.27078548,0.040808342,0.0026215757,0.0018312443,0.22200483,0.0037267122,0.0036369492
3778,0.034598343,0.035432268,0.009600902,0.027100816,0.29798,0.16828679,0.0044939597,0.56030655,0.03772101,0.08004867,0.030801198,0.004659637,0.4248319,0.020182839,0.00906228,0.083812654,0.0005045552,0.05217011,0.064096145,0.010430507,0.003087654,0.2628738,0.0055906354,0.006111982
3788,0.02840715,0.013114548,0.0038896792,0.00825565,0.18640806,0.33846366,0.0037420238,0.59937716,0.032236144,0.05301086,0.075812675,0.004489514,0.6139512,0.0037370515,0.0045170984,0.4680753,0.0006241154,0.13205782,0.115891054,0.004561008,0.0040780897,0.7140369,0.005468312,0.0018910439
3796,0.019181428,0.009072687,0.007424218,0.0091014635,0.9657029,0.1631078,0.055948272,0.18403897,0.0073185125,0.023738232,0.0037634182,0.011768589,0.15235661,0.08198636,0.093898475,0.020316584,0.0009128551,0.1502222,0.0046379347,0.013574633,0.003624402,0.074982725,0.0072539025,0.002760804
3797,0.7610134,0.1479555,0.0076168906,0.013087711,0.2193753,0.7671035,0.007852935,0.44155648,0.009231918,0.021090865,0.0989614,0.005867435,0.048248746,0.013587205,0.010041186,0.18660271,0.00062532496,0.10031261,0.044087186,0.0042277514,0.058826607,0.8062695,0.005974669,0.031663783
3800,0.124217816,0.48392627,0.05469897,0.037405152,0.18032917,0.019078914,0.039590158,0.17609873,0.15789245,0.14503194,0.007751516,0.024767915,0.3077628,0.01984488,0.021445176,0.20296377,0.00078578125,0.06112152,0.2727365,0.0026020552,0.027093489,0.15828195,0.0145969065,0.01771858
3802,0.7188451,0.7281919,0.0728237,0.026006605,0.12396945,0.016470509,0.03285833,0.38357273,0.07493551,0.09043865,0.0037622205,0.046752088,0.053240266,0.008983514,0.016368303,0.0139269205,0.00086481665,0.15221553,0.74937046,0.014185524,0.03930834,0.12696958,0.104070164,0.0042427094
3807,0.12278028,0.17847252,0.009561607,0.018727493,0.21375008,0.1773772,0.011210386,0.37584385,0.03479196,0.12326957,0.030133711,0.021089694,0.1987893,0.0025183596,0.007513461,0.4705853,0.00065180444,0.09178522,0.01935323,0.003509495,0.0036547869,0.42647457,0.004122856,0.020252712
3808,0.3138949,0.031496618,0.0041686743,0.0034406323,0.5908395,0.60051686,0.0011651114,0.38696003,0.017878437,0.0047674784,0.07975819,0.0026889762,0.047162008,0.018905766,0.025145572,0.057217274,0.00053096254,0.25479037,0.057162225,0.002107972,0.0040638973,0.44630036,0.008162956,0.005589196
3810,0.4115686,0.39631248,0.103286736,0.015149698,0.25890473,0.028813496,0.017855244,0.18055154,0.16456597,0.103620805,0.011843344,0.007255548,0.26736888,0.003684811,0.012699945,0.08543054,0.00082596083,0.038033172,0.85493267,0.018200882,0.009599043,0.18046495,0.028525315,0.005148032
3812,0.015815007,0.045107022,0.043183208,0.0073131453,0.9173735,0.051845677,0.0016714368,0.20493986,0.49733493,0.17523271,0.0153884515,0.0058866804,0.17441358,0.00776623,0.12670931,0.031227065,0.00056882686,0.31486621,0.009174424,0.012569646,0.015113649,0.0438257,0.002170017,0.011367961
3814,0.05752256,0.053357128,0.015991466,0.017718803,0.7607596,0.19872575,0.0007157353,0.54304653,0.13201626,0.0749899,0.062385123,0.006599087,0.034475002,0.0069057774,0.072180144,0.12345946,0.00057660515,0.45603046,0.015369078,0.007081925,0.010480695,0.18177868,0.007747945,0.0026947586
3818,0.00982761,0.0152230235,0.017874803,0.07288364,0.77939636,0.031070959,0.03562178,0.685932,0.1250612,0.030720333,0.002708186,0.011653862,0.010207811,0.7021505,0.37648234,0.004518561,0.00076832925,0.5715055,0.0036502925,0.006702882,0.0026443277,0.007392933,0.005255039,0.004280289
3825,0.12979764,0.03144409,0.0043715,0.023576172,0.27789563,0.13506484,0.01866466,0.6337255,0.014127493,0.016992964,0.009730994,0.0032345734,0.13447471,0.022231769,0.008640689,0.07347188,0.000625361,0.14590302,0.046617754,0.0038673826,0.12289072,0.1439197,0.013281341,0.029842312
3828,0.07851542,0.06959406,0.008920915,0.11650798,0.28416443,0.032458924,0.09017766,0.6845762,0.06121613,0.012993189,0.006700403,0.041213423,0.0031433066,0.09943818,0.007721931,0.0096840905,0.0007098524,0.13566405,0.020718666,0.0067611155,0.79851204,0.041526772,0.11320335,0.008290105
3830,0.04891365,0.033839256,0.048221547,0.020067643,0.47385266,0.071299806,0.0039272495,0.34923583,0.10995859,0.14155261,0.017102566,0.0077579375,0.30449298,0.040733922,0.05956716,0.045826662,0.0005750404,0.129707,0.10014021,0.009695603,0.0033377965,0.231973,0.0044086752,0.0017648301
3831,0.55814517,0.50147843,0.024354573,0.011973987,0.096436545,0.018549489,0.10358066,0.2812768,0.042673226,0.030596927,0.0021329536,0.042653207,0.35597217,0.0059255953,0.0030065419,0.03486863,0.0009666217,0.010014998,0.51779133,0.01289322,0.00836457,0.1388776,0.04810862,0.027863726
3835,0.0031423387,0.0033637865,0.0024372926,0.0076280506,0.5069995,0.030167688,0.01343913,0.6292595,0.009969483,0.017629774,0.0057546506,0.010190771,0.3667221,0.008160825,0.0034620117,0.08522295,0.0006931901,0.0933287,0.009883111,0.006551953,0.00836423,0.14659576,0.005317961,0.000732834
3839,0.38894302,0.0046694973,0.0004199104,0.022954281,0.17456438,0.8093545,0.0048062685,0.7629081,0.0021601522,0.0022768225,0.10399138,0.009183341,0.027344478,0.004710831,0.0024903018,0.21922338,0.000631155,0.08536321,0.010773366,0.0020020315,0.01645536,0.8863012,0.013429518,0.0083729755
3840,0.014777436,0.0908128,0.16219382,0.10708801,0.6082573,0.020610914,0.16636421,0.17319313,0.30058566,0.16156457,0.004286987,0.01893944,0.09700555,0.11323754,0.082314655,0.016312895,0.0010484993,0.0635901,0.026085773,0.07669079,0.01575219,0.053462196,0.0070010563,0.011353864
3841,0.044307172,0.051054902,0.009035868,0.04199904,0.44573158,0.24274908,0.011846588,0.79420346,0.04466978,0.031889006,0.017607061,0.011975025,0.009388141,0.006228431,0.007529557,0.0648307,0.00060875935,0.28838417,0.042276066,0.0018863165,0.036468826,0.063318826,0.0022790462,0.02842223
3843,0.037014443,0.017661978,0.0055418722,0.1271804,0.049909234,0.69877887,0.38601294,0.6179278,0.006533317,0.0032065075,0.022144234,0.044300377,0.031118834,0.020634364,0.00438081,0.06693484,0.00095374166,0.015967488,0.013341132,0.0050120815,0.006090244,0.37023935,0.005226677,0.014107059
3845,0.02731086,0.02300598,0.050680377,0.27627853,0.1382941,0.013258657,0.9492435,0.12841064,0.0280827,0.024474759,0.0016787618,0.120653205,0.05817806,0.738279,0.14186361,0.025726086,0.0017773786,0.0434784,0.009552647,0.03574789,0.01787385,0.026347976,0.030542519,0.0063996874
3850,0.023687797,0.019961584,0.0029524234,0.006362338,0.6301591,0.27849397,0.001287807,0.76790315,0.03226055,0.016667329,0.026718607,0.0016751791,0.02982177,0.005850917,0.014041416,0.13034062,0.0005411913,0.28152734,0.010974007,0.005492016,0.021539569,0.43688828,0.002560218,0.012244234
3851,0.017830124,0.05100034,0.012059959,0.012838958,0.81750065,0.019093229,0.0040687113,0.50253445,0.039205443,0.030232223,0.0076780063,0.0067821024,0.021418795,0.03260689,0.24466866,0.0065610716,0.0007290453,0.8292944,0.017511649,0.005344001,0.012901901,0.016259795,0.0038851409,0.046564482
3854,0.13545881,0.034835607,0.0096057225,0.11152388,0.24307036,0.08442515,0.041232895,0.49438173,0.0082055405,0.05157553,0.0012909858,0.0151514765,0.08376919,0.5927752,0.032349475,0.02679062,0.00069047825,0.058199275,0.060318828,0.005306539,0.018954752,0.14060345,0.006818043,0.014818382
3863,0.015574148,0.04850538,0.010521682,0.006283444,0.52164626,0.049100846,0.006457044,0.67601085,0.030537762,0.025574248,0.010030777,0.0031463502,0.0119690355,0.024080843,0.047683153,0.04361323,0.00072948384,0.84835786,0.0022543385,0.008464388,0.009862463,0.11048849,0.0052964357,0.0034790605
3864,0.112520225,0.03310766,0.0037606587,0.045219894,0.42058238,0.4797677,0.012293414,0.60431486,0.012233217,0.00928135,0.05146656,0.017926838,0.013113852,0.0043498348,0.008092761,0.05188865,0.000701026,0.13954367,0.008626723,0.0053993585,0.02588326,0.51764864,0.005254665,0.015352706
3866,0.23588286,0.049126823,0.004001979,0.01416835,0.25047353,0.59725153,0.0053057387,0.42111197,0.016908532,0.074378304,0.044069115,0.010364909,0.33612898,0.003310153,0.0030073982,0.25623804,0.00066431495,0.019364204,0.11431656,0.003624336,0.0075710868,0.75693405,0.0059456527,0.0014493472
3867,0.10072643,0.6981183,0.043036565,0.026978323,0.09477301,0.0034122712,0.039191846,0.7036145,0.094615184,0.16132215,0.0010227131,0.052520663,0.08758138,0.010303889,0.008134848,0.017232051,0.0009269362,0.19033688,0.16461504,0.011651221,0.0045475103,0.04062556,0.03636489,0.02032055
3868,0.03239453,0.06541128,0.022453714,0.017753553,0.63085085,0.030834783,0.033458795,0.4550558,0.21341605,0.021458378,0.01713971,0.019691924,0.009233872,0.016166935,0.03373137,0.007341787,0.00066391943,0.14398353,0.029386101,0.01572013,0.8982593,0.028483149,0.005715833,0.018092316
3871,0.028804395,0.11535233,0.032524284,0.03560939,0.64710546,0.068190515,0.0029945865,0.7440913,0.06816384,0.15263541,0.021968296,0.032314774,0.013474656,0.04622678,0.28883317,0.019801358,0.00044277083,0.8263922,0.0028429353,0.009186152,0.008126623,0.030561369,0.020141093,0.0072372644
3874,0.35402498,0.00773839,0.0022549403,0.024264377,0.11799141,0.8868369,0.022868067,0.75218177,0.0017726547,0.0028087797,0.12174398,0.0414576,0.028186575,0.005616041,0.0038733922,0.19573562,0.0006800175,0.06833539,0.010371093,0.00977399,0.0036909326,0.80719364,0.053342164,0.007526604
3876,0.17969052,0.17531717,0.010221483,0.05110898,0.21413463,0.047858816,0.0047323876,0.76173514,0.043341868,0.045378383,0.0063773976,0.075660236,0.022768877,0.01863987,0.049568824,0.026531948,0.00072595186,0.5544048,0.021601401,0.0030438432,0.0089585865,0.10469394,0.30468574,0.021467231
3890,0.25416502,0.325262,0.0483187,0.009421388,0.30272678,0.03172463,0.0141977845,0.19330081,0.11748608,0.21733001,0.0024587568,0.006312707,0.5473545,0.015678132,0.030268341,0.026631387,0.00073516107,0.1509758,0.756944,0.006330269,0.0047505554,0.18088368,0.00393631,0.005690473
3893,0.12415213,0.024461191,0.003334776,0.04116626,0.40937635,0.5284937,0.013101249,0.9145674,0.014882185,0.014587535,0.019585954,0.027535314,0.0033795133,0.024774197,0.014347795,0.004415344,0.0006306554,0.16368435,0.00316631,0.0057451534,0.015207441,0.10615518,0.017296325,0.011074426
3896,0.08117203,0.06088682,0.025398899,0.012107102,0.73496777,0.3604852,0.021215733,0.3052984,0.09988385,0.021762587,0.013118264,0.0044201217,0.014694953,0.02130214,0.046403326,0.026770141,0.00073070213,0.14277329,0.022328097,0.0074249036,0.06972068,0.18855344,0.001201786,0.028594207
3897,0.04410108,0.08146997,0.06290746,0.056833424,0.67252284,0.029680327,0.18456203,0.1794156,0.12858763,0.053445313,0.0021491752,0.014056144,0.01724365,0.044903524,0.029028585,0.015388257,0.0009888578,0.09811299,0.16229,0.03459443,0.015601295,0.03781641,0.015374217,0.009402418
3899,0.3299374,0.06457511,0.020741148,0.009905768,0.06436727,0.017701948,0.0058219465,0.29940063,0.01568793,0.2720073,0.0051894863,0.010737228,0.88803124,0.0048051877,0.0077074245,0.11811753,0.000630102,0.0631881,0.62019676,0.007514065,0.0064097373,0.38986197,0.008083733,0.0018616928
3900,0.65374297,0.11744921,0.0048953514,0.017904587,0.17924418,0.36737794,0.0046273367,0.39124846,0.018410718,0.2602257,0.0077743465,0.0076067224,0.21327372,0.0056913067,0.0022434187,0.2563396,0.00071741757,0.10456259,0.19620882,0.0042690067,0.018411048,0.7178831,0.006927299,0.00813708
3904,0.2867595,0.15155216,0.011650506,0.040927805,0.7093616,0.2230346,0.018660069,0.50510144,0.026611673,0.05969789,0.021086372,0.024257079,0.010466606,0.05053017,0.05622067,0.008177786,0.0006936246,0.25552833,0.0062646284,0.0028391771,0.07152543,0.0724889,0.016657658,0.028611863
3906,0.005991429,0.021641083,0.0077759,0.10568112,0.63284266,0.04567856,0.026914572,0.91611606,0.016948994,0.03713704,0.005876638,0.016188398,0.0109575,0.042636544,0.020178275,0.010519166,0.00061511004,0.48566344,0.0038604944,0.007889144,0.0135393115,0.026992014,0.02787056,0.0016569194
3911,0.34036216,0.1518623,0.035136294,0.03324701,0.8013308,0.28905362,0.053205293,0.1045047,0.097715504,0.026392553,0.0065210783,0.022286138,0.03032737,0.011096522,0.030859277,0.011332795,0.0007838802,0.09734547,0.09377608,0.018524744,0.023253212,0.06457178,0.021074105,0.055543296
3913,0.04741384,0.10996292,0.019373411,0.06704838,0.56467116,0.029350692,0.02175873,0.25683424,0.13068041,0.099057935,0.004691583,0.029623281,0.035041273,0.15659861,0.059360866,0.030026274,0.00084954954,0.10716188,0.1768625,0.006061678,0.005333849,0.042495605,0.03706277,0.07333148
3920,0.033351358,0.038762003,0.017959531,0.04396682,0.7739698,0.08708549,0.015628355,0.46522108,0.20549124,0.09088761,0.0075347293,0.0045668636,0.026256202,0.07089663,0.017227812,0.04135178,0.000673272,0.16148643,0.057040073,0.01395527,0.05628046,0.10349668,0.016054481,0.007207202
3923,0.035550192,0.08372963,0.21823876,0.007798875,0.63159466,0.0076500755,0.013639646,0.23979612,0.6462523,0.15233973,0.0030317125,0.00500298,0.10506014,0.08897149,0.081410035,0.010923183,0.00072465825,0.13238232,0.0784677,0.07691708,0.017136,0.028246904,0.016987676,0.0075745205
3925,0.34087434,0.36856812,0.00861218,0.19065389,0.087271236,0.033785723,0.04716568,0.83624613,0.016056102,0.040379275,0.020033726,0.40572265,0.0013254068,0.007396034,0.018079584,0.02793123,0.0009202356,0.15838256,0.03364908,0.006167808,0.0329069,0.07031292,0.9358997,0.017535942
3926,0.015723253,0.30368483,0.13265419,0.036929462,0.43570113,0.0039643184,0.0055844937,0.39069682,0.3544586,0.48004293,0.005802909,0.038593154,0.055077188,0.021626076,0.17020315,0.017968642,0.00074698403,0.53317547,0.009258198,0.025561353,0.0072967377,0.028473366,0.0077625485,0.030055761
3930,0.17244874,0.03164264,0.014378004,0.033965707,0.86930275,0.13677743,0.016038686,0.3337026,0.033382878,0.01983385,0.003660968,0.016038189,0.009881311,0.02513711,0.036524225,0.0042623533,0.0007255936,0.48234868,0.010968646,0.0028679764,0.049765468,0.03573728,0.009971776,0.015615668
3935,0.3647877,0.23416913,0.010521791,0.050762214,0.21521829,0.2630787,0.0054475954,0.5249451,0.062116545,0.035127304,0.0121954605,0.05879497,0.026263861,0.020327454,0.01696281,0.048389323,0.00061599654,0.075535424,0.021538535,0.011100228,0.011578187,0.12601009,0.0807934,0.42306003
3943,0.108342476,0.061655685,0.084168255,0.022737319,0.15354674,0.5018171,0.09080682,0.57868016,0.06043422,0.029516067,0.01674903,0.021419348,0.019293332,0.010893163,0.011036296,0.092906274,0.001095439,0.04209863,0.009021306,0.04322596,0.0037630748,0.27851337,0.008482672,0.0040361183
3953,0.15375726,0.3141192,0.0058105807,0.014198366,0.2072432,0.20430173,0.0019594342,0.74511504,0.050099336,0.043019973,0.014895746,0.034892246,0.03161875,0.009707102,0.010606752,0.11484684,0.0006321438,0.42574596,0.024062455,0.0006376189,0.005236792,0.2203606,0.045446765,0.022064487
3959,0.02948232,0.07011094,0.046859212,0.09907756,0.21447746,0.017082771,0.06710146,0.5487869,0.03578364,0.34396958,0.0051699798,0.07716746,0.113849245,0.038757615,0.040862277,0.02346387,0.0006889238,0.44996276,0.15401982,0.015482868,0.0039354707,0.036637224,0.020235969,0.0019796782
3965,0.1525485,0.14104527,0.013772923,0.011864436,0.51924765,0.2935729,0.004054359,0.36114517,0.067970626,0.16260149,0.03515835,0.0071704085,0.050923754,0.014857764,0.018226705,0.0910881,0.00060202525,0.23666209,0.024189387,0.0047769155,0.03960447,0.26447752,0.004342077,0.018923955
3967,0.045818657,0.019399187,0.0059842262,0.006172563,0.65094256,0.086374015,0.0025985665,0.5087172,0.043797135,0.027750589,0.013927614,0.0022030598,0.043051954,0.005880642,0.014785782,0.17492515,0.00066692097,0.74805236,0.10364521,0.007740316,0.0047489507,0.36459953,0.00253167,0.0004607188
3970,0.008865763,0.010234343,0.008051885,0.06577071,0.12160386,0.10095682,0.04478413,0.91710407,0.040138107,0.02739213,0.0040278784,0.0082635945,0.04201896,0.017608406,0.0010038634,0.031632405,0.0007618905,0.041251965,0.008772605,0.0083985105,0.016243001,0.12735221,0.005032521,0.0032394226
3972,0.20408586,0.6117963,0.11824096,0.10907132,0.2162876,0.014707074,0.025952885,0.2555445,0.2501345,0.4373926,0.0013988094,0.042758193,0.046322297,0.009860172,0.05231811,0.025153104,0.00079775933,0.14776565,0.070279494,0.0136228865,0.006129627,0.05541127,0.0065605403,0.020272668
3974,0.5849493,0.038263217,0.008755766,0.041649982,0.22620325,0.35901088,0.021963337,0.50845426,0.0109287165,0.016858399,0.049165722,0.050396334,0.012847555,0.010714572,0.008704,0.03555076,0.00072095,0.09863892,0.060675465,0.009123667,0.3451982,0.4208366,0.03280841,0.02414511
3976,0.14228185,0.15175813,0.09124181,0.021937765,0.17852078,0.0176034,0.0037195364,0.3373407,0.09372696,0.38810012,0.008974328,0.046352513,0.13540989,0.014991311,0.02344735,0.06605381,0.000562437,0.20091718,0.14785035,0.016356377,0.0049698274,0.120539725,0.01854488,0.003870893
3983,0.045364216,0.030458609,0.003132752,0.354146,0.11128275,0.1420956,0.33933,0.69666517,0.0052113254,0.008429478,0.024493549,0.1996445,0.010645458,0.005331702,0.0027350737,0.1898234,0.0013702986,0.06526597,0.0761085,0.0041903025,0.005157685,0.2872131,0.05482374,0.0046465606
3987,0.24373001,0.5798002,0.05204787,0.0694866,0.1809758,0.017933017,0.014164354,0.47197405,0.033511356,0.3842763,0.003220304,0.101992495,0.06370256,0.014661973,0.025165971,0.006812053,0.00077465584,0.18083729,0.23642442,0.003267603,0.02339508,0.04701401,0.017270887,0.08778649
3988,0.2026437,0.034709368,0.003506448,0.008398999,0.106668286,0.76984316,0.010198146,0.57387286,0.0063041286,0.009189391,0.12142038,0.017885873,0.12427785,0.0020520887,0.0034870477,0.32812825,0.0007754143,0.032895073,0.020422976,0.015658217,0.0025193864,0.7715105,0.013497191,0.008652129
3993,0.01998527,0.009762791,0.0050542764,0.022774165,0.785506,0.05583184,0.007027487,0.7225446,0.026465062,0.018028485,0.017400987,0.012263077,0.0051557184,0.050321046,0.04250294,0.03575911,0.00062193704,0.56052727,0.015586325,0.0062856055,0.10281126,0.06904879,0.03155679,0.008295355
3996,0.102630146,0.17562953,0.11110795,0.028074555,0.49713227,0.024205865,0.08434104,0.19483545,0.26702368,0.11136372,0.0011260428,0.009534992,0.51050043,0.007515968,0.013348351,0.0060468544,0.00089432206,0.020635992,0.52446383,0.009600666,0.0075498344,0.05871955,0.008286667,0.00408858
3998,0.017684363,0.006620186,0.005752185,0.13911681,0.5073676,0.23990619,0.014346036,0.8636459,0.013257023,0.023449158,0.027680643,0.03143096,0.011116293,0.024131102,0.010178359,0.040002882,0.0006628838,0.16644844,0.0030121086,0.004052702,0.06976403,0.20758946,0.0071503744,0.0034675947
4000,0.5623366,0.024509808,0.0007172282,0.009598417,0.09034191,0.8846654,0.008867118,0.64880383,0.001975105,0.0072057783,0.038227707,0.016726436,0.04864183,0.006617342,0.0012665843,0.13802242,0.0007364324,0.031020645,0.0114972405,0.0022481263,0.010921184,0.85990465,0.02340533,0.036994558
4005,0.029671347,0.01748173,0.0092097055,0.028987393,0.25732487,0.033847176,0.1780805,0.52995044,0.013926396,0.07602157,0.0031768042,0.007421538,0.16880643,0.055625428,0.0054063285,0.052828316,0.0008798112,0.057935275,0.14549822,0.0078037106,0.0047363513,0.15366141,0.009982628,0.0018265905
4008,0.5582499,0.22255366,0.012029279,0.0065529216,0.35299712,0.19797312,0.0032579666,0.5702088,0.076946914,0.019857632,0.0075963307,0.009479211,0.026231093,0.0069357804,0.007570557,0.016790614,0.0007620288,0.054293063,0.18406808,0.0034307383,0.010142402,0.29676592,0.09923816,0.02392495
4009,0.012725548,0.006438283,0.0020465106,0.0104460325,0.667826,0.04505752,0.047603652,0.6355327,0.0026126835,0.005397748,0.010275307,0.029507687,0.009098758,0.0033836465,0.0051132734,0.025130644,0.0009437968,0.37434918,0.0042290385,0.005817485,0.009520983,0.06866787,0.012222436,0.010474828
4014,0.057562564,0.005313213,0.0012236562,0.026380582,0.11012124,0.48198524,0.015302309,0.7046235,0.0029875862,0.013694334,0.02291608,0.02176981,0.19014767,0.015215962,0.009524213,0.10811472,0.00071662286,0.0965287,0.009049421,0.006602326,0.003598513,0.5183033,0.004827421,0.010182718
4018,0.62782544,0.11715247,0.008898148,0.12111935,0.19095545,0.74133533,0.016293572,0.49489588,0.02098741,0.011277706,0.009802895,0.19449279,0.004796995,0.019131247,0.009890206,0.033792105,0.0009216387,0.04464332,0.018086014,0.016777882,0.02095251,0.39102703,0.068339676,0.3183106
4020,0.032878287,0.05073282,0.014938361,0.02453897,0.8758388,0.15234491,0.011084358,0.5637599,0.034353778,0.03952827,0.012127394,0.0037549587,0.019257817,0.02237634,0.01615692,0.042962912,0.00059153076,0.22332,0.013472552,0.0063959374,0.14168413,0.061476015,0.003817512,0.008394033
4021,0.053303506,0.030870993,0.010873283,0.005173318,0.83414847,0.060551003,0.002704913,0.45741227,0.098188415,0.019746002,0.0112747345,0.0037590764,0.063060984,0.056873083,0.050129432,0.013359484,0.0005869869,0.44877446,0.030974595,0.0020574087,0.060573086,0.07026945,0.0056536538,0.009646303
4025,0.026909102,0.0041003926,0.0042111985,0.18845803,0.65161264,0.33428288,0.036841046,0.72527295,0.010854723,0.007997526,0.016964678,0.030952178,0.0032261484,0.08835437,0.17947139,0.007294093,0.0008347299,0.6273699,0.001316897,0.014661904,0.009926662,0.033318926,0.010501957,0.024354901
4033,0.26359925,0.12939805,0.012160967,0.0074536907,0.36968553,0.21835607,0.0029633555,0.53042567,0.02654962,0.3887817,0.03360709,0.011599034,0.061176423,0.009090589,0.022272585,0.25477377,0.000698962,0.3143692,0.04898785,0.014057592,0.011813505,0.4499943,0.021056853,0.0038581553
4036,0.124187805,0.08061912,0.021068037,0.03404941,0.27055043,0.043322913,0.023198761,0.10064255,0.035566196,0.028293334,0.010047511,0.01037074,0.775618,0.0053872396,0.007514286,0.07145265,0.0008452905,0.011607117,0.7852108,0.010055605,0.0042298883,0.32571158,0.012307717,0.012696
4037,0.569513,0.02930766,0.0021105956,0.0100291055,0.12802936,0.7565327,0.005660971,0.57670313,0.0045754234,0.011593646,0.104523376,0.01191189,0.089116365,0.00577989,0.0016570834,0.6961489,0.0006945553,0.03203511,0.094329014,0.0026233492,0.0071007945,0.8745144,0.010184015,0.017184624
4061,0.03657676,0.07061435,0.018973373,0.13310671,0.4747116,0.02416922,0.0040682284,0.63837695,0.03830935,0.036598146,0.009197777,0.375487,0.0033277755,0.006913555,0.07311176,0.021979997,0.0006333288,0.8983471,0.018208522,0.011392618,0.004377178,0.016209904,0.09720816,0.01269181
4063,0.17408733,0.065940775,0.0043549845,0.020509465,0.38063157,0.8332612,0.010471458,0.60438144,0.007353835,0.024688726,0.092820875,0.014710233,0.024447858,0.0058678803,0.020532735,0.15928218,0.0005883146,0.22583202,0.028810313,0.004207585,0.0047432343,0.62258863,0.007547466,0.01816665
4070,0.013188373,0.02973444,0.0066286866,0.015464284,0.4437887,0.04143555,0.008323474,0.8293406,0.019581072,0.05153714,0.0071221134,0.007928346,0.0242201,0.01131048,0.005127994,0.010533742,0.0006300753,0.5350559,0.0129030375,0.0047877883,0.018552642,0.026202748,0.0071720486,0.009578063
4072,0.008571122,0.008741954,0.002597395,0.012060777,0.35826668,0.11334332,0.011122563,0.8451797,0.035273984,0.022676341,0.014570757,0.0021464333,0.039807525,0.034422774,0.013363092,0.16609643,0.0007407527,0.36355653,0.004495596,0.0023594787,0.023613341,0.26031685,0.0034894643,0.0058031315
4079,0.4561979,0.099828765,0.019554172,0.010318555,0.464939,0.37842026,0.012770701,0.3105944,0.008910441,0.09225284,0.014811721,0.021641254,0.14846471,0.021372577,0.018463502,0.063166216,0.0006430841,0.14169505,0.120549574,0.003436601,0.0013962061,0.35134125,0.011937926,0.020559378
4082,0.01755126,0.025648557,0.029082531,0.01729267,0.8149287,0.07273411,0.004606425,0.5525685,0.35835907,0.07096168,0.016300933,0.010259171,0.019281546,0.013275074,0.06000693,0.017344812,0.0006128154,0.2766032,0.014201582,0.014013368,0.005598915,0.055445038,0.015603007,0.007853169
4088,0.13986807,0.28593785,0.035804205,0.014191452,0.79214555,0.0986912,0.0068442123,0.5483687,0.20944536,0.036859065,0.013134553,0.011280509,0.0020088416,0.023333894,0.0547282,0.015631745,0.00066538516,0.554713,0.079270825,0.0048284386,0.030841582,0.10657431,0.011733757,0.035765767
4090,0.40721917,0.07800025,0.0035260748,0.009720155,0.17572309,0.030913444,0.0040169284,0.74851555,0.015889129,0.01101059,0.01084299,0.03297256,0.010526727,0.0048671192,0.0035347943,0.19333832,0.0010213966,0.18679772,0.1059285,0.00521941,0.0021265491,0.57117903,0.578364,0.011479284
4107,0.043914117,0.055613354,0.03370902,0.23018828,0.14300369,0.0072878147,0.9062282,0.25644463,0.030512614,0.0044096634,0.0018557707,0.061726633,0.011338888,0.61839366,0.034485567,0.014587485,0.0013645295,0.08311413,0.038051583,0.012195248,0.01798472,0.028919717,0.07142208,0.003349188
4109,0.016743628,0.023626834,0.00700227,0.037555397,0.25160876,0.029740384,0.002209776,0.7366203,0.025525544,0.026420344,0.014758059,0.046832185,0.019477937,0.0048224735,0.031065127,0.20900008,0.0006285791,0.8644829,0.010111871,0.008833062,0.0040015853,0.14886504,0.035306215,0.003191286
4114,0.4305975,0.41692936,0.0664112,0.029681247,0.5551454,0.083192,0.030013772,0.18721019,0.047719575,0.09497968,0.005919461,0.028859757,0.01797614,0.013987177,0.029484525,0.020913815,0.0008036639,0.14011087,0.4049968,0.01201876,0.018955588,0.15209444,0.008176827,0.004016923
4116,0.07244584,0.06252222,0.0109567605,0.031880282,0.24440178,0.0899241,0.01876708,0.38063517,0.035697766,0.035229802,0.020207409,0.006428173,0.30557743,0.057059865,0.033102702,0.16103652,0.0006463751,0.25626993,0.04704133,0.0047520506,0.009049631,0.3002734,0.004394973,0.057782173
4117,0.037294276,0.056706425,0.006978465,0.014278692,0.5206815,0.0048199133,0.009964101,0.50179255,0.0044129845,0.015413419,0.007412393,0.02456918,0.010393836,0.002989747,0.019259993,0.008119891,0.00071868976,0.7754535,0.012825114,0.020406704,0.0044580363,0.047566067,0.019054754,0.0032953953
4118,0.2410504,0.010566131,0.009043638,0.0082237525,0.41295478,0.6033981,0.012878409,0.35550073,0.0077147,0.025215952,0.031683885,0.005594844,0.34549364,0.023741173,0.028016668,0.13330974,0.0006689857,0.10621952,0.030469602,0.021932326,0.004415336,0.5966318,0.007937495,0.009043382
4124,0.03940662,0.08662065,0.011404261,0.037426885,0.34112924,0.083994724,0.013830954,0.7359985,0.014973571,0.056432944,0.02025591,0.09837295,0.026698694,0.026321761,0.052367352,0.019494012,0.0006168299,0.6516217,0.009505613,0.012150134,0.030233195,0.079245925,0.010946602,0.04687587
4133,0.0041263625,0.065096825,0.025554514,0.008384437,0.88988465,0.0065936,0.011825122,0.3168869,0.06665855,0.03906054,0.005570725,0.0169916,0.040636286,0.0073610125,0.034373563,0.028484093,0.00070973736,0.672009,0.008169212,0.015469907,0.0027908802,0.021754421,0.016094461,0.007884562
4135,0.055342168,0.10174878,0.0048131845,0.032986607,0.15412866,0.0605953,0.014894178,0.68140554,0.029651022,0.012512604,0.017235475,0.036680367,0.08404083,0.0034323772,0.00813341,0.018286005,0.0006318297,0.14660932,0.11264795,0.0032386342,0.0019639106,0.2033834,0.038938627,0.01686059
4142,0.05175352,0.037431765,0.020578155,0.0785553,0.3054056,0.01634712,0.021725966,0.6111714,0.08583098,0.020445917,0.010653793,0.020277133,0.014227589,0.020193145,0.042338498,0.0038676949,0.00061426114,0.13721496,0.021339724,0.018431477,0.8134858,0.036647625,0.013220769,0.050591793
4143,0.07561145,0.025516747,0.016977318,0.00439442,0.78619,0.7226742,0.00089845073,0.47743535,0.04789691,0.035334148,0.034023363,0.0041007646,0.05403073,0.0075720367,0.03464988,0.056385744,0.0005223575,0.20184988,0.017088762,0.014603623,0.0012776393,0.25035277,0.0031903912,0.019379323
4146,0.010675607,0.011257196,0.009085918,0.20572795,0.16944204,0.019668752,0.121990904,0.72851247,0.0150411315,0.038355377,0.0014487492,0.03552896,0.014766389,0.066323124,0.01932698,0.011789737,0.00097201264,0.5523937,0.030373314,0.014888653,0.015580898,0.031811055,0.014274511,0.0046540895
4150,0.2124159,0.5030416,0.021421798,0.017046196,0.28194132,0.063609995,0.008064711,0.21970363,0.06814869,0.04918421,0.020619133,0.019357136,0.48822984,0.014094975,0.02400201,0.21081066,0.0007767225,0.049803507,0.16713014,0.009953546,0.011587991,0.44145438,0.036428902,0.047571126
4152,0.09372919,0.6569028,0.04336856,0.00683466,0.099128716,0.012363227,0.006386759,0.35294917,0.27869195,0.24574615,0.0037793072,0.0066539813,0.33912718,0.00792755,0.008258856,0.17897265,0.0007074198,0.096599795,0.24425504,0.010560091,0.00892132,0.43590155,0.016562454,0.01912567
4154,0.64751387,0.15759294,0.011019322,0.012268727,0.23736322,0.06111568,0.014904257,0.46580398,0.02317254,0.0102615245,0.017389266,0.056860205,0.06763276,0.0058197887,0.007972721,0.15941358,0.00093951053,0.046647307,0.17220664,0.023943799,0.024911253,0.75818616,0.32016227,0.005725828
4158,0.014669898,0.009348049,0.0037640186,0.075261496,0.15776855,0.16511595,0.24491142,0.39300016,0.019326514,0.032622077,0.013865382,0.032749508,0.083072096,0.011969306,0.005351037,0.2774714,0.0010221769,0.037613142,0.013745112,0.004999511,0.003971687,0.42272598,0.0051312987,0.006520201
4164,0.0313384,0.08325738,0.016498316,0.07410364,0.27910048,0.046047915,0.049681153,0.70924634,0.016820664,0.017453792,0.007563921,0.123002514,0.004311782,0.006536719,0.013710186,0.014134376,0.00089878764,0.32224238,0.010444682,0.0067031076,0.002870708,0.036405694,0.09976419,0.0066349567
4167,0.12983662,0.003945609,0.0020171767,0.018513983,0.31804594,0.6961134,0.011096878,0.7704928,0.0016203908,0.005770299,0.02822786,0.011495669,0.031445928,0.009997346,0.0021059867,0.07879817,0.00071574963,0.13146481,0.015861476,0.003718252,0.015818413,0.5655278,0.004094534,0.0033515492
4171,0.0077855773,0.007884943,0.008407915,0.02155475,0.60661185,0.027514823,0.011404207,0.67598623,0.02064328,0.042595424,0.003814309,0.008242901,0.030826345,0.060406826,0.09569765,0.015031083,0.00073612365,0.7833615,0.0064264494,0.0097802915,0.0036451796,0.058765844,0.01823573,0.00719624
4175,0.06779948,0.011983796,0.0017732809,0.012874663,0.14120463,0.44829407,0.0028246026,0.6274136,0.0074939257,0.012693047,0.10258365,0.0036034181,0.33464593,0.009044052,0.014289683,0.4243601,0.0005685117,0.4139306,0.024083123,0.0016707979,0.0015578113,0.58335173,0.004069044,0.07151084
4177,0.036052957,0.028420236,0.012315469,0.012486012,0.04882461,0.020594288,0.07966244,0.31713244,0.02026861,0.34890568,0.003835605,0.014882002,0.887874,0.0088576805,0.002614885,0.43061095,0.00082595024,0.012802844,0.39182323,0.0137140425,0.0012934937,0.5361637,0.008481761,0.0011975745
4178,0.036262225,0.13641158,0.15937504,0.0240539,0.63928145,0.055322323,0.040397387,0.5851058,0.3680257,0.09836408,0.0029611515,0.006702292,0.010135673,0.024832247,0.009929253,0.013471266,0.0008048801,0.064694665,0.26680124,0.011142957,0.015392879,0.041569583,0.011573238,0.0010608011
4179,0.064717114,0.10680202,0.04961084,0.27683577,0.23031686,0.007657431,0.462091,0.47241223,0.20223898,0.033782206,0.002781282,0.12653555,0.005434144,0.045390923,0.01318094,0.008888436,0.0011177395,0.054203887,0.04915375,0.02142934,0.7938734,0.021829808,0.10054766,0.0066648484
4183,0.036606774,0.009874157,0.012128926,0.016278453,0.4387822,0.09362662,0.03381143,0.46818578,0.013677835,0.025042122,0.011864865,0.006778121,0.0944011,0.025195258,0.02712706,0.085632,0.0008303199,0.12219482,0.019379925,0.014970357,0.015247275,0.20189908,0.013702792,0.004716265
4186,0.181044,0.06567245,0.0059378147,0.0065016267,0.4162138,0.3835168,0.0007519388,0.6039717,0.054658353,0.08302476,0.06155056,0.0037823156,0.09633347,0.0061558215,0.034418415,0.2483439,0.0005117889,0.19631983,0.025007349,0.0023430923,0.0045975805,0.43055156,0.0040289056,0.003591595
4188,0.03754203,0.0068255547,0.0018257883,0.01259817,0.41547048,0.49221906,0.054261863,0.29861808,0.0025749197,0.009168171,0.017669393,0.007217298,0.5312647,0.0132707525,0.005135592,0.10258944,0.00085576443,0.018769262,0.01605394,0.00433403,0.003704656,0.4823437,0.0024560296,0.004343739
4197,0.018766668,0.01021074,0.01143017,0.02283505,0.82691866,0.07651373,0.051697664,0.42277467,0.019251231,0.038442574,0.004383577,0.0039376006,0.022728117,0.20909242,0.120970815,0.04060301,0.0010087048,0.40044388,0.0041803657,0.0026256407,0.0050905943,0.05541051,0.0019302856,0.0039777053
4199,0.048846424,0.1948032,0.29295987,0.11669074,0.37408894,0.022929825,0.039162196,0.267786,0.35811764,0.2626331,0.0043379148,0.067017816,0.043068428,0.11281526,0.43579522,0.020089692,0.0009259643,0.18669026,0.0124122305,0.06616988,0.014940845,0.030700771,0.01815836,0.43227673
4200,0.008287357,0.047507692,0.014839545,0.03206039,0.4462452,0.006460857,0.01805945,0.7514393,0.057424262,0.042721152,0.0023654238,0.019521197,0.081940554,0.01850293,0.022648707,0.030171953,0.00067614566,0.3438422,0.016336296,0.003315768,0.003571427,0.020656714,0.026167385,0.006786697
4203,0.030087339,0.1609796,0.009830641,0.1373517,0.11186335,0.06451162,0.05344893,0.67181766,0.04134061,0.04383951,0.012964613,0.05262656,0.06373652,0.004134989,0.0068007708,0.27986723,0.0007607743,0.16052201,0.046564545,0.011830243,0.00670159,0.15736781,0.06990326,0.0052524
4206,0.17172098,0.028828315,0.0041147275,0.023845838,0.1913075,0.18760689,0.013555619,0.83811396,0.010097105,0.005651973,0.04007535,0.018324556,0.017133519,0.012558739,0.018036969,0.1715593,0.00084447773,0.26567245,0.029138673,0.004915938,0.0039150617,0.40496892,0.27886453,0.02839723
4208,0.61387956,0.56232107,0.0059334314,0.11937177,0.07698401,0.26010162,0.042219304,0.74424434,0.014097705,0.013125402,0.006381073,0.25587898,0.004269951,0.01516701,0.009895751,0.016877986,0.0011535002,0.081287794,0.03039589,0.0028528313,0.0056031006,0.27286065,0.20014651,0.22914067
4211,0.5846039,0.28844067,0.014756907,0.007827442,0.116481744,0.08650553,0.017504383,0.50691974,0.022348845,0.026496463,0.008509649,0.01497324,0.06652893,0.004928012,0.005156924,0.07838857,0.0008134201,0.09190631,0.5529013,0.007483215,0.008815787,0.40287614,0.023982866,0.005053902
4212,0.03835592,0.011360194,0.00473195,0.008549576,0.5049652,0.122403875,0.001697976,0.6803889,0.02095162,0.102647625,0.04613517,0.0033547205,0.069026776,0.03507583,0.034425672,0.109625414,0.0005277774,0.7959121,0.034082998,0.003141517,0.0055625057,0.31350315,0.008126699,0.00035946342
4213,0.07156549,0.5162348,0.1183629,0.0069725355,0.6607173,0.00897278,0.021353139,0.17513992,0.58883435,0.33662388,0.002349727,0.019180873,0.10315189,0.025198957,0.023173047,0.0141817955,0.0009304588,0.06208532,0.33817172,0.011554114,0.0058594355,0.054095086,0.004972757,0.005494004
4214,0.10812231,0.12361675,0.026741017,0.3945944,0.11893946,0.0137022445,0.26240665,0.780438,0.025208142,0.022566156,0.0037847292,0.39569774,0.00096952106,0.013898229,0.0071760355,0.011281572,0.001138565,0.13863094,0.20018801,0.010599118,0.0043631196,0.04915004,0.3617123,0.002577668
4218,0.22185321,0.11853339,0.017796345,0.009181983,0.24282485,0.08725891,0.005608949,0.3878299,0.016185254,0.1956464,0.013695505,0.0041364776,0.5012003,0.049133778,0.017772056,0.09621707,0.00053255557,0.3404101,0.12147149,0.004600034,0.004616662,0.24145283,0.004315114,0.006812521
4223,0.09055154,0.030288216,0.01261587,0.49940765,0.17529774,0.120581,0.3225592,0.8192997,0.028418906,0.01787632,0.0036795102,0.03576044,0.0008373225,0.042808525,0.0031678695,0.008207127,0.000849412,0.074529044,0.012585388,0.0056323265,0.7767005,0.07037744,0.0057417713,0.0056573623
4225,0.15823472,0.12299296,0.011037722,0.015549822,0.14050993,0.5016945,0.01794134,0.5297086,0.013799834,0.024522757,0.035973754,0.01017443,0.3981683,0.01688579,0.011058734,0.10999474,0.00066825893,0.05984734,0.040532634,0.006209776,0.002707165,0.5033032,0.016578486,0.06358472
4227,0.033075813,0.016581776,0.0019144015,0.013923463,0.47362402,0.034752335,0.0054059643,0.8506366,0.013969654,0.009456958,0.01220339,0.0056549674,0.007394648,0.013168604,0.004325247,0.036595844,0.0007333977,0.4414613,0.021208743,0.0032644009,0.020575397,0.25618044,0.0136613455,0.0072953114
4232,0.07291974,0.06577994,0.0122577585,0.08147134,0.12763016,0.2434032,0.118542045,0.63491935,0.005636232,0.0091939205,0.008922496,0.019954646,0.09117138,0.014858281,0.008635192,0.016182953,0.0010014571,0.015972974,0.017050367,0.01034753,0.0064661484,0.18761079,0.0118617965,0.12995063
4234,0.043544002,0.06445045,0.014283169,0.084830604,0.5650806,0.08027531,0.010776127,0.595595,0.027509546,0.11689563,0.007851293,0.01135523,0.02037321,0.033965252,0.032748405,0.07740552,0.00055969896,0.1955316,0.04640178,0.008999078,0.018759705,0.0924137,0.002311754,0.003899015
4236,0.022853246,0.08165097,0.02635637,0.09017259,0.69391984,0.015757103,0.036834557,0.2935027,0.0619573,0.031659987,0.005604538,0.017095419,0.013832176,0.12138125,0.13152583,0.017460948,0.0007636444,0.59138775,0.026913397,0.0150045045,0.008423581,0.013511502,0.025244102,0.010267706
4242,0.040008705,0.017175712,0.01815563,0.12275466,0.5029247,0.038400505,0.05888775,0.39146596,0.09170139,0.014188365,0.0041684485,0.0088673225,0.029174214,0.053347986,0.016747357,0.005659232,0.00065257517,0.037272148,0.04233478,0.007974452,0.36920318,0.01897536,0.003917126,0.01405103
4243,0.4364594,0.43385935,0.09302938,0.009868648,0.5883391,0.17390856,0.004503247,0.10224249,0.3915602,0.15844361,0.0153826075,0.0020316085,0.15162466,0.01062202,0.018518616,0.04913774,0.00069903035,0.050159536,0.0878298,0.011014495,0.048527453,0.2207456,0.0032505412,0.17491648
4249,0.021530395,0.013505123,0.0019734474,0.05177854,0.08113363,0.026501212,0.04411376,0.8295597,0.0048416266,0.030040145,0.007855283,0.005675914,0.10053599,0.04691743,0.002236364,0.11148267,0.0007402054,0.10133818,0.10074335,0.0006984643,0.015646668,0.16100666,0.007926332,0.0008627902
4255,0.29156142,0.39901736,0.18981977,0.029522168,0.7974087,0.04950696,0.052016858,0.057055917,0.57175267,0.12519562,0.0025228662,0.012412218,0.03396017,0.02831008,0.068175554,0.0064199273,0.0010164134,0.082126796,0.09659239,0.019641355,0.04115987,0.067618206,0.0072990353,0.058407437
4258,0.15294039,0.02814076,0.0026958443,0.0043634176,0.50465006,0.16352092,0.0019093544,0.72825193,0.007097181,0.011397962,0.019391764,0.0029116578,0.105471954,0.010269513,0.016979642,0.13163565,0.00057444716,0.6085329,0.028523017,0.0033604824,0.009206482,0.3938662,0.0076483604,0.010880603
4259,0.40092394,0.25363076,0.0020976719,0.2180987,0.04899909,0.17909637,0.21629088,0.6080673,0.0037178332,0.010139042,0.01291877,0.23320433,0.003574853,0.0020223246,0.002376771,0.09116189,0.0013090065,0.06710151,0.09027755,0.0026980373,0.003121927,0.630958,0.30979353,0.010112296
4260,0.106591634,0.031699855,0.0021747903,0.02869464,0.06572276,0.22285803,0.014367439,0.7779529,0.008112809,0.019906899,0.022136357,0.047839046,0.12087624,0.007121786,0.00268012,0.06212591,0.0006461051,0.04731409,0.039823093,0.0039662314,0.008775313,0.26638228,0.047829814,0.02558204
4261,0.17637073,0.008639513,0.0011240751,0.03396925,0.14359736,0.91427654,0.0155984815,0.55270547,0.001985352,0.0071131224,0.12502591,0.05048,0.0800894,0.0036302197,0.0030873634,0.3708348,0.0007615664,0.06280052,0.013399151,0.002060845,0.003548204,0.7961418,0.014253814,0.007899855
4263,0.008079276,0.041173883,0.019026596,0.086420015,0.5529088,0.1322368,0.091291755,0.6651015,0.03234014,0.028902723,0.020117054,0.009667184,0.0055446452,0.06490055,0.027813382,0.01707865,0.0007842925,0.4560564,0.015383842,0.024070432,0.021327056,0.05646023,0.009794179,0.009785073
4266,0.07639652,0.0963028,0.030283853,0.08880459,0.16075471,0.038833506,0.2027635,0.5432823,0.024941577,0.0127540715,0.0030526768,0.12128508,0.012403676,0.7806444,0.24251316,0.0069103464,0.000942677,0.2730977,0.0073352084,0.014527064,0.016342957,0.032680053,0.043812066,0.023598213
4268,0.053322,0.014631803,0.0020109306,0.0041628825,0.3482887,0.14889565,0.0025488057,0.595263,0.0072292173,0.055718232,0.036359962,0.0034719426,0.48770314,0.0049364064,0.0070550414,0.47143278,0.000599367,0.22839743,0.01873645,0.0021873105,0.0017318075,0.6954704,0.0068586087,0.0011274994
4278,0.72010696,0.3360905,0.081186876,0.01400707,0.3547806,0.47449863,0.015635442,0.25448176,0.082204014,0.055215452,0.008207512,0.044914663,0.043892387,0.0109106405,0.011230987,0.008058241,0.00077252055,0.011397683,0.121650055,0.03212078,0.011990285,0.4497916,0.009941651,0.03154053
4282,0.014148142,0.037023496,0.011543238,0.035924245,0.3566482,0.005186917,0.049378783,0.7226012,0.12880212,0.09488811,0.0011199729,0.04121553,0.015756147,0.022423225,0.008501595,0.0055018803,0.0010062045,0.12488798,0.014708145,0.0047895727,0.42587167,0.03707792,0.027036708,0.03548236
4283,0.042556453,0.034690928,0.012373263,0.048836023,0.3602011,0.18372148,0.017396128,0.82076114,0.065730885,0.019624531,0.0426318,0.019679267,0.006264729,0.019943178,0.007644763,0.04693222,0.00060885336,0.1498638,0.005397318,0.01364261,0.026379278,0.12610833,0.012895782,0.0076876073
4285,0.051473077,0.023538271,0.007408836,0.032146793,0.89077747,0.17873427,0.011423265,0.4514482,0.022588622,0.0128634805,0.0278338,0.007858863,0.00901241,0.07406038,0.11366387,0.0055830693,0.00079148443,0.19472417,0.003737151,0.0034357049,0.015225117,0.073674105,0.003072833,0.01895492
4286,0.16647804,0.15516388,0.017249582,0.017902918,0.46200335,0.49500772,0.0013216535,0.2955436,0.07245291,0.12181234,0.054560386,0.0049000736,0.20475256,0.01623514,0.028912695,0.062240135,0.00042465483,0.1781718,0.10842866,0.002260587,0.0023980332,0.3526969,0.0013555236,0.017887104
4289,0.03353201,0.10810895,0.024072427,0.015029819,0.358035,0.0057323603,0.01942142,0.35796043,0.04371071,0.07188054,0.0051852907,0.017449612,0.14974517,0.012793241,0.013234431,0.026938621,0.00072912144,0.38757828,0.28642765,0.021898853,0.0034651584,0.06993454,0.03257754,0.011760894
4293,0.009525873,0.071001515,0.048325114,0.013703378,0.67653346,0.038789097,0.02977211,0.4065013,0.3840721,0.039857876,0.0039006933,0.007030112,0.0653156,0.032200616,0.013828451,0.0062614204,0.0008188897,0.10187411,0.017446456,0.008814904,0.025192387,0.039324477,0.0121691385,0.016212802
4297,0.039704457,0.36974633,0.12868841,0.022825966,0.5124781,0.094295286,0.006552391,0.49300754,0.7346874,0.09758007,0.0036514683,0.008621203,0.035300955,0.021303108,0.04973562,0.025337229,0.00067052525,0.22402014,0.023139697,0.031762514,0.0077310707,0.037975878,0.014222472,0.09438453
4300,0.66838187,0.08570595,0.0075306552,0.011017114,0.27078578,0.9301989,0.0027807106,0.49505815,0.018950947,0.024402773,0.044331014,0.0034315046,0.051849756,0.025772337,0.011364859,0.2946219,0.0006038311,0.17167433,0.02216737,0.0024380207,0.009721863,0.8241972,0.0037160534,0.017285015
4311,0.18627992,0.038688578,0.0048058145,0.030980963,0.14608212,0.23758997,0.052245636,0.6511106,0.007853808,0.002739821,0.02898418,0.025478866,0.03872858,0.023326233,0.0118376715,0.03149388,0.00078888284,0.048733365,0.051058706,0.009288877,0.012550639,0.31373516,0.022394232,0.1086909
4312,0.64170617,0.25711864,0.022551306,0.023156451,0.093459085,0.011293306,0.0947731,0.29797027,0.028022634,0.010460623,0.0023104511,0.16193932,0.103286244,0.015613352,0.010755873,0.006450605,0.0010692088,0.0175286,0.36441383,0.06616989,0.010056531,0.15181498,0.9256435,0.016074395
4318,0.014530703,0.0055791154,0.002047482,0.046429195,0.22695315,0.12225862,0.0055294824,0.81734,0.0042425,0.04268418,0.04626642,0.0075658187,0.021900406,0.010104929,0.019892937,0.31754375,0.00063204893,0.8513162,0.006170948,0.0033152923,0.0082779415,0.2554884,0.008687427,0.002430062
4320,0.54214275,0.2563115,0.025299827,0.021915415,0.13323067,0.009089933,0.049537383,0.12275709,0.037342466,0.04628589,0.005553945,0.02238129,0.20060547,0.010841829,0.009340241,0.039105285,0.0009593415,0.020104416,0.7961928,0.019959327,0.0077696145,0.37898853,0.013206376,0.006261384
4324,0.137749,0.024555732,0.009068817,0.0049862093,0.2855626,0.19922769,0.0049115126,0.5942772,0.004967946,0.017086126,0.060845356,0.00765441,0.10662946,0.012401445,0.0137566505,0.06749211,0.0005650661,0.18725036,0.01944842,0.020441942,0.0022312403,0.42929026,0.0062615867,0.0037434371
4330,0.03654996,0.0332716,0.013412232,0.011505123,0.14688994,0.13394018,0.011811122,0.29221827,0.061414964,0.1828205,0.033704136,0.00935906,0.7772296,0.009038844,0.018931862,0.512997,0.0006046503,0.09727263,0.040178597,0.0103506455,0.0028478357,0.72033864,0.016115284,0.0016140776
4340,0.027922189,0.05339139,0.0055221375,0.028329736,0.38591734,0.12158675,0.0022706976,0.88355434,0.021334173,0.057101786,0.03731363,0.02904481,0.014791153,0.020241816,0.110694,0.13981503,0.0005556256,0.8025025,0.0023810486,0.002363062,0.0086179385,0.14549972,0.008846364,0.011995087
4346,0.13926758,0.081929296,0.01882022,0.02121302,0.4338063,0.30563566,0.0023071724,0.7291882,0.033924706,0.08143969,0.01856593,0.0077052405,0.027172737,0.009418816,0.031586815,0.15470578,0.00056475704,0.3977577,0.026500197,0.006300402,0.06050232,0.42151654,0.0024493097,0.005879466
4349,0.028052477,0.023686327,0.041960962,0.017696336,0.5545468,0.022456702,0.00980028,0.65096754,0.019438816,0.019215243,0.0069707367,0.017499471,0.064837866,0.016903134,0.09349331,0.0051005976,0.000637146,0.8022626,0.012847289,0.04046554,0.005485262,0.06387107,0.018721549,0.011781667
4356,0.011759775,0.008047434,0.00465977,0.007655515,0.5475665,0.068405904,0.0053676856,0.6093461,0.0025675015,0.039728228,0.043270256,0.014606456,0.117457345,0.0030580058,0.006411833,0.034408987,0.0006303729,0.4931223,0.033034723,0.004506367,0.0013704788,0.10447455,0.02080966,0.004216629
4358,0.010674343,0.12755631,0.08546347,0.058630206,0.3632497,0.0119787725,0.012651344,0.82522273,0.17374343,0.15094101,0.0064660534,0.048398435,0.018456075,0.024503242,0.078919575,0.01474945,0.0007150147,0.62191504,0.011187385,0.021283701,0.010400635,0.022524133,0.06570792,0.010406232
4360,0.06236518,0.015922783,0.007920983,0.011593252,0.27918458,0.08953185,0.0015856866,0.44994554,0.019795982,0.2889086,0.02293527,0.003392781,0.6446867,0.013343397,0.028519766,0.1604458,0.0004416424,0.44264308,0.09724898,0.0051336507,0.006582761,0.32539552,0.00507842,0.004382247
4361,0.34173876,0.8876263,0.58463985,0.0069827745,0.7392296,0.030376686,0.023765111,0.10834644,0.90852624,0.16433667,0.0023726556,0.015606165,0.03161656,0.039263986,0.09959704,0.009444432,0.0007700195,0.06850811,0.22107725,0.036690276,0.02082735,0.053777594,0.005527949,0.006452258
4363,0.23302792,0.08239032,0.0037547126,0.020795342,0.114908345,0.4978325,0.011235414,0.68394995,0.001996383,0.017563598,0.03518555,0.019868378,0.12709597,0.008708684,0.007254524,0.10045907,0.0006670891,0.07893894,0.0099905,0.0072453204,0.0079915775,0.4375871,0.014165365,0.108732365
4364,0.6383735,0.26932436,0.0076278527,0.028340036,0.2265361,0.13430956,0.008218966,0.20058869,0.011626701,0.08528355,0.018360028,0.00823294,0.42048687,0.0053948383,0.0118879825,0.22633868,0.000696594,0.110437535,0.36358395,0.004103971,0.005505294,0.60763454,0.011820341,0.03651966
4378,0.04894771,0.011805369,0.008498918,0.16479012,0.36735472,0.354011,0.022846485,0.6663153,0.013837433,0.027972136,0.029416418,0.041978303,0.01464496,0.030046463,0.018191729,0.13025123,0.0007379361,0.09229384,0.018493073,0.007855856,0.00870073,0.39722994,0.0031582115,0.009280838
4380,0.07372606,0.039380185,0.0055749267,0.045181617,0.63322914,0.14594677,0.014494764,0.44553766,0.015008474,0.04919876,0.02434125,0.012366592,0.03601176,0.008491833,0.027265782,0.07566767,0.00066201156,0.5785172,0.17842156,0.008096939,0.0018258664,0.16437389,0.008399817,0.0028645587
4388,0.13578439,0.048753954,0.020489622,0.022682194,0.2667422,0.0826587,0.014829956,0.2277825,0.016532533,0.053242706,0.017845195,0.008744917,0.15891941,0.0051934514,0.008621549,0.14300549,0.0007542745,0.13209896,0.11623503,0.020876905,0.000761701,0.28929248,0.013322521,0.015071566
4389,0.08530364,0.0072563104,0.0010997353,0.010173797,0.084542304,0.4631192,0.008682845,0.7394822,0.0017832995,0.019061271,0.049551282,0.012434344,0.14350297,0.017797511,0.010448502,0.27981952,0.00058995734,0.26387328,0.00842425,0.0027900934,0.007758865,0.70815766,0.0033268773,0.007680663
4399,0.07715896,0.057346202,0.025067253,0.013230327,0.60364205,0.03725564,0.0049321055,0.5943026,0.054633263,0.03826683,0.017869147,0.0088870665,0.019091448,0.016292104,0.044961013,0.036534883,0.0006774473,0.3702234,0.01651451,0.008016994,0.0013184035,0.11064291,0.04037097,0.020602483
4402,0.017591529,0.01315964,0.011706584,0.02944263,0.5275256,0.018968469,0.0539795,0.7877036,0.04082628,0.0038488223,0.0030411845,0.008167636,0.0019669272,0.07079303,0.00949041,0.009668422,0.00071220327,0.6792887,0.007758403,0.0082789315,0.6945525,0.01912672,0.010144699,0.0034499674
4406,0.04642002,0.07105012,0.012665021,0.01066939,0.33143798,0.045187574,0.009665582,0.3868775,0.011434331,0.31855103,0.027025765,0.008721149,0.289977,0.0092808725,0.027392542,0.15800144,0.00065669883,0.34259102,0.22148201,0.0054260734,0.002126527,0.20267919,0.011055153,0.011375354
4413,0.018846404,0.017845346,0.0136879785,0.28853348,0.19621675,0.40702522,0.1698462,0.61256015,0.004917172,0.0350877,0.012824618,0.065086216,0.056042906,0.04587742,0.050573964,0.038716998,0.00092776143,0.0640678,0.008352626,0.013987945,0.0010389091,0.17077282,0.00945071,0.010614616
4422,0.020041756,0.06462417,0.014428595,0.3621375,0.025288904,0.02921043,0.5694011,0.44730768,0.036866155,0.046082426,0.0067823916,0.15425195,0.028431114,0.11418416,0.034451026,0.046262912,0.0012495588,0.13307701,0.035411593,0.024471583,0.017555373,0.043414377,0.030557051,0.014385682
4424,0.28733,0.04239808,0.008444489,0.027568,0.26819733,0.19914296,0.05062293,0.6560263,0.030055523,0.0069931815,0.01115284,0.036615107,0.0052500707,0.006335625,0.0071851634,0.03481844,0.00087463146,0.12317506,0.025247166,0.0070178476,0.03361405,0.2106739,0.033340167,0.015374852
4425,0.04390768,0.04164525,0.009359594,0.015925765,0.47286874,0.20392595,0.0132288765,0.74011093,0.0377755,0.037898354,0.021422612,0.007914409,0.033678792,0.010883586,0.0050209356,0.025677297,0.00058548606,0.36265853,0.025361191,0.005976289,0.009838841,0.17646411,0.005958577,0.0031525374
4426,0.07604831,0.060654826,0.0029549245,0.03427966,0.6005188,0.23617521,0.013963397,0.6813636,0.052475102,0.031021435,0.02603981,0.034560308,0.0046241665,0.005030781,0.0050702253,0.13125865,0.0008462467,0.17026232,0.005136272,0.0011449041,0.015224483,0.31860793,0.008252804,0.008946944
4430,0.10932835,0.041075382,0.010158206,0.024063533,0.102651134,0.043204963,0.008464144,0.6696111,0.020506429,0.07559654,0.014694635,0.009733622,0.12172171,0.017388133,0.004738543,0.16178049,0.0006242587,0.10573328,0.26819733,0.020846242,0.0031487502,0.54969347,0.022825934,0.00520156
4431,0.046611555,0.026355542,0.0058750557,0.006761852,0.7205925,0.10589126,0.0016696658,0.71071124,0.019054027,0.02815959,0.037031777,0.0035030607,0.01239546,0.020745885,0.049188495,0.037970766,0.00052420195,0.84029585,0.003568613,0.0039228755,0.063100666,0.13862082,0.0042063063,0.008182571
4432,0.016283205,0.015552684,0.008746232,0.031832628,0.48758233,0.046761014,0.0052082883,0.6944525,0.013628167,0.042943683,0.03746792,0.024095867,0.036878146,0.009090563,0.07276894,0.03388594,0.000640624,0.7421984,0.02047422,0.006239606,0.005324437,0.05229744,0.021358768,0.026090994
4433,0.2117476,0.08043066,0.018241886,0.021620376,0.42626622,0.02217657,0.006777656,0.4683835,0.09849436,0.054420628,0.0016494509,0.05091511,0.020280408,0.03870386,0.03129042,0.007653889,0.0009194827,0.15992233,0.012532812,0.015494423,0.061687443,0.08802614,0.076747164,0.020154564
4435,0.028030103,0.033874165,0.027758162,0.01183607,0.2552439,0.12870488,0.00574945,0.64811826,0.040127065,0.09150547,0.024289813,0.005097177,0.16229771,0.0465778,0.029149596,0.07543466,0.0005459579,0.39952472,0.07236803,0.008648412,0.0065583037,0.20715706,0.004254595,0.0026447275
4437,0.2290462,0.7541555,0.5939363,0.01321182,0.46500736,0.021389607,0.012133989,0.096186996,0.8089391,0.7559457,0.0012691681,0.02779871,0.10219402,0.021895789,0.08872143,0.014468467,0.00084935245,0.053188793,0.17849237,0.0125496825,0.0063418536,0.028616436,0.019724898,0.010897146
4440,0.008317666,0.10203441,0.013592306,0.26807067,0.1909232,0.02160135,0.013160476,0.86325276,0.09938674,0.20413414,0.007947414,0.015580713,0.08806064,0.02751165,0.0064073936,0.05016823,0.0004735985,0.152914,0.10574832,0.007323985,0.013274186,0.047568016,0.0056528873,0.002653799
4443,0.0051814676,0.0028062703,0.0013871414,0.029986748,0.54001635,0.054101188,0.0018873169,0.8124554,0.016757127,0.009061535,0.014001836,0.0047139423,0.03155982,0.032283407,0.01646074,0.13718931,0.0005043098,0.71417236,0.015418196,0.0019074995,0.017646935,0.08958235,0.0038064031,0.0034207185
4445,0.055041216,0.024832016,0.0068110405,0.012402204,0.29581693,0.39383373,0.008959776,0.8355661,0.016730012,0.04015685,0.023292575,0.004040015,0.031066202,0.02492107,0.0073711304,0.16141707,0.00071384705,0.2208523,0.009989468,0.0067393435,0.003609052,0.36443296,0.00935555,0.011623644
4451,0.032427244,0.11029848,0.0074646315,0.03808532,0.4415292,0.11482545,0.008127192,0.47544053,0.08572161,0.049973905,0.0111368485,0.013255501,0.05938039,0.027904183,0.019303545,0.0656872,0.0006984077,0.25644517,0.02041561,0.002332478,0.0037010482,0.24715841,0.0063816016,0.0063042715
4452,0.4635179,0.7290196,0.047194492,0.01600271,0.20524545,0.040615015,0.0017276437,0.56945664,0.20230637,0.26481843,0.006688579,0.036782403,0.016593225,0.0018496959,0.05178535,0.026256781,0.00064514735,0.35642985,0.025002368,0.00927965,0.017946366,0.1217608,0.08900735,0.04080697
4458,0.24590378,0.2923868,0.0064874333,0.011430914,0.06307485,0.072149545,0.0023188551,0.77120084,0.019694395,0.040849816,0.046252035,0.12479398,0.05150258,0.0065986365,0.016654026,0.13854663,0.00061802,0.19802436,0.037544254,0.008009944,0.005695804,0.45529154,0.62448025,0.01588485
4465,0.5154439,0.042384066,0.00256875,0.016061429,0.32225168,0.79572606,0.010117013,0.38249737,0.008734548,0.007169781,0.042329114,0.0097896615,0.05419383,0.016537806,0.0069057215,0.19698621,0.0006502018,0.08172795,0.040797874,0.0038453008,0.027888719,0.8211147,0.006797551,0.0068871747
4468,0.04446641,0.043155592,0.0070282356,0.06112493,0.520635,0.058124952,0.007532761,0.7885304,0.032318473,0.04157721,0.011356418,0.038087606,0.012722379,0.0039931578,0.06993358,0.013362777,0.0007022142,0.58378804,0.012014372,0.005321127,0.010366224,0.034523804,0.020210799,0.018841423
4470,0.62383026,0.30119872,0.08765015,0.013697806,0.15571842,0.014712437,0.25357094,0.06872287,0.03497295,0.2545751,0.0027223055,0.042334527,0.7298546,0.012976285,0.0049766325,0.04031395,0.0011331987,0.013171281,0.6509946,0.036132477,0.00406659,0.24714641,0.0327823,0.0018666507
4473,0.13589458,0.07480102,0.012406047,0.0116610145,0.282293,0.12300119,0.0020659321,0.32412538,0.018670464,0.19027786,0.010384163,0.009432956,0.61362,0.01124553,0.027465213,0.16938213,0.0005120416,0.35425237,0.05548172,0.006746197,0.002707474,0.31241718,0.0020535286,0.002419203
4481,0.010874026,0.05236542,0.014362997,0.123609304,0.45115033,0.045347583,0.02217427,0.8714497,0.12126149,0.0423577,0.0050074947,0.014854568,0.007528335,0.031415835,0.019360937,0.025735082,0.0007181824,0.27695984,0.009709943,0.0048066154,0.021757053,0.05849598,0.017226309,0.007288646
4488,0.029469574,0.104458414,0.048321616,0.13290739,0.50676084,0.06998228,0.081171654,0.72339255,0.05800244,0.036279928,0.005557733,0.016418302,0.0047078184,0.24801783,0.06206428,0.018456506,0.0007653846,0.15220734,0.0033955132,0.015200295,0.66875315,0.04783706,0.0024768985,0.043890256
4491,0.24266076,0.41746476,0.046651848,0.06651302,0.66249466,0.17074637,0.033637818,0.1943407,0.14329769,0.14102143,0.0032762804,0.03997505,0.023906264,0.0110231675,0.017766414,0.029733263,0.00092315825,0.061351147,0.011131845,0.01918401,0.049762964,0.12719609,0.006911872,0.18334161
4492,0.11584911,0.35111022,0.24302228,0.0046312786,0.3178203,0.0110421,0.012694869,0.12610771,0.71881497,0.29968244,0.0021845617,0.0044661276,0.49230814,0.0076986556,0.009771604,0.02262678,0.0007298135,0.017201269,0.3380457,0.04029743,0.0058581447,0.11613802,0.008785298,0.0089700585
4493,0.09207203,0.010529484,0.0020351084,0.026106559,0.13282543,0.15179433,0.00526589,0.7265714,0.007889386,0.069350645,0.02161337,0.00562291,0.462282,0.03308314,0.0024848897,0.2701238,0.0004952644,0.14275321,0.14689773,0.002790953,0.0032252579,0.6025691,0.0027860366,0.0011196241
4494,0.039967246,0.06388638,0.012197091,0.013087317,0.58810973,0.14893678,0.0017306701,0.6357074,0.01905454,0.032939937,0.035943165,0.03367604,0.023164112,0.016652737,0.044447824,0.039051246,0.00053898594,0.84990454,0.019452937,0.0076000844,0.009987096,0.1833988,0.016427075,0.011649985
4495,0.008715705,0.009496754,0.004597836,0.03766074,0.7253334,0.0398348,0.05211939,0.579103,0.0099251205,0.0060168593,0.00930105,0.013501744,0.005912291,0.043363947,0.043737005,0.020239957,0.00085373485,0.75845855,0.010874955,0.0026399172,0.012394444,0.047735754,0.009611122,0.0023147098
4496,0.117705375,0.027258,0.018453354,0.010192829,0.80358255,0.6100234,0.0030160807,0.48742548,0.06638299,0.012864377,0.09457737,0.0022636415,0.03555589,0.0036774133,0.0066338377,0.0838232,0.0005713775,0.04757148,0.025521288,0.012115347,0.015760252,0.31828496,0.0039841183,0.016149404
4497,0.019486422,0.15954445,0.038015034,0.055785265,0.4181877,0.042420387,0.028059607,0.62715864,0.13579026,0.4258487,0.0013362983,0.009765958,0.03569382,0.042875495,0.02054978,0.031805553,0.00079144177,0.13773781,0.07935549,0.005750121,0.0069794,0.08224952,0.0027014678,0.013596422
4499,0.012758713,0.032393213,0.014189324,0.059931964,0.4587878,0.12050386,0.010815551,0.7981089,0.030765196,0.031821188,0.019159235,0.037879564,0.0073119756,0.0077207102,0.07795259,0.032570116,0.00081485376,0.6223131,0.0024809453,0.018440347,0.005503461,0.04735845,0.01223879,0.049603388
4517,0.35500994,0.050835066,0.009690211,0.17299108,0.23405145,0.23722064,0.06939958,0.41152954,0.020699142,0.058526147,0.0068666744,0.09057251,0.02203737,0.01268291,0.0063601434,0.033820827,0.0009361629,0.039660517,0.109253466,0.0049885404,0.03726658,0.14831759,0.019642288,0.025247267
4523,0.07118898,0.20784503,0.057806518,0.007592223,0.84483397,0.007520917,0.07139215,0.03547538,0.28446224,0.16628914,0.0011430347,0.0054651415,0.17952275,0.037485387,0.034261413,0.058922388,0.0010401461,0.030008435,0.20125844,0.007387711,0.0072408486,0.061525967,0.001439692,0.0017956516
4524,0.018871179,0.053482447,0.007922658,0.008298855,0.271875,0.053767465,0.014425599,0.6887601,0.049024004,0.04140077,0.007961923,0.01506848,0.037263352,0.009329481,0.007706368,0.03710764,0.0008039952,0.19480167,0.0066577424,0.0036250218,0.0088991495,0.16302001,0.0061005913,0.018830689
4526,0.2256814,0.15163374,0.026927207,0.01728333,0.68847805,0.19638458,0.0067736604,0.43951827,0.043643825,0.077657126,0.010653863,0.0028932432,0.07158012,0.08392407,0.079342395,0.009636378,0.00075188297,0.22892977,0.040026337,0.0043096906,0.015599999,0.17505246,0.002756398,0.07276177
4529,0.039729163,0.041179795,0.016377872,0.05010264,0.7202398,0.07319402,0.006427594,0.67002386,0.08415127,0.068844944,0.023846705,0.009420782,0.022510922,0.025789948,0.029570114,0.020092612,0.0005282578,0.47050735,0.036784753,0.00448602,0.04893886,0.030362314,0.027209636,0.08992804
4530,0.822529,0.23336896,0.0025111076,0.01648713,0.29302275,0.40524414,0.0033150732,0.40137887,0.019213337,0.013110969,0.035748284,0.03657307,0.023610698,0.0030344836,0.003182815,0.15500464,0.00074386696,0.036111493,0.048687898,0.00773802,0.0064556804,0.91239816,0.056874108,0.010830079
4531,0.042030044,0.003970265,0.0019098322,0.0188632,0.27913195,0.2854478,0.0073015885,0.7454867,0.008818079,0.00841741,0.06185992,0.013488513,0.12819044,0.0036446308,0.0030787047,0.25656947,0.0006252403,0.09060203,0.027378349,0.005403839,0.0027428782,0.5998512,0.014563405,0.0011502331
4543,0.55569667,0.38741326,0.009939046,0.029643621,0.059256084,0.03950077,0.036760382,0.4097133,0.016781375,0.0075210845,0.008950957,0.096579134,0.078781955,0.005115954,0.0114781745,0.09830027,0.0009913482,0.0784238,0.2886922,0.020998087,0.005726295,0.5734136,0.60953385,0.00815898
4544,0.011155217,0.017549437,0.0073720478,0.1167454,0.6005635,0.13993919,0.0036853414,0.6679356,0.02669476,0.022155317,0.017017242,0.052252766,0.022766497,0.0203653,0.07984883,0.031615958,0.0006350124,0.5895861,0.004720721,0.0036692966,0.0025486154,0.03669349,0.012345697,0.06155671
4547,0.0097469045,0.010799482,0.0031350295,0.022727571,0.54451156,0.07721505,0.005465025,0.8809271,0.016696686,0.015722146,0.010410387,0.0069693867,0.01043358,0.033052307,0.008099401,0.06625812,0.000577601,0.5083095,0.015462646,0.0038390046,0.0250165,0.111532725,0.0051751053,0.0023591928
4548,0.012711441,0.009458771,0.0045409445,0.043131456,0.35643196,0.037479334,0.032809738,0.9405102,0.01387574,0.010434825,0.0048571527,0.02046364,0.0145719005,0.03036173,0.010942353,0.021925362,0.00070447545,0.2766928,0.016079487,0.0031616676,0.01237547,0.050468635,0.036067925,0.01241043
4552,0.2456914,0.23218957,0.017541364,0.01398377,0.09466487,0.107404195,0.002168253,0.54047316,0.023051606,0.086572416,0.06406762,0.025300896,0.18132104,0.0053174007,0.02288142,0.2174687,0.00051208166,0.426473,0.014785721,0.009016981,0.0058749053,0.43035877,0.05928041,0.011936283
4555,0.061755992,0.04274305,0.01283729,0.061870534,0.3333073,0.033585545,0.06296178,0.7006903,0.11719561,0.010457267,0.0018198548,0.03643853,0.0020770817,0.02213417,0.0041006515,0.0038844896,0.00080640597,0.08193435,0.0143769225,0.005821052,0.83464104,0.054687485,0.0073700803,0.006582035
4558,0.03505959,0.015899898,0.0025342312,0.01283329,0.5831781,0.089336835,0.0025473067,0.7243473,0.0051256716,0.014959166,0.019438144,0.007917922,0.018643696,0.0062696827,0.008775557,0.05368478,0.0005979466,0.59101665,0.008471314,0.007914941,0.0077150324,0.15717576,0.013527236,0.012894083
4566,0.039575394,0.004372169,0.0015297019,0.03407792,0.083142914,0.7076876,0.016132697,0.7702434,0.0030745496,0.008447624,0.15059797,0.009181271,0.06448241,0.003953458,0.0034692395,0.7210551,0.000739159,0.112765,0.026633803,0.0024832191,0.001966304,0.79421324,0.0016492223,0.004678533
4569,0.22534695,0.09836809,0.0093961805,0.012115056,0.2513527,0.09100083,0.008002355,0.5507867,0.017212212,0.02676076,0.008873674,0.025115782,0.060479086,0.010573826,0.010311628,0.015139755,0.00073079264,0.06103347,0.054115087,0.004635015,0.022231087,0.11762961,0.31242475,0.16055574
4576,0.00599907,0.037072167,0.022968594,0.0043264544,0.7360877,0.029462708,0.0015964418,0.6834231,0.17394076,0.08546988,0.023856746,0.0022132,0.14455163,0.008663019,0.06917655,0.17692122,0.0005039618,0.74359775,0.04619877,0.0084189745,0.0027764034,0.09022547,0.004026138,0.0016606521
4577,0.021304555,0.0205892,0.004277447,0.045739483,0.18543646,0.2626976,0.010983047,0.8835507,0.01991749,0.035881374,0.004026595,0.009307722,0.02434163,0.020837855,0.0028493851,0.048025355,0.000590825,0.21412872,0.013462314,0.0031386917,0.0052335015,0.15410219,0.001932544,0.0023332716
4578,0.06165879,0.112549126,0.022125114,0.025321446,0.7509208,0.066933505,0.0046866843,0.29029045,0.12928213,0.051570036,0.0229955,0.005004174,0.07772577,0.0046125487,0.04019401,0.046040665,0.0005766728,0.19494756,0.027853835,0.008173556,0.022891685,0.07039134,0.009054635,0.021947041
4579,0.009563383,0.007442199,0.004273799,0.19126314,0.45978802,0.07701732,0.13230819,0.5964416,0.0033660252,0.017867204,0.0034780176,0.033784032,0.021392155,0.026066713,0.02639744,0.088910595,0.0010627522,0.4176023,0.008559755,0.01111936,0.0038063072,0.13035785,0.009560456,0.0015178467
4583,0.023132378,0.031926535,0.02466585,0.014314945,0.58496886,0.015924973,0.0055126348,0.60671,0.2138253,0.045008235,0.00443566,0.027002383,0.036259294,0.0131553365,0.020867072,0.006903636,0.00062154507,0.43785837,0.024118556,0.004323173,0.007941664,0.03190087,0.008424537,0.004565091
4585,0.017262634,0.16370879,0.44094074,0.024368037,0.6889585,0.00823491,0.004764147,0.3081015,0.7453879,0.7722017,0.004909681,0.01559351,0.1710308,0.054466285,0.13560966,0.056319136,0.0005688304,0.28869736,0.098312005,0.0467822,0.003243413,0.03408193,0.00214731,0.0027797562
4592,0.08508572,0.15345341,0.041562166,0.033421304,0.3601107,0.06079858,0.0244031,0.59848034,0.092178516,0.07245539,0.0060104346,0.008979045,0.014928991,0.016772,0.04914832,0.019010939,0.0007746097,0.16171128,0.017460432,0.0140260495,0.03188509,0.106666826,0.0076485914,0.010573316
4596,0.27773008,0.28881374,0.024360584,0.0062515717,0.26597536,0.021879511,0.0022081241,0.36987996,0.051424,0.119820006,0.034935344,0.008229923,0.27971122,0.00851511,0.12947214,0.08402169,0.00050156045,0.32859832,0.13729723,0.014559847,0.016362999,0.34128794,0.021143096,0.0016436097
4599,0.19782063,0.06407528,0.0074656806,0.1567388,0.24928756,0.27499685,0.021652402,0.8015301,0.01686077,0.06382054,0.012816013,0.011018158,0.0043553296,0.033565693,0.014025166,0.021387883,0.0006165454,0.12782107,0.008128898,0.01004403,0.4918222,0.15685265,0.010528868,0.013304738
4611,0.14778134,0.05813406,0.0069482876,0.07917699,0.13699146,0.6685663,0.032031346,0.51006544,0.050749727,0.011995314,0.016989203,0.09146752,0.008050872,0.014816781,0.009353875,0.016609907,0.0009001546,0.030931,0.008702404,0.004187249,0.018650418,0.19654623,0.016636074,0.5272848
4612,0.17718008,0.03286678,0.0026710567,0.027317232,0.10481651,0.23402238,0.0021225389,0.5662768,0.0059851,0.05933453,0.034110628,0.009851061,0.28276187,0.029289907,0.017428441,0.49500692,0.00054607476,0.3280938,0.030072251,0.0023186465,0.005033333,0.6977333,0.010423265,0.0064774835
4615,0.7550495,0.14868836,0.0066788476,0.014369857,0.45868886,0.058639582,0.03248463,0.32158184,0.02982386,0.011519285,0.0044247066,0.04746667,0.01579985,0.008393993,0.006767452,0.017280845,0.0010032702,0.048791897,0.6352588,0.0075886054,0.01834906,0.37670863,0.15935753,0.015683144
4616,0.06160807,0.077887036,0.013158718,0.024323648,0.52505845,0.016292624,0.008099804,0.43234098,0.07258782,0.009129109,0.0035715457,0.009328974,0.026957419,0.021273453,0.041955836,0.014532097,0.0006522478,0.18587814,0.013236161,0.008207663,0.62059486,0.05911792,0.0043029883,0.056849837
4621,0.26062793,0.62866014,0.2529481,0.023969142,0.44807494,0.068508275,0.020628646,0.16212514,0.64073485,0.3619318,0.0030262005,0.01816628,0.11739751,0.005805969,0.01847309,0.0652878,0.0007924795,0.08485832,0.1073688,0.011451677,0.015267479,0.07637622,0.013552181,0.004704792
4624,0.3040198,0.0074811582,0.0056076217,0.10340429,0.46200508,0.66247416,0.013161108,0.6017437,0.006357248,0.00458562,0.02079779,0.024207756,0.0074336943,0.07883835,0.0052671847,0.06093416,0.00059241825,0.10923147,0.020185983,0.007157338,0.014730779,0.25580654,0.00841714,0.00829991
4628,0.011985705,0.013719945,0.015642224,0.056661278,0.23391157,0.03520865,0.053592797,0.8705488,0.037341457,0.023009704,0.0038834934,0.0438432,0.020656442,0.367049,0.154501,0.009067788,0.0008445832,0.32991347,0.005153068,0.01640024,0.007499425,0.05613707,0.01221095,0.003819676
4632,0.027393444,0.012475587,0.0033635118,0.014857959,0.12434644,0.3213133,0.011038347,0.63118124,0.0080158375,0.038616385,0.039530504,0.019070076,0.7426962,0.0030558463,0.006287694,0.5127346,0.0006839657,0.05000578,0.039149422,0.00411745,0.00047448007,0.6075198,0.010953826,0.0019388434
4636,0.6542793,0.39798,0.13137232,0.025878424,0.31986484,0.10336801,0.033297915,0.2644687,0.24299969,0.12565081,0.0050621615,0.026705787,0.040714126,0.018790057,0.013680068,0.013104802,0.0007781561,0.0602576,0.7194466,0.019148484,0.036160663,0.16526951,0.038166143,0.0067429454
4637,0.16716754,0.016836325,0.003194555,0.0076512955,0.28968886,0.47046167,0.012513936,0.56434864,0.0038345943,0.0072151823,0.05447057,0.011598346,0.08502323,0.0016503361,0.0017061327,0.24446172,0.00072652905,0.029205766,0.043604337,0.0067706583,0.0056597902,0.82382596,0.011135809,0.0023232799
4642,0.2985958,0.76483804,0.059695713,0.07646301,0.2747615,0.11177235,0.0025825459,0.54345495,0.22181527,0.35087115,0.011802309,0.20881915,0.013275068,0.016674887,0.059325326,0.035362415,0.00071613304,0.25631693,0.008933588,0.008255845,0.0207907,0.10308636,0.046830345,0.2544749
4644,0.22819805,0.603635,0.47098038,0.02435678,0.34954333,0.0026306505,0.13821001,0.10716153,0.5314489,0.899884,0.0004973858,0.031132005,0.09238361,0.027279424,0.02864912,0.019028896,0.00126946,0.048295826,0.6885105,0.04493322,0.0069475807,0.031141162,0.0340082,0.002621598
4646,0.072083876,0.05900939,0.014222707,0.020719245,0.20131303,0.14213657,0.0047611184,0.7306778,0.027941704,0.12270446,0.013087884,0.014099123,0.19789551,0.008548832,0.0049886373,0.22488579,0.00057043583,0.0619652,0.062661484,0.012390143,0.002145347,0.45121217,0.021881482,0.018895473
4648,0.015033293,0.04369894,0.016424403,0.011947345,0.5208884,0.05507741,0.005929411,0.8111121,0.064321406,0.05009676,0.025994752,0.008700504,0.053962983,0.011491622,0.052606072,0.03349732,0.00055251154,0.41933805,0.0076499814,0.008911982,0.006046591,0.06512209,0.009405732,0.018710094
4650,0.12908222,0.2720807,0.010482788,0.09735766,0.044045404,0.016337814,0.13691697,0.59640944,0.028069163,0.011419636,0.019537358,0.51476556,0.007062133,0.004827969,0.020647489,0.026668364,0.0011464079,0.06452225,0.030121969,0.018676419,0.015463617,0.102290295,0.8763553,0.0058645178
4652,0.03940282,0.02298481,0.006181907,0.026282653,0.5495904,0.30568862,0.0013805183,0.82975405,0.04976205,0.047559753,0.023917945,0.0035617,0.015830986,0.033562817,0.022178074,0.051090088,0.0004896375,0.4958299,0.0054414943,0.002613949,0.008129736,0.15178208,0.008299256,0.0059990617
4653,0.023921229,0.39477947,0.4723162,0.04815947,0.6436202,0.0019433293,0.18424702,0.032294895,0.6906464,0.6497627,0.0034454097,0.023632236,0.1928927,0.01542206,0.07240128,0.016682139,0.0010371177,0.048979286,0.4308437,0.06373135,0.022228323,0.0101799825,0.0042838026,0.010561596
4654,0.5720922,0.16158435,0.012164233,0.03569281,0.34314698,0.91404843,0.013155912,0.50107,0.031625703,0.00476978,0.01882134,0.03889162,0.038463354,0.015333559,0.01867463,0.09459595,0.0007296041,0.026730537,0.016509004,0.00722187,0.0053948998,0.59102315,0.010879613,0.013688249
4658,0.08288014,0.0064962665,0.0016962545,0.029417373,0.112297475,0.53174055,0.016610336,0.6516738,0.006175825,0.013326985,0.02970885,0.007451271,0.4745056,0.007943524,0.0056326017,0.28342846,0.00071113405,0.036703456,0.008015845,0.013037954,0.0028292856,0.58067423,0.005172462,0.012193524
4662,0.32765827,0.5534548,0.02729353,0.01034053,0.41947168,0.06255488,0.014288372,0.28022414,0.102863885,0.04088349,0.013500543,0.0071476395,0.14178364,0.010436016,0.02211443,0.045632217,0.0007145273,0.10499231,0.3564043,0.0065339357,0.018672109,0.3834213,0.030041924,0.009437146
4666,0.059171658,0.12688078,0.025102418,0.042595074,0.741625,0.032337394,0.07972719,0.50323135,0.037218798,0.033182677,0.005585005,0.011427304,0.022152232,0.012575052,0.02722773,0.053512327,0.0010081553,0.2941684,0.04462963,0.0068934825,0.00987634,0.06398022,0.017345332,0.0023037242
4669,0.02206155,0.024435284,0.0055687022,0.008097869,0.44645113,0.011386711,0.006815483,0.67245126,0.011268406,0.02105876,0.0029554428,0.0053193304,0.102837086,0.005655863,0.0055279043,0.05471331,0.0005824579,0.42011023,0.02446357,0.0065324376,0.0022149023,0.10082524,0.010227206,0.009893154
4670,0.29545072,0.15851921,0.07442584,0.025569044,0.37598366,0.061944943,0.039730154,0.2695808,0.091046676,0.13638529,0.0068568024,0.01032248,0.12314347,0.048391715,0.022344112,0.05700305,0.00073653413,0.15947898,0.29779524,0.02924489,0.010788678,0.15439792,0.016744822,0.009521892
4673,0.07872739,0.049301207,0.013139066,0.0071659903,0.35434955,0.15033004,0.0011142753,0.54247415,0.09314304,0.04684614,0.055223264,0.013844547,0.20038123,0.0016267961,0.024201505,0.092461266,0.0005638857,0.15260968,0.0145246005,0.01941327,0.0027327335,0.25739908,0.017375844,0.007690034
4675,0.05088902,0.032286037,0.014550292,0.098773584,0.5591636,0.0118314205,0.008840104,0.81670505,0.012386281,0.020292865,0.0074997446,0.020809265,0.008232933,0.35526523,0.11876221,0.0045849737,0.00059247925,0.6492278,0.019126827,0.01020877,0.014239196,0.031346213,0.30107293,0.0073767807
4697,0.061636724,0.036343258,0.0040255473,0.008756982,0.5197918,0.08009221,0.0008002868,0.84076667,0.025095096,0.03294313,0.022957996,0.005546047,0.038331833,0.010145973,0.009971446,0.09789255,0.00043418098,0.68912065,0.03966771,0.004574509,0.024918161,0.1773382,0.004848726,0.0017296589
4699,0.67627925,0.13466567,0.014307735,0.014124426,0.30512977,0.8568026,0.006070705,0.23212653,0.04594366,0.0398703,0.06998968,0.009106152,0.09423522,0.005316233,0.013837557,0.0814184,0.00064224465,0.069239885,0.18184608,0.008421367,0.00622318,0.70418304,0.013006159,0.0076492648
4703,0.19103926,0.06782931,0.019069688,0.021140274,0.10357845,0.39795092,0.015566539,0.49686185,0.014837648,0.015988076,0.02530466,0.05210705,0.14907666,0.005982431,0.02759418,0.015219785,0.00067296985,0.07600432,0.02674279,0.008954579,0.00054776686,0.23645951,0.019077478,0.028291361
4711,0.79648703,0.18379276,0.030051595,0.00674283,0.2513171,0.0677976,0.018977841,0.20196798,0.04621175,0.047784578,0.011648282,0.00504243,0.5596345,0.017122634,0.011227662,0.11014764,0.00068783836,0.027119933,0.7565204,0.006472974,0.0038369445,0.4633472,0.026491933,0.0108519895
4713,0.0114348205,0.034670286,0.0071996856,0.026135216,0.21558361,0.023823699,0.0073061497,0.83990294,0.07306024,0.09804556,0.0040387316,0.009784745,0.05864736,0.043650843,0.006596027,0.13823304,0.00057081546,0.35639605,0.0140785845,0.0016733395,0.031362824,0.095013484,0.004705801,0.0020771816
4719,0.17009763,0.5098312,0.35956112,0.016098939,0.49066666,0.040026814,0.0025882353,0.09109771,0.53213084,0.79273194,0.008435207,0.03664211,0.12505667,0.026371393,0.23673454,0.046377596,0.0006155094,0.49931857,0.07713532,0.03629802,0.004846601,0.22227493,0.0032650493,0.0069690007
4727,0.023722734,0.023939328,0.0076275677,0.027688134,0.69951665,0.12948309,0.018266018,0.35347673,0.0177158,0.018449062,0.0063767782,0.021778073,0.022041647,0.022544984,0.03638445,0.01663311,0.00075142126,0.43921843,0.01641102,0.0065982332,0.0027685713,0.07026805,0.013670317,0.012386794
4728,0.030556895,0.047978673,0.016257111,0.00576667,0.7295972,0.103091516,0.0026017607,0.35253617,0.035436,0.017575739,0.017410625,0.0044772127,0.11355134,0.010869453,0.05090807,0.06697951,0.00063189835,0.5792986,0.015722994,0.013599781,0.0028140228,0.24672626,0.004698303,0.03556299
4729,0.052535236,0.15156832,0.0065969992,0.048426993,0.06216193,0.08315747,0.10501832,0.51825863,0.0076707727,0.13280411,0.014107981,0.120674424,0.29099187,0.011518166,0.004849488,0.22577439,0.00095307623,0.0425942,0.026011074,0.0058999695,0.0009537398,0.28195992,0.113040246,0.010620987
4732,0.1848671,0.32397395,0.37491846,0.015463037,0.7769566,0.11079902,0.101419106,0.041398067,0.48105067,0.15182331,0.005602325,0.012906675,0.096823364,0.052150212,0.11859262,0.011437425,0.0010255044,0.03836696,0.05497803,0.043118592,0.0069042207,0.0541761,0.009093085,0.011238682
4735,0.17775668,0.022882126,0.002970914,0.009930431,0.3083457,0.8589447,0.0044514216,0.7177571,0.003925884,0.0035451874,0.03512724,0.013011277,0.019395428,0.00950191,0.006618038,0.028416194,0.0005251632,0.27036634,0.013726592,0.003245729,0.0023627654,0.28311983,0.010053959,0.052188538
4736,0.7056372,0.39660463,0.0099923685,0.005587079,0.1873405,0.0383786,0.0095056435,0.20009439,0.051505364,0.27873003,0.011246968,0.02849987,0.09123708,0.0036909168,0.0058962204,0.069226556,0.00096105307,0.037960526,0.67389303,0.0046820273,0.00224855,0.45636532,0.04094867,0.004522988
4737,0.4460358,0.74806446,0.076298036,0.01728935,0.24378312,0.110809006,0.001613003,0.3782082,0.18656045,0.33795416,0.01616002,0.029480062,0.026443768,0.016399356,0.08187067,0.13167208,0.00058124674,0.3761378,0.040373344,0.015318311,0.009356819,0.378418,0.02050765,0.041465476
4741,0.02133759,0.008846305,0.004230097,0.04913716,0.60846287,0.056427646,0.009474877,0.88494456,0.02840667,0.0153400395,0.0054420307,0.004473189,0.0065628747,0.059308663,0.006782848,0.015108865,0.0005855265,0.5210014,0.0153136,0.0034513893,0.07947689,0.06462031,0.002818056,0.006143671
4744,0.015795223,0.026795736,0.02242435,0.05894836,0.4365148,0.2623331,0.009730116,0.7560483,0.10122012,0.16602138,0.025924573,0.0034443652,0.03651895,0.044222534,0.018237878,0.12640539,0.00050852454,0.11021445,0.020681228,0.013563897,0.0010871948,0.1898843,0.0026812048,0.0026463165
4748,0.028302755,0.017675534,0.009578388,0.13901313,0.5964654,0.038662475,0.071495846,0.4983846,0.015227942,0.04679297,0.008381729,0.011952423,0.022310194,0.68728864,0.16634104,0.008851663,0.00077257876,0.3875239,0.011870094,0.008858401,0.031721383,0.042743012,0.0056469,0.0060265833
4752,0.35134903,0.33446276,0.029958794,0.013877175,0.43040654,0.14739934,0.009113589,0.18530291,0.07313078,0.28053245,0.0072171674,0.0811834,0.06767069,0.0036652982,0.013718222,0.08127715,0.00089830905,0.048280027,0.12253745,0.015289187,0.0025204422,0.45713305,0.011541274,0.020119593
4757,0.016860612,0.03172069,0.028890647,0.051059257,0.7518885,0.027456172,0.011686217,0.29488748,0.12489554,0.033416737,0.012153385,0.009883858,0.023743348,0.0079491995,0.025782,0.05795101,0.000753784,0.22818187,0.11504906,0.007814754,0.046775717,0.06457818,0.028748484,0.003675431
4760,0.37214875,0.27252743,0.018573044,0.07933771,0.0615974,0.21105732,0.013308957,0.56260806,0.02029004,0.13064913,0.021112485,0.17053187,0.129646,0.01054397,0.008961199,0.16710143,0.0008051935,0.04694506,0.021704065,0.024505127,0.0043384274,0.4252646,0.52379626,0.019102277
4761,0.2120149,0.05684948,0.0023757606,0.005845331,0.39903644,0.5189115,0.0013952393,0.5939602,0.0043840036,0.012965779,0.02949609,0.0044764774,0.14475814,0.0044795214,0.008913941,0.055273738,0.0004995879,0.27053875,0.06691479,0.0027972695,0.003238816,0.54607874,0.0072797677,0.0069995057
4777,0.3717924,0.64295524,0.02387284,0.042959727,0.038413424,0.012017814,0.19161299,0.21769765,0.050132874,0.10053043,0.005633264,0.10432716,0.13752684,0.013187571,0.007230477,0.069386154,0.0010176271,0.024650263,0.90487635,0.007570306,0.026859934,0.23197456,0.039626952,0.003393358
4778,0.08196635,0.1941883,0.004050816,0.021136427,0.15574649,0.03950807,0.014379301,0.73822445,0.0109572,0.007691169,0.009243387,0.1606085,0.007996122,0.007510926,0.006705985,0.15680732,0.0010153987,0.33454898,0.018016154,0.007849236,0.0033913655,0.40961605,0.8066572,0.025818339
4780,0.30594283,0.06446261,0.0075542373,0.1190854,0.08194821,0.36311647,0.020997483,0.80805707,0.007126377,0.0039177514,0.015978461,0.06454653,0.009916525,0.008097065,0.01427578,0.022921061,0.00082401093,0.20788525,0.01880235,0.0058940905,0.022759851,0.32430676,0.07929081,0.50114596
4784,0.0063929595,0.008272967,0.009845323,0.009394547,0.66178215,0.0068844655,0.024305973,0.5335578,0.010908746,0.021798989,0.0036590467,0.007045181,0.044595808,0.012167494,0.00996228,0.04037231,0.0008336135,0.6471572,0.036641937,0.0074063158,0.005603722,0.09243176,0.007446039,0.004961273
4788,0.019728513,0.062537745,0.007704989,0.047551706,0.37345457,0.032346185,0.027387552,0.80153126,0.02872098,0.06281759,0.0038150195,0.031008339,0.054291617,0.04992738,0.006636836,0.043100756,0.00080285367,0.12550452,0.040499438,0.0026215918,0.020065665,0.071654424,0.014479431,0.015892813
4790,0.36144358,0.15307786,0.010114057,0.02879796,0.06622003,0.19016857,0.15590352,0.38134417,0.008486687,0.008588575,0.0054024016,0.10165589,0.06469433,0.007927855,0.0035274185,0.011565658,0.0009317167,0.014489976,0.10370523,0.010090087,0.004240441,0.2268934,0.093120985,0.07754569
4795,0.034966033,0.053694732,0.011363224,0.0052304366,0.70803964,0.08897899,0.011369134,0.67152464,0.12948544,0.012607379,0.006171577,0.0011957627,0.015129493,0.02715396,0.0054393318,0.017808069,0.00053472037,0.17004281,0.026953705,0.0046788417,0.23589952,0.04537064,0.0043167574,0.005648003
4796,0.06965274,0.09163504,0.19998619,0.027204087,0.8791015,0.013439465,0.019839432,0.19340555,0.3854988,0.66414917,0.004487618,0.0020962749,0.152969,0.05382312,0.036375538,0.0142713245,0.0006770529,0.16816528,0.2988497,0.013744071,0.018039428,0.022150032,0.0011413455,0.0023888065
4798,0.20972653,0.21595086,0.008728514,0.030173369,0.099863395,0.033054654,0.26565987,0.33357936,0.010625288,0.011759492,0.0060708206,0.015796425,0.24363329,0.007824701,0.0018149794,0.116047606,0.001247195,0.013516632,0.27821383,0.0072170245,0.0062039257,0.55493605,0.035809472,0.011391554
4799,0.040059056,0.020915683,0.0017226876,0.008948191,0.6524625,0.16902389,0.0021126543,0.71396005,0.032291483,0.038040973,0.027969053,0.0024969869,0.09969648,0.0042798095,0.01087732,0.048052385,0.0005258835,0.1803116,0.02051794,0.001315151,0.0049795187,0.21485525,0.004312161,0.0072826073
4804,0.3468647,0.3600521,0.010978365,0.05534548,0.06408701,0.18308875,0.009623571,0.24548703,0.04085956,0.33259004,0.008999443,0.06986502,0.39488024,0.002455941,0.0058345315,0.19893539,0.0007092536,0.038617924,0.10841501,0.006136984,0.021607973,0.44773552,0.0075223097,0.017038567
4805,0.4298324,0.20889825,0.0175085,0.014251255,0.09527587,0.113645144,0.012594694,0.63135016,0.016249051,0.020836499,0.017489275,0.0153728165,0.042967167,0.060229108,0.020597957,0.06028443,0.0007350784,0.07513961,0.044387147,0.009475222,0.013910651,0.31627935,0.07583159,0.3096678
4806,0.04654698,0.052607138,0.022322325,0.020476112,0.48796397,0.017846884,0.0029623273,0.71076643,0.2815603,0.06798639,0.010725555,0.026443731,0.027079314,0.031755507,0.06969846,0.019242307,0.00057718804,0.49805075,0.05405182,0.0049976255,0.019080913,0.045273732,0.027796282,0.0005757973
4809,0.08184196,0.020064127,0.008908482,0.03984401,0.3626211,0.33929417,0.028786026,0.6891775,0.044300143,0.01642565,0.010670472,0.010758919,0.036387455,0.034401737,0.014758599,0.094920985,0.0007498601,0.12746371,0.027973874,0.0071406118,0.0037199375,0.1418908,0.040288243,0.002060288
4811,0.0864276,0.03452074,0.0058876765,0.007733218,0.2670279,0.13973857,0.001340722,0.7785939,0.019350823,0.025782553,0.02810114,0.0115446905,0.0995271,0.019517573,0.037398044,0.02696828,0.00050973217,0.6920106,0.008032492,0.0085273255,0.053808603,0.22502013,0.012037743,0.022137266
4815,0.0037611732,0.06657233,0.017808426,0.07691595,0.5364356,0.058262546,0.0027197176,0.7628477,0.14276914,0.055326484,0.012793482,0.015557131,0.040683508,0.017508326,0.05581216,0.082155876,0.0004956569,0.6523402,0.0067736474,0.0101104155,0.0039570946,0.055630483,0.010576485,0.007339845
4820,0.05914404,0.21318856,0.07909481,0.021618342,0.3432895,0.009747126,0.005345672,0.55796456,0.22783019,0.24941052,0.004530427,0.023396214,0.08665878,0.03406304,0.22067864,0.014529782,0.0006324804,0.5537926,0.01496668,0.01325852,0.0102816075,0.020189606,0.014745487,0.025267439
4831,0.0817053,0.030949822,0.0054259705,0.16532397,0.07747154,0.08593854,0.6999644,0.29956993,0.0033648356,0.012989618,0.0022305928,0.05956,0.065426156,0.5846347,0.031523626,0.013934165,0.0011921171,0.023496713,0.0033408245,0.007868122,0.0455079,0.06554516,0.017554354,0.025318353
4835,0.034247644,0.016743572,0.006855815,0.0148141505,0.8000045,0.30302298,0.002123053,0.7136372,0.036118746,0.012500349,0.032532297,0.0034825106,0.0142657375,0.013470233,0.020213135,0.0338362,0.0005342927,0.34493154,0.0048764194,0.0035140903,0.03541324,0.1054629,0.004299094,0.01260545
4837,0.09412528,0.08931732,0.008330966,0.037899327,0.17673874,0.20970577,0.006075734,0.34489116,0.022338113,0.03619191,0.024646576,0.015609306,0.6962338,0.02872492,0.041862477,0.091900855,0.00047739357,0.034166206,0.012531849,0.011927445,0.0059327395,0.36611295,0.022324307,0.11923697
4839,0.051078677,0.017443229,0.0077380384,0.047492333,0.52061766,0.15917748,0.0073713604,0.40417248,0.020537829,0.04785813,0.02917316,0.0117851375,0.10391859,0.0075968048,0.013882069,0.122751795,0.0007365889,0.29611683,0.08837688,0.009446257,0.0042423345,0.38550222,0.0034333935,0.00549117
4841,0.13615955,0.026015587,0.002854283,0.016167209,0.71521527,0.17474443,0.005470743,0.45047927,0.02172669,0.008726521,0.028700657,0.009548859,0.0073460597,0.0051290984,0.030645285,0.056738038,0.0008296987,0.2745049,0.010866474,0.0028452952,0.0334836,0.24419244,0.020639317,0.008871322
4846,0.08017299,0.114818685,0.015912483,0.14394985,0.05517656,0.0114549715,0.03141349,0.8187594,0.01582047,0.021378512,0.0019719442,0.11038773,0.01411654,0.12541741,0.0369316,0.004756191,0.00106989,0.33826965,0.013447663,0.01655376,0.05516745,0.02685927,0.09191068,0.64365214
4849,0.15110627,0.23961832,0.0536348,0.0072813975,0.52436453,0.040274736,0.00455361,0.39781454,0.28434622,0.34962115,0.0027104213,0.0063039134,0.055999484,0.07921427,0.16927686,0.027732238,0.00063670805,0.33205107,0.079890184,0.0071225483,0.011953031,0.1497504,0.0067883213,0.011872723
4853,0.030839948,0.05073327,0.013743418,0.038618527,0.7251804,0.03439686,0.026801407,0.4080777,0.26280147,0.099273056,0.0033355053,0.008909417,0.06690678,0.045224402,0.031305417,0.01624156,0.00065888703,0.090282954,0.018687848,0.008295057,0.051335987,0.049526192,0.009999985,0.020314174
4854,0.0022805366,0.01627559,0.018018091,0.47671354,0.10613298,0.012463373,0.44850346,0.57355386,0.020458575,0.022183342,0.004763711,0.07826115,0.067908585,0.5667411,0.1658488,0.013077023,0.0010253193,0.08030403,0.012970844,0.0266794,0.020868469,0.014245414,0.01963742,0.20061494
4857,0.3197941,0.15543114,0.013073202,0.022666838,0.36796412,0.05710717,0.0082197245,0.40879437,0.039913554,0.032426436,0.019630702,0.050752588,0.010845455,0.0040082787,0.0110205645,0.017221298,0.00085082586,0.16705626,0.25356567,0.0056107948,0.024855917,0.19664666,0.03028293,0.009759298
4858,0.019275947,0.04314234,0.0296068,0.012994583,0.7696291,0.033114463,0.002791285,0.6821381,0.04720058,0.036868043,0.008505305,0.008874949,0.018375691,0.013647127,0.034247093,0.030524848,0.0006218218,0.7580475,0.03430254,0.010257709,0.021777332,0.05355705,0.009898765,0.0011877369
4859,0.2922678,0.17941251,0.008773645,0.015801037,0.3673508,0.06340297,0.00636043,0.4549683,0.036115333,0.05022468,0.01413672,0.029915214,0.031877387,0.004187691,0.034743793,0.022420362,0.0006991203,0.27397835,0.02010519,0.009266118,0.010423345,0.116401844,0.045769222,0.55599177
4869,0.045799807,0.7446726,0.23215835,0.016837817,0.3498615,0.0037557937,0.00850461,0.15834841,0.72023594,0.83792585,0.0033053649,0.062277768,0.19776812,0.013059878,0.102148496,0.08916202,0.0007617402,0.19346236,0.065617,0.013293825,0.002010144,0.035038333,0.034334585,0.02247496
4873,0.20951252,0.18693134,0.027836997,0.006500373,0.2781558,0.1663422,0.016368756,0.19630584,0.07137355,0.1002506,0.011169854,0.00564969,0.6846159,0.021658372,0.021188445,0.11387486,0.0007274796,0.033793695,0.25774068,0.0080744205,0.0050388454,0.24378255,0.0054447157,0.043642752
4875,0.1432358,0.087064154,0.00458126,0.07433938,0.53604007,0.050202247,0.057750344,0.4511844,0.02753216,0.01425163,0.0030341216,0.046516147,0.0136910165,0.04140449,0.037818458,0.0175252,0.0010225129,0.17540465,0.031861503,0.009800932,0.017816251,0.08780749,0.03115736,0.022413904
4876,0.1132251,0.41876632,0.38010892,0.012003753,0.7364052,0.053516977,0.0050031533,0.2580832,0.5073157,0.4582015,0.010487458,0.011214392,0.056382347,0.008438937,0.09643048,0.015954623,0.0007003219,0.21964654,0.059792634,0.042628255,0.0111192865,0.04054379,0.009559173,0.007046318
4882,0.18784605,0.02543431,0.0045431973,0.03571282,0.21376446,0.73133785,0.012105745,0.7326343,0.0037733533,0.0380046,0.055225253,0.015065742,0.053475775,0.006220962,0.003087569,0.21964252,0.0007445609,0.06655907,0.025591124,0.0049726767,0.0021153148,0.65684325,0.0070849876,0.007972239
4887,0.42116624,0.03691161,0.004621608,0.0087443795,0.22978318,0.5000927,0.0067666383,0.31496912,0.010290856,0.06882044,0.045302812,0.0069273384,0.21567392,0.003251473,0.0030659635,0.22771814,0.0005790703,0.04306953,0.23248023,0.007926459,0.006634849,0.54729635,0.013272308,0.005357835
4888,0.034160797,0.2044872,0.02209079,0.010170233,0.8831515,0.08301925,0.005048491,0.52441746,0.065078296,0.042702787,0.027567718,0.009643912,0.019213123,0.02461501,0.054998323,0.04387087,0.0005313661,0.646669,0.018100098,0.0069169537,0.007931553,0.0725206,0.01049673,0.010866372
4892,0.74455214,0.027364062,0.0129544325,0.08603739,0.16510104,0.87111187,0.005773304,0.73985463,0.0050422386,0.011029507,0.034382362,0.06586761,0.011617176,0.06277558,0.038800236,0.01594921,0.0006229007,0.16261092,0.008550735,0.01144429,0.013260242,0.43575764,0.025988046,0.042091575
4893,0.16183023,0.11463356,0.009324216,0.030988915,0.17499551,0.045319457,0.012156174,0.8558104,0.011025393,0.026219167,0.0034207867,0.07732032,0.009151259,0.018816164,0.0154693695,0.013207352,0.00087109674,0.33677047,0.06965664,0.0030788248,0.0035826915,0.13086145,0.22240399,0.0058287536
4895,0.27552602,0.09263115,0.01298364,0.01252174,0.14634149,0.322762,0.004280273,0.37481448,0.011743322,0.111076094,0.023234079,0.010975829,0.56040174,0.0042596683,0.0023987133,0.3563825,0.0005910796,0.021254746,0.34272045,0.0063482993,0.00072580937,0.8078398,0.005420708,0.005447753
4897,0.22072797,0.011817547,0.0059486744,0.0785839,0.05859041,0.6563739,0.4557779,0.43271425,0.0027016145,0.011479847,0.0071606357,0.028340869,0.22610915,0.044533487,0.0045038452,0.06287567,0.0010929217,0.020347713,0.031354662,0.008457092,0.00799635,0.3635477,0.015378426,0.015472405
4904,0.018555207,0.029129801,0.004758541,0.012781978,0.6351032,0.059884805,0.0017214867,0.4772162,0.034530837,0.038123935,0.010474719,0.005756086,0.09496275,0.0050080456,0.007957179,0.040906426,0.0005816491,0.4170352,0.03822201,0.0051935106,0.0034530098,0.21054834,0.00222955,0.0036326079
4909,0.009554105,0.013712236,0.0025831836,0.008320254,0.6012465,0.024026316,0.0014107246,0.85456705,0.030277072,0.029208427,0.009035919,0.0035655655,0.018437017,0.021517813,0.012483979,0.034450185,0.0005738345,0.77315456,0.00986745,0.0017240855,0.006556225,0.08830046,0.0043567214,0.0035597
4910,0.19159593,0.7750664,0.28922075,0.03289361,0.64601856,0.023334937,0.0068637617,0.21751484,0.7704605,0.1527637,0.0028824743,0.0104342885,0.035833515,0.011111796,0.066250555,0.006610794,0.00074035255,0.1013456,0.115938015,0.040041722,0.011336232,0.037223805,0.0099501675,0.029278249
4911,0.009931448,0.03255936,0.006444044,0.029071813,0.69825083,0.029545682,0.008818675,0.69091815,0.14521742,0.040743977,0.008675695,0.0060452614,0.018083876,0.0063990625,0.006028737,0.06162908,0.00063738134,0.3817864,0.009385291,0.0016693613,0.013939262,0.029301373,0.004358751,0.0124892
4912,0.2514313,0.23794481,0.02375957,0.020533785,0.54345924,0.22932506,0.0015571988,0.522987,0.08145129,0.18077286,0.020575896,0.010429499,0.007953273,0.0103521105,0.039704256,0.027906395,0.00065894856,0.2888565,0.01801289,0.009546825,0.2863649,0.19959337,0.0031538007,0.03974677
4916,0.038925376,0.067214385,0.007471502,0.027670154,0.49108887,0.05250459,0.007882988,0.78607434,0.053303044,0.074112885,0.008715268,0.010027748,0.03820104,0.0102219125,0.013191966,0.08648369,0.0006762249,0.27465641,0.015831016,0.0028771893,0.009925345,0.086949885,0.0050691264,0.016888948
4917,0.008784891,0.0027425794,0.0031350637,0.09165599,0.0939811,0.5776319,0.06736567,0.85514134,0.0063076965,0.0029453544,0.026033625,0.015204064,0.06121722,0.0095409695,0.0017192077,0.2259575,0.0008617172,0.032883327,0.008528414,0.003285168,0.0020589277,0.46934265,0.0023987086,0.0012195801
4926,0.11324253,0.07357254,0.006635094,0.009431299,0.43994278,0.4756112,0.0015337411,0.7126327,0.052191887,0.019620275,0.06252411,0.0058952253,0.10108345,0.0029215477,0.042769913,0.1801028,0.00055121945,0.23173451,0.031139594,0.007131301,0.0044074696,0.43872738,0.0146089345,0.010831377
4928,0.008519032,0.026422648,0.039192412,0.010217635,0.7619259,0.033762865,0.0046056574,0.5698134,0.10150154,0.061741922,0.006574662,0.013667694,0.02101874,0.013395464,0.029488845,0.022866486,0.0007080123,0.5118111,0.0092842365,0.016354468,0.012628547,0.08599128,0.014357922,0.004668766
4931,0.032333728,0.034041554,0.012192226,0.095523015,0.73891985,0.11905666,0.043340515,0.5718708,0.028343514,0.017186621,0.014349374,0.018265981,0.0063880845,0.36391887,0.16251813,0.07722101,0.00074874616,0.6199322,0.015355729,0.008146556,0.007700929,0.065836474,0.0043770596,0.004055251
4940,0.07489331,0.051875785,0.0024702803,0.08494128,0.106215134,0.18753478,0.52474487,0.623033,0.0025619247,0.0034976683,0.01582439,0.06066117,0.050113346,0.004553234,0.0010703019,0.13871579,0.0013531639,0.015340775,0.12518422,0.003726988,0.0037961141,0.48133913,0.10850769,0.0018866406
4941,0.045302983,0.06766121,0.011835295,0.018801665,0.18982865,0.104781464,0.0037226016,0.627807,0.029660976,0.114609115,0.030323796,0.09682478,0.16273397,0.0030618997,0.015392541,0.10205984,0.0006448618,0.1729004,0.026594631,0.0087419,0.0020229646,0.22945493,0.013245986,0.0045312704
4943,0.01861634,0.1558881,0.06660358,0.04904394,0.34080037,0.00850018,0.020152237,0.674738,0.18195778,0.26369184,0.0031965615,0.02497049,0.07606873,0.07485982,0.119915456,0.013491312,0.00065918476,0.35747382,0.02737216,0.015032975,0.009261851,0.05507447,0.01833698,0.015241436
4944,0.008192384,0.019888027,0.015222338,0.007958342,0.40020162,0.07967461,0.0038190847,0.60295355,0.028504081,0.048584368,0.05171465,0.003838206,0.11237679,0.06580846,0.07947025,0.25775486,0.0005419966,0.6319574,0.029962229,0.014270252,0.0012675764,0.13634928,0.010913229,0.0024209863
4945,0.42840248,0.15611443,0.026772382,0.09972392,0.17218907,0.16491255,0.0066814898,0.21079788,0.07552899,0.18139908,0.020323997,0.020660928,0.27965567,0.03788086,0.051322207,0.053652115,0.00059888564,0.07405285,0.050819017,0.008846188,0.012496776,0.30679116,0.012372132,0.21181625
4946,0.12708509,0.033297304,0.008093259,0.0448896,0.4665712,0.617064,0.0014132855,0.45094612,0.009612312,0.08068474,0.087832585,0.013430883,0.25624895,0.0039234515,0.029766932,0.24296594,0.0004902983,0.2584724,0.13722938,0.0029064822,0.0026401822,0.53574395,0.0026099265,0.0042868643
4964,0.065286405,0.070556924,0.012722792,0.056870334,0.22876123,0.31022635,0.03561811,0.3764351,0.054614782,0.035958543,0.016321208,0.025590636,0.123132885,0.006170702,0.005874571,0.13955157,0.0010608238,0.046697598,0.08208771,0.003955785,0.0061915936,0.45031223,0.007099419,0.013618824
4966,0.029081404,0.009118065,0.0072823246,0.019565525,0.13193867,0.48197532,0.006405791,0.31678164,0.015815118,0.063454345,0.07808755,0.009351264,0.87095386,0.008755456,0.014014065,0.55719846,0.00052528584,0.052410536,0.032427218,0.01380839,0.0008697817,0.8409035,0.0077555296,0.004619617
4968,0.029393086,0.023496052,0.009428426,0.006236919,0.7520016,0.049012266,0.0016264461,0.38176626,0.042970423,0.023820471,0.024773888,0.012647694,0.0350069,0.038385797,0.07414435,0.03235161,0.0005976047,0.8383824,0.0068527255,0.017685233,0.011604934,0.09087766,0.01393123,0.0046499893
4971,0.6528774,0.2911197,0.014327168,0.02517752,0.042708628,0.034706004,0.17678767,0.5082429,0.01757578,0.0068993475,0.005114896,0.15339218,0.07132228,0.00911049,0.005031681,0.030938309,0.0009057982,0.018157434,0.21486998,0.006730304,0.011727163,0.21320863,0.8452485,0.027753107
4973,0.012035837,0.07959242,0.03353151,0.02975357,0.78586763,0.102909915,0.0025652107,0.5800161,0.21636286,0.046395153,0.019349646,0.020242054,0.009015626,0.015409597,0.196231,0.07541036,0.00064491434,0.55652016,0.007875432,0.038972177,0.01858279,0.087490454,0.004103367,0.0067350967
4976,0.20919499,0.121373385,0.0033736804,0.27388206,0.040704478,0.11719174,0.043163825,0.8154644,0.00516214,0.009993284,0.008702153,0.5188381,0.0027978548,0.02290817,0.01884518,0.024809314,0.0010347116,0.11310655,0.009393899,0.008369567,0.009679313,0.10766204,0.63601905,0.07293088
4979,0.61709815,0.1543525,0.0348831,0.044063207,0.61774766,0.3244665,0.025089625,0.5008006,0.04295763,0.0411868,0.021272257,0.022721214,0.0046145017,0.01900899,0.014248395,0.014703558,0.00067284127,0.077835724,0.014739995,0.024026014,0.19074897,0.081497945,0.012437489,0.018918948
4980,0.35552776,0.09512724,0.0018980707,0.016563224,0.11098545,0.15780897,0.004428595,0.5544454,0.010841619,0.015882129,0.037842844,0.032411896,0.1314248,0.0053900788,0.008063334,0.080242105,0.0006150883,0.099097356,0.09299917,0.0064150966,0.029866764,0.7063166,0.06438967,0.024028217
4987,0.34853113,0.36461824,0.21933405,0.030511066,0.8968879,0.09439463,0.03598982,0.12774257,0.23253056,0.456937,0.0030805464,0.0070703765,0.023121897,0.025860278,0.038662348,0.027350701,0.00084586785,0.2088906,0.51745725,0.009402227,0.0058935266,0.15492162,0.005576159,0.0042110304
4998,0.05221325,0.16132118,0.03442925,0.012765021,0.094448335,0.021161662,0.028360263,0.52328235,0.06026458,0.19155851,0.009000085,0.021734795,0.33319378,0.009874147,0.026882395,0.03988977,0.0007560282,0.23910378,0.078014724,0.006305428,0.0049193166,0.08868928,0.038194858,0.0027328855
5000,0.080473445,0.06679427,0.100795396,0.056473136,0.47914577,0.06308173,0.0022602214,0.68079746,0.12164723,0.06323103,0.02822941,0.060782842,0.009091229,0.03413623,0.26474518,0.015360364,0.0005770238,0.9055843,0.012816072,0.016789967,0.01500616,0.057972386,0.010025348,0.0067533744
5001,0.38705227,0.6812162,0.06939664,0.1012347,0.4629797,0.034768272,0.012307445,0.3070459,0.25929552,0.14928591,0.0049418784,0.4262876,0.012206701,0.004255605,0.031071452,0.017179333,0.0006604956,0.10217806,0.11469479,0.01687706,0.05594809,0.039624885,0.037680965,0.026805209
5002,0.028636375,0.009899092,0.0008949874,0.008588823,0.1731252,0.40357426,0.0032073671,0.7436139,0.0068648346,0.035309866,0.06457896,0.004423833,0.3225805,0.0025140618,0.0039115655,0.6495414,0.000639761,0.13633414,0.038947627,0.00081273983,0.0020527411,0.7343257,0.005717603,0.0022989823
5004,0.08539322,0.080263995,0.0061205765,0.087998666,0.28511935,0.036806926,0.021976953,0.85210586,0.019726181,0.016553216,0.007612535,0.0581098,0.0035626902,0.045123693,0.030906195,0.017743079,0.0006897637,0.67578506,0.0074311118,0.0047200313,0.013471412,0.034507666,0.5508978,0.0152146835
5005,0.073476456,0.018163988,0.0039019845,0.017904678,0.7796794,0.50220686,0.010375322,0.5089397,0.013912751,0.007901077,0.053018644,0.008094132,0.0036032007,0.016001,0.041424766,0.028513737,0.00062883855,0.38522482,0.0078076916,0.007309663,0.017634911,0.17055044,0.006441129,0.008088709
5008,0.29073346,0.053169973,0.0035843537,0.01995575,0.45987946,0.6565342,0.0012731337,0.37648654,0.01501104,0.027984163,0.043871224,0.00915138,0.02644356,0.005799675,0.0071629514,0.3053238,0.0005738318,0.26270938,0.10366397,0.0026059104,0.0013004675,0.61669165,0.004325452,0.011804223
5010,0.0346168,0.053081892,0.020243585,0.035451114,0.32813433,0.06913193,0.0037499194,0.71554625,0.042525697,0.06737378,0.03635318,0.025050383,0.019051438,0.02620722,0.10456893,0.021692157,0.00053395133,0.7349229,0.002731484,0.015722463,0.04756092,0.07201976,0.034018476,0.042397488
5016,0.022501122,0.018266762,0.035311416,0.019953512,0.5979928,0.058866683,0.0151490215,0.6244445,0.059664357,0.057053924,0.008389569,0.005076828,0.009737411,0.080385275,0.023619328,0.055338465,0.0005995584,0.4758098,0.02839544,0.01236173,0.012407543,0.087110914,0.0054701953,0.0043587363
5017,0.03305297,0.019300502,0.01710794,0.024935128,0.49371785,0.28647476,0.011097689,0.5576505,0.008480363,0.04304126,0.018070245,0.01649888,0.1958318,0.06654051,0.044622026,0.023646422,0.00071627233,0.1663843,0.011055153,0.016318582,0.0037638613,0.17124733,0.022074865,0.012475047
5024,0.29803443,0.20964794,0.12412405,0.0023652136,0.8911358,0.106825896,0.003955687,0.12693082,0.4536205,0.16662163,0.009994609,0.0029253475,0.051497027,0.030114107,0.077622674,0.05781852,0.00066236086,0.13682923,0.3264052,0.0074900324,0.008766934,0.16464867,0.008849312,0.00782555
5029,0.027036814,0.022946736,0.009869492,0.11112998,0.427636,0.037462838,0.0123511925,0.7922155,0.026871987,0.012068325,0.0042696916,0.0224534,0.01093659,0.49280363,0.21351425,0.030424543,0.0006706828,0.46979043,0.005995315,0.0027015463,0.030774172,0.018431718,0.04493142,0.024387684
5031,0.009369446,0.03291297,0.01955609,0.015123404,0.8097923,0.052701365,0.0050241025,0.53423417,0.037070666,0.050802898,0.014660176,0.006829289,0.15713184,0.013125063,0.050451156,0.047376275,0.0005472649,0.26002312,0.005321796,0.115216024,0.00382593,0.09702783,0.01579412,0.003232062
5036,0.5375527,0.69741863,0.32068333,0.0048538554,0.62866783,0.057214774,0.0039791786,0.114048555,0.7817183,0.53843206,0.0030147003,0.0082538,0.053702753,0.008309701,0.01950157,0.021158788,0.00064418704,0.09979295,0.38403562,0.017235976,0.09212495,0.075570814,0.0047760997,0.022434039
5037,0.78058827,0.25986198,0.0044724206,0.013836074,0.086486526,0.029225353,0.017520921,0.5842741,0.01516073,0.007029533,0.004915616,0.06672157,0.04965993,0.014031055,0.007641704,0.015783243,0.0007235173,0.10068047,0.18319604,0.002001475,0.08798302,0.16383001,0.82318765,0.021539474
5043,0.21842413,0.10755262,0.009582298,0.023602212,0.4026561,0.49383122,0.0017795482,0.35256687,0.034306046,0.08755752,0.038841944,0.026072022,0.17229323,0.007113456,0.013615263,0.2355392,0.0005268428,0.08825146,0.017479176,0.004296082,0.006375008,0.6402041,0.012403045,0.01586236
5047,0.20649467,0.044741765,0.001580344,0.015605996,0.3123049,0.81460875,0.0046044905,0.41610283,0.0071653863,0.053882867,0.09458276,0.012366092,0.060213365,0.0018760418,0.00959383,0.28605208,0.0006018127,0.19111937,0.011183577,0.0027048641,0.0031369077,0.6599697,0.004827623,0.025282975
5051,0.039325178,0.04512904,0.005261144,0.013777568,0.41434842,0.056573424,0.0017356137,0.5472227,0.059011057,0.06257222,0.035176635,0.017425364,0.15181758,0.008348906,0.057707135,0.11095653,0.00057935406,0.5590168,0.03432352,0.0066409525,0.0018180618,0.21415676,0.0165352,0.0013741656
5052,0.029140204,0.023748059,0.004751654,0.011440423,0.66465026,0.08309391,0.0009554633,0.6658365,0.09811037,0.061453216,0.009737663,0.0036773102,0.019816462,0.007406715,0.031146867,0.06669448,0.0005206423,0.5627606,0.0024847575,0.00567324,0.053309027,0.06310236,0.00860673,0.032509673
5054,0.055259198,0.013071868,0.012324254,0.01051646,0.79274917,0.051312048,0.0061114347,0.47378367,0.02036596,0.02355782,0.02482341,0.0027061661,0.03069351,0.02641516,0.042360768,0.030370113,0.0006230723,0.492648,0.06291549,0.00874314,0.015558161,0.14167778,0.00196686,0.0065659657
5055,0.36894527,0.11911678,0.0054048724,0.067908585,0.51826894,0.2708858,0.012821939,0.3558542,0.026763674,0.040969763,0.02564457,0.027743561,0.015699552,0.014164753,0.013729601,0.025738483,0.0006907824,0.10642425,0.35578194,0.0027519057,0.0061150356,0.20958251,0.029990127,0.013810124
5056,0.020308072,0.015408528,0.026270222,0.020181462,0.69762516,0.044255167,0.013708232,0.6804213,0.059649654,0.06311483,0.0062548663,0.010317766,0.015053555,0.040345475,0.020544833,0.08929231,0.000829452,0.4909905,0.021840401,0.016313532,0.0027498219,0.09167273,0.005209808,0.0018689211
5063,0.031316046,0.020983657,0.014215622,0.016439863,0.70904136,0.015936747,0.006021344,0.3794074,0.0374254,0.054293,0.0068869498,0.0117648635,0.011119626,0.3944008,0.16930546,0.044225298,0.000728622,0.83467525,0.021634314,0.0057647456,0.009445297,0.11262627,0.008191915,0.0009624693
5068,0.080775216,0.061106894,0.0101892175,0.014765923,0.7783983,0.5060417,0.006193322,0.5131942,0.016333224,0.020010263,0.047642786,0.0045545828,0.036019564,0.013457959,0.020292822,0.07575555,0.00060441147,0.15929343,0.015425667,0.0040633185,0.0081765335,0.2847352,0.004819159,0.032284345
5073,0.18748945,0.24523458,0.038229305,0.0056653856,0.16314593,0.054656323,0.011951269,0.07645711,0.09209235,0.5934874,0.0073646614,0.012798782,0.86907876,0.02158917,0.03480126,0.15515618,0.00072126475,0.07020524,0.083953716,0.008076571,0.008559905,0.334402,0.016974319,0.011320781
5075,0.060138136,0.09863588,0.15668057,0.0071263257,0.577183,0.06855335,0.0016033669,0.23527342,0.63103265,0.46675283,0.021575531,0.0034230032,0.429649,0.013702476,0.04231232,0.08603105,0.0005334871,0.18031885,0.18700078,0.02232717,0.028131971,0.14210449,0.0073293364,0.004061503
5078,0.09250906,0.06851661,0.017433334,0.014966602,0.29973334,0.03192593,0.07229492,0.4567274,0.029676015,0.008441124,0.0031528731,0.052325394,0.04049456,0.012366615,0.0043202555,0.02383808,0.0011138677,0.031510912,0.034607366,0.018523911,0.0041598,0.1744496,0.28571934,0.004476811
5083,0.033075787,0.009302865,0.0039804718,0.024396438,0.1601434,0.20518482,0.011240362,0.44833702,0.019405738,0.01679421,0.034028627,0.0074286927,0.16161089,0.016148273,0.009294211,0.40872702,0.00067821506,0.17594661,0.038246814,0.0030092718,0.016047176,0.5059014,0.0034243325,0.0021172804
5084,0.14805469,0.3291792,0.050313655,0.017359568,0.20289418,0.058792572,0.014669608,0.24575917,0.09088673,0.6280992,0.011849072,0.054646827,0.38888267,0.0039084656,0.027337043,0.097048305,0.00073072687,0.060989536,0.11880528,0.010182458,0.002600275,0.3542286,0.036786478,0.005108155
5085,0.34644482,0.019267205,0.0033685763,0.0140881175,0.6141545,0.8963963,0.0032945573,0.4609713,0.009117931,0.009761275,0.09142079,0.009374625,0.03263692,0.012592198,0.04130719,0.13988703,0.00056365546,0.18695125,0.022133434,0.0052851206,0.0029842616,0.7056083,0.0052318135,0.0026219185
5086,0.0094418675,0.014626291,0.00733841,0.013632507,0.33263615,0.047441557,0.004974616,0.7107447,0.009122262,0.019368714,0.041051246,0.02634721,0.036195785,0.006054193,0.015219278,0.051394865,0.0006791277,0.57121897,0.0143697085,0.012489577,0.00047948185,0.13438736,0.031991363,0.0007919956
5088,0.118091926,0.02531238,0.012306263,0.0028212066,0.78793824,0.18113993,0.0012900579,0.7484059,0.01599185,0.025284046,0.023164663,0.0030806814,0.009535907,0.00633676,0.025346627,0.017190028,0.0005404544,0.7968018,0.018708728,0.0041953693,0.030319251,0.11759806,0.007864162,0.007991528
5093,0.18362188,0.08189724,0.0050349766,0.03968666,0.26068226,0.28855208,0.057986863,0.626841,0.019853124,0.0124890935,0.016714599,0.020322714,0.011745702,0.010027364,0.003417123,0.08118668,0.0008742156,0.10590547,0.012296136,0.011682445,0.049633957,0.34496525,0.059897393,0.008602655
5101,0.51216775,0.14729129,0.0043366277,0.036011163,0.033192974,0.042255584,0.100370124,0.74634945,0.006979254,0.008481185,0.0043758526,0.1576356,0.037427854,0.008341965,0.0037734106,0.025543194,0.00093780685,0.048672333,0.14170897,0.003886684,0.034662444,0.12928942,0.79055214,0.046574604
5102,0.0117419325,0.0023087568,0.001154192,0.080100745,0.26839995,0.34578264,0.018686267,0.69438994,0.0015808963,0.005764907,0.08820316,0.014236143,0.051827386,0.038096804,0.046369497,0.17716789,0.0007626023,0.20633323,0.0031166393,0.0059083854,0.0032152755,0.32076213,0.0017880702,0.00451866
5104,0.012690352,0.058078438,0.011393955,0.14714658,0.32913575,0.061212257,0.043488957,0.8566227,0.058048703,0.025789931,0.0044345083,0.02348641,0.03676987,0.010161914,0.008265964,0.04482897,0.0007492979,0.06813688,0.009803631,0.003192491,0.025898557,0.05431308,0.022815324,0.050881352
5105,0.004501016,0.080198705,0.20503278,0.0331686,0.72097087,0.03178405,0.017065622,0.4516394,0.4554626,0.38937446,0.017477686,0.07125244,0.15931606,0.008964879,0.044631355,0.07245247,0.0007586097,0.06590153,0.036905117,0.038337186,0.0010521484,0.07948497,0.009183019,0.011680199
5108,0.14478683,0.13983956,0.024392575,0.010155201,0.058532864,0.048907053,0.014106688,0.2017085,0.02761756,0.107559584,0.024991618,0.004309995,0.8857541,0.0066428366,0.006110745,0.30063164,0.0006188741,0.038273573,0.4108147,0.004003703,0.0029862754,0.37546113,0.0038865951,0.0034647451
5109,0.09492571,0.30708817,0.038900107,0.011694735,0.5057583,0.046484876,0.0016790743,0.27957585,0.33067033,0.2929624,0.013962694,0.0032982717,0.35057867,0.0057508573,0.025576092,0.031123722,0.00054661167,0.048560787,0.12087407,0.0069460087,0.038251348,0.1130429,0.0017618411,0.021033144
5110,0.09606647,0.021794727,0.0065871067,0.072082266,0.50099784,0.24538204,0.041427102,0.6207567,0.032154948,0.007291994,0.016569603,0.012055039,0.01621952,0.003894806,0.015017534,0.06821559,0.0007804772,0.060323063,0.022007322,0.0043842867,0.022219729,0.16368558,0.0101076625,0.014653751
5115,0.098886006,0.037199393,0.0064444626,0.026554655,0.22432312,0.65365714,0.0033520893,0.83986294,0.00900934,0.0061237887,0.06089346,0.011120477,0.011499983,0.0064674197,0.0071802908,0.074416496,0.0005664269,0.23723316,0.037019536,0.004850526,0.009228918,0.5881398,0.010186808,0.013798679
5116,0.06272367,0.11537741,0.010738717,0.055655517,0.30578908,0.014824482,0.022215301,0.74207956,0.016306883,0.029520206,0.015216262,0.048787575,0.055788666,0.014471187,0.026815629,0.0143831065,0.00064316526,0.27432466,0.03849721,0.007855711,0.080164224,0.05876718,0.24393082,0.06315067
5122,0.120072424,0.031079538,0.002992426,0.010215585,0.7453511,0.11424656,0.0043442934,0.74617,0.020197034,0.013005854,0.012818789,0.0031804135,0.0049965633,0.019351967,0.010237382,0.029974544,0.00059714407,0.4310963,0.026623737,0.0016183093,0.021300942,0.14264476,0.0036671304,0.0026192775
5124,0.026825834,0.027146341,0.019420024,0.069594756,0.4179357,0.06646393,0.008805963,0.78139526,0.031315412,0.021863256,0.027417948,0.012326274,0.063586734,0.026266685,0.032407828,0.055375468,0.0005593214,0.52543473,0.010588862,0.0060984497,0.009010643,0.036773384,0.021734921,0.006369136
5126,0.048796084,0.05903512,0.012378479,0.008291379,0.28162315,0.035736885,0.002476637,0.6119931,0.017650342,0.15149085,0.026462162,0.0064875875,0.11839688,0.0053122607,0.02307199,0.11221876,0.00060991856,0.6822754,0.054139215,0.007133982,0.0040928773,0.18620913,0.006910864,0.008936214
5132,0.22256577,0.027337136,0.007660588,0.021997295,0.62482786,0.28699094,0.0072528757,0.47710523,0.0065887948,0.0075270883,0.017903347,0.00673533,0.018290108,0.010327938,0.01760302,0.0142541425,0.0006539221,0.21551386,0.044242695,0.012316757,0.01563666,0.12195705,0.011151798,0.038039383
5134,0.06314068,0.03332736,0.005610999,0.019873241,0.402803,0.04632292,0.14267619,0.5357529,0.016690947,0.0024815872,0.0026738453,0.051389646,0.017616862,0.04581607,0.005654262,0.01022007,0.00088144024,0.06797466,0.013206574,0.009685527,0.014013552,0.0810375,0.045223724,0.05311564
5136,0.012026156,0.020524269,0.0043967385,0.0036895317,0.5876301,0.045402993,0.0027893027,0.9019868,0.059379704,0.02644664,0.011178105,0.0012509361,0.04440573,0.012768417,0.0076015266,0.046206158,0.0005180422,0.37425178,0.01744175,0.0029348093,0.039182656,0.092802815,0.0041203666,0.0031847144
5142,0.08246226,0.13312763,0.035895117,0.035952922,0.5352933,0.14147955,0.0032223098,0.39605942,0.03946088,0.051053792,0.025144005,0.015181875,0.025820533,0.02511392,0.063552864,0.057951313,0.00055021606,0.81148714,0.012551036,0.010461249,0.013755938,0.14125356,0.024648394,0.029736016
5147,0.13775636,0.36284626,0.098590136,0.072172,0.5888086,0.043726437,0.033211816,0.3754925,0.2952081,0.2201534,0.0036543508,0.030248374,0.008434489,0.04911244,0.057732455,0.02437269,0.0007544513,0.29843596,0.033346523,0.0124954125,0.0073995246,0.028877702,0.015616181,0.02256226
5150,0.017574511,0.03854424,0.014186284,0.10459749,0.6333388,0.04989013,0.0071077934,0.7963676,0.089722835,0.04682447,0.009260324,0.010117604,0.008498179,0.07171973,0.031662297,0.01772122,0.00061575236,0.34861448,0.0095127,0.010762878,0.058473244,0.047802255,0.008355044,0.043889437
5154,0.044101637,0.037754018,0.021403149,0.043891836,0.61858255,0.085465774,0.085496545,0.5781424,0.05631405,0.01408706,0.011725975,0.0065218657,0.0074401675,0.10057004,0.017923387,0.013459763,0.0007310169,0.11682132,0.021128628,0.017197385,0.13402772,0.04075014,0.005750541,0.013749043
5160,0.8259071,0.21114317,0.009325251,0.0051635457,0.2523803,0.17175552,0.007943798,0.29984164,0.012232768,0.049921818,0.0076589496,0.0069018668,0.39256805,0.0059898216,0.0041804174,0.20401122,0.0007825113,0.052946206,0.65046525,0.0032091772,0.009403915,0.6958744,0.0494038,0.0044326372
5161,0.71459174,0.70396054,0.090074435,0.040815707,0.23264277,0.088913575,0.0048442534,0.0905856,0.16674149,0.8392802,0.0045154435,0.1274001,0.18325779,0.006229411,0.054404862,0.03340298,0.0007602858,0.08527835,0.25544176,0.0049530054,0.006614478,0.23871097,0.0066001336,0.022714311
5163,0.14746498,0.030906308,0.00076032744,0.028067796,0.09574404,0.066191725,0.008764519,0.809095,0.002797948,0.0051691234,0.010888314,0.023932092,0.08785825,0.09397619,0.018367244,0.1132282,0.0006278397,0.19385889,0.0142288115,0.0019459178,0.007668276,0.32811046,0.18530339,0.035726473
5172,0.051429328,0.009641618,0.008765008,0.01382728,0.71526754,0.0911033,0.010373227,0.48824307,0.015725408,0.021731382,0.0051679495,0.010767264,0.036936577,0.1790939,0.03883252,0.06550879,0.00077112165,0.6896334,0.009603519,0.0065656486,0.0074915956,0.16125551,0.010055188,0.0030752704
5175,0.021763453,0.01491713,0.0068551726,0.029317535,0.69467753,0.06158743,0.018493356,0.35587487,0.029617367,0.056778546,0.012177614,0.013102255,0.043479923,0.022039201,0.03746199,0.04224486,0.0006253637,0.3600852,0.00662851,0.007616238,0.0109998,0.074998684,0.0067690075,0.0015661325
5177,0.027212823,0.06345579,0.011438891,0.009424815,0.31877622,0.034982245,0.0012592912,0.48972738,0.20695202,0.07781519,0.0049353126,0.00674869,0.37818474,0.0028414354,0.012553778,0.09696934,0.0005457378,0.069293275,0.040502068,0.009175109,0.004929434,0.19636257,0.006050085,0.004207401
5178,0.24199682,0.1752364,0.027648317,0.25773475,0.24387266,0.025978476,0.036793996,0.7248052,0.05493785,0.015613997,0.008833183,0.29404038,0.0017161204,0.007577481,0.017262934,0.01232397,0.0009251605,0.12066065,0.029656895,0.017777193,0.01573186,0.037738845,0.9177469,0.012849489
5179,0.14877845,0.04970915,0.014655602,0.023466475,0.19088607,0.092085995,0.3374715,0.25039735,0.022059374,0.0043208706,0.009711086,0.10375873,0.028241185,0.011904002,0.008036357,0.011109144,0.0013437925,0.015252338,0.013713952,0.038840555,0.04709797,0.11115631,0.1922032,0.017625984
5182,0.8440703,0.1934356,0.0017386086,0.020554362,0.192584,0.18023728,0.015465505,0.2619656,0.019900799,0.0046494263,0.009438991,0.026712382,0.023744626,0.005305238,0.0044730958,0.06814131,0.00084328855,0.05755906,0.24554308,0.0052971817,0.018287618,0.7568198,0.11655913,0.025403291
5184,0.27866095,0.66974497,0.15658756,0.01729609,0.5345855,0.06599086,0.013123025,0.3462395,0.31590042,0.11337553,0.0039495146,0.019799683,0.014901128,0.015312774,0.01466079,0.00851173,0.00067175523,0.06834866,0.06398191,0.016817518,0.021210492,0.0644408,0.043705538,0.024041668
5185,0.008938757,0.006712801,0.0041346513,0.04737504,0.5918727,0.028917804,0.024773402,0.7304682,0.007090202,0.016465425,0.003983157,0.011798329,0.004852165,0.020407477,0.0092106275,0.014923646,0.0008350397,0.66481596,0.014544468,0.0071262415,0.01053948,0.091931984,0.0037222586,0.0018011318
5187,0.11172407,0.025312034,0.0046798033,0.012407777,0.31461012,0.51755273,0.007075457,0.7251994,0.0039021035,0.010389868,0.04206993,0.031369925,0.06061786,0.0055320263,0.009016738,0.08970446,0.00072012225,0.30888,0.011581811,0.012784398,0.0012765591,0.6115203,0.030349214,0.0020375212
5188,0.007764892,0.031584248,0.015877286,0.040388543,0.60796374,0.17791344,0.008949688,0.71462965,0.07744564,0.062618956,0.03210518,0.020615961,0.032765567,0.024458397,0.106310785,0.046784803,0.00056810596,0.3970844,0.0060722018,0.0059552765,0.0023735578,0.05976112,0.023916738,0.0089035705
5189,0.027360065,0.10943692,0.008006947,0.024602849,0.42111868,0.018487068,0.003030976,0.8341313,0.031517774,0.022483494,0.0055807796,0.014692447,0.019016929,0.014764292,0.016761292,0.025207626,0.00058130437,0.5809865,0.017781664,0.0052211955,0.0052314415,0.061157733,0.061252505,0.02468599
5191,0.035016295,0.014518977,0.0009925276,0.010769739,0.14938407,0.48709875,0.0023989105,0.77339476,0.011702165,0.016973093,0.13940482,0.009944904,0.13288493,0.0023686916,0.0030694546,0.28100586,0.0005726044,0.25875935,0.014158642,0.0026609532,0.005810964,0.6589712,0.013784341,0.0036046272
5203,0.07217937,0.059952546,0.011493003,0.011304498,0.35908687,0.050880216,0.012471205,0.27539328,0.04469291,0.04714083,0.01218132,0.0038541679,0.40306062,0.026317986,0.037027214,0.025506686,0.000659713,0.12428927,0.0136522055,0.013026901,0.01990631,0.25348893,0.008140106,0.05126169
5207,0.6547463,0.14407551,0.01627002,0.023859149,0.28656027,0.16765659,0.011640299,0.052284088,0.030556118,0.14291249,0.009401099,0.021454122,0.6482151,0.0053737303,0.0024938295,0.1651585,0.0008452579,0.005324803,0.6061403,0.006163846,0.003355159,0.70818746,0.018084465,0.0067011327
5208,0.011516712,0.0630902,0.025379403,0.04576392,0.6822588,0.020565147,0.11525068,0.5356573,0.10216236,0.025736846,0.0030172407,0.0055113537,0.09244908,0.047948785,0.009461193,0.02250118,0.000882661,0.08374432,0.046016965,0.010064248,0.0058882544,0.039575063,0.0025411278,0.014085204
5209,0.37880164,0.07168591,0.003847245,0.009517827,0.04352962,0.63624656,0.0033746215,0.44983965,0.01676688,0.039954286,0.05679553,0.0039220336,0.53794134,0.004213655,0.0022777293,0.38732302,0.00056868675,0.06721715,0.09463363,0.002949954,0.016608436,0.70327497,0.00700921,0.012080555
5219,0.04099012,0.025336033,0.0027478025,0.044928256,0.37270668,0.04360365,0.007889767,0.83511865,0.008941541,0.025469515,0.007697952,0.011733431,0.014870333,0.023136852,0.0148370145,0.02790226,0.0007083397,0.535954,0.037156895,0.0018004992,0.036640715,0.08772316,0.01417791,0.008220809
5220,0.013063097,0.016931383,0.011769976,0.023794435,0.7806126,0.020569775,0.004159701,0.7088398,0.06901594,0.055639785,0.0067816596,0.0059128846,0.007531998,0.07102841,0.06698869,0.011827948,0.0005393912,0.6396852,0.022370625,0.009854066,0.025073074,0.02521699,0.007898129,0.0048296507
5222,0.11072834,0.025566805,0.007733442,0.020459626,0.3045675,0.61043715,0.0026665372,0.7249054,0.020826552,0.012360642,0.033961326,0.004264732,0.010128264,0.00427417,0.0036281608,0.13807653,0.0005708318,0.12459299,0.013417804,0.014964254,0.069621265,0.55385184,0.0048969104,0.00556287
5223,0.288172,0.009165287,0.00030628426,0.024981545,0.07565785,0.91936356,0.011265924,0.616722,0.0064145676,0.004044432,0.035238232,0.0048748786,0.16027893,0.0075947745,0.0010101474,0.35981974,0.0006614856,0.03501008,0.01245808,0.0013317544,0.0068232827,0.9016299,0.004857028,0.010369458
5232,0.12868139,0.019529676,0.0098487865,0.027743291,0.8251444,0.28135073,0.014944664,0.56123614,0.035807233,0.028463,0.029648114,0.014456587,0.023648756,0.007732252,0.032677513,0.016637735,0.00062757765,0.22601344,0.031540502,0.0064289253,0.01019092,0.12898062,0.011974325,0.0027576224
5233,0.33471033,0.3437354,0.06431927,0.08399603,0.10449089,0.011392693,0.0163699,0.40781257,0.082062796,0.07176993,0.0036393777,0.4020419,0.010375014,0.0078328205,0.052111898,0.006151001,0.000887593,0.42222077,0.07797327,0.02363866,0.029421618,0.048268296,0.13877489,0.01779897
5237,0.10255055,0.020536039,0.0033198297,0.05607029,0.079453714,0.7700572,0.06949819,0.30257374,0.0101452265,0.027973616,0.010501362,0.025727108,0.521694,0.0091340495,0.0032222315,0.17263858,0.00075770624,0.0037260538,0.016833507,0.0035249607,0.004278105,0.5711156,0.0033800513,0.05008579
5238,0.005152877,0.024210151,0.0025076366,0.07131074,0.30139685,0.051513497,0.01414301,0.673699,0.04311492,0.021708662,0.01064482,0.011374935,0.22472562,0.005662418,0.0066730515,0.16546589,0.0006747427,0.08151797,0.0293406,0.0034367118,0.0027177576,0.16876161,0.007114426,0.0095568355
5240,0.25809455,0.018007454,0.0030611272,0.036748108,0.514576,0.8659785,0.06500683,0.23784833,0.004176699,0.018655192,0.032622676,0.008183822,0.094549544,0.020739792,0.006251942,0.22909169,0.0007287296,0.029680055,0.015916023,0.006655403,0.006535022,0.76214594,0.0047798636,0.004369386
5242,0.0455919,0.057162177,0.007514887,0.014613576,0.6271249,0.43524778,0.010808707,0.30891243,0.0189354,0.021177536,0.04655864,0.015486393,0.07708847,0.046609618,0.12784258,0.12992907,0.000738055,0.20582862,0.022261156,0.008748688,0.0018435972,0.21616073,0.009348398,0.028526943
5243,0.6292373,0.06922141,0.008327564,0.014927496,0.4537856,0.68699765,0.011785244,0.27980727,0.017478634,0.012791464,0.012802145,0.012050498,0.03372765,0.0234017,0.016952619,0.05662077,0.00078506797,0.07657675,0.27565777,0.0069445083,0.0037754027,0.6824555,0.009644535,0.008591345
5248,0.42079127,0.17846814,0.013202573,0.012144905,0.53031564,0.6827966,0.0010356416,0.4848745,0.055424165,0.037566658,0.033092856,0.027948387,0.031046256,0.010161194,0.031532172,0.041979235,0.0006175308,0.120697424,0.012531998,0.005447835,0.0072756265,0.44081068,0.0040725064,0.019215701
5249,0.10192406,0.057880085,0.0037512684,0.028090445,0.09796178,0.47934085,0.0030250107,0.6451901,0.015684322,0.037594754,0.06475437,0.014222412,0.37249717,0.004338809,0.0055144913,0.16882597,0.0005827545,0.07482921,0.016793378,0.0035997818,0.0027853823,0.6217157,0.03881065,0.011209001
5251,0.0036403134,0.034129053,0.018922975,0.058551874,0.5299035,0.013341395,0.0056658364,0.71223354,0.15823519,0.15555067,0.0071063465,0.014111118,0.06571335,0.012862701,0.021809814,0.06409644,0.0005892296,0.22653362,0.02049579,0.02743363,0.0037967097,0.041479263,0.010192988,0.0027017158
5252,0.23060948,0.04880104,0.0063307034,0.013444727,0.33080432,0.8224062,0.008090305,0.41159177,0.014860612,0.005236747,0.041255783,0.028382858,0.11212592,0.0035130219,0.011910795,0.03295468,0.0006734389,0.03750251,0.012007085,0.009032043,0.0012333979,0.5470686,0.01403607,0.01961375
5256,0.19419338,0.06633073,0.022966309,0.09068023,0.3199551,0.22123191,0.09788182,0.47428358,0.016345708,0.028500762,0.008483427,0.031044863,0.015707579,0.49778187,0.029009143,0.0071194232,0.00073844614,0.111745715,0.013852792,0.007966885,0.05205119,0.10333208,0.0068268254,0.025104005
5258,0.05823589,0.16766238,0.09181903,0.026112534,0.5369574,0.056647174,0.009998153,0.46174696,0.29264748,0.053490873,0.0061444924,0.033044662,0.028825374,0.022014342,0.1958152,0.020382788,0.00068416615,0.4541432,0.013203431,0.0149304615,0.017065382,0.03657746,0.02339465,0.028832722
5276,0.007376013,0.068005614,0.009162785,0.07301554,0.61683786,0.083001375,0.0033803824,0.6698513,0.045896947,0.028179321,0.039209843,0.016923385,0.009143682,0.021192174,0.052007865,0.051544134,0.00057513884,0.6673936,0.01577332,0.003461788,0.0056136153,0.06481712,0.012717636,0.029783212
5280,0.07709286,0.100346215,0.052813116,0.01596136,0.20011821,0.020907292,0.0068148635,0.06415015,0.053198185,0.6515603,0.0070459316,0.0076158238,0.9760307,0.014548317,0.037783,0.21644317,0.00064189674,0.09104301,0.27344847,0.02549316,0.0006276422,0.5394979,0.0042536436,0.002181043
5287,0.14638972,0.2097885,0.027883198,0.04252846,0.36951116,0.084914215,0.026215611,0.28968343,0.09119955,0.071030155,0.006933127,0.027940914,0.028981248,0.0105544375,0.012571369,0.04303578,0.00092941726,0.05567294,0.19660449,0.016635139,0.016726883,0.20184922,0.053777304,0.0070235515
5291,0.13982189,0.06517542,0.0068280054,0.013760558,0.40705433,0.2393552,0.0029937325,0.68679047,0.027698712,0.038639564,0.03559514,0.013674241,0.045433745,0.044294838,0.03130312,0.028951539,0.00052823965,0.4063904,0.013676054,0.0047768815,0.0054431767,0.29456744,0.03176646,0.032348394
5293,0.034873165,0.02310509,0.0049697896,0.0061998116,0.46517083,0.07609073,0.006727563,0.43200493,0.025891924,0.052632388,0.019976553,0.0059642284,0.18665697,0.028799295,0.0654297,0.082914345,0.0006237737,0.4781902,0.027327536,0.0038151154,0.006221626,0.12805662,0.0029201352,0.0024339515
5295,0.13106792,0.064165995,0.005660719,0.023933835,0.087832876,0.12347737,0.36900485,0.13017017,0.013422103,0.029708361,0.0022410164,0.06308591,0.09268102,0.015557635,0.001715302,0.35539684,0.001452109,0.018075487,0.11772785,0.0069187526,0.0005105318,0.6883075,0.036362972,0.005778761
5299,0.06570473,0.08472032,0.01600881,0.05083077,0.5110724,0.10205169,0.027216332,0.6043358,0.04381522,0.038821228,0.006334214,0.025984703,0.008707465,0.047849983,0.03567696,0.004559151,0.0006407379,0.44807756,0.015894514,0.0059656366,0.27227852,0.07749147,0.003820293,0.008512567
5301,0.103210025,0.14852446,0.034333408,0.033232935,0.80520946,0.5224724,0.012445861,0.20700501,0.2756149,0.114868656,0.018071866,0.00884185,0.039173547,0.007804995,0.014281747,0.16841303,0.0007554355,0.06373124,0.012793193,0.0086322995,0.009615939,0.22366753,0.0017106264,0.0052925786
5305,0.11286955,0.056365024,0.04338618,0.008356434,0.5460805,0.047475368,0.041517247,0.42334807,0.07618243,0.026306864,0.00672254,0.005531305,0.043874525,0.033601675,0.03558479,0.039605018,0.0007742897,0.24208379,0.054445427,0.0201646,0.004290291,0.12053468,0.01345292,0.0024404887
5311,0.13487378,0.28099635,0.03269851,0.137577,0.2746565,0.34185168,0.00504925,0.65585095,0.062341392,0.08598951,0.06529173,0.24948394,0.009130782,0.0060728868,0.033625793,0.07609808,0.00066286477,0.51770926,0.017682498,0.008193492,0.00589983,0.15860994,0.04735673,0.028016284
5315,0.25937963,0.20147488,0.008995728,0.057510167,0.05685238,0.12185725,0.019039907,0.63089937,0.020071948,0.023467721,0.019868875,0.0417764,0.0567649,0.012124876,0.011791159,0.092174426,0.0005993676,0.27460092,0.012357312,0.0040370594,0.0060169217,0.46584445,0.060221147,0.0069340398
5319,0.058127496,0.049447495,0.010542568,0.04872519,0.7571426,0.05151428,0.06441077,0.7011024,0.017427487,0.08961187,0.0016993548,0.021546979,0.0049471455,0.12911776,0.0071589174,0.00999234,0.00077670737,0.13676186,0.03117421,0.004004842,0.019926125,0.033505015,0.004555303,0.0042857267
5320,0.026243033,0.012710028,0.01179665,0.012863511,0.46613482,0.081074424,0.05655133,0.20046505,0.017284699,0.06826629,0.0083103655,0.005650743,0.71560526,0.01804036,0.014671133,0.35762316,0.0009236659,0.032047465,0.12093463,0.038722623,0.00136819,0.3175186,0.0071630594,0.0030853592
5330,0.047251936,0.13784608,0.04569064,0.08691015,0.4588391,0.083824866,0.08289638,0.52177817,0.14445154,0.05250218,0.0033249694,0.027682126,0.0052282587,0.024959568,0.023670312,0.025016751,0.00092149817,0.10016293,0.025675531,0.012454966,0.1485146,0.11881112,0.0017079138,0.007948252
5334,0.13128892,0.046222173,0.0076861493,0.015339903,0.16339158,0.07002796,0.0059271036,0.41641605,0.04565111,0.14212213,0.0077495025,0.012413493,0.385729,0.017057152,0.004598912,0.3079504,0.0007961323,0.021798033,0.099784516,0.008626551,0.0016466131,0.7598588,0.005956372,0.0017686228
5341,0.67418325,0.5185671,0.021959992,0.1069641,0.16780593,0.10081361,0.015900921,0.7155431,0.026055072,0.023864103,0.011869412,0.23261042,0.0012928544,0.0016164192,0.0061138244,0.044892106,0.00090507005,0.16586447,0.040370964,0.015087593,0.1323744,0.35878742,0.3490555,0.041866526
5342,0.11621481,0.12157933,0.019478804,0.22779241,0.8069362,0.04982426,0.3562039,0.14317593,0.04062721,0.03261946,0.005555744,0.063061856,0.00841585,0.060732808,0.059565328,0.013769621,0.00100047,0.17583226,0.045120273,0.017353224,0.05715787,0.030863343,0.031060701,0.030554848
5343,0.1305886,0.0146443695,0.017118605,0.02429262,0.7502013,0.05738657,0.0061301244,0.26520333,0.03314543,0.1099421,0.02779447,0.0028153344,0.12852442,0.022733929,0.047132198,0.029458407,0.0006405544,0.3173636,0.3473016,0.007122417,0.00446229,0.049172897,0.0066297413,0.0008476259
5345,0.012820984,0.066424064,0.012471499,0.0078025437,0.100069836,0.008318862,0.006866993,0.39407346,0.03819958,0.48705631,0.007260496,0.0049400497,0.91826594,0.012393049,0.012814396,0.3088426,0.00071405317,0.11235291,0.18758447,0.00594784,0.0010118329,0.36740986,0.0037220004,0.01575214
5346,0.14034067,0.060210045,0.0076925056,0.05086049,0.38950577,0.13609892,0.017986286,0.7536992,0.08145915,0.007260588,0.0055304654,0.011883155,0.0068154866,0.0364113,0.009143255,0.0076041818,0.00062696036,0.08126377,0.035691243,0.003853454,0.7899573,0.058975533,0.0055687735,0.043688342
5347,0.04121447,0.1070135,0.022486245,0.0062348954,0.83934075,0.01785423,0.00745688,0.3604569,0.069318615,0.015590409,0.003805588,0.005124886,0.05528888,0.048870776,0.043561224,0.008665297,0.00056947133,0.33415243,0.011033768,0.009483966,0.06052085,0.023714079,0.0076885787,0.059049353
5348,0.13907337,0.17818488,0.014423565,0.04830508,0.72052443,0.044253174,0.028820867,0.22398853,0.10266153,0.038423516,0.0052659726,0.0153666185,0.012442433,0.026096217,0.086650655,0.006513341,0.0007826445,0.21207836,0.0050379895,0.011233491,0.59546566,0.045221113,0.0015089759,0.03270476
5352,0.06869088,0.048148178,0.015622985,0.1121038,0.5535848,0.08787733,0.06504247,0.6667399,0.069906674,0.018645214,0.005161547,0.00958323,0.0048586694,0.03438903,0.019019445,0.015299242,0.00079733715,0.11782545,0.05877524,0.0023455636,0.29411077,0.035587054,0.0040238732,0.00758662
5355,0.54255027,0.054565925,0.016495747,0.009518448,0.3368994,0.1441944,0.027585205,0.28443488,0.009850708,0.0168402,0.01115091,0.017827302,0.08734267,0.27054313,0.048071463,0.033664037,0.000808646,0.04974946,0.05505198,0.02492815,0.005897769,0.35405093,0.06103408,0.005810691
5370,0.053727794,0.03744027,0.0047515817,0.058445476,0.3638955,0.047539834,0.06849702,0.4261624,0.009749602,0.036894128,0.016027033,0.017411727,0.023770832,0.16519065,0.07217601,0.03711009,0.0007072725,0.44632715,0.017477686,0.0050456775,0.051022213,0.071968205,0.0077826353,0.04902784
5373,0.018619753,0.04154196,0.028602468,0.02115514,0.90752083,0.05304709,0.007780013,0.352424,0.12791277,0.037865814,0.0075964746,0.004131048,0.010440163,0.07321729,0.08108537,0.008931288,0.0007503286,0.5464213,0.01002673,0.006384076,0.028608138,0.014941666,0.0043024425,0.040111605
5374,0.06761658,0.03687971,0.0046949084,0.02568046,0.42076042,0.14588735,0.008383667,0.39339194,0.029861348,0.115134455,0.02339006,0.03466274,0.021546027,0.013824237,0.01928769,0.113408215,0.0006969054,0.34261167,0.0076430202,0.0046269195,0.005806613,0.30120206,0.008018193,0.0012852198
5383,0.0067840405,0.01964394,0.01752652,0.036561757,0.75799006,0.061300095,0.008487297,0.526357,0.07431328,0.04335157,0.02175531,0.029008364,0.03046904,0.013019192,0.03182434,0.019997058,0.0005829645,0.3630308,0.01511081,0.011531013,0.00564709,0.07293908,0.020995311,0.009206507
5387,0.025603158,0.069920786,0.015291542,0.6306572,0.101797394,0.03450578,0.6227781,0.75911003,0.025558544,0.013961027,0.002854481,0.30659607,0.0014144933,0.020856027,0.007956189,0.010803258,0.0011911568,0.038683727,0.012842003,0.005672557,0.018691473,0.03754826,0.22231899,0.04329317
5390,0.20008488,0.03165919,0.0030524794,0.014827574,0.34736812,0.77153814,0.0041779308,0.7925,0.02007148,0.006578497,0.017095385,0.004354124,0.029605694,0.010652732,0.0023997952,0.025272444,0.0005452571,0.045291755,0.058105048,0.0023849846,0.0096323425,0.43444455,0.0040130923,0.022075962
5392,0.029656744,0.08129903,0.004113024,0.04508387,0.37867743,0.12819442,0.0074765,0.6358888,0.01165886,0.057016917,0.021487404,0.12702076,0.037262294,0.009826784,0.043577798,0.09576714,0.00057170546,0.6978463,0.0027429708,0.0029378752,0.004195927,0.10386395,0.06216159,0.012577917
5393,0.09109751,0.07883243,0.0023454418,0.02199245,0.48383212,0.017802965,0.002205156,0.9053663,0.0062486925,0.009420899,0.011301397,0.040362816,0.0021100373,0.00898807,0.024737785,0.019057214,0.0006296965,0.9556245,0.011032716,0.004739254,0.008150049,0.054623798,0.5124758,0.006096493
5394,0.06998648,0.052194986,0.021188747,0.0276357,0.3915093,0.13388565,0.091005504,0.2945886,0.027834384,0.024593532,0.009247292,0.012138094,0.02958542,0.005446438,0.004946772,0.02324145,0.0010192018,0.016070066,0.073665515,0.014754772,0.012641812,0.12144059,0.007045584,0.039472565
5401,0.4613746,0.02257717,0.01316413,0.030953059,0.26294476,0.24818872,0.072953045,0.14402336,0.01656067,0.037620977,0.006249131,0.0129531585,0.17159185,0.020082586,0.0020328795,0.20367299,0.00094800914,0.033977397,0.6541851,0.0062454366,0.0050699175,0.5781991,0.0037171694,0.000991537
5408,0.028904717,0.028841684,0.008180996,0.04347457,0.6505948,0.04926147,0.014401389,0.5905002,0.017245494,0.052018624,0.021573488,0.01970819,0.014278309,0.00987563,0.015646916,0.011970451,0.0007051125,0.38700846,0.06488225,0.007799348,0.016924575,0.09338101,0.008486647,0.016099347
5409,0.046454504,0.06009449,0.020811401,0.021108102,0.26404777,0.06199163,0.007890875,0.58377814,0.1230416,0.15069747,0.00986121,0.0061832075,0.3388665,0.008012911,0.0101037985,0.074839465,0.0006217717,0.049502145,0.05101906,0.0062521375,0.014133413,0.31741625,0.004883359,0.018060906
5410,0.23165084,0.47668883,0.09550814,0.021525975,0.101171635,0.028745426,0.014604063,0.51655483,0.048145916,0.82389987,0.007036093,0.2172618,0.30727947,0.0035823735,0.03164408,0.036515366,0.0008071824,0.17811012,0.035407335,0.019572156,0.009213931,0.0846171,0.16760525,0.030250825
5413,0.111856684,0.057352826,0.012279271,0.019166443,0.41010743,0.16865224,0.004145787,0.3912742,0.095836684,0.10231313,0.028020738,0.009368676,0.17872874,0.0044224514,0.008740313,0.05811915,0.00065057655,0.026355451,0.13528807,0.009681475,0.011306779,0.15272348,0.0017779319,0.15361631
5415,0.23181209,0.20033453,0.013396461,0.022917334,0.16851838,0.092323214,0.0072820764,0.5778233,0.07319346,0.043924026,0.018183056,0.021305922,0.02543408,0.011588565,0.015111256,0.14788906,0.00062235334,0.16237321,0.21489544,0.02075434,0.02680568,0.31594658,0.016132742,0.020089967
5416,0.088955335,0.03491874,0.008701779,0.013404952,0.17070864,0.029721802,0.18397044,0.3750097,0.019639298,0.004538199,0.005722026,0.024686854,0.03462311,0.02830587,0.0066857985,0.036179014,0.0011299428,0.08045714,0.10096691,0.009582877,0.0056033316,0.13592273,0.01808963,0.037463397
5420,0.16330928,0.05632012,0.005691183,0.02079811,0.31039783,0.06974032,0.0023316727,0.64794594,0.044933554,0.026015176,0.038843725,0.046997115,0.0040450254,0.0038874517,0.020474104,0.04485489,0.0007051461,0.25368243,0.02343894,0.0068910997,0.10362999,0.1201823,0.42442837,0.04050603
5423,0.2607251,0.008381547,0.000960551,0.014906239,0.17145377,0.7880221,0.0063857124,0.70790684,0.0025588,0.0021564674,0.13075437,0.016818747,0.013510626,0.0023687764,0.0032763567,0.13603872,0.0007863723,0.06807812,0.020138534,0.0043666675,0.013055476,0.68346816,0.0065856054,0.027980397
5429,0.073255114,0.08760728,0.039833397,0.018606467,0.11903265,0.02286231,0.13778189,0.12445876,0.043238502,0.5568331,0.0020967897,0.015461848,0.86357087,0.027272783,0.007646457,0.16628699,0.0009150368,0.022218565,0.15572673,0.01502497,0.002458019,0.28793442,0.008227857,0.0039177253
5432,0.020633064,0.055223238,0.03981692,0.047754407,0.74237317,0.07238996,0.04360376,0.5815222,0.09728562,0.06923421,0.010094412,0.016697334,0.011111413,0.032660145,0.06618791,0.014867197,0.0007049869,0.3719195,0.01808181,0.014639589,0.02175737,0.039535083,0.010762594,0.0019789585
5433,0.01572033,0.01893284,0.007656047,0.00716536,0.76674205,0.061128896,0.0027061533,0.7729309,0.00864211,0.017714256,0.01948072,0.0064536217,0.008612282,0.005950756,0.023295628,0.022275055,0.00065913924,0.9118088,0.014029558,0.005176284,0.010958797,0.07738202,0.010545035,0.0022876563
5435,0.01033913,0.007031784,0.0036540749,0.019239891,0.8140953,0.0661834,0.011956861,0.6764342,0.002675748,0.021137156,0.019962171,0.0115428725,0.04539832,0.047589332,0.03676853,0.03192023,0.00056452595,0.74590665,0.009528379,0.0030963614,0.009390287,0.036983483,0.004771455,0.001990778
5439,0.14886455,0.10711553,0.005080729,0.025272414,0.16846511,0.2095131,0.0027993838,0.78477246,0.013520378,0.010508887,0.013592433,0.02215948,0.065696254,0.02271547,0.04157398,0.039539006,0.00059274136,0.7357597,0.0073618246,0.0023372232,0.004273803,0.20401834,0.04790405,0.032131627
5442,0.017716795,0.008109211,0.032173302,0.047019094,0.6437448,0.018258303,0.5099315,0.10393897,0.049387824,0.04158252,0.001362278,0.027044322,0.29388183,0.11081217,0.02471359,0.011472441,0.0010749456,0.019466748,0.020137282,0.046312366,0.0056863707,0.057290975,0.006947634,0.0040152217
5443,0.04580617,0.0023195404,0.0006278367,0.0372982,0.10124777,0.574598,0.0046612117,0.89715236,0.0028370237,0.0028383,0.19543755,0.011296645,0.05199549,0.0054265885,0.0049820263,0.3905558,0.0005636772,0.13785799,0.035283957,0.002291834,0.011398102,0.6903133,0.007245083,0.0016919546
5445,0.0513937,0.07103845,0.014099872,0.061562177,0.14496109,0.07271566,0.05109298,0.26825467,0.07357649,0.10000313,0.013957364,0.014821584,0.3006372,0.019552032,0.009723368,0.33322564,0.0008123368,0.03686006,0.14334036,0.014590831,0.042535417,0.5712383,0.010000877,0.00448831
5448,0.406849,0.06150425,0.0036692289,0.006565695,0.66207814,0.38171455,0.004382765,0.42388767,0.03704887,0.024802111,0.016924622,0.003981315,0.047965266,0.009550031,0.017315658,0.21741189,0.00070155,0.26966447,0.11109741,0.002598847,0.003928846,0.4661983,0.0038749857,0.0023874217
5449,0.041914903,0.016902262,0.0028131427,0.038088255,0.4215791,0.10903836,0.022558391,0.6602573,0.023065574,0.025126286,0.0195254,0.010027895,0.056768104,0.01794787,0.012719528,0.10450236,0.00070718525,0.16313325,0.025278503,0.002236532,0.064107135,0.15394774,0.005622371,0.028378936
5450,0.04043109,0.08219493,0.014353867,0.02064112,0.6844431,0.037521005,0.003928837,0.6388294,0.14440574,0.1667498,0.0031027144,0.0033543843,0.017219312,0.03389009,0.012018216,0.022545656,0.0005861511,0.40430284,0.010764116,0.0030617688,0.055454977,0.05976973,0.0058571477,0.005602431
5463,0.098442994,0.34412995,0.009852684,0.027244473,0.37109426,0.026319921,0.0076442566,0.4763164,0.14894466,0.038283017,0.0032953436,0.006250855,0.11291337,0.009780541,0.0073959464,0.10708211,0.00072798034,0.11464014,0.028471293,0.006579809,0.018256431,0.22961056,0.021192506,0.108296424
5468,0.014471848,0.018476916,0.0057800794,0.005907794,0.72819215,0.099464834,0.0013119914,0.812994,0.03696141,0.017745813,0.0079165585,0.0028438305,0.023037301,0.01353131,0.010268181,0.04382732,0.00056752824,0.730081,0.011902207,0.0032547414,0.011018734,0.09769953,0.0031092523,0.0026598247
5469,0.019780079,0.05582539,0.070065334,0.028377332,0.28130326,0.047166087,0.021024643,0.34502625,0.06919245,0.2757987,0.010476577,0.010951341,0.30156597,0.016363798,0.020747598,0.4526645,0.0007915934,0.15251863,0.19329575,0.023061642,0.0008009208,0.42131722,0.0056439447,0.0013486628
5472,0.5615972,0.028412554,0.0016458372,0.05728017,0.09964994,0.110541314,0.02276886,0.78446174,0.005022789,0.0087260725,0.004533641,0.060621947,0.014779554,0.042587202,0.0015772404,0.027897729,0.00073061365,0.028990999,0.047903854,0.0031705075,0.036273178,0.3701433,0.34738663,0.017508278
5475,0.008427397,0.016190715,0.016543422,0.102831095,0.46267256,0.042722356,0.014203906,0.8068804,0.013198412,0.1065729,0.020314125,0.0591537,0.029339839,0.019135937,0.021385398,0.059870083,0.00069361506,0.6837481,0.26057607,0.009831258,0.0017659426,0.06132673,0.029308783,0.0014169578
5476,0.1127081,0.040880498,0.040694825,0.010733997,0.6598054,0.16627218,0.017113801,0.12501113,0.09299627,0.28082833,0.013851606,0.0046755206,0.66394657,0.05541382,0.06746007,0.022997541,0.00061802944,0.03752036,0.014891421,0.022936465,0.0036041546,0.2543317,0.0057185763,0.01944947
5482,0.033010416,0.083317064,0.0131692905,0.057210285,0.39145884,0.02629658,0.032786913,0.8799894,0.012720397,0.12650728,0.0051817847,0.04427971,0.016407195,0.020851977,0.006459097,0.033021815,0.0007134859,0.29635367,0.03824197,0.006858527,0.019887568,0.07288342,0.007657855,0.0025919913
5486,0.16681178,0.27331543,0.021607045,0.033085674,0.27505174,0.07903572,0.0057539307,0.40364963,0.042348314,0.020805918,0.029793523,0.020531652,0.06551466,0.05118685,0.07007417,0.016962435,0.0005580803,0.40172824,0.0244672,0.019540796,0.012132376,0.16475311,0.023763053,0.031030582
5490,0.0035614662,0.0055124857,0.0051415716,0.012200832,0.46202657,0.21706255,0.009533439,0.4150809,0.015412435,0.06194755,0.03094558,0.0027113883,0.6149963,0.032975826,0.038903818,0.5324406,0.0005632387,0.22113562,0.026670462,0.008919928,0.0018245548,0.24971521,0.0041867504,0.0020085233
5495,0.050253298,0.09076186,0.02944571,0.01026756,0.40425593,0.11372159,0.0015755857,0.6248026,0.04258297,0.13775721,0.05039839,0.012189699,0.1351421,0.005656555,0.02585037,0.052875098,0.0005024109,0.32776332,0.011920048,0.006249199,0.0046269544,0.18391757,0.033422638,0.032162998
5498,0.04990884,0.021479504,0.004357714,0.012546327,0.7001869,0.123431064,0.0010342381,0.5528236,0.02131646,0.023321785,0.02600219,0.00703605,0.05155172,0.00534133,0.00959868,0.08153068,0.0005179676,0.5308894,0.034896284,0.004963375,0.016482377,0.29020843,0.004736205,0.004263667
5510,0.45375898,0.08273701,0.016374415,0.10252464,0.16530445,0.6435422,0.016743071,0.526802,0.017721469,0.081704855,0.031196823,0.059992168,0.03879683,0.011809153,0.0104028,0.24723382,0.00067129155,0.0716704,0.026759395,0.007265006,0.0047929217,0.35556316,0.010697361,0.0827544
5513,0.065277345,0.016256675,0.0046227644,0.016588291,0.4326029,0.03703931,0.020961462,0.48113716,0.017049449,0.04171256,0.011187063,0.006282902,0.28481406,0.006543982,0.010408432,0.066354446,0.00078813185,0.08202534,0.47144037,0.0033182995,0.009378093,0.243339,0.0109499525,0.0006336793
5525,0.117926896,0.046622124,0.017024303,0.04048906,0.59274256,0.48614877,0.009078505,0.6253978,0.051960383,0.06837442,0.035538424,0.005590588,0.004198789,0.124355614,0.086821705,0.011233406,0.0005603365,0.25627217,0.020558538,0.010329664,0.04562252,0.1149823,0.005628613,0.00583905
5530,0.19637476,0.021737106,0.01753618,0.014617895,0.12322069,0.056681268,0.09534941,0.27776214,0.033286445,0.061308067,0.009044539,0.016105799,0.1390555,0.017304651,0.0075275083,0.09823774,0.0010271114,0.018817998,0.041998927,0.15098497,0.0058464366,0.3305375,0.030158803,0.015514015
5534,0.0072903885,0.021821227,0.008780242,0.04213232,0.3741072,0.08699887,0.012367145,0.8816559,0.012905364,0.05425056,0.023791173,0.011445763,0.009294465,0.1633867,0.036535203,0.06886479,0.0006434847,0.59751594,0.012746898,0.006468446,0.0084862625,0.06423674,0.051720977,0.0026740103
5535,0.10148787,0.15762666,0.033378597,0.071154244,0.221138,0.040012185,0.03403388,0.49858198,0.027989913,0.18981057,0.006928614,0.49662665,0.03240571,0.0134456055,0.020786788,0.04266241,0.0009157443,0.34873965,0.01742347,0.027391126,0.020480398,0.058392745,0.15209603,0.025476903
5536,0.057465818,0.11299729,0.012856253,0.0034544491,0.45247898,0.0639738,0.0025935906,0.14946179,0.08739537,0.13816842,0.015189612,0.0066718757,0.63496244,0.003497698,0.017113993,0.2806234,0.0005348366,0.20610365,0.041403763,0.008786852,0.0009527108,0.3053137,0.010457045,0.004532251
5539,0.32849392,0.074069604,0.01597236,0.0057257004,0.35243237,0.25544155,0.0059736157,0.16083519,0.03406151,0.079339795,0.02595436,0.0031664006,0.41964433,0.0029185587,0.006875147,0.054731824,0.00062823476,0.032141075,0.24590504,0.01752459,0.016889352,0.6069239,0.005887369,0.0040287413
5540,0.6167905,0.24466243,0.0037307064,0.06419145,0.15058379,0.20772094,0.028122285,0.34311685,0.01653207,0.025850398,0.026551463,0.032533117,0.048290752,0.012153517,0.009725895,0.11082368,0.0008569292,0.04235357,0.076335296,0.01197431,0.0127947945,0.7158712,0.19582596,0.016112654
5541,0.8249445,0.36459282,0.039081175,0.01126661,0.29596138,0.034938876,0.016935265,0.24590406,0.06436033,0.18438813,0.0011649373,0.036258288,0.03624359,0.02175634,0.005854333,0.016791575,0.00081933854,0.08690903,0.82782185,0.0031316918,0.049971722,0.08682548,0.018986782,0.003602997
5542,0.79918504,0.73695177,0.050112784,0.016269857,0.05928408,0.124724254,0.013035794,0.13468339,0.10970908,0.67638487,0.023886718,0.033050478,0.41295934,0.003988143,0.019919747,0.08697259,0.00068359944,0.038601525,0.36224985,0.0050298194,0.008738405,0.3997848,0.031821534,0.01412351
5543,0.44483116,0.44727153,0.020538457,0.021803483,0.13736182,0.14733277,0.019296622,0.3205972,0.02370047,0.016438922,0.01930052,0.03414786,0.16726327,0.0071021225,0.024670368,0.038584266,0.0007997974,0.06967868,0.19979739,0.020292249,0.011425225,0.5034394,0.12428625,0.012423276
5546,0.37479922,0.19312443,0.057494365,0.009785622,0.5000306,0.11803256,0.012758557,0.09302138,0.099386685,0.57328737,0.008538164,0.016717006,0.6152595,0.004270016,0.028841723,0.19599506,0.00078128086,0.017662821,0.08688906,0.017633392,0.00086441543,0.36204913,0.0055726166,0.022202058
5548,0.0806878,0.119134,0.01991723,0.0453798,0.7135787,0.17283894,0.010261355,0.3159248,0.09848858,0.039472166,0.032554824,0.016640756,0.0025273303,0.016277827,0.054909077,0.01699964,0.00082339,0.3983184,0.014819817,0.013552999,0.04679896,0.06484623,0.0019855278,0.0063599385
5560,0.021706564,0.01089604,0.0011251324,0.005803013,0.8010405,0.04171136,0.004673275,0.44385183,0.004535968,0.007443383,0.03761011,0.015798843,0.014695706,0.0062848227,0.013494022,0.052609503,0.00068549137,0.8480939,0.012524688,0.0025394654,0.0067468104,0.13746715,0.0123590985,0.0039510233
5565,0.20812799,0.3720244,0.096431315,0.009288009,0.46745515,0.034568325,0.016672073,0.09787274,0.19282016,0.35278624,0.004091424,0.00478735,0.5397741,0.0069099483,0.026594473,0.028394751,0.0007860719,0.052011475,0.3263131,0.015267479,0.01763915,0.14284022,0.0027184142,0.036581315
5567,0.03333332,0.06239826,0.030261148,0.04033586,0.18914777,0.027107386,0.37097362,0.393322,0.15627655,0.042472646,0.0010710439,0.019651314,0.15548934,0.036608767,0.0040369695,0.029276196,0.0009741385,0.014112904,0.08897366,0.016421368,0.0074921106,0.052686118,0.006917298,0.007623465
5569,0.17708093,0.64001876,0.03769596,0.039171178,0.39590138,0.016469883,0.022903644,0.4022246,0.09475934,0.03600104,0.0018960536,0.01764786,0.028561398,0.012892704,0.021871595,0.027897833,0.00079754496,0.47173718,0.0806881,0.014174518,0.024096519,0.09393651,0.041654937,0.01971698
5571,0.07918655,0.0022522907,0.00088260794,0.01950329,0.2050389,0.8155889,0.0074821915,0.6653256,0.0011344332,0.0059564025,0.14565548,0.010613784,0.030566972,0.0037481205,0.004339567,0.27452064,0.00072896125,0.16300447,0.0036029816,0.003040858,0.0035109543,0.8000963,0.0018439447,0.0047914297
5574,0.01125675,0.025033608,0.030582963,0.06371515,0.31693023,0.025012843,0.0937853,0.16389915,0.04132338,0.37096822,0.004187854,0.0051375683,0.7848489,0.026387637,0.010829997,0.28328535,0.0008286482,0.02385222,0.5054226,0.026702726,0.0024497851,0.28145024,0.0014377101,0.00017926045
5575,0.06800381,0.052491594,0.011151036,0.0095012635,0.5281625,0.19796629,0.0017546545,0.6402468,0.05783613,0.053242706,0.047943585,0.003169442,0.08457629,0.020067034,0.024213778,0.039856087,0.00046742827,0.23501445,0.03709259,0.0089664,0.006468238,0.27187735,0.00940942,0.0055642836
5578,0.26352656,0.022008553,0.003375648,0.04341548,0.41273186,0.68248904,0.027096648,0.6190099,0.012625811,0.009736702,0.018601688,0.06237754,0.0107097505,0.011933983,0.0054692226,0.015988609,0.00065694546,0.075733185,0.01626576,0.0031837968,0.011228048,0.37719452,0.01150804,0.003956296
5585,0.052894335,0.06030967,0.007416674,0.057743855,0.072977625,0.1072874,0.0029108343,0.9250031,0.0063533154,0.04492961,0.0419388,0.054754697,0.05549794,0.0058179125,0.010317211,0.09037056,0.0004608883,0.4927446,0.016382435,0.0058218855,0.0040001012,0.18226215,0.042504463,0.013675475
5588,0.17846845,0.031275433,0.0022128462,0.006847606,0.27067724,0.1777356,0.001319553,0.53325367,0.02601047,0.018006094,0.07216314,0.012699537,0.07658118,0.0022085872,0.0049584466,0.21935323,0.0006646085,0.1671861,0.061102066,0.0021552385,0.010572219,0.7393167,0.009381323,0.020943033
5590,0.01342814,0.16413875,0.067137234,0.027727772,0.47270346,0.013484371,0.034045685,0.38929358,0.40306732,0.18085445,0.0017394512,0.017794019,0.10796782,0.027028192,0.01956418,0.03935813,0.00073205744,0.10790627,0.07352604,0.027545594,0.006316603,0.057286467,0.006321091,0.008296423
5591,0.10428392,0.02121708,0.00415821,0.08017379,0.12895074,0.3058602,0.5389574,0.39425272,0.0060233623,0.005893387,0.0082012685,0.0705633,0.026612489,0.009149357,0.004127432,0.11814427,0.0012266658,0.014202698,0.056507677,0.00833995,0.00202761,0.32886818,0.03830228,0.0016674392
5592,0.1633718,0.10797569,0.010473434,0.01795699,0.06497192,0.04167055,0.008940371,0.88644814,0.014785464,0.01590304,0.04568476,0.0971187,0.025781194,0.0107908975,0.013176401,0.19012752,0.0005958947,0.30821252,0.035674818,0.0103363395,0.007112311,0.45872065,0.6488098,0.0021938058
5596,0.27329978,0.1688772,0.010646945,0.232154,0.20236342,0.24788992,0.0131708775,0.46408227,0.048527885,0.10765237,0.014024612,0.024644267,0.13561256,0.017432272,0.028654806,0.034668785,0.0007173892,0.05697006,0.024631852,0.0102984635,0.02942528,0.13978246,0.00956186,0.5561339
5600,0.30481946,0.013496422,0.0031128635,0.032494146,0.3800538,0.19201122,0.24388392,0.52466244,0.004892697,0.015808655,0.008319676,0.011088191,0.016348094,0.016667493,0.0059569813,0.032397952,0.0011497221,0.06613249,0.14422622,0.0058251875,0.020029478,0.28742296,0.012075211,0.015149477
5604,0.03762729,0.04816892,0.08374972,0.040616333,0.92469096,0.0644115,0.022044206,0.25096703,0.5001166,0.10375607,0.008048234,0.004713553,0.012358174,0.05033773,0.03195427,0.0115245255,0.0008035176,0.077034794,0.015650082,0.011090225,0.04107804,0.03467228,0.0067895525,0.005125336
5607,0.11046712,0.02088645,0.0021036752,0.077724144,0.070373535,0.052039318,0.1967618,0.56167734,0.005204638,0.0013222944,0.0048340275,0.1936065,0.009791825,0.013319707,0.0037009127,0.01653131,0.0011690876,0.067933366,0.027275115,0.00576206,0.1552348,0.13315442,0.1126897,0.17927991
5618,0.1421736,0.1757365,0.054971132,0.01873039,0.82571435,0.11042344,0.0042834487,0.36215195,0.21168861,0.110378295,0.0090399245,0.032444518,0.0039879936,0.014666928,0.11315359,0.027514912,0.0006602734,0.5563598,0.0083046965,0.009414203,0.03326504,0.01849081,0.010379989,0.022327779
5619,0.56658715,0.4846962,0.029438889,0.07584254,0.21676874,0.23931311,0.011484577,0.47157967,0.13914073,0.04447665,0.0050860974,0.05647771,0.019100437,0.0096801305,0.017190939,0.01951719,0.0008103062,0.042329688,0.028396826,0.009550694,0.02366229,0.121681094,0.021482442,0.85922354
5621,0.022509536,0.0277372,0.006369299,0.023748994,0.27016768,0.021027219,0.0018662971,0.6094399,0.02961631,0.3151145,0.005656405,0.0082680825,0.78417987,0.011132564,0.017452933,0.22109771,0.0005587864,0.18089236,0.054407217,0.0063050366,0.004486555,0.30440038,0.0040217596,0.0044778525
5622,0.03434632,0.26311526,0.2874947,0.03118653,0.5152481,0.033244718,0.014612519,0.39098164,0.567498,0.21003784,0.0052285264,0.022011869,0.14301054,0.04731844,0.15622526,0.051695514,0.00070355926,0.15437523,0.060938638,0.020806296,0.008487835,0.08452077,0.021443784,0.007380808
5624,0.32975337,0.029163722,0.00045852308,0.024218105,0.10191769,0.81137913,0.0035165658,0.48836684,0.0006946811,0.0026517098,0.10651807,0.024955949,0.12614293,0.004159476,0.004537749,0.47437358,0.00065158645,0.12873636,0.036858782,0.001743352,0.00032701608,0.9257331,0.030118467,0.016400693
5625,0.29273337,0.07131403,0.00883745,0.04931181,0.66976917,0.38067818,0.011751421,0.47456846,0.022837507,0.016572509,0.035546523,0.016620276,0.016442107,0.028409027,0.05134739,0.04790165,0.00068795506,0.20080881,0.016931836,0.009061252,0.10840902,0.11992547,0.011802866,0.07065087
5626,0.014063124,0.052420303,0.0086327195,0.021325849,0.28908938,0.028495112,0.0068039987,0.8918083,0.04807162,0.09230595,0.008613532,0.00367006,0.034849968,0.08529668,0.0132505,0.040547416,0.00054487505,0.510788,0.03726788,0.002279322,0.014327599,0.11561444,0.005699848,0.0018574419
5631,0.02097969,0.10370195,0.012647675,0.015722211,0.566726,0.014804826,0.0048569795,0.7732495,0.13943034,0.09520139,0.007764811,0.021679055,0.02332191,0.0045564165,0.027555624,0.020499956,0.0006530897,0.18624328,0.0632783,0.0037340366,0.0026778537,0.025763622,0.022215394,0.0025585725
5644,0.016675726,0.031224502,0.014586012,0.02738254,0.66738695,0.068146355,0.001978033,0.7353963,0.015989905,0.02790175,0.013504735,0.009785262,0.017412338,0.0128303245,0.05884574,0.026570676,0.00061628077,0.9319951,0.017993877,0.0037122755,0.0073906276,0.06694299,0.0086403135,0.014136435
5645,0.0740906,0.016295735,0.0019743831,0.029919254,0.2606711,0.7746504,0.0009905777,0.6128897,0.007046792,0.020252014,0.09545785,0.015956225,0.13917872,0.009337272,0.011076646,0.5903943,0.00048806853,0.19567293,0.009510381,0.0073964717,0.0017728632,0.73146224,0.0045446767,0.010568962
5647,0.8248756,0.15670261,0.018458385,0.0077400673,0.28468427,0.44805387,0.015067893,0.4453699,0.09684398,0.010200712,0.010715183,0.023759762,0.009990199,0.009216234,0.0059362724,0.035306565,0.00071814,0.018366646,0.26834843,0.008992297,0.023355702,0.42746922,0.10802008,0.0070023597
5655,0.18510382,0.47489673,0.030293684,0.059895985,0.1122897,0.025458185,0.029585538,0.77230364,0.12949573,0.06379515,0.0037397598,0.022786226,0.01956005,0.0300242,0.014480513,0.014843519,0.00073129707,0.08344561,0.040770832,0.010741302,0.38854828,0.076890625,0.02744276,0.10459302
5656,0.03074395,0.034244962,0.028108638,0.20677885,0.63034695,0.019675849,0.40794456,0.5059463,0.029080067,0.015345443,0.0020166566,0.035065114,0.002605789,0.174253,0.07928363,0.004091375,0.00087133696,0.3682922,0.025297768,0.018590746,0.04805041,0.010899633,0.055979434,0.004871114
5658,0.46301982,0.11821793,0.019813653,0.05554546,0.06818462,0.073938526,0.047750168,0.78953373,0.022501202,0.021707203,0.008424334,0.13961977,0.0105037065,0.007752345,0.010552426,0.018684154,0.00093628635,0.060982157,0.041177902,0.024700027,0.004147557,0.15629564,0.6928038,0.023960887
5661,0.046216417,0.0102846995,0.007034747,0.00460966,0.69916946,0.19338919,0.0012342258,0.757632,0.009467818,0.015258147,0.025286919,0.0022881462,0.031019779,0.008743611,0.022390129,0.06994091,0.00054010656,0.7748111,0.01004312,0.00686382,0.0049556214,0.23515001,0.007546009,0.006378549
5668,0.03860823,0.1354481,0.13613084,0.0040646424,0.6013855,0.03167652,0.0027367573,0.0650868,0.3511495,0.709996,0.0038723364,0.003854221,0.9416279,0.0124323005,0.06483513,0.1389711,0.0005843831,0.033269998,0.06887664,0.030750152,0.00046312666,0.3084006,0.0030490872,0.0073669837
5670,0.5079229,0.16281617,0.0232558,0.008574907,0.58143526,0.09792722,0.015770078,0.31274706,0.028740816,0.011219201,0.011616256,0.010801031,0.0114667425,0.01218439,0.009197508,0.0046429695,0.00078278023,0.11886649,0.5225625,0.012079285,0.22904365,0.10099052,0.015900392,0.0033206614
5671,0.034010243,0.17382564,0.039852474,0.002264642,0.8485833,0.05709419,0.0006932991,0.10621222,0.473892,0.4708008,0.010794461,0.004393686,0.63383865,0.0076507675,0.05808535,0.114536256,0.00053699786,0.15746336,0.014169442,0.00915638,0.0025135286,0.25513303,0.0050054328,0.011535433
5672,0.19258901,0.5622161,0.06432005,0.027390504,0.5245423,0.45714775,0.0019070205,0.30395487,0.22889096,0.2901637,0.031599544,0.016637588,0.011118998,0.005531557,0.048289604,0.11201828,0.00061206205,0.20459393,0.02051964,0.01987545,0.0071245073,0.29172847,0.0023195955,0.04345649
5675,0.025509188,0.07028925,0.0126143135,0.014484944,0.5733401,0.042020194,0.001711749,0.78533995,0.067567945,0.037362427,0.010165986,0.004673511,0.039922033,0.04759987,0.069794245,0.029796414,0.00046245192,0.7508028,0.015581248,0.0053482074,0.02462837,0.14240497,0.0099743325,0.0064249695
5686,0.72108173,0.081866585,0.0032393858,0.022564795,0.16762128,0.7514526,0.0040143426,0.5245992,0.0051658903,0.013273119,0.039126933,0.04979998,0.040625196,0.003785044,0.006781017,0.3156239,0.000671037,0.08190677,0.032597218,0.0044012074,0.003310232,0.9070765,0.051163185,0.02275169
5690,0.033626556,0.058668993,0.017673282,0.024451997,0.54551816,0.05391832,0.007947989,0.8254467,0.15178046,0.052317552,0.026367677,0.01403504,0.015485833,0.02965997,0.08858005,0.04520789,0.00059001526,0.4603597,0.012775282,0.014948602,0.052034132,0.08223526,0.024810657,0.0038431867
5691,0.4195769,0.058282185,0.0026051544,0.061189167,0.5329288,0.54983723,0.015045907,0.3273042,0.010957954,0.02790992,0.0077799135,0.024605969,0.03497762,0.03535058,0.017466167,0.012266092,0.0006793167,0.0588898,0.025024677,0.002628473,0.023177544,0.35368463,0.0072711916,0.071650304
5693,0.122472875,0.2702286,0.021980397,0.017827611,0.40201426,0.021156916,0.0028576956,0.31178072,0.062423993,0.13313842,0.011079681,0.010776024,0.36136752,0.0030045058,0.016983613,0.088923424,0.00062937965,0.19445555,0.08253966,0.010937148,0.0051602595,0.13769634,0.014026333,0.1083087
5699,0.036802795,0.027074922,0.0029451447,0.072360605,0.17834419,0.08675462,0.038585734,0.5216942,0.010218667,0.026117817,0.017075894,0.02859324,0.3573358,0.06033932,0.009958321,0.13282956,0.0006215957,0.12454551,0.024671538,0.0054665077,0.019596066,0.32016453,0.010997767,0.005465956
5704,0.34876212,0.6741982,0.07361077,0.0074496134,0.061446037,0.0017670693,0.10525725,0.15800254,0.12029112,0.27150413,0.0005583341,0.027154462,0.504997,0.0238181,0.0060548326,0.08774032,0.0011988893,0.010942544,0.82886004,0.023464756,0.0056924615,0.23882708,0.026255528,0.0023088194
5713,0.050961204,0.12891147,0.037409563,0.024480388,0.40007967,0.07486448,0.03045223,0.57645136,0.0988945,0.022377593,0.010048076,0.12088647,0.01943116,0.027387379,0.03119972,0.02570215,0.0008621283,0.11225237,0.029085867,0.06200785,0.0015217607,0.06276725,0.0851442,0.010736591
5717,0.0073111174,0.004592961,0.0013774269,0.022103205,0.32079148,0.036698904,0.044220712,0.60889965,0.004867066,0.009972901,0.0051776688,0.0065150536,0.011408982,0.011753808,0.0040620123,0.04161559,0.0008360891,0.38021386,0.003936624,0.0041307383,0.006637276,0.1257366,0.0044546244,0.0015175982
5721,0.18623944,0.17138721,0.0065461984,0.011207595,0.36567608,0.10250912,0.040060595,0.15883945,0.08474811,0.01801154,0.013921029,0.012827819,0.08769378,0.053582013,0.013411329,0.0758285,0.0008818401,0.03415175,0.46618223,0.0054233903,0.006693174,0.36540875,0.0040228968,0.006011349
5724,0.062108554,0.018036146,0.0045847236,0.0022494518,0.65641737,0.4108148,0.0006134663,0.55495155,0.014105653,0.021922687,0.13369238,0.0025526674,0.15314126,0.015309366,0.059367146,0.12293326,0.0004842069,0.7090965,0.015701424,0.004061503,0.0035337682,0.4612704,0.0013432404,0.011618108
5726,0.0076222094,0.020525515,0.026118642,0.008305883,0.9313432,0.0074741966,0.00668317,0.34599248,0.04273539,0.035366137,0.015679087,0.008945882,0.01071302,0.08875978,0.23322482,0.0034841213,0.0006975134,0.68481654,0.0058527673,0.025032515,0.015242086,0.0070634377,0.0108918585,0.02908844
5732,0.0801387,0.1808188,0.05833303,0.018557895,0.39073497,0.105008036,0.004089858,0.5973163,0.20414573,0.23640515,0.01734876,0.004182262,0.06531902,0.022412786,0.10612424,0.04737467,0.0005953554,0.51658505,0.026662169,0.008764283,0.010616418,0.102338895,0.002179458,0.023698285
5734,0.058239486,0.099560894,0.051118486,0.015406105,0.6861648,0.28669673,0.0049430695,0.23696256,0.13963214,0.1410729,0.024357082,0.01352448,0.16664375,0.0055341385,0.015330256,0.22680408,0.00080157473,0.04088513,0.05529755,0.026591837,0.001841538,0.28370333,0.016389322,0.009992718
5738,0.44012147,0.6712656,0.16150706,0.02891435,0.4148054,0.24865617,0.008280314,0.198639,0.27742642,0.4329284,0.009010626,0.060766753,0.014545377,0.006960416,0.06423198,0.027094662,0.00075447146,0.14007646,0.036994774,0.030416768,0.004004053,0.21870352,0.004146344,0.021838795
5742,0.042198308,0.10561609,0.014784297,0.020545522,0.7441946,0.03589482,0.01575168,0.58898336,0.05413857,0.07317694,0.008001007,0.00694541,0.026872767,0.016026817,0.031943023,0.017053597,0.00070263026,0.575554,0.018277831,0.011029813,0.108214095,0.059344888,0.014696831,0.01995763
5744,0.34361115,0.2535688,0.11777908,0.005811121,0.86612064,0.22632714,0.003667444,0.07799873,0.35707855,0.32092735,0.020875668,0.004601502,0.13285927,0.007274194,0.037137568,0.038879257,0.0007311441,0.07094496,0.3752998,0.005344538,0.005875537,0.1469551,0.0027479553,0.0033338952
5745,0.040046353,0.05969482,0.09622037,0.010183596,0.8794515,0.021917883,0.0042079263,0.38586485,0.1062944,0.29534924,0.0054177786,0.0022024622,0.04744539,0.035231292,0.054465868,0.026078163,0.00057507254,0.6526653,0.1165029,0.007024689,0.010967694,0.051362302,0.0011420709,0.0014638507
5750,0.3914235,0.20081311,0.013739368,0.056845415,0.41223565,0.15614168,0.04501345,0.47662476,0.019985039,0.0265698,0.007335941,0.02105083,0.022190053,0.010326349,0.00955939,0.04967824,0.0010051458,0.033396795,0.09922382,0.008247304,0.012669523,0.3912603,0.100279205,0.023460161
5752,0.47917795,0.3308056,0.0076386523,0.007223761,0.14408347,0.12727666,0.0063742623,0.43962473,0.04870821,0.33066663,0.0070049134,0.006704463,0.1034713,0.008618033,0.005141835,0.09964442,0.0006943349,0.121591,0.5380282,0.0028732696,0.011571209,0.5717655,0.00402108,0.0053660977
5757,0.118773736,0.03442703,0.0030597928,0.008865932,0.16924566,0.46375254,0.0023133361,0.75673956,0.010132401,0.03249947,0.031479906,0.015143375,0.108935095,0.022836922,0.011152004,0.2398743,0.0006819382,0.17665267,0.027820291,0.0015898342,0.0039570965,0.65228546,0.009705081,0.008456224
5759,0.05284449,0.08617068,0.01838021,0.056611255,0.20840962,0.3133958,0.00433172,0.66291314,0.059136767,0.026626715,0.021291908,0.019679813,0.04102665,0.4501055,0.22985359,0.034376193,0.0005363203,0.2952457,0.0063451603,0.014705914,0.011288744,0.16593704,0.007427926,0.1783704
5760,0.017616294,0.13068588,0.013730312,0.33016172,0.20590708,0.06087428,0.012394712,0.81785953,0.060282834,0.029093524,0.008591673,0.39480054,0.0037820388,0.016016938,0.016880836,0.021594202,0.0007424976,0.17699692,0.006539119,0.0067429417,0.0036279906,0.0883139,0.056100193,0.054325
5765,0.356185,0.02189388,0.0031535549,0.054353416,0.41471943,0.9710017,0.008086494,0.53111833,0.0116002215,0.0046696127,0.101523794,0.017286254,0.007706455,0.0053749667,0.0042783264,0.0668862,0.00068847585,0.040902536,0.021171715,0.007977758,0.008303075,0.68183327,0.012151113,0.022028703
5771,0.4827997,0.36213225,0.01784786,0.12707444,0.038278673,0.012433453,0.21264455,0.6997663,0.01853077,0.013268829,0.0025823924,0.45667604,0.0044386005,0.026906773,0.0119101275,0.022007568,0.0011663618,0.075712614,0.045892376,0.009799104,0.06715934,0.050696,0.86490965,0.013624846
5772,0.4854924,0.24266295,0.010943185,0.014406426,0.15459746,0.12777604,0.0026979938,0.30800846,0.017305333,0.07176374,0.032126393,0.049673874,0.405887,0.0040910295,0.0181015,0.17997465,0.0006355721,0.11407398,0.093160965,0.007281236,0.0026178926,0.54070455,0.36817327,0.016913747
5774,0.715761,0.15521783,0.018436247,0.024829326,0.04675145,0.058771543,0.016961863,0.66550374,0.024195414,0.049546383,0.0049600042,0.043318912,0.1435568,0.0062958747,0.001875149,0.0508726,0.0007553182,0.028164504,0.6692693,0.011382091,0.009898022,0.23977046,0.4370437,0.02458296
5776,0.21715538,0.42239892,0.0076578767,0.083713666,0.086742476,0.0094181085,0.08426924,0.37524068,0.024901252,0.010322334,0.0030543678,0.10416301,0.07294821,0.00897734,0.009163117,0.039671637,0.00091623823,0.15497604,0.16665663,0.01330149,0.019857196,0.23334014,0.10885384,0.008792135
5777,0.062041365,0.037343614,0.009738674,0.03715558,0.4878559,0.09577321,0.06334809,0.58554584,0.03223122,0.04660481,0.0044621737,0.042897575,0.024160579,0.043210335,0.0070823245,0.014461505,0.0009405118,0.1080537,0.023227153,0.0023070627,0.018390518,0.130651,0.0065396456,0.006527949
5779,0.21383113,0.6995219,0.26194626,0.05129817,0.069727734,0.0032442145,0.13002837,0.11612917,0.36663923,0.17700484,0.0012248071,0.036637265,0.4362729,0.012594878,0.018373864,0.03469519,0.0011027923,0.012021308,0.41792667,0.029666921,0.024915561,0.18846318,0.024563322,0.007008294
5782,0.012442639,0.009599383,0.01202457,0.021629179,0.71536386,0.13701904,0.004147173,0.7707852,0.055846855,0.032252587,0.026318436,0.0048230845,0.008602671,0.04744893,0.15642565,0.048163738,0.0006040012,0.6524567,0.011040689,0.0062366207,0.0029214656,0.079501584,0.00346874,0.0052624024
5784,0.13225836,0.19937977,0.02390607,0.41546562,0.06535323,0.014841092,0.43466955,0.28986153,0.025996229,0.02839455,0.0031464729,0.32692987,0.009719816,0.018996391,0.019133123,0.022018285,0.0012410879,0.15735695,0.20613107,0.03209361,0.020191506,0.092766605,0.08742458,0.005200756
5788,0.07019956,0.08776879,0.009226363,0.034325883,0.28087482,0.2946551,0.011015436,0.73377115,0.009009153,0.014437366,0.02663209,0.017300038,0.008698534,0.012277953,0.031005215,0.053700235,0.00068484363,0.33109492,0.009488671,0.012675048,0.0063814055,0.14387234,0.010936038,0.011930442
5789,0.046298955,0.08936324,0.009824956,0.023576304,0.5102165,0.06179355,0.033518184,0.46454754,0.018500548,0.029616755,0.0046309596,0.024092993,0.01320051,0.011343048,0.046163183,0.02380687,0.00091837125,0.17767279,0.005302182,0.018662449,0.011910734,0.07438845,0.012505224,0.009397347
5791,0.68894327,0.16965197,0.006388469,0.02598553,0.09247408,0.30188766,0.01198357,0.64976245,0.010256372,0.006352909,0.04340429,0.14052717,0.012991569,0.0026649106,0.008472456,0.061528258,0.00086662895,0.064409904,0.032353915,0.01732841,0.01425894,0.54914,0.7198979,0.036569282
5793,0.11084775,0.7733584,0.62522435,0.17013894,0.3085386,0.0058634426,0.026385218,0.30101722,0.65428543,0.65662575,0.0013181744,0.028864572,0.07977319,0.23973753,0.20163396,0.016173383,0.0008155859,0.19498278,0.15292566,0.03867576,0.0064335107,0.027337074,0.005320529,0.022335112
5796,0.2419173,0.024342995,0.0074940603,0.018209578,0.19666705,0.3783481,0.0036002144,0.76409006,0.007335576,0.06766725,0.019065367,0.01135075,0.04728707,0.03653787,0.018033115,0.22385092,0.00060899375,0.22194935,0.021680169,0.0025014994,0.0011895847,0.63831264,0.011737198,0.0027575004
5797,0.37636182,0.11148841,0.006037158,0.02195413,0.15929675,0.23583601,0.0027884645,0.53041655,0.008761666,0.050923303,0.029498106,0.053413734,0.045964327,0.009982034,0.017697496,0.06136676,0.0005796689,0.25927794,0.018441133,0.011846571,0.0024179227,0.39977497,0.16307184,0.023867946
5801,0.099593185,0.06816384,0.002618508,0.042200353,0.08049088,0.5029571,0.019321484,0.6634472,0.031473715,0.02832284,0.033948272,0.018574074,0.16616228,0.0046845567,0.0029427062,0.63999844,0.00075734744,0.036760688,0.03343654,0.0053539,0.0024225994,0.70037925,0.0070149433,0.0056829774
5806,0.018963544,0.1495724,0.08505538,0.03022383,0.7100082,0.011988307,0.009788737,0.38228953,0.26459238,0.3227066,0.0049563153,0.007631802,0.23374034,0.03712931,0.03284942,0.04878318,0.00060374907,0.2866603,0.018646624,0.011361173,0.002909257,0.032147482,0.007820793,0.005583763
5808,0.07104859,0.014409242,0.005122424,0.020805141,0.38031805,0.4882049,0.003470966,0.6027048,0.0074925963,0.020229464,0.044034455,0.014528873,0.22391796,0.0046262653,0.004682725,0.2002344,0.00054275995,0.12272809,0.042947937,0.004006558,0.004172479,0.59611213,0.010819046,0.0030562575
5811,0.124573395,0.044671897,0.0050309934,0.015814235,0.23350091,0.10255942,0.061393015,0.15500107,0.008761641,0.03745583,0.0050474615,0.0065305564,0.62019163,0.009328278,0.0045908247,0.19926165,0.0007164894,0.01705629,0.315809,0.01594282,0.0052140183,0.50927395,0.002681182,0.006040218
5818,0.014513452,0.15441233,0.016682575,0.011626455,0.28011408,0.02026263,0.0032557223,0.6676879,0.051758256,0.043923866,0.015716568,0.05676854,0.07247034,0.0039659715,0.03113446,0.01568402,0.00058919337,0.4388118,0.034386363,0.007382443,0.006315789,0.038083456,0.030197937,0.17704925
5823,0.017596697,0.010204603,0.0067777876,0.027950175,0.6987998,0.07889189,0.0035795185,0.70548564,0.023897937,0.026863912,0.010774829,0.0030933896,0.023654822,0.014048383,0.019791087,0.018530283,0.0005912286,0.60663736,0.012789586,0.003327791,0.0051941313,0.046311673,0.0024422898,0.018775262
5827,0.027235318,0.044898022,0.013167191,0.057932895,0.3048185,0.17188317,0.12747203,0.5876936,0.025952112,0.04497526,0.015404649,0.014617153,0.026290042,0.025346586,0.019982671,0.05099246,0.00086917856,0.11476996,0.007023345,0.025306553,0.003199188,0.08010505,0.00889518,0.011128549
5832,0.041645147,0.04520922,0.0078116674,0.0060082045,0.3405105,0.07583268,0.0025778813,0.4811724,0.036136653,0.1343263,0.03196647,0.0018497127,0.7650666,0.002509362,0.012834837,0.42971504,0.0005454253,0.13276811,0.109965876,0.0074171517,0.0029496916,0.4281892,0.0016842929,0.0062486394
5842,0.39225116,0.8001754,0.32371485,0.015658563,0.32334608,0.021156106,0.0018676041,0.17448166,0.5975468,0.9064009,0.0042996695,0.02582652,0.17040046,0.0043363827,0.0794492,0.10458547,0.0006450385,0.22926876,0.041276112,0.03238437,0.0070411586,0.11932464,0.013354614,0.034415103
5845,0.013504284,0.023629054,0.0065891976,0.047125474,0.8773717,0.05219327,0.015026995,0.3738454,0.048414964,0.031082703,0.013530481,0.019526446,0.04328053,0.024539296,0.04178734,0.050646342,0.00063744513,0.1335934,0.042924833,0.006103932,0.036397465,0.06336787,0.010446575,0.007974995
5854,0.05964324,0.0736633,0.07544351,0.04492612,0.72307324,0.082750715,0.020138402,0.1382941,0.23849767,0.41498145,0.010251176,0.0069756727,0.37439445,0.039425343,0.027269557,0.07605874,0.0006164211,0.038770895,0.05967634,0.03746842,0.018408503,0.25976554,0.007746449,0.005899175
5855,0.0056792093,0.20300236,0.023679322,0.039601646,0.158168,0.002822849,0.28324926,0.7033134,0.27989608,0.029958835,0.00038445203,0.06488302,0.02022027,0.47739998,0.03278783,0.0035904963,0.001228937,0.043191187,0.013959674,0.011854774,0.030371904,0.00713907,0.072494596,0.006175816
5864,0.088786416,0.011673386,0.004885598,0.027860265,0.3271981,0.10673107,0.004674613,0.8533357,0.017332453,0.010616269,0.04807403,0.019276217,0.006701866,0.014447798,0.033468433,0.067954324,0.00058326847,0.57328975,0.011033814,0.004882101,0.010424839,0.39004812,0.03502588,0.002214643
5867,0.033614125,0.0035394514,0.0011981137,0.030130813,0.3576725,0.055214237,0.017237308,0.8142233,0.010007692,0.0034787331,0.0072296895,0.007084706,0.009167071,0.014237362,0.0021536804,0.0110718785,0.00076655205,0.073833056,0.012596912,0.004523873,0.7091039,0.092910916,0.008370422,0.0031189392
5870,0.027352985,0.13331763,0.01191006,0.036489535,0.6254165,0.107601084,0.0012521925,0.644184,0.1195427,0.2599496,0.021489158,0.018217603,0.039650712,0.0069242357,0.07318896,0.059694804,0.0005068523,0.82119155,0.008075456,0.0030687691,0.004189079,0.06769724,0.0029537824,0.018379077
5877,0.22855659,0.16818249,0.020059478,0.057437543,0.112172455,0.112556,0.051108643,0.569976,0.014252092,0.14329833,0.015742015,0.3667895,0.11682202,0.0038881944,0.0045908033,0.05127112,0.0007970284,0.029767103,0.10484772,0.008801153,0.007208754,0.3800677,0.06832343,0.01477529
5878,0.6206616,0.18727605,0.0045400434,0.009338216,0.09496104,0.5884554,0.0032178145,0.4763819,0.011945668,0.022041297,0.072957784,0.101868495,0.03244999,0.0049949493,0.025247283,0.20164233,0.0007110778,0.19230346,0.029398624,0.0031146517,0.003531957,0.8975686,0.073732786,0.006933091
5879,0.5282882,0.46867868,0.02042001,0.0077012456,0.42237428,0.10675024,0.003249222,0.41385177,0.14976466,0.036052577,0.018485459,0.035402685,0.003985286,0.004488495,0.0072900164,0.016156541,0.0007284644,0.0864282,0.14974004,0.005607507,0.020851465,0.18190533,0.23768763,0.0545775
5881,0.043480728,0.04442196,0.006727054,0.029785313,0.13489237,0.054771606,0.010702645,0.5889162,0.0102450615,0.08744638,0.028336084,0.037700783,0.049103152,0.17618433,0.06890204,0.25978786,0.0006828389,0.48026863,0.03054151,0.012443235,0.009273164,0.26704392,0.04051786,0.005247947
5887,0.11955524,0.15395328,0.015618636,0.034411654,0.23832269,0.59450036,0.011723367,0.621321,0.026322624,0.06173412,0.06656054,0.019000497,0.041439842,0.07338092,0.026476871,0.36796162,0.0006601872,0.13507414,0.012998339,0.0035596495,0.010001906,0.44908395,0.010864635,0.003675843
5889,0.028023116,0.0064157774,0.002154568,0.01566259,0.70687455,0.079663545,0.012633143,0.66676027,0.0037701016,0.008518714,0.004214271,0.0064346385,0.031540107,0.0370397,0.00436764,0.016278034,0.00069488137,0.5197463,0.020508511,0.003680007,0.017941743,0.09216761,0.0070043923,0.0094221225
5891,0.007676467,0.011101264,0.0067164106,0.062833995,0.49560246,0.0927518,0.019915117,0.834197,0.012460551,0.012540686,0.011122186,0.008737716,0.0031967938,0.039014027,0.028512737,0.048670545,0.0008683308,0.8162302,0.0044309436,0.005760296,0.0053818384,0.10611356,0.010712429,0.0023814768
5892,0.02168203,0.022431388,0.009229733,0.11511408,0.57190746,0.24393822,0.021890698,0.5877682,0.015281458,0.05794511,0.023052149,0.008313844,0.01531015,0.04516316,0.03357765,0.11701063,0.00070098165,0.47854725,0.004892047,0.0040831375,0.0131245805,0.092528306,0.0055201477,0.01468961
5895,0.039281785,0.014537738,0.014816809,0.0039709285,0.8766034,0.33995414,0.0034540454,0.25670728,0.1040011,0.008342869,0.05722993,0.0010186044,0.05196957,0.01465333,0.06758611,0.026101308,0.00056849245,0.1965608,0.011812542,0.021500928,0.016301569,0.15645377,0.0019755964,0.012734926
5897,0.046750344,0.2093208,0.05851895,0.0069405246,0.96704996,0.014019635,0.010409188,0.23661293,0.8076723,0.056307793,0.0015750449,0.0060334397,0.073997624,0.033337884,0.05082048,0.0035330462,0.0007388283,0.07151457,0.019205311,0.014346656,0.035468675,0.012107763,0.0110057825,0.012732978
5901,0.04153188,0.1575569,0.046538968,0.04254548,0.11591383,0.025947895,0.01641403,0.6413917,0.05807009,0.19132258,0.012785812,0.047103852,0.13424988,0.0060591246,0.018878415,0.13214047,0.00066828507,0.3018631,0.085984305,0.014111604,0.0022943222,0.15111877,0.052079182,0.0026170923
5904,0.08133773,0.22122382,0.01993816,0.019420706,0.23933266,0.037882105,0.0039795344,0.6511683,0.12801422,0.26449642,0.0023042064,0.014985185,0.38160974,0.018706806,0.01685395,0.064300984,0.0005885249,0.27729118,0.039194193,0.0030262836,0.006931784,0.101071015,0.028128028,0.0036778485
5906,0.03142325,0.040615745,0.0053155296,0.004230589,0.66231525,0.022394333,0.000893135,0.78935397,0.07988377,0.082833834,0.007571384,0.005543026,0.028423239,0.0058576143,0.021991497,0.025865192,0.000519365,0.72915345,0.023445528,0.0019760702,0.02374619,0.07994658,0.0050979992,0.004063357
5907,0.7824439,0.16428885,0.014940319,0.030868648,0.13875565,0.76728815,0.0022973828,0.5735892,0.017866971,0.02623785,0.029629044,0.086401545,0.030036082,0.0071831774,0.008606364,0.022686787,0.0006126267,0.026923357,0.011064164,0.009979433,0.0065891724,0.48281804,0.03989439,0.316278
5913,0.07067802,0.04342584,0.007842157,0.0039107464,0.6102311,0.26894733,0.0020900557,0.46990737,0.09201455,0.015813017,0.03903418,0.00074848643,0.06847271,0.014582579,0.011400725,0.047525592,0.0005071307,0.24182066,0.019163182,0.0057431874,0.028821222,0.22618195,0.0016936436,0.016672505
5915,0.004411782,0.012285097,0.006716449,0.0066301934,0.5614272,0.019998034,0.006836201,0.7894559,0.036271557,0.026451074,0.008594972,0.012945589,0.111183375,0.0047345553,0.018005427,0.015198382,0.0006144685,0.31730056,0.00643795,0.007632253,0.0018302205,0.04735151,0.013729324,0.010449281
5917,0.017839996,0.027490253,0.038888913,0.01068071,0.63387316,0.0103015015,0.055157322,0.32379612,0.036782403,0.040344775,0.0012710165,0.011310506,0.13260832,0.029704988,0.0063252165,0.016140638,0.00076200924,0.084300175,0.09409654,0.017385975,0.008624003,0.039654553,0.008319723,0.0022230325
5919,0.29489106,0.015813373,0.0031390064,0.030727703,0.639205,0.90384287,0.024354946,0.47477868,0.0049469885,0.004131837,0.030688457,0.006881284,0.018136773,0.014509885,0.007079703,0.033648267,0.00079102826,0.039365396,0.042090517,0.0035494887,0.0036490976,0.4379279,0.008423486,0.010770958
5923,0.26732513,0.27144054,0.15186815,0.056372024,0.530253,0.4178987,0.01922629,0.35264862,0.35245,0.13808848,0.012890508,0.009870661,0.041867767,0.011485031,0.019829383,0.032342475,0.0006804888,0.034553815,0.043950457,0.022534436,0.02194652,0.14379226,0.0053966963,0.018617524
5925,0.011769265,0.012345853,0.005662085,0.0073347567,0.38277823,0.035636205,0.0020897752,0.4422714,0.03758794,0.03096016,0.023292836,0.0061185057,0.68044287,0.0030194332,0.011665434,0.102181956,0.0004856032,0.11679568,0.04964636,0.009925504,0.0033670252,0.1670207,0.017672455,0.004134504
5926,0.1124712,0.097771056,0.03621974,0.0122779645,0.8051129,0.30393955,0.0022476257,0.453426,0.2656515,0.11455467,0.019762954,0.0096359635,0.03152919,0.014832867,0.038654197,0.04809975,0.0005623544,0.22583319,0.0122999875,0.01258752,0.015653,0.12121798,0.004433054,0.021572245
5929,0.18122554,0.28260392,0.0737642,0.050606716,0.483236,0.036717486,0.03707542,0.30650392,0.14958291,0.1151666,0.008319948,0.02210849,0.11038412,0.0033912302,0.023499984,0.008630312,0.00087873964,0.043657042,0.32708827,0.0063986867,0.068251036,0.06026738,0.040198587,0.1662201
5941,0.43745905,0.24886931,0.006644596,0.00513837,0.22719829,0.41193098,0.003846375,0.29023805,0.05629144,0.022025043,0.052651744,0.004061391,0.48613322,0.0023612822,0.0072916523,0.38196963,0.0006249749,0.049722575,0.06811,0.005079767,0.015167466,0.75444174,0.003768649,0.012282128
5946,0.029401908,0.04203665,0.018781794,0.026567476,0.62374127,0.12859656,0.0042842985,0.34980634,0.032545064,0.10709719,0.010201319,0.026993422,0.13037828,0.010183179,0.041151874,0.08571266,0.00066011614,0.3285183,0.0077648847,0.0054429756,0.0062974766,0.17371535,0.014204226,0.02486812
5947,0.070499875,0.009304328,0.00578723,0.03005834,0.27302957,0.14740029,0.03774839,0.47276694,0.0039555915,0.021690598,0.019492175,0.014321594,0.14111038,0.033430208,0.016393926,0.089449205,0.0006337309,0.12688115,0.057452,0.00877321,0.002452742,0.40084445,0.013300362,0.0034482582
5949,0.33972338,0.27253726,0.0026198355,0.03022841,0.065216765,0.6941263,0.004794912,0.693995,0.0227119,0.0093135005,0.038483992,0.037819732,0.0283871,0.002627562,0.0047581075,0.37510023,0.0007793661,0.09712367,0.04018233,0.003306298,0.0018055453,0.86079824,0.017433776,0.018013518
5951,0.11765626,0.20225792,0.0173515,0.07582865,0.2624696,0.048615023,0.031561058,0.57111293,0.026689433,0.100713745,0.005300218,0.07471629,0.02253367,0.007813301,0.009308505,0.022997053,0.00089727266,0.31806275,0.07331177,0.014794725,0.01086892,0.12959078,0.034136724,0.025724629
5954,0.20589241,0.1182707,0.014950435,0.07339455,0.18516466,0.618426,0.0055836677,0.6136476,0.06477778,0.060446553,0.011773043,0.029002793,0.016377717,0.011372072,0.0046869717,0.030554324,0.00053619844,0.059531387,0.031118222,0.0046505476,0.021287521,0.19114211,0.008521824,0.10940816
5959,0.037965864,0.039349914,0.0025726806,0.03776396,0.061453283,0.04149253,0.02603493,0.5666997,0.0073793167,0.061911177,0.004149214,0.008267144,0.47065848,0.107303895,0.032681476,0.28768483,0.00078227505,0.14287399,0.019611014,0.004024345,0.0012970658,0.2214073,0.005062976,0.013127515
5962,0.0252404,0.009252736,0.0029032144,0.03781807,0.28316715,0.2264068,0.057287846,0.3192503,0.009308575,0.012602559,0.029714158,0.012421785,0.020152496,0.1192878,0.008769661,0.33664194,0.0009427794,0.1363326,0.011136134,0.010191536,0.0018370593,0.43364853,0.004552169,0.0022794423
5966,0.12905985,0.15812664,0.0070447805,0.013603857,0.16642618,0.04633141,0.04324114,0.46391734,0.014994212,0.0068077827,0.004948859,0.18001747,0.1683979,0.009302073,0.0062952633,0.023166507,0.00089186186,0.01901511,0.03294634,0.011819963,0.0045069847,0.107193954,0.087179594,0.08322537
5971,0.2983885,0.024947263,0.010243249,0.046362843,0.16618566,0.49565208,0.015341048,0.3054768,0.017788045,0.083848834,0.09390062,0.023728482,0.11021538,0.0041365405,0.010953284,0.112392314,0.0007135692,0.01968519,0.11138657,0.027812341,0.015532911,0.62074924,0.0099837305,0.016772298
5975,0.15193567,0.23885721,0.095318496,0.035148397,0.6054286,0.0864966,0.011814724,0.7129918,0.18820257,0.023662863,0.010834167,0.023508614,0.0015620668,0.11322128,0.06508523,0.003787431,0.0005825282,0.37189054,0.005666616,0.01830494,0.39129344,0.025959155,0.029727316,0.06055765
5976,0.2104301,0.18255773,0.0062638326,0.015182166,0.25726572,0.044511784,0.010898123,0.30317983,0.044031937,0.383122,0.0057724332,0.022613259,0.040692553,0.0022607634,0.0045372257,0.025978342,0.00080271176,0.07838512,0.035452235,0.011706358,0.026731972,0.3379979,0.019550676,0.0077046356
5977,0.020632345,0.06857811,0.02612498,0.010347359,0.6486662,0.020136138,0.0022826858,0.66456956,0.120217875,0.10574308,0.011989533,0.010690716,0.04107929,0.024632327,0.12727784,0.04554535,0.0006004067,0.72358763,0.007462882,0.0067903404,0.009951436,0.060271274,0.014936108,0.0026023374
5978,0.16050702,0.057751503,0.004745121,0.030796677,0.39380836,0.44562456,0.04688534,0.26811323,0.014021302,0.023545602,0.032894462,0.014954621,0.059467547,0.0043185675,0.00906422,0.15165831,0.0008525573,0.1271901,0.02162315,0.0052911956,0.019492878,0.47852007,0.017223598,0.009444941
5984,0.6494689,0.1334234,0.01238158,0.004786389,0.19758976,0.06281496,0.006312178,0.45039466,0.032284934,0.07051363,0.0077897776,0.041281253,0.024623169,0.021499693,0.023466285,0.03279828,0.0007690834,0.20851026,0.11577446,0.00524508,0.07073752,0.32443935,0.031016095,0.011358512
5986,0.852204,0.29085827,0.0015678037,0.015993861,0.23574778,0.37764505,0.023735758,0.34590554,0.009017186,0.0039817654,0.0130705135,0.054998916,0.018823465,0.0032547615,0.0031509327,0.05030108,0.00089981634,0.049460847,0.2024049,0.0022451784,0.0029236458,0.7172403,0.30539975,0.019393193
5988,0.091634184,0.10386312,0.0046576713,0.024531798,0.19062626,0.26219454,0.005894404,0.79138523,0.021985523,0.025437437,0.05033535,0.017980939,0.019678239,0.016571179,0.0040203775,0.06533745,0.0006385953,0.079335846,0.020927088,0.007907867,0.022320602,0.1773462,0.021185128,0.015523209
5989,0.7996392,0.74708146,0.123087905,0.008153703,0.09887155,0.2225933,0.0054621,0.28110945,0.24517609,0.40797055,0.016606394,0.121026665,0.07728876,0.0069336947,0.039129455,0.011845483,0.00067610404,0.06480597,0.046533186,0.016449936,0.026317468,0.30473936,0.047238186,0.17032208
5995,0.046276454,0.05487996,0.019144477,0.031878304,0.2507578,0.16531353,0.0049050543,0.8748347,0.045649283,0.08157879,0.0043990244,0.009025366,0.03755398,0.03481647,0.022988928,0.08971775,0.00064095535,0.52723324,0.012211406,0.0067603504,0.009906927,0.14771861,0.0030280538,0.003589642
5997,0.33717608,0.19784027,0.03329628,0.01747138,0.29345852,0.030100204,0.005115797,0.17686498,0.0641067,0.36079147,0.021236949,0.006936148,0.30080536,0.029055074,0.029192135,0.06531668,0.0006241781,0.16385749,0.92328495,0.0060470463,0.026800307,0.2158431,0.0061660665,0.001479444
6002,0.16344686,0.3611717,0.037620313,0.021858072,0.12308631,0.027587745,0.0064229793,0.42716038,0.0736793,0.31627157,0.019800289,0.0103580095,0.32909656,0.010173642,0.0182224,0.48277625,0.0006894206,0.17015912,0.12099245,0.006090541,0.0068676956,0.45434794,0.022044612,0.0010914875
6007,0.06387314,0.50956666,0.15809514,0.026856966,0.52450514,0.0069217966,0.04711368,0.31943977,0.35470492,0.09287036,0.003102812,0.018489027,0.0073078163,0.015576877,0.038025394,0.008427142,0.0008892819,0.17256626,0.07737623,0.011938303,0.14052433,0.036491543,0.0057959007,0.05396562
6012,0.2938184,0.23294072,0.01158697,0.018578168,0.46961385,0.3368882,0.0027396881,0.531494,0.09113519,0.034554426,0.025759302,0.018705629,0.0133037735,0.010090668,0.04529211,0.03654981,0.0005725826,0.2117356,0.01773639,0.004518295,0.037447806,0.21006282,0.011345304,0.34429425
6015,0.5033593,0.23560135,0.006361271,0.019835886,0.41356432,0.50218385,0.011792371,0.4581241,0.025553526,0.024176372,0.040464178,0.013681832,0.013201771,0.01305216,0.03888003,0.062400382,0.000625378,0.21394838,0.019096829,0.003358102,0.0851192,0.5450546,0.020095836,0.01708117
6016,0.017493453,0.0057956837,0.0018793431,0.06521247,0.26426998,0.7569164,0.006700095,0.90094143,0.0072416645,0.008483895,0.32978007,0.020414442,0.006888052,0.01730509,0.022702353,0.09471997,0.0005728629,0.16880271,0.0020879603,0.0035984977,0.015415814,0.32481182,0.00781682,0.0069326707
6019,0.07103617,0.029835418,0.0057913223,0.005622369,0.25328952,0.07451366,0.010138706,0.4318056,0.040565643,0.031016704,0.008162299,0.0031844494,0.5979453,0.0180744,0.021564089,0.113161616,0.0007734981,0.049253076,0.04289856,0.033335075,0.0017194288,0.3819822,0.0071929637,0.0051974533
6024,0.15078844,0.22304475,0.054828312,0.007814202,0.6477684,0.011874184,0.0365765,0.20476256,0.113121256,0.043875802,0.004440923,0.004830492,0.057337515,0.0062041464,0.004134655,0.049604725,0.0009205329,0.10281942,0.69444937,0.009111015,0.016885094,0.11286533,0.014981,0.0019538854
6028,0.00937304,0.051279645,0.047362126,0.027017593,0.67971087,0.051548027,0.0028838508,0.6560218,0.26783714,0.086680174,0.015285154,0.003969861,0.05148445,0.009411345,0.043923095,0.020679712,0.0005716267,0.4438642,0.023001768,0.014481998,0.008511428,0.04988319,0.0023142518,0.0018377623
6031,0.2657179,0.1442346,0.052069716,0.0061663645,0.28393131,0.11992836,0.0041340506,0.32653186,0.09455181,0.16532582,0.012586762,0.0052811936,0.22333185,0.0052562854,0.0184886,0.24689002,0.0006178054,0.065922715,0.25856602,0.021422353,0.0020511535,0.38457584,0.005087926,0.0075514102
6035,0.020223478,0.016404824,0.00403301,0.011679202,0.733553,0.19362664,0.0042191166,0.49120417,0.018189285,0.020716466,0.06847964,0.011272438,0.02353854,0.1594417,0.14895377,0.038328845,0.0006505529,0.5437838,0.0067157904,0.0052097635,0.006521322,0.14654392,0.0036254902,0.008731638
6036,0.38853845,0.12877844,0.01093482,0.043613795,0.21862437,0.052967694,0.005327875,0.7661837,0.024368728,0.0128779365,0.009440716,0.024868703,0.015819697,0.022885015,0.010154741,0.033508737,0.0006483182,0.20142281,0.058190316,0.009655441,0.10964708,0.24421513,0.25293827,0.03260536
6038,0.17653227,0.19409537,0.08154798,0.042145614,0.5022808,0.039759252,0.25573587,0.10498558,0.09004752,0.11241323,0.00074351864,0.00800975,0.07367915,0.2511331,0.05474901,0.013074057,0.0009854293,0.074184366,0.063796,0.016698375,0.013329293,0.055405635,0.009199738,0.02538188
6040,0.09818461,0.71283084,0.06240178,0.027727474,0.21309991,0.0097733345,0.0061904606,0.48062998,0.5203628,0.087110914,0.006374606,0.011001019,0.037901904,0.016580258,0.022607317,0.029354606,0.0006338883,0.28813842,0.045233205,0.01080259,0.026130604,0.064148486,0.020107916,0.010280657
6042,0.41349876,0.1324022,0.005183584,0.059809946,0.20334688,0.4311664,0.004774955,0.6750612,0.024608126,0.051651437,0.013371104,0.04702714,0.015152673,0.007484505,0.0038572098,0.07180406,0.00076990057,0.114509344,0.11920843,0.002655012,0.0046480144,0.59210664,0.026523076,0.0074704974
6046,0.7723971,0.20483491,0.0064210077,0.009649611,0.16008604,0.7811482,0.0097261835,0.49586266,0.016797401,0.014249272,0.06738014,0.009741917,0.055574723,0.012046059,0.007308038,0.10037803,0.0006523174,0.04872,0.020525042,0.006109607,0.014120523,0.75411755,0.012947197,0.06340881
6047,0.044427656,0.13140635,0.0057171183,0.068623476,0.21865946,0.041031193,0.014675579,0.6523023,0.022536522,0.041184746,0.014519605,0.025971478,0.041165527,0.015218464,0.017555611,0.06918902,0.00061662856,0.29018843,0.022907898,0.0028574795,0.00900408,0.09289091,0.019674828,0.0147055825
6048,0.019982206,0.068737246,0.008789555,0.0797904,0.4482492,0.018173821,0.008450548,0.6569234,0.039205443,0.01461769,0.013604049,0.044272497,0.02781944,0.00904424,0.052719377,0.051974848,0.0006344492,0.63463223,0.025520641,0.0059628715,0.009317757,0.07296263,0.052314766,0.0042760395
6049,0.019070372,0.089883246,0.02141523,0.022752358,0.31335735,0.017344024,0.0073016067,0.80827886,0.017615344,0.048736833,0.014142909,0.050349254,0.016647756,0.0125125395,0.05422713,0.037252706,0.00071680936,0.8808124,0.014819607,0.00459205,0.0045447247,0.05470759,0.03489996,0.0032993052
6052,0.047574583,0.049196903,0.0135844555,0.004217396,0.37805894,0.043088872,0.0016162067,0.40509778,0.06719678,0.07220105,0.008772995,0.015338903,0.29635945,0.023981642,0.028064253,0.15161867,0.00057269505,0.5833131,0.0491305,0.0035207474,0.005384297,0.26849347,0.0032418747,0.004499572
6056,0.43075973,0.58178777,0.027973153,0.035264477,0.123530366,0.047323376,0.023375375,0.48503643,0.07577492,0.046134282,0.009002918,0.0576726,0.14698467,0.005745614,0.022789836,0.048796523,0.0008091558,0.07411709,0.098390006,0.027770435,0.03687111,0.24805242,0.25656492,0.052148398
6059,0.1470523,0.0505907,0.0072550564,0.047274984,0.45751676,0.21305525,0.01111143,0.47414094,0.013323888,0.011960794,0.035536584,0.008858882,0.035732087,0.01345649,0.012249407,0.062110554,0.0006408674,0.44205746,0.079464965,0.007001683,0.014023986,0.19593562,0.015907243,0.009765064
6063,0.044666298,0.038971186,0.027064538,0.022240967,0.55404896,0.08355415,0.0015727407,0.41273773,0.061820656,0.19374172,0.02251664,0.015794773,0.22410038,0.006026883,0.018031375,0.06252909,0.0004495035,0.46926746,0.18188621,0.012147354,0.0023980173,0.15655884,0.01829391,0.0015127714
6068,0.056921415,0.29732156,0.19424695,0.004488346,0.42570278,0.046032384,0.0020085454,0.15756883,0.76980203,0.7178397,0.0067580617,0.003926378,0.5258119,0.0059823487,0.04911933,0.06014636,0.0006449819,0.057176903,0.08623711,0.033212442,0.00083919836,0.15948431,0.005467174,0.0072426656
6078,0.08327678,0.030531762,0.005242406,0.029163903,0.23536737,0.4978597,0.028479092,0.3639714,0.027160991,0.021540998,0.0074179447,0.009712824,0.29706487,0.013178144,0.0040141465,0.14540836,0.0008480557,0.017120829,0.04339155,0.0039758524,0.0012660959,0.77611357,0.0032258097,0.0078249425
6082,0.18442683,0.8682572,0.19260523,0.01982993,0.3584,0.0065552997,0.0061961194,0.33837873,0.67246264,0.88798153,0.0013848,0.10693189,0.021166636,0.010535417,0.037896547,0.031975456,0.00084391795,0.29964533,0.026558915,0.014724539,0.027377898,0.026323851,0.07405504,0.021743009
6089,0.7044025,0.066456005,0.009610887,0.010933413,0.40600386,0.8639434,0.017596046,0.14966263,0.01240096,0.021423621,0.031745303,0.011695109,0.30247438,0.0070456476,0.0059459684,0.31737503,0.0008152988,0.012897068,0.13297686,0.002554888,0.005071561,0.5801802,0.0046984972,0.018457126
6090,0.12520798,0.13195081,0.027486466,0.08305201,0.27255452,0.0780044,0.25175953,0.47121727,0.066079654,0.045195412,0.0042401273,0.017060552,0.0056901653,0.12412008,0.026687853,0.013744698,0.00093219406,0.089617126,0.014235695,0.033808425,0.5466769,0.058166057,0.011036937,0.039614815
6091,0.6061846,0.050042193,0.003604038,0.033839148,0.45988682,0.43766227,0.006218027,0.48724094,0.0071506524,0.016805971,0.022813052,0.018189019,0.013777794,0.016689217,0.014036756,0.042823076,0.00077069225,0.23572674,0.019184588,0.008714255,0.016225796,0.31149086,0.029925538,0.08828973
6093,0.20924197,0.034784462,0.006460554,0.007953375,0.31270987,0.24746926,0.010669847,0.25597772,0.009923274,0.018652491,0.06447081,0.004341116,0.59215343,0.0073586716,0.0068696737,0.12353536,0.0006628244,0.055342387,0.13931529,0.012236664,0.0060011465,0.6047696,0.028594188,0.0060947654
6097,0.017236177,0.084337905,0.14525138,0.019585565,0.45734772,0.019390913,0.011149233,0.30403396,0.1687476,0.082826,0.009463955,0.010534081,0.056326814,0.3304102,0.4648513,0.014411206,0.00067259255,0.4563241,0.022428608,0.11678897,0.01069005,0.059218723,0.0197131,0.00915339
6099,0.053805526,0.43426767,0.30671078,0.011741252,0.44590124,0.030098673,0.006440171,0.12554681,0.58604574,0.86846495,0.0059328717,0.011943304,0.4838252,0.004912876,0.04775969,0.06497701,0.00069780665,0.09069954,0.05215626,0.016567232,0.004581504,0.14190789,0.0030609537,0.005551088
6102,0.010811067,0.03414046,0.014104964,0.031123925,0.8615109,0.06145414,0.0055650724,0.26587746,0.17389384,0.14078775,0.017245913,0.01184838,0.04591472,0.017354997,0.057964105,0.10198425,0.00063972257,0.19940431,0.007492613,0.011538565,0.0029990217,0.08750477,0.0019932096,0.013537127
6115,0.76072586,0.13390596,0.0075384886,0.016935328,0.29547316,0.68730885,0.008988346,0.41943106,0.03846089,0.0077536697,0.027306568,0.013431382,0.01473611,0.018229747,0.013540745,0.031639848,0.0006555757,0.06502028,0.06530018,0.002116215,0.034797702,0.44872156,0.008719929,0.05690112
6116,0.022871008,0.04725562,0.012711543,0.17621492,0.2092191,0.009690563,0.21036448,0.6407979,0.066066444,0.008143163,0.0009395074,0.051066604,0.0073514474,0.04817022,0.0147317285,0.008854525,0.0011989287,0.09947089,0.0037894698,0.020618264,0.65516317,0.017713502,0.01901982,0.06525686
6122,0.0062570185,0.10370315,0.073973045,0.04054953,0.63608575,0.0157094,0.019361584,0.6461388,0.6410856,0.20732862,0.0059881187,0.01461442,0.020562744,0.053250134,0.013605808,0.011526178,0.00070115365,0.18146785,0.01178124,0.021308513,0.018679682,0.03636978,0.008005735,0.0031031675
6132,0.051338844,0.09067588,0.0040948293,0.024987888,0.1691477,0.032327518,0.009314816,0.877148,0.027872588,0.085980125,0.0048950077,0.005643134,0.09754346,0.011200996,0.0029121174,0.045873087,0.0006462279,0.08869623,0.08805848,0.006203035,0.013274998,0.11971161,0.0144419465,0.0019189059
6136,0.00530437,0.008638312,0.0061896336,0.11104693,0.17302178,0.116073325,0.15109448,0.6992378,0.01635587,0.0074677793,0.033407874,0.0960906,0.033989392,0.009034323,0.010754311,0.10451496,0.0008212234,0.1584833,0.021297442,0.007254239,0.0064706714,0.09688063,0.035575565,0.001297358
6139,0.061728917,0.075790115,0.0070720646,0.012497977,0.6760688,0.11780109,0.018728523,0.48913932,0.0635644,0.04173817,0.020663003,0.006042986,0.0071173734,0.018405717,0.021155737,0.05399292,0.0007759654,0.26282114,0.007360152,0.006367817,0.028128913,0.12160983,0.009391521,0.01204038
6140,0.16428971,0.0211491,0.002503362,0.05872258,0.22214045,0.7888504,0.015618087,0.78313977,0.012095291,0.010369874,0.055476647,0.02732936,0.020694416,0.023262827,0.0116849495,0.095499575,0.0005561912,0.046913043,0.014802761,0.0029205934,0.014158503,0.5460406,0.034468018,0.006408177
6142,0.32983497,0.19193482,0.024716182,0.012889337,0.37573928,0.71128255,0.01570202,0.33355904,0.028273918,0.051364955,0.016596368,0.043241158,0.01999204,0.0033980443,0.009388713,0.1448189,0.0009281372,0.06362657,0.05727142,0.015361943,0.0012364567,0.6177036,0.009087236,0.015438513
6144,0.0019849667,0.0060792076,0.0079578385,0.0150401285,0.76784587,0.031998504,0.013319282,0.55470085,0.032787107,0.058484346,0.027175521,0.0063568475,0.085248366,0.17543627,0.22590052,0.02539641,0.0006488455,0.52718854,0.0036829785,0.011117221,0.013696774,0.03555195,0.0025157651,0.009989576
6150,0.016062288,0.029775726,0.052066192,0.022502765,0.6539146,0.03651857,0.028848823,0.39330658,0.08643415,0.1239628,0.0030654536,0.0026937707,0.09359929,0.050873086,0.015131126,0.02447424,0.0007818469,0.13172814,0.07237318,0.027278595,0.0064959466,0.08017284,0.0019537618,0.002414577
6154,0.035443705,0.1464871,0.006009654,0.051813267,0.74944365,0.2728592,0.013098852,0.5445993,0.052280013,0.035670463,0.012134109,0.016075617,0.00449879,0.009798171,0.119575396,0.030049011,0.0008322432,0.37029985,0.005772286,0.0027433124,0.013467699,0.11808384,0.005207542,0.015264719
6155,0.05117093,0.37079224,0.11134378,0.107905,0.073340654,0.02559258,0.038992736,0.86593515,0.101707034,0.108656995,0.005373032,0.3294469,0.006493051,0.016753694,0.07276257,0.011644002,0.0009923124,0.36207068,0.0037402161,0.028703388,0.015119754,0.023256209,0.1853018,0.16142462
6164,0.009850158,0.039986067,0.010035817,0.040138822,0.3999557,0.027584014,0.006845375,0.8251608,0.14300749,0.053460896,0.0098133935,0.011636354,0.13325796,0.01884142,0.012335462,0.0830902,0.00058725994,0.20561092,0.0589849,0.00398823,0.0076671806,0.106112644,0.0048733014,0.0021770326
6166,0.07493593,0.025131673,0.004681367,0.064630136,0.57412493,0.42006293,0.014800168,0.5006077,0.018345922,0.007590585,0.030787166,0.027605616,0.018511904,0.032521043,0.02481234,0.02632164,0.0007153664,0.13891335,0.008160886,0.004230505,0.015162631,0.20323095,0.013224315,0.04343507
6168,0.21379387,0.06181371,0.008402848,0.04603361,0.24571328,0.08684851,0.054534405,0.44154128,0.009069326,0.0133579,0.014914433,0.013663504,0.052885566,0.014596859,0.008524367,0.023493454,0.00087314344,0.13498309,0.26706374,0.003052015,0.014120562,0.17701478,0.010986264,0.031380437
6171,0.14868787,0.11882148,0.053538587,0.023128124,0.29975826,0.02662711,0.029425964,0.21421652,0.032754537,0.5141929,0.004337414,0.039233938,0.75833994,0.017788177,0.038750615,0.06656794,0.00066827645,0.18385686,0.08162661,0.034046564,0.0043453807,0.09603207,0.014811763,0.0051860926
6172,0.03162647,0.013111544,0.0040888134,0.009319838,0.7954078,0.115027025,0.0010147812,0.5829469,0.013192612,0.0058279997,0.026045585,0.0051178597,0.016662601,0.11561547,0.20546532,0.020761399,0.00059726107,0.8679038,0.0073338053,0.008103321,0.0047006384,0.111081846,0.015149648,0.011511599
6183,0.016179606,0.007898753,0.0045549157,0.17324108,0.51030284,0.10452803,0.9014681,0.12695253,0.0026277918,0.001381089,0.0032524883,0.11353113,0.015905967,0.03862652,0.008195743,0.017799828,0.001671066,0.031228147,0.0059354203,0.0109909335,0.0077475714,0.0437465,0.07034408,0.0040103886
6184,0.46498528,0.055773977,0.004199306,0.11386456,0.0684815,0.81102425,0.039781243,0.8449433,0.008062072,0.014582358,0.00921293,0.018293029,0.013207538,0.024292052,0.0051534246,0.023379333,0.0008127906,0.036802888,0.021564757,0.0026953635,0.05630365,0.33812913,0.055216663,0.113980085
6185,0.011558487,0.07444802,0.05629071,0.0987443,0.92353046,0.050734375,0.023197366,0.32768214,0.42401707,0.07141737,0.005803778,0.014871478,0.0068002427,0.07849991,0.29164505,0.015758049,0.0007458783,0.48617697,0.002552109,0.025093202,0.02270311,0.019527245,0.0055845575,0.023740752
6190,0.23925091,0.32029322,0.08178087,0.01044823,0.45250854,0.017208712,0.017612753,0.0682761,0.25381497,0.555778,0.0049767196,0.008460134,0.3397764,0.0016274732,0.008755116,0.038177527,0.0008520534,0.101116076,0.9654267,0.009925124,0.011816165,0.20361845,0.0043391567,0.001013755
6197,0.060623355,0.019781344,0.0063063693,0.012577806,0.63036513,0.05709629,0.03000668,0.36952808,0.023163093,0.030524094,0.0048107207,0.006561961,0.17322461,0.038132057,0.058420192,0.023451587,0.0008096024,0.21375705,0.01987716,0.0043484247,0.011721119,0.05665338,0.0017745779,0.008879455
6198,0.07482116,0.08501909,0.046142746,0.010827357,0.5025985,0.03088186,0.0018206977,0.400395,0.063422814,0.05505922,0.020754207,0.0129583655,0.08569523,0.003626424,0.05262562,0.03277218,0.0005717215,0.40237486,0.018277578,0.086193696,0.013782259,0.11913305,0.010730439,0.022997268
6207,0.08350671,0.066156015,0.005688806,0.0069280663,0.30188715,0.07343645,0.00078462565,0.6276236,0.06728737,0.10619816,0.018203238,0.008962834,0.051429372,0.012338843,0.06904125,0.07845817,0.0005899767,0.7893086,0.004278036,0.00663177,0.023091124,0.21629702,0.015501115,0.07720749
6212,0.20344009,0.025159223,0.0076390645,0.026211439,0.5885452,0.3800994,0.008326025,0.58040917,0.008068335,0.022070486,0.020327434,0.01092361,0.048756897,0.024695164,0.047766432,0.019939478,0.00057271495,0.3194371,0.021574916,0.0035502005,0.031487286,0.2713594,0.007251359,0.025442792
6218,0.14242025,0.020750156,0.0031026113,0.012986194,0.22051288,0.04911052,0.0035777893,0.37486893,0.0017687137,0.099251054,0.021784265,0.015681466,0.45437473,0.00636592,0.017954813,0.16049054,0.0006292798,0.25969067,0.057543598,0.009430489,0.004443268,0.5772855,0.005049068,0.0042712856
6228,0.017611632,0.17903899,0.017947223,0.010218218,0.6927238,0.0699627,0.0022253448,0.3221557,0.3205477,0.3537276,0.034882445,0.028768748,0.10607659,0.004203627,0.062128928,0.33441332,0.00061202265,0.3621504,0.008926237,0.013492663,0.001636875,0.11060622,0.009118263,0.02949837
6229,0.3248792,0.03690521,0.0020468067,0.043316454,0.26899302,0.8294892,0.00990747,0.5709869,0.004957715,0.004467502,0.12167645,0.015134388,0.025751734,0.010454158,0.0036504483,0.39857024,0.0007133968,0.11609823,0.031680506,0.0017028052,0.008840822,0.7482955,0.010157239,0.015174855
6230,0.091873735,0.015565567,0.008364341,0.025807211,0.74585104,0.28121158,0.0010232584,0.61692905,0.013223468,0.022290986,0.018238083,0.0079467865,0.014239705,0.013136309,0.010297997,0.040764168,0.00051208335,0.41924343,0.025058188,0.003853516,0.017473591,0.31350723,0.004961833,0.0021288372
6233,0.5919493,0.22480024,0.0029342654,0.013824991,0.036893338,0.06842902,0.0062607317,0.73872775,0.010673477,0.021608194,0.010687727,0.011232919,0.13359722,0.008687896,0.005390897,0.35642433,0.0006749594,0.19471322,0.13535754,0.0016379951,0.011854148,0.69444263,0.17022774,0.011391705
6235,0.40228888,0.10848557,0.0038528007,0.06844763,0.03732891,0.17331263,0.12198273,0.7205704,0.0031637708,0.0071159485,0.03844269,0.0671638,0.12059689,0.0073856795,0.0024610327,0.1574207,0.0008196751,0.028690703,0.041203946,0.009373345,0.020144986,0.61224973,0.31563982,0.012337541
6236,0.23345947,0.013068693,0.0016611408,0.0039599882,0.3132643,0.35518652,0.0020560962,0.6804404,0.0075561902,0.05971033,0.035443705,0.0023308164,0.1940406,0.03305195,0.020546246,0.092509344,0.00050620514,0.36023417,0.038154546,0.0026681316,0.023760863,0.47994158,0.0029088433,0.003710474
6238,0.073196985,0.33825022,0.08081088,0.019850813,0.5362932,0.17287937,0.009503337,0.20162418,0.4158651,0.16481519,0.041908376,0.016297309,0.043227527,0.009231129,0.1356602,0.038121443,0.0006431288,0.1799236,0.032922428,0.014787978,0.025871783,0.055760745,0.0040321676,0.17670909
6241,0.12836468,0.06852728,0.003370773,0.02477172,0.21441448,0.24503963,0.018645886,0.50418234,0.023539092,0.016543576,0.007038196,0.0056318697,0.108298525,0.025566956,0.011059006,0.33720738,0.0007426303,0.12946777,0.023887163,0.003830076,0.0059592067,0.43226516,0.007211631,0.029803343
6246,0.507122,0.38247815,0.00685764,0.017496897,0.045321096,0.207872,0.009821997,0.2801011,0.022376623,0.06444193,0.028756088,0.03228597,0.22294861,0.012933488,0.01385599,0.13744797,0.0007701673,0.062157534,0.039331924,0.0052924003,0.008978167,0.64007384,0.021625113,0.1096122
6251,0.053391267,0.1090845,0.02376186,0.023496844,0.7148197,0.04955338,0.029206889,0.32848012,0.09706477,0.041509334,0.012747456,0.011636146,0.024715068,0.020982422,0.061327398,0.028481849,0.00075991097,0.2145972,0.011276425,0.014910712,0.18727198,0.06666159,0.012491177,0.050871372
6254,0.58282256,0.15480492,0.05684186,0.011294675,0.33787265,0.07043714,0.026269555,0.077727415,0.1272945,0.30737442,0.0043344805,0.0018387616,0.3933825,0.009310378,0.0036827459,0.07268167,0.00075632764,0.029828848,0.9547742,0.014838381,0.0101885535,0.43054643,0.0018089458,0.00049074815
6256,0.04778448,0.009389179,0.0018927384,0.16196491,0.2016742,0.35339174,0.19639269,0.69802773,0.0026872836,0.0042627966,0.0053182053,0.042172242,0.030495938,0.1644735,0.014962118,0.00726881,0.0010343554,0.05373397,0.0031652823,0.005899055,0.008075598,0.052674294,0.0092811445,0.1852055
6257,0.17582233,0.10417715,0.019968964,0.014188044,0.8590301,0.09695469,0.016682459,0.32900828,0.16080858,0.020310134,0.003859851,0.0048916945,0.0049744966,0.020927643,0.020733042,0.008102187,0.00087176054,0.10508762,0.060126577,0.006493688,0.21869403,0.049797032,0.0033979055,0.021900263
6262,0.028577207,0.22287475,0.25275028,0.014120801,0.7015935,0.06862432,0.0050564515,0.24352236,0.87397665,0.37112668,0.009418594,0.0044499217,0.17278159,0.011139616,0.08134318,0.05207613,0.0006300387,0.07106613,0.05644244,0.044664927,0.010537843,0.06428425,0.00228123,0.011386841
6265,0.23593459,0.08581368,0.007941277,0.054449253,0.12191178,0.073016636,0.093631975,0.21438012,0.012920461,0.01598596,0.005092377,0.009998531,0.096682265,0.059491444,0.015454539,0.14396706,0.00093113456,0.043853424,0.518766,0.0075895,0.010820489,0.50242704,0.0078417715,0.0033478257
6267,0.34317797,0.7394497,0.4200986,0.109162405,0.12508884,0.015017245,0.010056384,0.3671059,0.64442253,0.6508453,0.0015985144,0.116823815,0.054420367,0.02112116,0.039940413,0.018305583,0.0007591774,0.07496298,0.06689419,0.021375695,0.0058712303,0.051864643,0.018085338,0.025155948
6268,0.14601511,0.08968544,0.030065225,0.031398118,0.659222,0.2159343,0.0038015787,0.24209595,0.12402713,0.036391053,0.022108588,0.010023895,0.06588686,0.0073234197,0.22124521,0.036063597,0.00064442743,0.36120895,0.032726895,0.008105035,0.0041039186,0.08144438,0.0045472877,0.056811422
6269,0.13800177,0.18367659,0.14409253,0.0061879563,0.4938247,0.23546414,0.013576459,0.0735653,0.2629506,0.13141085,0.007611432,0.019873533,0.52950776,0.0026528097,0.010731386,0.11341393,0.00086318044,0.017255113,0.030727819,0.029823313,0.0014004583,0.39822304,0.004373148,0.022379952
6272,0.033093028,0.047504853,0.038809523,0.011086935,0.6944401,0.37891078,0.004468248,0.4631337,0.23971845,0.04220872,0.028898641,0.0019157496,0.031891804,0.009675205,0.04645009,0.07479765,0.0006613422,0.1696925,0.00840941,0.024749894,0.019488053,0.16408387,0.0005806449,0.009232223
6274,0.4050531,0.011871073,0.0041953158,0.043595538,0.20957077,0.47604045,0.0035836876,0.37351197,0.0027985813,0.01663229,0.021083837,0.019120574,0.1777162,0.0062436964,0.010800256,0.07579223,0.00067704165,0.11148139,0.03396519,0.009065218,0.0044491864,0.69091207,0.010646341,0.050071638
6276,0.7136124,0.38238502,0.040858608,0.03191557,0.15254234,0.01803249,0.047696933,0.33421242,0.056954686,0.036517456,0.005665052,0.11151967,0.008996126,0.02267107,0.0141214505,0.01384307,0.0009428913,0.12285885,0.78489935,0.012059272,0.016994316,0.13897765,0.07274348,0.0064047403
6278,0.03263717,0.15020022,0.019083587,0.034991488,0.8886352,0.024116458,0.009976838,0.3866204,0.13285677,0.14565383,0.006337108,0.0032354267,0.008684335,0.05197764,0.09747022,0.007869053,0.0006276399,0.59034854,0.011315557,0.0071459655,0.07354364,0.020599933,0.0017866528,0.063286275
6279,0.11893852,0.026869263,0.0036273408,0.010423934,0.43698886,0.26426527,0.0026641402,0.4364785,0.012824564,0.07445789,0.024911981,0.007785537,0.17956662,0.011871885,0.01580815,0.20793894,0.0007277112,0.30465746,0.017586907,0.0022430473,0.0015855138,0.54955333,0.0056564473,0.006471153
6283,0.31477377,0.5667934,0.03614604,0.04711444,0.21735889,0.039081316,0.012367285,0.1402273,0.09279607,0.09061822,0.009640943,0.03490335,0.07861841,0.008596479,0.021067487,0.030798657,0.0007652671,0.15784697,0.16341105,0.01195627,0.010556469,0.07334915,0.050108664,0.07489391
6284,0.04814395,0.016791794,0.026980437,0.12592937,0.8951599,0.08456397,0.22235905,0.35184795,0.02308694,0.027457718,0.00541839,0.02055009,0.0030856528,0.100747004,0.0842469,0.0037076827,0.0010455437,0.2814918,0.003566604,0.031296063,0.066671394,0.014551557,0.008180343,0.010162298
6285,0.176467,0.7596001,0.08614183,0.048411977,0.10286353,0.0070301727,0.103145935,0.1750023,0.21789798,0.21691212,0.003959435,0.041113786,0.2527087,0.017012272,0.014935155,0.14500561,0.00097454974,0.049548116,0.37094986,0.006274013,0.029961793,0.14792566,0.014287628,0.046890166
6287,0.101467356,0.074146576,0.021593526,0.015659591,0.6388645,0.06568743,0.005508561,0.3547795,0.06943195,0.2068032,0.034528356,0.012137423,0.03854349,0.0036613944,0.011939676,0.051001716,0.00068656524,0.4210299,0.069720246,0.0044769896,0.011565234,0.12871487,0.010410795,0.0013355229
6288,0.028244052,0.037115067,0.013102267,0.014814053,0.54033995,0.17434098,0.0026687332,0.81145227,0.090603076,0.034313463,0.017194847,0.005858036,0.01657879,0.01130373,0.02341084,0.026233122,0.0006689289,0.30638796,0.018265018,0.0053797713,0.010822429,0.11711667,0.0063019847,0.017478224
6293,0.18058689,0.047470257,0.027356176,0.11533746,0.030290477,0.014992739,0.45897657,0.48489645,0.011529638,0.020888975,0.0030949912,0.25231677,0.031478353,0.019692544,0.010265012,0.01589578,0.0012263195,0.05395165,0.23548377,0.062194638,0.013733024,0.11779578,0.40208185,0.008322544
6294,0.017311001,0.09017733,0.0216249,0.025222298,0.076162346,0.005239147,0.110880956,0.37708163,0.081779085,0.3725566,0.001713111,0.04355178,0.8585835,0.029325327,0.004794969,0.050814223,0.0008648616,0.0073091513,0.025252353,0.009002115,0.0050776494,0.20034456,0.02500503,0.018756352
6295,0.37817255,0.13014694,0.0059330235,0.033576522,0.14752638,0.33993968,0.0020495455,0.74630857,0.0109996805,0.03648576,0.053746607,0.027632803,0.07967735,0.0027359244,0.013942566,0.043609407,0.0005128625,0.110551305,0.024314217,0.0066664326,0.010939613,0.3957661,0.065943524,0.27143845
6299,0.018811492,0.016188618,0.012431153,0.011246856,0.85147256,0.07593396,0.020208815,0.3422923,0.03588897,0.017020624,0.004223965,0.0039246427,0.06874457,0.032635156,0.040154863,0.00927319,0.00068121497,0.24112473,0.0222773,0.0050305757,0.0038371233,0.03444144,0.004801233,0.0059338026
6303,0.010498593,0.108284086,0.01740852,0.08222216,0.38524726,0.014446692,0.01106884,0.834087,0.115274675,0.12920141,0.0032209975,0.02579458,0.050061148,0.018779615,0.014973471,0.015423269,0.0005949101,0.342864,0.017560408,0.0046220706,0.0071328813,0.05003317,0.012360572,0.0046946565
6304,0.09029783,0.056822166,0.00987523,0.01476636,0.43796343,0.28321522,0.002699978,0.6177268,0.019766625,0.009136634,0.02283441,0.025023468,0.027194109,0.004634946,0.015533189,0.109044336,0.00068381446,0.28593028,0.010072252,0.010317294,0.0031247193,0.24170257,0.02001482,0.050003335
6305,0.80518824,0.48176777,0.19266753,0.0066063306,0.107328944,0.010280055,0.04024869,0.07928485,0.20799492,0.107781775,0.002623902,0.021403447,0.13384295,0.0062100464,0.0040363655,0.059768416,0.0011974814,0.014804744,0.965194,0.05301042,0.0039858785,0.33277884,0.06974368,0.0052105617
6313,0.020000735,0.012732516,0.0064255237,0.012650129,0.17904541,0.022788545,0.03362315,0.21692742,0.010567357,0.33870342,0.0009643188,0.014243895,0.94130045,0.03908705,0.005522918,0.14287066,0.0008798174,0.010173345,0.017380321,0.0081950305,0.0021052572,0.26734447,0.0060502887,0.002418743
6316,0.022941137,0.029065998,0.005814185,0.042006053,0.7301337,0.034756806,0.0047433106,0.7748637,0.023931954,0.013674176,0.009756732,0.049779978,0.0014472868,0.011805608,0.033136424,0.011277574,0.0006141151,0.89897335,0.0047317743,0.010426915,0.022848917,0.03354852,0.061589397,0.015134487
6317,0.01720997,0.012253077,0.0043093325,0.07899609,0.2024037,0.28612712,0.03226098,0.8622688,0.009571385,0.0177358,0.020027997,0.0320092,0.034806736,0.02053814,0.0133528365,0.05959314,0.0007193729,0.2069055,0.002788568,0.012730323,0.011063069,0.11402481,0.045271948,0.020614542
6318,0.037238676,0.41944844,0.10269729,0.120260604,0.53385776,0.029969826,0.040071167,0.30694965,0.122579366,0.15525497,0.0026314235,0.047952704,0.033518948,0.033368293,0.08510942,0.06020541,0.0008842174,0.24776265,0.10930048,0.019079998,0.005089196,0.04419846,0.003968165,0.009781165
6320,0.11812019,0.1358546,0.013052541,0.046177913,0.10110899,0.023635933,0.021839594,0.52648324,0.049903005,0.008673837,0.024242288,0.035974555,0.04783935,0.0055177873,0.008851972,0.023625646,0.000695247,0.06664228,0.050543565,0.023073625,0.09851384,0.23412569,0.14888257,0.15641306
6327,0.030817267,0.052704547,0.0065458603,0.023538714,0.06754776,0.01294292,0.023304272,0.54503596,0.027301544,0.67958945,0.002245391,0.0066649746,0.90724367,0.019155601,0.014326084,0.2330056,0.00071121275,0.10563755,0.030805511,0.005395719,0.002137426,0.2137029,0.0021439092,0.0020520536
6331,0.3860527,0.024269,0.0031822356,0.019111881,0.2525119,0.939174,0.0036230658,0.43214053,0.010740932,0.011041179,0.15612964,0.025095366,0.07572267,0.002681456,0.0048934678,0.15575959,0.0006870047,0.057609975,0.052361358,0.004545382,0.002031626,0.7093039,0.022460807,0.029179264
6337,0.038609285,0.036292884,0.014335535,0.034223586,0.48501253,0.18669422,0.01944757,0.6669016,0.022391627,0.032871988,0.027308226,0.018117912,0.11025457,0.0107326405,0.04760188,0.03813087,0.0006090115,0.1656066,0.011171018,0.012381131,0.006486425,0.09158311,0.030010697,0.19094037
6342,0.7460855,0.6587676,0.036564924,0.007800263,0.17327383,0.11073431,0.0041569266,0.4357104,0.077639215,0.0982143,0.0046161977,0.014757095,0.06709682,0.019248854,0.017641041,0.043499224,0.0006584228,0.2230897,0.37211558,0.0036414375,0.017865622,0.21078095,0.16674283,0.058692697
6344,0.74224544,0.4512534,0.012473414,0.010967208,0.22606611,0.27019262,0.005312321,0.651995,0.036989946,0.033009607,0.013375986,0.016903134,0.019038245,0.01329352,0.008399619,0.043956917,0.00071906956,0.10387906,0.089653485,0.003330296,0.012213643,0.3621695,0.06360636,0.114736155
6352,0.015049497,0.009352386,0.0030522414,0.011522793,0.59807295,0.14669704,0.0067904694,0.8204973,0.0036466417,0.00821946,0.030785007,0.008365686,0.011128587,0.0043602455,0.006807896,0.16626848,0.00073497125,0.47899202,0.0075039514,0.005720583,0.00077734597,0.26081276,0.011828165,0.0015055062
6353,0.024317821,0.010896827,0.003263262,0.012001842,0.3034516,0.1280227,0.042086825,0.8357942,0.0018188054,0.009915388,0.014327991,0.004634962,0.024562277,0.05367092,0.00626624,0.13873447,0.0006736276,0.49094152,0.021008484,0.0052638925,0.007645364,0.2983103,0.004223125,0.0008028448
6354,0.48620772,0.095970415,0.019954756,0.011409342,0.3862066,0.07566534,0.018605888,0.3475665,0.08972444,0.03679668,0.006593959,0.0068375347,0.02698477,0.03126631,0.010467871,0.010144881,0.00072455365,0.17715451,0.1145874,0.009150921,0.8047483,0.18819903,0.0049636206,0.0017520164
6356,0.13871019,0.041765664,0.0036193738,0.10594966,0.022105021,0.045364667,0.12134487,0.8542361,0.004406694,0.002593545,0.002896569,0.16759798,0.0041437815,0.010107281,0.0029710466,0.041784685,0.0011224411,0.25376716,0.05792584,0.0042929766,0.00420823,0.13955395,0.83799297,0.009610923
6359,0.11802594,0.18267111,0.012792783,0.004136643,0.21789257,0.09827099,0.00055311964,0.6188698,0.03735519,0.13994782,0.04805548,0.002653158,0.27658337,0.004522372,0.009901887,0.34259027,0.0004886334,0.37843722,0.078729525,0.003607855,0.0063455873,0.55016625,0.009337475,0.0049107927
6361,0.6540361,0.5288874,0.00579384,0.020707002,0.07680041,0.03290527,0.006840411,0.6253532,0.016964877,0.012515827,0.0075684288,0.25294688,0.03242012,0.005468147,0.011861361,0.037869662,0.0008815797,0.11962854,0.07446351,0.006567229,0.014137864,0.39652765,0.8927826,0.012096305
6362,0.04122215,0.008077362,0.0017925731,0.034680326,0.1843574,0.35915917,0.007388949,0.7778574,0.025366325,0.022085022,0.038402796,0.003938865,0.13394745,0.031500988,0.005785532,0.07645966,0.0005554723,0.30266988,0.010429189,0.0030506211,0.015362197,0.3065029,0.004649581,0.008574453
6368,0.13018724,0.052681692,0.01649943,0.013437291,0.3172433,0.109999456,0.009121077,0.6916835,0.022190606,0.05328945,0.042763352,0.05838924,0.0773479,0.007973687,0.013640524,0.012155664,0.00056316063,0.06888034,0.033114616,0.0113667445,0.01484041,0.13694124,0.19374238,0.004490746
6370,0.03073862,0.035882823,0.0047788494,0.03775883,0.41051194,0.08936702,0.015717128,0.56305826,0.008381444,0.04316325,0.030017283,0.008541261,0.04422934,0.032686293,0.029663516,0.22455323,0.00077458494,0.5385759,0.0111292945,0.0038461064,0.00797446,0.390902,0.004118029,0.004618321
6371,0.09268862,0.50209343,0.086673014,0.13486159,0.13768066,0.014810969,0.04623452,0.123599164,0.39104354,0.2145925,0.0039738133,0.03171828,0.16659024,0.011728125,0.057139177,0.044943605,0.00085483864,0.0965176,0.42561,0.013180884,0.016583774,0.05704765,0.0060382225,0.032966666
6374,0.17478102,0.2032111,0.035610005,0.03609501,0.6105509,0.09782017,0.008776529,0.49668732,0.06705748,0.026522396,0.008181264,0.03854256,0.0036753085,0.022025371,0.09366315,0.019364798,0.0008375344,0.37150607,0.020834688,0.005814444,0.01539583,0.07641599,0.04800793,0.026498204
6376,0.027421242,0.08166431,0.007451525,0.0133655695,0.3395716,0.018121868,0.006750381,0.8851968,0.031185232,0.04652118,0.013030176,0.076632835,0.0035381417,0.014907252,0.062685154,0.009556664,0.0006758251,0.7718319,0.013631038,0.003400571,0.0068113077,0.030976819,0.073476285,0.029095298
6381,0.060510114,0.25125986,0.05329831,0.006432231,0.044399995,0.011916745,0.07534761,0.14304125,0.03505932,0.38510424,0.0018533857,0.011010055,0.9861907,0.010185279,0.0068100593,0.4440571,0.0009851087,0.013908701,0.60357064,0.025963875,0.00040315455,0.52454513,0.008213759,0.008416602
6396,0.076471336,0.02061695,0.00779147,0.020458173,0.32192838,0.22552007,0.003673919,0.62473774,0.012917445,0.035374314,0.018274447,0.012390984,0.05762077,0.012197299,0.011793281,0.081375845,0.0005859285,0.21392113,0.009989481,0.0074105333,0.021966517,0.39885992,0.011051123,0.011610214
6397,0.029372245,0.02662506,0.0041730115,0.018213915,0.54026186,0.055912983,0.012168737,0.678787,0.023742598,0.025817033,0.012518757,0.0024923591,0.022123467,0.017961398,0.0076647685,0.11900513,0.00070197304,0.16194677,0.020412195,0.0030827557,0.062397774,0.13539597,0.005051179,0.02024762
6401,0.041074067,0.00526626,0.011847688,0.02257644,0.55004,0.045450684,0.04906289,0.52497834,0.011112959,0.00853942,0.007834029,0.008397693,0.01612606,0.49875522,0.12351123,0.009632729,0.0007554053,0.56490433,0.019272918,0.009770054,0.030320661,0.06359432,0.010720492,0.0036389278
6402,0.07443739,0.020612026,0.0026161328,0.029889666,0.36947787,0.28267455,0.0031161325,0.7529513,0.006854338,0.04861282,0.058419432,0.0061283987,0.029927561,0.01500824,0.013371909,0.06825502,0.0005427946,0.4202248,0.022250647,0.0019121469,0.018539766,0.36022696,0.00678325,0.036895026
6404,0.030789107,0.0503787,0.0029861846,0.14301184,0.105376974,0.119992755,0.16280918,0.39471412,0.008445255,0.030534841,0.02053197,0.016801504,0.24521165,0.012816308,0.010922353,0.16090791,0.00080755714,0.045653395,0.026392613,0.01627198,0.006174452,0.25897858,0.0028814867,0.0019848675
6406,0.0038815662,0.04400611,0.018868236,0.018846236,0.8458732,0.04002132,0.0014329636,0.46549338,0.37547418,0.15689774,0.010757091,0.02288824,0.1301191,0.007490681,0.07152716,0.07108055,0.0006335667,0.5914296,0.007060224,0.0067433193,0.0039476976,0.0334297,0.0031078958,0.0036500844
6410,0.77322114,0.08355855,0.0050126477,0.0166949,0.29443303,0.78170574,0.002616287,0.410159,0.009819641,0.034616012,0.02971766,0.0103412615,0.1024586,0.0061858217,0.0054326393,0.148171,0.000652587,0.07052646,0.09018627,0.0033563678,0.002344323,0.82328105,0.030833753,0.030047566
6411,0.1482856,0.0965264,0.03255698,0.019294566,0.33343115,0.032558564,0.02532495,0.28887036,0.15862621,0.064103924,0.008712356,0.009764197,0.05337991,0.030578367,0.008953884,0.040608007,0.000746212,0.08362022,0.42430103,0.04479444,0.028242316,0.18477006,0.00697109,0.0040165563
6413,0.037238214,0.11274345,0.004541772,0.0064927954,0.44589868,0.016660329,0.0035907044,0.6737315,0.07284398,0.04848524,0.0049507758,0.0018538322,0.12988557,0.011921182,0.03013272,0.059416678,0.0006486656,0.30339456,0.021958593,0.0015374267,0.008300205,0.11960382,0.010671182,0.028526412
6416,0.34348458,0.63902336,0.04459912,0.0971501,0.20506583,0.07477834,0.007123479,0.5020329,0.0820568,0.29180995,0.009621177,0.22001678,0.042178407,0.010891601,0.037115835,0.019778252,0.0006835926,0.15580039,0.018363457,0.006687727,0.011287009,0.12164383,0.05609828,0.13436963
6417,0.16409987,0.040222634,0.00458016,0.12841399,0.07834101,0.020184273,0.052226752,0.89039016,0.0053101317,0.048218377,0.0074590156,0.21427068,0.013150745,0.03419934,0.009927604,0.023986911,0.0009902102,0.19067723,0.012466244,0.0021062063,0.013143061,0.106908105,0.62035674,0.051156938
6420,0.148111,0.005144109,0.00039349232,0.0103463875,0.21112454,0.6219478,0.020283388,0.50379384,0.00065344956,0.003568869,0.0695125,0.007510923,0.18513238,0.008689464,0.0017588288,0.359087,0.00073120993,0.16910039,0.032139495,0.0024432798,0.0029172392,0.6755577,0.006536703,0.0043406035
6430,0.024179572,0.27363786,0.30356917,0.04211142,0.2908732,0.006302202,0.09197458,0.51198137,0.38592958,0.3583846,0.0012156744,0.023072476,0.10836365,0.052819293,0.068747535,0.015102147,0.00094055396,0.1601023,0.032511093,0.04405424,0.018237703,0.02288347,0.038165808,0.14498597
6439,0.83440024,0.58652085,0.0098164985,0.02696076,0.07234694,0.08152072,0.06407713,0.33786914,0.03597363,0.024354838,0.0053868103,0.096520364,0.038492203,0.01186377,0.009712755,0.038934946,0.0010008143,0.027498942,0.014978776,0.011873803,0.030460425,0.4427736,0.52822703,0.16454262
6441,0.037571687,0.05224672,0.002467585,0.013380613,0.11627042,0.02906573,0.013222635,0.72798127,0.015537667,0.061137836,0.009374023,0.023277378,0.29137406,0.02165604,0.014840813,0.08835324,0.0007096768,0.12515484,0.02081338,0.0019523741,0.007639491,0.25972196,0.025349654,0.0029534302
6445,0.0348023,0.035719942,0.007542667,0.030712036,0.41613966,0.22066279,0.0042225113,0.9191536,0.01629717,0.009944186,0.026324939,0.008478426,0.029391643,0.046855394,0.02387409,0.03883373,0.0004541934,0.59860635,0.011499213,0.0026576677,0.019517578,0.12374631,0.0072066174,0.041997563
6446,0.024889618,0.014066907,0.017393064,0.0165262,0.44369522,0.10234207,0.050719585,0.766608,0.040729985,0.03158255,0.013781735,0.009960973,0.053498253,0.021913191,0.008212679,0.06079899,0.0007419003,0.124705106,0.04636275,0.008808107,0.0034631882,0.17777666,0.014126205,0.0020581891
6450,0.006540058,0.028647693,0.007906925,0.016335392,0.4833381,0.045190454,0.0019569956,0.68403965,0.11436823,0.06196758,0.016165305,0.010767021,0.0336226,0.0058813696,0.01397897,0.06835887,0.000560652,0.37658474,0.007653298,0.007038383,0.007963001,0.07782984,0.004369921,0.01984285
6456,0.049362086,0.061563767,0.010767727,0.019042794,0.40126106,0.39052513,0.00045846822,0.61908,0.030180773,0.07070422,0.07159291,0.009150921,0.06578606,0.011359684,0.052270245,0.30901942,0.00044784494,0.66555315,0.0064939093,0.006617715,0.0024577712,0.428977,0.004952493,0.03268544
6457,0.4747041,0.3365592,0.020350901,0.043210305,0.49090782,0.22115931,0.0075088893,0.5226967,0.0598711,0.036640335,0.026131071,0.021344565,0.006686948,0.015813248,0.021655241,0.035533946,0.00073887163,0.1168678,0.07486003,0.01322892,0.005921467,0.1657928,0.13650921,0.022217693
6465,0.15258995,0.27408797,0.008991512,0.10309586,0.16646284,0.043047957,0.058148578,0.6603072,0.019214371,0.008744859,0.005869377,0.073698744,0.013375357,0.0059496616,0.006940281,0.055655643,0.0010248618,0.15860012,0.2298875,0.008783537,0.0053943186,0.28389162,0.44227487,0.008280939
6467,0.010203385,0.07629795,0.020382794,0.009526246,0.42421898,0.022475537,0.0009152474,0.8008372,0.15073365,0.11630651,0.00383705,0.01292349,0.03631401,0.0055886027,0.01922898,0.008830407,0.00057568867,0.8368954,0.015864683,0.005713874,0.0058516916,0.056878787,0.01670641,0.0045001437
6468,0.050379843,0.005299723,0.0023059172,0.009710375,0.3218652,0.28874028,0.0011323214,0.79690963,0.0020968753,0.0057309424,0.052021854,0.009207377,0.07503315,0.0074738576,0.013346065,0.01737871,0.00056105584,0.5771162,0.007898524,0.007427571,0.0027184284,0.25771317,0.009942378,0.006681483
6469,0.13384537,0.026798753,0.0013453338,0.006130316,0.20576735,0.5038341,0.0030303767,0.6604471,0.0024333007,0.020341754,0.1456462,0.008586281,0.17212635,0.006263753,0.0058712717,0.46967143,0.0006142354,0.30903196,0.010161578,0.0007925837,0.0023338434,0.73353493,0.0072389496,0.0032395704
6471,0.13011697,0.021376831,0.0017059344,0.060266078,0.11289,0.40833646,0.015756406,0.45676535,0.0026023039,0.015967632,0.08344389,0.07974586,0.08160775,0.0034938413,0.0029308703,0.711633,0.00086778257,0.06779122,0.044680018,0.0026039083,0.0025950489,0.8270303,0.01618508,0.013261584
6477,0.040382344,0.0062625445,0.008653573,0.27777827,0.1659386,0.095946394,0.6499393,0.8679585,0.0051626344,0.004862094,0.001341296,0.10579939,0.0014887176,0.07446318,0.01733299,0.0028553498,0.0013711975,0.07249329,0.011347631,0.026525285,0.023490008,0.021591078,0.028018668,0.045610536
6484,0.005882312,0.02770504,0.0057076933,0.06121284,0.40469584,0.07456219,0.07792539,0.92426777,0.063516036,0.009367106,0.0032265042,0.016316088,0.004648266,0.01255123,0.01518494,0.0070617553,0.0007815329,0.22128971,0.0017896157,0.0039350353,0.021609232,0.0133379875,0.011033152,0.044129428
6488,0.030759566,0.032426357,0.012730905,0.014685884,0.72419345,0.041005768,0.11935908,0.24531786,0.07117861,0.03066983,0.0018170538,0.022970777,0.05884968,0.035341583,0.007851037,0.15436766,0.0011237175,0.011304104,0.025094904,0.009998843,0.0028043557,0.21394345,0.008504887,0.005376277
6490,0.11970596,0.13714652,0.04486629,0.027607996,0.6887977,0.41254348,0.007996342,0.31162184,0.21581015,0.09400071,0.012744096,0.00999805,0.04326441,0.012195529,0.019094402,0.042579908,0.0007291245,0.027830176,0.04598547,0.009380278,0.0036502262,0.38596806,0.0077322046,0.005368732
6493,0.19918446,0.4087914,0.012208478,0.058841288,0.046367463,0.032032967,0.08978133,0.6803831,0.032018747,0.013621899,0.0025072144,0.14198804,0.04821459,0.009718471,0.010930412,0.019928314,0.0009723605,0.030700289,0.09782571,0.005235689,0.009350845,0.12652381,0.37741083,0.021920469
6506,0.032143485,0.03299493,0.008630732,0.34353632,0.3105946,0.020011025,0.16410899,0.58197016,0.02013519,0.0763386,0.0020949745,0.030128218,0.035337925,0.40977472,0.043714557,0.0623385,0.0008591969,0.11652196,0.012129085,0.0067723966,0.030244702,0.062013026,0.01873617,0.050695702
6509,0.035800647,0.008066813,0.021694848,0.19796486,0.47998622,0.045675296,0.48831505,0.4699059,0.0050803935,0.017611276,0.0020441008,0.013681819,0.016533611,0.62953436,0.07309125,0.016173096,0.0010640875,0.13860856,0.011614428,0.026884846,0.025102068,0.025396511,0.0071441927,0.008385836
6511,0.17062268,0.0053379214,0.0012086314,0.011013742,0.17199422,0.8533811,0.0048194304,0.53737456,0.0019065675,0.0037812898,0.126924,0.004891474,0.20190181,0.0026003395,0.0016141322,0.4797092,0.00063296163,0.052878845,0.022839423,0.0038671936,0.005723768,0.8711814,0.00789728,0.014068389
6514,0.02192778,0.05596366,0.012254388,0.0910088,0.07426677,0.024850538,0.40982646,0.7574816,0.034978215,0.02267647,0.0026300538,0.045461588,0.02221758,0.041800097,0.031851362,0.03257871,0.0011871707,0.070178136,0.008232251,0.01869222,0.0073243626,0.062227555,0.024263896,0.0069282367
6516,0.012377062,0.005720263,0.0014285368,0.020021584,0.43700892,0.056746837,0.008834829,0.86073464,0.003343301,0.029189708,0.027892092,0.0037611017,0.072599776,0.020744683,0.008078524,0.1478817,0.00062122644,0.34644076,0.005305492,0.002243549,0.010133353,0.22734578,0.004349641,0.0016589281
6519,0.028754741,0.009966881,0.0024698148,0.008371597,0.37393993,0.14220555,0.0014616207,0.76145047,0.0058276597,0.04664082,0.036101136,0.0012696849,0.21638559,0.013915963,0.014628079,0.19437647,0.0004370808,0.70401603,0.030905204,0.0016087866,0.011615797,0.2651957,0.0018117144,0.00211454
6525,0.19413492,0.084107734,0.014743326,0.014806198,0.29291928,0.07456904,0.059218388,0.12008357,0.08669064,0.091547914,0.0039689,0.019105911,0.42755485,0.034278583,0.0049355235,0.08985115,0.00080821296,0.02333328,0.22933176,0.009188961,0.006412699,0.27266437,0.004492522,0.03204703
6527,0.1534667,0.12578605,0.0057838233,0.06647319,0.25717613,0.008318213,0.05710967,0.48961163,0.0134685915,0.011747518,0.0031736663,0.27656886,0.008641718,0.007813552,0.0025504709,0.034440894,0.0011656387,0.14772792,0.13134536,0.0074634864,0.020133652,0.13634732,0.057858482,0.035910316
6528,0.02930108,0.080053784,0.054751627,0.012495153,0.7523317,0.12927641,0.0035225698,0.10607876,0.31831977,0.32504955,0.016073957,0.0025307273,0.65373605,0.013693051,0.062897354,0.08856096,0.00058586424,0.06807629,0.028598353,0.021738155,0.0014996964,0.28351215,0.0014447558,0.003349137
6530,0.27003902,0.021938317,0.0026744313,0.04379483,0.31871903,0.69743645,0.0055437675,0.7212346,0.003764752,0.015890397,0.06865099,0.009019342,0.03264248,0.02848157,0.006933521,0.29082704,0.0006229782,0.1581379,0.09386403,0.002154772,0.004103702,0.42393127,0.0041811042,0.008128837
6538,0.023814067,0.21691747,0.027488995,0.03410751,0.45504797,0.062276755,0.0048595225,0.5909251,0.13000426,0.030864341,0.015925406,0.029237878,0.018531641,0.029609248,0.1161313,0.042793706,0.0005912486,0.79457784,0.0091112135,0.025883086,0.017820891,0.088472046,0.012848425,0.0034615824
6540,0.040843755,0.14605914,0.044630054,0.15166527,0.418146,0.023028893,0.025984498,0.7261681,0.32041195,0.16352746,0.0018599578,0.010419213,0.025005495,0.03988664,0.012622602,0.016233373,0.00066388777,0.13808928,0.08833117,0.019757435,0.039483026,0.04229051,0.0094649475,0.0061660754
6541,0.02975337,0.07640842,0.028401485,0.008462671,0.48552778,0.048773047,0.0013515494,0.6733121,0.0705279,0.14327206,0.010162796,0.0070123067,0.12407642,0.012993904,0.046456974,0.062327668,0.00052132935,0.5495958,0.010991451,0.01273284,0.003693197,0.14507209,0.037416793,0.0049986974
6542,0.021276768,0.0053523513,0.0021551403,0.0039473637,0.86057544,0.09444136,0.006333212,0.6045713,0.006688256,0.012932507,0.02405829,0.0012037038,0.026286148,0.0068121688,0.013788093,0.17787631,0.0006151892,0.5189045,0.012914757,0.0034297945,0.0049106036,0.2597593,0.0049297544,0.0022943672
6544,0.20710677,0.0046426742,0.0015034311,0.13047814,0.19913222,0.97184867,0.019036692,0.7179439,0.0031310548,0.0026823133,0.07717417,0.023427902,0.02176712,0.004935371,0.00414193,0.119370386,0.00071390753,0.04345334,0.009000443,0.0074735004,0.00529783,0.6987344,0.011982046,0.031467628
6546,0.016444968,0.07338805,0.011386094,0.06261164,0.34146324,0.11191878,0.010138798,0.7099054,0.057444025,0.07997354,0.019192152,0.041604497,0.0045212107,0.006623297,0.0146,0.036359068,0.00067605544,0.34677264,0.004893498,0.01169139,0.011026896,0.06272041,0.006863651,0.0178524
6548,0.15901434,0.30796126,0.08475691,0.12815124,0.2784156,0.18675677,0.025608065,0.3459023,0.17153475,0.21425767,0.009105902,0.17081144,0.029268969,0.0139910495,0.04306506,0.025722383,0.00083893735,0.0886759,0.008541237,0.024763359,0.007901664,0.13457678,0.014413205,0.07425905
6549,0.10849374,0.016304955,0.0013484636,0.016494742,0.015452631,0.38190758,0.021449363,0.60854053,0.003619876,0.039312005,0.0774267,0.010059071,0.42392516,0.010504786,0.004116156,0.83896154,0.00075148785,0.09933884,0.10168275,0.0023480265,0.0006038558,0.9110578,0.005994025,0.004457711
6552,0.42664027,0.63264596,0.016298195,0.016702637,0.044046793,0.070422426,0.007413344,0.5567075,0.099259645,0.13002951,0.0044913385,0.022766868,0.09513764,0.012328992,0.0043808534,0.12421839,0.00057646417,0.07171084,0.30759725,0.0018771528,0.0279777,0.46547583,0.028598368,0.023765957
6555,0.03302484,0.005139255,0.0019347031,0.18018493,0.07240761,0.70048535,0.086528435,0.6020081,0.0018881058,0.005911809,0.11592403,0.07579118,0.2531688,0.0118829645,0.03533574,0.14236562,0.00084045995,0.056282576,0.007902011,0.0073132045,0.0013505407,0.63785213,0.033130147,0.015833037
6563,0.4909809,0.26095042,0.064621314,0.041107286,0.3017819,0.2670971,0.015008389,0.2856601,0.07159516,0.08484545,0.013800821,0.022809893,0.033122823,0.04437653,0.087626226,0.21064982,0.0007922137,0.16429107,0.04412251,0.015914671,0.0064827665,0.30990404,0.021288821,0.0052937763
6564,0.043349165,0.016531626,0.0029741188,0.023794943,0.526166,0.14439993,0.0022403118,0.73324835,0.034733713,0.027420735,0.004491104,0.0034321214,0.1574928,0.008546545,0.0052671595,0.015136172,0.0005218337,0.09442085,0.00473569,0.0033913946,0.007223505,0.22444662,0.002979514,0.0054495744
6565,0.023499422,0.09416808,0.03324806,0.04431856,0.30314755,0.01620066,0.0099198315,0.34206003,0.10788183,0.4745165,0.006415492,0.016632892,0.5309731,0.043296337,0.055241067,0.03827559,0.0005826198,0.18288636,0.014056475,0.011224173,0.0049575246,0.061737347,0.006346712,0.018104145
6566,0.06894707,0.18295482,0.14577188,0.15739618,0.6011544,0.029311484,0.23956771,0.2025661,0.18465814,0.039780688,0.0026227804,0.036976974,0.008063982,0.115877174,0.023915702,0.054329176,0.0010456229,0.03817652,0.08307182,0.025275346,0.3291818,0.07908646,0.014433907,0.011565495
6570,0.38861704,0.4002629,0.056230612,0.015146888,0.0655024,0.09909527,0.0050143413,0.388647,0.06152328,0.5479681,0.017771007,0.053664356,0.5724013,0.0073151845,0.011126655,0.059209403,0.0005999763,0.046387117,0.056037795,0.016651027,0.003845051,0.29138535,0.031428296,0.012252795
6573,0.14421162,0.42849565,0.24708189,0.013341721,0.6908274,0.00967881,0.0025487659,0.1445811,0.6788341,0.46647874,0.010004839,0.008657002,0.08313026,0.02171982,0.082911044,0.077597156,0.0006192998,0.32765806,0.2668209,0.032453157,0.022388712,0.058103442,0.0043970603,0.0023717722
6574,0.009430444,0.019190842,0.006607444,0.036722526,0.3526349,0.08593033,0.00414933,0.92139524,0.017147264,0.015678963,0.01947627,0.00708902,0.003308917,0.025276054,0.04844773,0.021776894,0.0005656123,0.9374615,0.0052330075,0.004240947,0.0064134765,0.040289536,0.0059127226,0.004123567
6579,0.68680626,0.42546546,0.036003575,0.038340043,0.048302915,0.029713662,0.02289041,0.52350205,0.09345652,0.035803553,0.001641486,0.05511306,0.09341676,0.015010779,0.006392351,0.017599467,0.0009509424,0.011664016,0.17221677,0.018597027,0.052062754,0.31599954,0.30123663,0.056976195
6581,0.013523928,0.007886148,0.022682445,0.036572836,0.47431403,0.029353436,0.015402234,0.7496301,0.044782534,0.049981147,0.008711216,0.0067032753,0.0077152844,0.2752916,0.092166595,0.029898295,0.00070773234,0.7030169,0.007059857,0.018414205,0.007519266,0.044088632,0.005733426,0.002979984
6583,0.5039534,0.07644659,0.012018267,0.010188885,0.46619856,0.19164664,0.015470916,0.24369104,0.014550353,0.01595198,0.004397333,0.008287173,0.09274129,0.21792102,0.06268652,0.022274137,0.0008387523,0.28725994,0.02235773,0.0136555,0.022078738,0.24520706,0.002488251,0.026763171
6585,0.014548577,0.013585817,0.0043568,0.059296817,0.5173737,0.016757747,0.0023164605,0.68710583,0.006872182,0.01130421,0.021497948,0.036686577,0.008877869,0.017000396,0.04875461,0.026574975,0.00059657724,0.84585494,0.007352801,0.010323202,0.003245061,0.037960824,0.22057956,0.027811032
6588,0.472556,0.071525544,0.0029865182,0.0063548842,0.3490729,0.22031726,0.004234928,0.24563825,0.034685705,0.032190282,0.01775584,0.00931593,0.12045434,0.003306391,0.009614005,0.13108557,0.00076532876,0.07310501,0.2321393,0.0031933647,0.0040357118,0.46984547,0.020066848,0.012796709
6591,0.023156026,0.007938888,0.0018880437,0.0034779564,0.43984473,0.10805717,0.0012353301,0.5303691,0.010533573,0.03712195,0.05521487,0.0039499854,0.25088277,0.009614873,0.021881334,0.21511781,0.0005008426,0.25693798,0.037699617,0.005718828,0.0016670537,0.24858208,0.007271416,0.0020592639
6599,0.37074548,0.27854168,0.020670926,0.03287551,0.19866599,0.06216899,0.005260982,0.65375143,0.036896016,0.021619089,0.016949996,0.09489014,0.015421273,0.03532831,0.028660487,0.060289405,0.0006114621,0.4246188,0.055582896,0.025160186,0.018573025,0.13657679,0.6914152,0.051696844
6600,0.11583627,0.081575215,0.040127546,0.021042993,0.8749997,0.10325937,0.0044607036,0.26308146,0.08749987,0.04691156,0.012120672,0.007398362,0.013158062,0.07829919,0.18420663,0.011089079,0.00066829746,0.58266836,0.015820248,0.01911999,0.029288441,0.05513386,0.011718174,0.024342703
6602,0.3567807,0.7189403,0.029850196,0.06783438,0.093839705,0.027142998,0.00904445,0.6557501,0.059240136,0.12051866,0.005384907,0.5026943,0.023879275,0.0025167132,0.028853144,0.03558001,0.000923654,0.37708387,0.042943496,0.014588013,0.0049445946,0.107593276,0.605698,0.06905935
6609,0.5379215,0.15050179,0.0026658105,0.033574384,0.045222003,0.4674169,0.005155936,0.6490127,0.008313428,0.0068371305,0.041473635,0.14440547,0.023703389,0.0076487074,0.012259011,0.14887378,0.0007814398,0.11736342,0.013902843,0.0025223754,0.0037374846,0.56856453,0.3273722,0.3693234
6610,0.12168183,0.007851627,0.0008918815,0.035040718,0.15977995,0.8070776,0.007822419,0.30778444,0.003426284,0.017879717,0.1254265,0.028840348,0.20847398,0.005425507,0.0034777448,0.7945027,0.0007555777,0.06699814,0.03794411,0.002063143,0.00084465044,0.8056338,0.010853418,0.012962422
6612,0.039560415,0.050007556,0.0109877465,0.31353453,0.08475127,0.044160884,0.3702183,0.7393607,0.006602626,0.05745763,0.0046510245,0.04852705,0.025181564,0.31801316,0.030971492,0.03474764,0.0009346157,0.15637423,0.0112572545,0.010097981,0.031685784,0.079330586,0.017032778,0.0041692327
6614,0.057736088,0.032276884,0.0067215147,0.057458796,0.50285125,0.42970252,0.017180767,0.67117125,0.02407,0.015448235,0.060892124,0.052800283,0.004196485,0.0067129917,0.007494042,0.061818827,0.0009343949,0.094957955,0.008005471,0.006440937,0.019597165,0.25618008,0.009283254,0.017694853
6616,0.3539782,0.35320324,0.038147785,0.027483128,0.09966569,0.050302017,0.007466165,0.57677454,0.044233974,0.14921176,0.007115356,0.4217983,0.027140586,0.010003232,0.05581305,0.0067289365,0.00072520715,0.2708653,0.04194882,0.0037517957,0.004710641,0.07315537,0.23242153,0.028827488
6617,0.07238011,0.4110893,0.19425303,0.057945196,0.22988847,0.005727715,0.5213408,0.12362432,0.39969787,0.06280154,0.0007505607,0.014733361,0.0999501,0.02859336,0.041792493,0.025098516,0.0013530961,0.042841118,0.07530155,0.03157275,0.007657406,0.030335575,0.018873908,0.011183186
6619,0.2446371,0.07026298,0.01931453,0.02853515,0.2480169,0.20714912,0.01430725,0.5667257,0.017024893,0.029759135,0.02169669,0.018400738,0.04251736,0.015921507,0.026926238,0.058765437,0.000610819,0.12579454,0.026817262,0.020749802,0.0048216064,0.24447124,0.032327496,0.10799348
6626,0.016746212,0.016511552,0.007310778,0.029331008,0.44417673,0.032679006,0.26562783,0.36865464,0.020535799,0.016387576,0.0009858091,0.003614086,0.054511987,0.034844123,0.005595022,0.021492342,0.0011364076,0.15117314,0.045221582,0.0066148695,0.007426443,0.10796845,0.0034905935,0.0011626435
6628,0.012572234,0.021463118,0.0023713817,0.16279455,0.3487531,0.1567659,0.14953141,0.6162327,0.007162802,0.0057699247,0.0054888064,0.03456688,0.022068664,0.032124836,0.009156635,0.11037658,0.0009999007,0.1510868,0.0027198081,0.0030589087,0.0022585897,0.14406617,0.021137679,0.0014565436
6629,0.0052138944,0.018329715,0.024964862,0.24414752,0.7240416,0.038401235,0.10278861,0.5827045,0.0396856,0.08036341,0.005948474,0.02772547,0.022375148,0.1290704,0.08275138,0.034020517,0.0008033251,0.49448678,0.004921299,0.0061718985,0.009343528,0.06282647,0.0076934737,0.002248504
6631,0.37661582,0.34425345,0.021809267,0.021120455,0.13261046,0.058084853,0.043907158,0.48436138,0.020380508,0.005318074,0.008864893,0.16030519,0.11980757,0.0055091744,0.0115042655,0.009817101,0.0009623538,0.025873968,0.61259085,0.009817352,0.002500814,0.117023624,0.3753755,0.009480755
6633,0.26045194,0.077529304,0.019847121,0.12127906,0.08095608,0.40200686,0.03883413,0.4906173,0.0058568562,0.065863535,0.02784898,0.084959485,0.2037938,0.0029044058,0.0055788937,0.06354753,0.0007135311,0.047994606,0.12027503,0.02046106,0.0035701375,0.48922563,0.029893627,0.02656062
6635,0.28806368,0.27486253,0.010022617,0.012712854,0.16406363,0.2220522,0.0017078641,0.6368696,0.04229447,0.09115585,0.024678262,0.014854987,0.04254137,0.006433907,0.0066543315,0.14947172,0.0006077628,0.1186927,0.22040015,0.0046674926,0.003424962,0.4101696,0.0053140298,0.0132510485
6638,0.2627885,0.31527263,0.006394105,0.026417987,0.04996149,0.026761405,0.04211021,0.66178656,0.010029395,0.018924702,0.0042882445,0.09116908,0.080428295,0.006348143,0.0126077235,0.024234172,0.001139261,0.100600936,0.01766724,0.0050141797,0.004289866,0.19420257,0.5291622,0.06597071
6640,0.055166956,0.0116355205,0.009689007,0.055046573,0.6074934,0.09101263,0.116112165,0.26140773,0.013155318,0.032557808,0.0065417932,0.031221129,0.037779283,0.083435155,0.017455326,0.077321954,0.0011037735,0.08255248,0.036150627,0.005160416,0.006130165,0.19472355,0.011682407,0.0063102283
6642,0.037247714,0.0056886384,0.004154744,0.006792196,0.22756098,0.14603285,0.04169733,0.12639718,0.0053410567,0.10730778,0.012645664,0.0059056357,0.7824595,0.019981263,0.008990649,0.5043453,0.000822886,0.07077404,0.04447947,0.010434569,0.0012643683,0.6496312,0.0032247351,0.0013263051
6643,0.020493072,0.02038705,0.0067777354,0.0132052945,0.8423067,0.01960749,0.00732072,0.6929519,0.07605398,0.039735068,0.0020332779,0.0047374456,0.008175234,0.09040463,0.026616303,0.019885318,0.000685853,0.59997576,0.012354735,0.0025922663,0.059483387,0.037529007,0.009960667,0.0043491595
6644,0.033261925,0.054433573,0.0032048055,0.0063222684,0.3261475,0.059974086,0.0073235724,0.59848,0.033146348,0.0223963,0.012366092,0.0114345895,0.21977219,0.0025839733,0.0076568155,0.10922653,0.0007591973,0.21681978,0.040560625,0.0010571954,0.0008693898,0.27766007,0.007472945,0.009237633
6645,0.111972705,0.014803631,0.0033778225,0.067836456,0.24883313,0.49973837,0.0024296944,0.46000233,0.005896164,0.019255012,0.10503902,0.02522156,0.067769445,0.01706423,0.016140373,0.22713433,0.00058825576,0.29544684,0.027667146,0.0062662996,0.003728844,0.6189237,0.009821714,0.01282806
6650,0.03161554,0.0780758,0.025794813,0.0046643945,0.48538253,0.03088139,0.0029255562,0.6659726,0.16373014,0.06162763,0.0045057936,0.0047692526,0.022762312,0.0119597465,0.012639068,0.048587024,0.0006255765,0.5575639,0.17757976,0.0029191787,0.0054576024,0.07811116,0.010640141,0.0029110485
6652,0.023037365,0.0994197,0.0053132535,0.0049327845,0.27778402,0.017760988,0.000620391,0.57342976,0.054744054,0.56033605,0.0042942674,0.0066763237,0.51162213,0.010067983,0.02635637,0.09342069,0.0005387553,0.6416096,0.03264344,0.0023262205,0.0045150276,0.20293514,0.009853978,0.008710886
6655,0.08271487,0.74988985,0.3388522,0.01704745,0.8761365,0.12037958,0.006479092,0.108279526,0.84932077,0.5241776,0.0077735563,0.018703569,0.0803439,0.007854544,0.114184834,0.048603423,0.00071557605,0.11296267,0.08128692,0.01710365,0.0016762096,0.050371528,0.0035000758,0.03396833
6656,0.024634503,0.01624919,0.007235195,0.009880028,0.2520552,0.07589362,0.004584493,0.37115237,0.108384386,0.12013773,0.034568723,0.0085336575,0.7275253,0.003677642,0.015546108,0.33791104,0.0006044887,0.05982066,0.014489226,0.0059239157,0.006013321,0.2509077,0.007193512,0.008527099
6659,0.039521564,0.031648457,0.010014445,0.07129823,0.5177027,0.33896998,0.014955351,0.8291012,0.012710879,0.021406975,0.029527284,0.0064380965,0.017069941,0.044246223,0.013674895,0.055473372,0.0005959186,0.3074029,0.06655159,0.0018856693,0.0061387876,0.1649006,0.013380613,0.026178723
6665,0.22206885,0.015849117,0.001713425,0.06977736,0.17680535,0.90028125,0.012747348,0.6582991,0.005708989,0.012177316,0.024281034,0.03456075,0.054356012,0.0073835338,0.002380075,0.119416855,0.0008186939,0.07131194,0.0058088293,0.0048184544,0.009430676,0.74931616,0.0074761603,0.013334078
6667,0.26654387,0.087220766,0.0012096738,0.058975626,0.08826062,0.49475077,0.0025631227,0.51045567,0.00895755,0.020181764,0.042915832,0.058729094,0.124309696,0.003543645,0.021517998,0.104770266,0.00056566217,0.19328055,0.013791453,0.0026191554,0.012060107,0.46644592,0.040182184,0.39934844
6668,0.021213366,0.01135999,0.0027481162,0.005681784,0.23484279,0.11953198,0.0008694502,0.76024294,0.01466415,0.068312414,0.03707935,0.003687674,0.6242883,0.019005444,0.016848823,0.38869604,0.00045503603,0.24647833,0.038961783,0.003060382,0.0012647454,0.4939596,0.0075582387,0.003679717
6674,0.07526458,0.052693892,0.0031036024,0.07008624,0.1642746,0.40694958,0.0024157108,0.65047055,0.014710723,0.028891688,0.14912052,0.015717445,0.048162013,0.0043832543,0.019812064,0.31672642,0.00055388646,0.26661998,0.007037226,0.0024004697,0.002687133,0.52379006,0.013753273,0.00778195
6675,0.005911097,0.08881754,0.0049905786,0.04337496,0.50275934,0.034351397,0.006435071,0.5009678,0.070981935,0.02290356,0.013023137,0.071696356,0.009694751,0.0028617978,0.01835156,0.07172233,0.0006595499,0.70316887,0.0141279455,0.0049840095,0.0039638886,0.025291404,0.023746036,0.032438133
6677,0.07112448,0.056937955,0.008886067,0.0280043,0.65650487,0.078909785,0.005876604,0.42463413,0.0392333,0.031314716,0.020680437,0.039585542,0.01716172,0.020572666,0.040025175,0.030138679,0.00063837896,0.67118263,0.010885772,0.0052177096,0.0505262,0.12931982,0.020093888,0.025300274
6683,0.028851554,0.06470062,0.0077593247,0.07854205,0.11027053,0.028492076,0.09605096,0.4684515,0.01634708,0.0357539,0.013860774,0.13608234,0.12392863,0.01527234,0.011460092,0.4171486,0.0009433905,0.20941393,0.011332843,0.020957494,0.003991046,0.2928019,0.030083783,0.0015734873
6687,0.15303886,0.35283688,0.09350997,0.15218674,0.22544168,0.027393913,0.041985996,0.3353063,0.09798736,0.11081664,0.0027562077,0.07962535,0.17530997,0.008405074,0.059340965,0.017642835,0.0008742723,0.08142159,0.088910855,0.059129104,0.011030718,0.09718461,0.0119861225,0.017996866
6694,0.0085264025,0.022401776,0.007041172,0.10101747,0.6878286,0.05773824,0.004141529,0.7587489,0.041955452,0.029034944,0.020961203,0.02509855,0.0047234595,0.015585044,0.07740221,0.023394274,0.000639476,0.8333331,0.004274633,0.008946994,0.011423809,0.038358737,0.012595531,0.015165878
6698,0.32425457,0.063694626,0.020440303,0.050060645,0.52878886,0.09049584,0.070928976,0.29969156,0.03676099,0.051082093,0.004649036,0.010047777,0.02261405,0.07487286,0.03724308,0.023078077,0.00082672026,0.1253521,0.059862863,0.008561471,0.04664225,0.17953286,0.039321333,0.022459868
6701,0.07952376,0.15911122,0.0064390423,0.018405631,0.09665018,0.03283036,0.025808783,0.4995937,0.018344834,0.008251981,0.007981909,0.103229105,0.05034217,0.014135087,0.009017245,0.14653197,0.00090415427,0.1090567,0.048376236,0.065520644,0.0038143636,0.38237658,0.53416395,0.011452498
6704,0.23218423,0.4022239,0.31798902,0.0602071,0.2571123,0.04007594,0.0049225106,0.26761505,0.31442437,0.662469,0.008545163,0.08775108,0.042381316,0.011767186,0.13730963,0.03532824,0.00068312074,0.4144511,0.032798015,0.024152895,0.0030318333,0.085885644,0.009894023,0.016965918
6707,0.0403519,0.01556393,0.0005677352,0.07276625,0.20836367,0.0795122,0.45529267,0.30969515,0.002154486,0.002263831,0.008501024,0.16012791,0.0040293382,0.004685579,0.0040727654,0.06642725,0.0017665336,0.11622,0.010861754,0.0015955841,0.0055095144,0.22331809,0.01643119,0.027596401
6708,0.046331376,0.008561928,0.0012148052,0.020456335,0.25656804,0.16165571,0.009199029,0.8366708,0.0016717352,0.00863841,0.0070361095,0.009515554,0.10641484,0.008355553,0.007021892,0.06256681,0.000658882,0.30847844,0.008454288,0.0019242935,0.0046912665,0.36353683,0.055139605,0.015079086
6709,0.023474876,0.0070815464,0.004931027,0.078626096,0.72671676,0.037893426,0.06229104,0.5661142,0.0036666044,0.013341383,0.00547354,0.0055261874,0.0101655545,0.19558677,0.043151468,0.027503647,0.0008433355,0.4932224,0.0375061,0.0019980227,0.014066285,0.062432334,0.0034794277,0.024915943
6710,0.008035114,0.01388399,0.017432772,0.06022468,0.5496117,0.048940986,0.020959005,0.7782687,0.1060677,0.034081433,0.005843015,0.015625296,0.034335725,0.12770665,0.061204784,0.00739553,0.0006907771,0.14592266,0.0064350893,0.009341626,0.011709128,0.049123436,0.005793923,0.00493643
6716,0.16025805,0.65125036,0.060180437,0.06268977,0.14349508,0.021639593,0.058916707,0.4389066,0.07468355,0.2603178,0.0019699035,0.10360785,0.019700993,0.041226212,0.04697824,0.07352924,0.0010293905,0.11044508,0.15900691,0.017527113,0.0053204964,0.10779397,0.05719247,0.018460987
6721,0.014281001,0.008034567,0.0064833723,0.010933722,0.5120318,0.09902313,0.008889729,0.4386162,0.037084196,0.03745211,0.017477717,0.001394075,0.48057854,0.012004986,0.016023718,0.24723013,0.0005829534,0.1969533,0.057498343,0.010241199,0.0018843191,0.3144964,0.003134879,0.0028359434
6722,0.038465556,0.18409733,0.3278952,0.0219931,0.577991,0.035999313,0.041899625,0.12368903,0.7972791,0.28443247,0.0022775105,0.002668553,0.2162866,0.01860514,0.12894136,0.017547693,0.00091213954,0.11670089,0.08859907,0.03357997,0.0018240337,0.034029834,0.0023512936,0.005357291
6731,0.20587541,0.5388921,0.022494625,0.023621846,0.16064052,0.014617634,0.04393614,0.62069315,0.024905978,0.1552631,0.006403909,0.07320615,0.10550646,0.009603567,0.022819025,0.059361305,0.0007203769,0.12479522,0.07095699,0.011924519,0.012421165,0.1770103,0.2520673,0.013536987
6732,0.42103282,0.047271762,0.0071218,0.01585853,0.028757058,0.10425458,0.007406302,0.6097839,0.008146218,0.011464516,0.026898129,0.026559468,0.55795985,0.002535385,0.005401026,0.10974793,0.0007642938,0.012203051,0.2501655,0.030539652,0.0036340782,0.6956153,0.2030364,0.010282093
6736,0.03362935,0.049209315,0.038911965,0.018548604,0.65533143,0.028484764,0.004404138,0.47983584,0.13078925,0.06729211,0.010353421,0.037131753,0.025814706,0.25865304,0.2134316,0.022204231,0.00063728594,0.60491556,0.024481904,0.018443601,0.09724686,0.0501845,0.006537016,0.008339015
6737,0.013007431,0.011501469,0.012774778,0.106333345,0.6029461,0.09140456,0.24048805,0.59358,0.008584828,0.0071504423,0.006631682,0.028630396,0.008254393,0.26716405,0.053863615,0.012704202,0.0008669461,0.19007728,0.008701816,0.027501065,0.00503875,0.03594975,0.009809766,0.004670987
6738,0.023929108,0.007971265,0.004457029,0.0072286767,0.6490192,0.16614237,0.0052230335,0.6867087,0.004692478,0.030243874,0.017077912,0.0016905264,0.045205608,0.034860242,0.027302697,0.0493339,0.0005334055,0.6385968,0.017920734,0.0049325973,0.004713678,0.19014247,0.0030169727,0.0020063464
6744,0.009456806,0.00844849,0.025782522,0.19402108,0.24253964,0.028934082,0.40870914,0.5657766,0.019292263,0.024155486,0.0016930922,0.06577422,0.011069064,0.92543775,0.42135116,0.008515686,0.0012562806,0.32758388,0.008319893,0.015870553,0.010692391,0.016537124,0.00618169,0.014551257
6748,0.124550596,0.6370826,0.6480453,0.011166168,0.23511021,0.010328493,0.010408574,0.09757291,0.69118613,0.9617137,0.0017506417,0.012623273,0.48956367,0.0134018175,0.0776234,0.04595887,0.0008032714,0.076503135,0.045049615,0.06552913,0.0047300616,0.11180457,0.004762336,0.0147501435
6755,0.15930744,0.013588521,0.0033006803,0.011998784,0.7649505,0.46479103,0.006654672,0.660592,0.015398894,0.0038995652,0.0070631932,0.016556911,0.004994015,0.05453625,0.010803345,0.022385793,0.00072349183,0.3150782,0.007871648,0.0043929038,0.031847965,0.22897696,0.010198465,0.014633254
6763,0.29136044,0.04613425,0.0048309043,0.004514732,0.15854324,0.23397176,0.0049812673,0.47748634,0.030514345,0.03176199,0.07851781,0.0023899046,0.66926974,0.010426719,0.009818004,0.3296801,0.00051668775,0.039861564,0.04702167,0.0059201373,0.008538972,0.7701196,0.012334886,0.0036227833
6764,0.10524497,0.072518386,0.024676783,0.006410378,0.73668087,0.14482848,0.008415301,0.24000835,0.06601614,0.03773797,0.013091013,0.0106001925,0.03861656,0.008109594,0.037511237,0.06779908,0.0008077276,0.23914137,0.024372406,0.048306894,0.014300306,0.10325668,0.009321486,0.02171604
6766,0.5499891,0.0236262,0.006776099,0.057032455,0.20456216,0.6604096,0.025053576,0.7876939,0.008883816,0.01357644,0.024235504,0.030934518,0.005490998,0.038041566,0.005292021,0.030342996,0.00073943415,0.031883832,0.012513317,0.022940023,0.040061675,0.5085061,0.01740592,0.027122134
6767,0.24584106,0.025669465,0.003294222,0.014848157,0.16240396,0.4704492,0.06500427,0.267401,0.006981991,0.02065679,0.008457391,0.009418318,0.4582139,0.01354075,0.0009203693,0.22610013,0.00082287786,0.0070630857,0.26579398,0.002876709,0.00091209,0.798528,0.012972096,0.0029235082
6770,0.01959931,0.021595597,0.0051383507,0.05328624,0.3279956,0.25637302,0.17055653,0.769966,0.022134984,0.014574263,0.005751095,0.018368421,0.020629764,0.034545362,0.016123474,0.039018154,0.0008060061,0.1470054,0.008759801,0.0029006246,0.044263355,0.06078297,0.0060095177,0.008203712
6775,0.09785627,0.012237597,0.007894979,0.026099678,0.37688377,0.5766199,0.0025231794,0.7190037,0.007045327,0.018001622,0.042727306,0.017979423,0.009827934,0.009956535,0.012820068,0.04131174,0.0006050089,0.250476,0.00659923,0.015115523,0.014075931,0.24675436,0.021739073,0.09115786
6776,0.052492745,0.06700583,0.026760953,0.023405707,0.6760901,0.005933074,0.08697974,0.48378286,0.09112717,0.01906918,0.0043447823,0.0647732,0.004282944,0.007779101,0.01991252,0.007948192,0.0013253159,0.20778553,0.054876175,0.028434202,0.024872126,0.022838663,0.21966766,0.011570664
6777,0.056706548,0.010682131,0.0015446609,0.067864805,0.14867328,0.7366828,0.009006207,0.7478904,0.009656691,0.029162778,0.028288504,0.023345355,0.041491903,0.009207229,0.0028013159,0.45247647,0.0006265121,0.10131288,0.036669467,0.005226399,0.009143829,0.55643576,0.005715091,0.0042854846
6780,0.030321755,0.013611728,0.008105081,0.013070569,0.49937993,0.17349078,0.016070029,0.42706373,0.037015233,0.042788494,0.01623178,0.0037834295,0.040520594,0.021875488,0.016654283,0.07319034,0.0007346257,0.36262766,0.056865003,0.00564048,0.020099048,0.16399373,0.0025613958,0.014501992
6783,0.02480606,0.0127201155,0.007456803,0.013229219,0.88701177,0.05697686,0.0011499735,0.52531767,0.035044637,0.03669764,0.015767474,0.0054424643,0.03255469,0.012997684,0.036841113,0.07522334,0.00050865684,0.6794141,0.057586785,0.008264373,0.0148960315,0.07575251,0.005498346,0.0020503982
6787,0.09478091,0.08716312,0.02692828,0.005814913,0.647825,0.13392279,0.0009888804,0.4856261,0.24161166,0.026810406,0.012022723,0.008675018,0.10440964,0.0042368285,0.038293954,0.029100807,0.0005003623,0.23349592,0.052624658,0.005955409,0.0034622222,0.11978072,0.0046884757,0.005428444
6788,0.03716334,0.06775241,0.054223225,0.051104583,0.227783,0.0368355,0.013062698,0.5063801,0.07283372,0.106966294,0.0131307775,0.01242148,0.33853292,0.011448062,0.037528,0.024120964,0.0005935302,0.18338843,0.18735601,0.02573526,0.004558827,0.09923747,0.009668372,0.0044138418
6789,0.041293766,0.07620613,0.015318714,0.5387858,0.03630412,0.009477321,0.58409864,0.8863553,0.020329524,0.005826483,0.0051131253,0.5066788,0.00047362872,0.024661586,0.011184088,0.013274356,0.0013239036,0.19135302,0.017887883,0.020780584,0.018365633,0.026836684,0.93502516,0.0120546995
6793,0.09502531,0.1488895,0.020089034,0.03858283,0.5679279,0.3273641,0.036133923,0.37640887,0.052145872,0.03584815,0.010003838,0.022529092,0.013930058,0.08136961,0.07527368,0.040092956,0.0008417006,0.11712475,0.0065559424,0.010573885,0.007778652,0.11151702,0.005113904,0.038050354
6796,0.13312209,0.07520056,0.009330451,0.005087856,0.7077019,0.5946173,0.0030885143,0.56219536,0.0370649,0.0097473655,0.022584401,0.0013622858,0.028531605,0.014973929,0.020174297,0.06288934,0.0006561867,0.21635844,0.012201309,0.003783579,0.0057149744,0.30256346,0.0024720258,0.00309168
6799,0.054012794,0.074912585,0.01914982,0.016419064,0.40580502,0.09651068,0.0009461625,0.77104634,0.05893647,0.053437266,0.01500282,0.037530188,0.035889026,0.008554694,0.040860403,0.047931388,0.00059375516,0.66000175,0.0055268793,0.01052549,0.0036305028,0.082890816,0.06862735,0.036090154
6801,0.08207768,0.05149315,0.003377458,0.08069038,0.22072195,0.096003406,0.0063369153,0.75357854,0.0048970426,0.022575092,0.034306165,0.06022378,0.00809345,0.005371562,0.010817494,0.089066,0.00076548674,0.6334749,0.01826085,0.0038229616,0.003954727,0.29327297,0.06567646,0.0016147086
6806,0.14567356,0.028187033,0.00218681,0.016337998,0.48778373,0.6060495,0.0028815386,0.54053825,0.005998371,0.014112559,0.054787803,0.008531189,0.20114648,0.01470885,0.052489508,0.10266731,0.0004941426,0.21879703,0.016881865,0.004034173,0.004501659,0.36324134,0.012619291,0.03804386
6807,0.01506224,0.021887148,0.013298049,0.08837254,0.6416614,0.014903535,0.009799762,0.7147853,0.17127456,0.016527122,0.0035765315,0.019094002,0.0034703622,0.071973935,0.090217866,0.015220072,0.0008613392,0.464793,0.003577755,0.017653285,0.52734745,0.033220924,0.008837638,0.008646426
6809,0.041398596,0.023878248,0.029934142,0.005251463,0.77071935,0.0485039,0.0036585878,0.7493693,0.028146151,0.0380868,0.016613973,0.003492533,0.026037652,0.067594156,0.173931,0.023671633,0.0005811587,0.65880764,0.0051171705,0.012423422,0.015178789,0.06073402,0.01779261,0.0052091083
6812,0.09182897,0.11227856,0.008865676,0.009313519,0.5172216,0.063333295,0.0043082153,0.5188546,0.083625525,0.08278481,0.02357992,0.0065063685,0.055268012,0.012705913,0.03924958,0.053773895,0.0005636386,0.6124476,0.029912708,0.0048702126,0.025305407,0.105609104,0.011142952,0.041344386
6813,0.6369288,0.37580284,0.0125143835,0.027952775,0.13521971,0.3922483,0.0018643431,0.7599898,0.016163448,0.060496755,0.030189026,0.18127367,0.12305436,0.007837068,0.031096915,0.08235519,0.0005932508,0.22087044,0.021531017,0.0033854318,0.0041773296,0.4049986,0.1322074,0.027224386
6816,0.014553882,0.043046456,0.0647361,0.007839894,0.87088263,0.071598046,0.007963449,0.3663906,0.4753776,0.11074651,0.008860314,0.0032405977,0.13277134,0.010782726,0.01571884,0.032431744,0.00065799314,0.08103466,0.089271046,0.024212064,0.003714636,0.090600014,0.003637673,0.005381606
6819,0.10484344,0.054044604,0.00799005,0.0060318783,0.7258834,0.1393286,0.0017399564,0.53706026,0.042139865,0.035829958,0.044952355,0.004575284,0.029195031,0.012121231,0.050837368,0.06496199,0.00052588625,0.71730787,0.015098737,0.0026449338,0.0061217137,0.21493587,0.009532786,0.003120323
6823,0.054457013,0.059736975,0.015316282,0.020783454,0.619817,0.26435333,0.002550398,0.49630004,0.09405044,0.04425083,0.060998566,0.0077008232,0.103896186,0.010311107,0.06355676,0.06819292,0.00045024007,0.17639656,0.06282474,0.005839465,0.021552296,0.16468662,0.0123161655,0.010960124
6833,0.3155313,0.1878952,0.0075167688,0.012936379,0.21512684,0.2806141,0.0029176027,0.50995415,0.051763065,0.042521834,0.03194721,0.01564022,0.10205895,0.0034526242,0.036080606,0.053342786,0.0006314324,0.101875946,0.02482252,0.0042628166,0.024615161,0.33827826,0.021082686,0.57616544
6834,0.06338892,0.11552729,0.008081876,0.04609929,0.14952645,0.03479109,0.0017472061,0.9197411,0.08078496,0.021347549,0.00722869,0.04404067,0.01287004,0.007543503,0.023454553,0.0117227705,0.0005689464,0.34416735,0.012075621,0.00715284,0.014366224,0.036821384,0.10211446,0.19059159
6841,0.23772776,0.50700355,0.013185432,0.010807667,0.09140555,0.026414469,0.0037421875,0.7462354,0.029866405,0.054652046,0.027631558,0.035335984,0.046578307,0.02080121,0.018705567,0.06167032,0.0006169925,0.3431948,0.24127421,0.0048561613,0.0025889124,0.3131881,0.15422095,0.01355479
6846,0.02073146,0.027387645,0.009794692,0.01624876,0.59160763,0.038246173,0.0022656496,0.66346,0.032652367,0.10561095,0.026299808,0.011368459,0.044641502,0.0056606997,0.0054827733,0.057389546,0.0005993376,0.23148331,0.02175292,0.01585169,0.0178937,0.09536962,0.025787516,0.0039127767
6852,0.25879863,0.791612,0.15281549,0.10162557,0.22109935,0.028336728,0.0028126396,0.6509385,0.30916494,0.595941,0.0038774533,0.16396701,0.0047627343,0.0128919585,0.06555709,0.018730298,0.00067649694,0.4271482,0.019227022,0.013753991,0.04410785,0.033890154,0.040374804,0.053638153
6863,0.32940406,0.37231773,0.11650288,0.008574445,0.28814453,0.0077034184,0.026705304,0.041539,0.15748616,0.35220805,0.0016032762,0.024212673,0.8985511,0.028130844,0.018541092,0.0776018,0.00087863114,0.012866364,0.3191405,0.029686507,0.0040903417,0.3015128,0.022994326,0.007232747
6868,0.031978637,0.109118454,0.06406587,0.013111605,0.53411543,0.032642666,0.009300426,0.47305143,0.13775088,0.33112213,0.014118384,0.006357787,0.3958128,0.024899457,0.0249765,0.024779163,0.0006007516,0.22147469,0.09065701,0.012385162,0.006328505,0.09709763,0.0034934345,0.0071389386
6869,0.051703952,0.015381986,0.0022780122,0.022010308,0.18004693,0.12316867,0.022098085,0.46473756,0.006715943,0.032982904,0.03730467,0.011774724,0.285563,0.020062024,0.021307081,0.19744158,0.00063866284,0.26680452,0.01259275,0.0026012745,0.0026940014,0.38695273,0.0028290085,0.0065469956
6872,0.0126339635,0.005336549,0.0048102685,0.02344162,0.40116927,0.045075774,0.0045446292,0.7198668,0.008259258,0.023213299,0.053922188,0.014249225,0.11315828,0.008138285,0.009226978,0.06500392,0.00048716887,0.26607704,0.038038496,0.015065593,0.008382435,0.19242363,0.0085957525,0.0025864374
6873,0.44249183,0.089665964,0.008206743,0.013955861,0.20363493,0.8693236,0.020701848,0.40815902,0.042384867,0.012248109,0.017062686,0.0052331914,0.030119278,0.008120859,0.0031835472,0.07271885,0.000813243,0.014338789,0.024300907,0.005941976,0.014227896,0.77744097,0.0031189837,0.029949743
6881,0.35612115,0.015050423,0.0015260465,0.032806985,0.12893783,0.8224423,0.009271998,0.48391062,0.0070911082,0.0072489562,0.094945915,0.026460111,0.051347457,0.00351685,0.0027997259,0.12482877,0.0006999319,0.03078792,0.02991103,0.0022412583,0.022929396,0.72227407,0.010659961,0.076165736
6882,0.19152078,0.007201516,0.0027397706,0.038415883,0.29927838,0.6616402,0.030356102,0.563473,0.0102372905,0.0035907626,0.037990756,0.008739347,0.01669573,0.0073703597,0.0020707697,0.19858652,0.00093224336,0.06826717,0.18372402,0.0016750913,0.0144249825,0.5719005,0.024760094,0.0029326642
6891,0.018101197,0.120715015,0.0100571485,0.16321021,0.39037287,0.010270909,0.14203618,0.60123134,0.072821386,0.08290619,0.0010818276,0.019801036,0.019683048,0.08374403,0.05170422,0.008525023,0.00095497776,0.32971272,0.006113578,0.0027054648,0.08551275,0.014731327,0.0098973205,0.015685132
6892,0.10749227,0.061767407,0.011346951,0.07602763,0.3545321,0.19166273,0.009688545,0.7081478,0.084215075,0.099636964,0.008841152,0.01753162,0.055280685,0.024611633,0.010127964,0.01654097,0.0005686298,0.03999198,0.013299982,0.009488783,0.0113846185,0.17691247,0.010260933,0.0036037383
6893,0.18967646,0.10425738,0.0095197335,0.008936105,0.10581896,0.12195912,0.010832021,0.32067022,0.022345794,0.03731509,0.014317784,0.015950976,0.6371159,0.006689894,0.007329478,0.08944258,0.0006946808,0.056055922,0.7569235,0.0069450517,0.003997758,0.41157216,0.008125288,0.001670176
6894,0.3893946,0.07212915,0.0057077794,0.008440597,0.19881664,0.7178144,0.004485213,0.5354124,0.08235745,0.020180175,0.020703293,0.009438581,0.16643797,0.007526215,0.0042260815,0.14040914,0.00065262336,0.0098159565,0.046737045,0.0057062884,0.022016061,0.74437404,0.0068398146,0.024402363
6895,0.0517622,0.36121428,0.21215889,0.0054596737,0.9294966,0.022536347,0.0048710126,0.1752254,0.7739105,0.3562579,0.0053298287,0.0017954585,0.083260074,0.058976103,0.13205446,0.023924965,0.000568564,0.1888641,0.059017833,0.020357734,0.029472668,0.04515932,0.0065227468,0.009020719
6898,0.10707659,0.050602958,0.037597403,0.05558879,0.1547556,0.032331917,0.24276266,0.24346574,0.045130163,0.023659205,0.00947844,0.033186685,0.07436925,0.043600988,0.008438442,0.08384944,0.0010445367,0.017342893,0.03614192,0.021935595,0.013927687,0.26248732,0.049634125,0.017819162
6900,0.032084413,0.033313215,0.025476493,0.004134836,0.7608655,0.014588973,0.006601819,0.34819964,0.09729828,0.08117404,0.021324638,0.0033255778,0.07040257,0.056801997,0.0639792,0.023576297,0.000618314,0.24581459,0.025584977,0.020104209,0.01869858,0.07386569,0.0030675614,0.0023145778
6905,0.024115466,0.07273118,0.005151929,0.022843536,0.20282829,0.012863046,0.0064231013,0.6382503,0.02536617,0.14510868,0.013101033,0.0052845785,0.52130896,0.006672157,0.0056089805,0.42597213,0.0006249877,0.2702373,0.112706,0.003923733,0.013511782,0.29466045,0.007140419,0.0030699507
6907,0.027769038,0.010313522,0.005071657,0.0058779973,0.576848,0.08676286,0.0033489873,0.31596482,0.022796614,0.03482742,0.021583531,0.0016990361,0.71887094,0.011916447,0.02839615,0.18840119,0.0005053282,0.23702852,0.034574978,0.003935377,0.0023023633,0.33431953,0.004479398,0.004319849
6910,0.6679856,0.33992165,0.014620553,0.007081794,0.2975223,0.60277766,0.002917644,0.41744515,0.018150592,0.05844625,0.030025892,0.009396651,0.07138483,0.0060259122,0.017136715,0.09837626,0.00062206626,0.08803059,0.05322275,0.006096097,0.010020308,0.6482793,0.01254534,0.037551653
6917,0.2123097,0.22782595,0.053443167,0.0072298744,0.6236506,0.10524793,0.003241995,0.2670525,0.097571105,0.08039878,0.010571032,0.0079005165,0.10710712,0.0116759725,0.016266111,0.033074357,0.0007218933,0.11396114,0.20533055,0.009174931,0.007235041,0.29517633,0.007422655,0.008482652
6919,0.51477283,0.04595333,0.0069615273,0.004269165,0.3876593,0.41504708,0.0020374332,0.38125315,0.031775452,0.0666143,0.01963451,0.0111912675,0.06355855,0.028084876,0.02330722,0.032678258,0.00061749073,0.19232538,0.011783056,0.004582931,0.0074539795,0.28260902,0.016260488,0.009235966
6924,0.006807867,0.034156304,0.008650735,0.105989195,0.5989915,0.059681036,0.019432673,0.8525686,0.20310211,0.05921499,0.003660596,0.008185378,0.030036464,0.058767747,0.01086792,0.01419896,0.00053536706,0.16082974,0.011105343,0.0014581868,0.06942804,0.030591834,0.0026082192,0.018661244
6928,0.27881393,0.100473315,0.0026791885,0.033984676,0.28497377,0.14456193,0.016083116,0.6737839,0.0062726843,0.021843068,0.014972635,0.04465641,0.018735306,0.013216931,0.025068915,0.071334794,0.0008217573,0.28744757,0.05035449,0.0030060501,0.0028025869,0.3141181,0.114006594,0.006142603
6936,0.6296197,0.56588984,0.1309982,0.011503767,0.59718215,0.24901925,0.003276411,0.09180559,0.370706,0.13985671,0.023823444,0.010064466,0.29032317,0.005368052,0.026345462,0.05363269,0.00062156457,0.020773878,0.6755906,0.014949908,0.0132970475,0.42476538,0.0049070073,0.03873396
6937,0.46288952,0.018735364,0.006338922,0.056177028,0.23597534,0.9118626,0.01735708,0.466302,0.007405166,0.0026856957,0.04060045,0.010862954,0.019581767,0.012670407,0.0068858606,0.030678969,0.0006673838,0.038139842,0.012895569,0.0049168454,0.015694968,0.5737708,0.0061361813,0.08324047
6938,0.09848187,0.061734077,0.025563966,0.015949674,0.6403393,0.25942725,0.01046391,0.6291758,0.059489954,0.039580867,0.0092016375,0.0031154277,0.04136439,0.022075066,0.024801655,0.012429485,0.00067361566,0.12368839,0.013416485,0.005285246,0.044526357,0.19580927,0.0030960788,0.018222788
6941,0.2374742,0.49210033,0.0066020447,0.011835278,0.30675903,0.37282553,0.0043514976,0.19808373,0.14212885,0.120258726,0.029531466,0.04404699,0.04319905,0.002306119,0.005458596,0.49085984,0.00083723874,0.07897901,0.054942824,0.00583021,0.0025454778,0.63318914,0.009260556,0.036740817
6943,0.07441308,0.18920192,0.089033194,0.028390462,0.24331072,0.022270096,0.011945279,0.35853103,0.07891571,0.70059156,0.0076824627,0.026415853,0.26072067,0.016684031,0.031183178,0.08399808,0.00068105524,0.29273733,0.13266721,0.009056787,0.010843148,0.16593468,0.00667528,0.0028996747
6944,0.04881781,0.049939923,0.0057379184,0.008446449,0.6479323,0.08684216,0.004799882,0.59985125,0.029683437,0.023848047,0.016478721,0.0016528803,0.004869335,0.026238287,0.006054614,0.037454292,0.0006396134,0.53331226,0.042208914,0.0028322937,0.08038779,0.1208848,0.0016880399,0.0026198905
6949,0.22092372,0.21360612,0.00793066,0.015950901,0.07390275,0.12871678,0.0031917247,0.6003623,0.022672638,0.11640105,0.037718847,0.021709861,0.3432466,0.007441875,0.021962762,0.15379632,0.0005968158,0.13574366,0.020381445,0.006498584,0.010767086,0.27516153,0.044252947,0.315295
6960,0.010942838,0.0032548357,0.0021328626,0.038094036,0.3271221,0.034942273,0.006908858,0.7941658,0.0027142651,0.025711019,0.033937305,0.013981515,0.11959795,0.06344254,0.032358803,0.04233389,0.0005792249,0.7651784,0.044745203,0.0019856025,0.0069058524,0.1041591,0.006750487,0.02082378
6963,0.03672791,0.022996059,0.0040080086,0.038525246,0.48286083,0.05984372,0.009957875,0.7634804,0.030323269,0.023963407,0.016378202,0.010016086,0.043221366,0.030160528,0.02902801,0.04480313,0.0005091184,0.319554,0.048912287,0.003458851,0.01875777,0.06279331,0.017217496,0.0054918784
6966,0.27582067,0.8150731,0.06448391,0.05373518,0.1682766,0.009524123,0.007995824,0.52024806,0.17641164,0.22789168,0.0053612106,0.16654597,0.013488368,0.0137507245,0.06583816,0.013658974,0.0008381431,0.35282204,0.11590056,0.012671147,0.011853975,0.04890307,0.13669373,0.4122534
6970,0.023962302,0.092430934,0.006130019,0.039703272,0.50884795,0.14940672,0.0008280113,0.66065013,0.031272795,0.14339235,0.03304049,0.023727389,0.028576419,0.011005223,0.084820464,0.05376892,0.00052666257,0.69253504,0.015018062,0.0043221964,0.006059311,0.1331858,0.0050969524,0.10661268
6971,0.04991934,0.006745708,0.004552309,0.057647914,0.40975997,0.1273607,0.04871166,0.8531629,0.0031429436,0.0016027931,0.008286181,0.04642146,0.005025592,0.0826751,0.02484346,0.007296044,0.0008984387,0.134533,0.013385196,0.011691797,0.01572391,0.06647633,0.6020996,0.03579418
6979,0.17261101,0.030585224,0.00855403,0.026248,0.07468054,0.10376894,0.040594783,0.6679417,0.011015924,0.046350695,0.010812143,0.036449958,0.062417824,0.01789924,0.0025288996,0.13925457,0.0009795616,0.07061273,0.30855203,0.0056510484,0.0006256159,0.45690143,0.15523493,0.016031712
6980,0.05291414,0.05183138,0.004629718,0.03379553,0.20126118,0.08708445,0.032199107,0.785685,0.010246503,0.016048208,0.009890552,0.014583442,0.08589059,0.072080165,0.012634767,0.14031446,0.0008901788,0.12837815,0.12330009,0.0030701917,0.0040223063,0.27201363,0.027981946,0.00643256
6981,0.07041512,0.021359216,0.006539296,0.02351387,0.082755074,0.1900518,0.31672424,0.14911222,0.0072339247,0.017479707,0.0139662,0.015641822,0.9213803,0.011038154,0.005460753,0.47951323,0.0011895784,0.0088180825,0.06533663,0.007923502,0.0024314323,0.6379248,0.011225587,0.0039686114
6985,0.053191558,0.017919434,0.012649086,0.03654791,0.84152246,0.040970795,0.0077879457,0.49320933,0.013604931,0.01630471,0.018105205,0.010553347,0.013695171,0.047473043,0.05562057,0.008837572,0.0005720731,0.67053956,0.028339852,0.007142775,0.030560793,0.030682324,0.00622292,0.02840733
6986,0.16808237,0.027896702,0.0025755456,0.064524785,0.07053774,0.8976925,0.036416315,0.49538267,0.0025860094,0.0044430783,0.021080624,0.06879183,0.021801522,0.011745408,0.008724604,0.09281783,0.0007726387,0.03961008,0.0034971666,0.007191919,0.0023462523,0.6329289,0.0061024334,0.06500835
6988,0.4263528,0.14902876,0.005776655,0.20600529,0.41504183,0.2878562,0.042296305,0.5784953,0.030373927,0.011098077,0.026929282,0.08960325,0.0008543187,0.023655444,0.017845554,0.0091834655,0.0007674262,0.29390767,0.0062948097,0.0060288743,0.76048356,0.072962,0.02364431,0.043198172
6990,0.047282096,0.020306638,0.01294604,0.020718154,0.6662781,0.07970132,0.0013504814,0.68142945,0.048956167,0.080619365,0.008562419,0.0069801835,0.027423901,0.019561857,0.053774733,0.057470806,0.00059184403,0.8711745,0.011925159,0.0061736186,0.010930582,0.11057259,0.013106805,0.004400587
6993,0.09338129,0.04833688,0.006957803,0.23262732,0.21438877,0.7455155,0.15338072,0.39434442,0.039780512,0.014440101,0.016562114,0.032363433,0.022771286,0.014230913,0.0072936025,0.07350039,0.0010348571,0.018830637,0.018741379,0.0042866855,0.010196096,0.36007708,0.008923858,0.019871105
6996,0.513878,0.28690013,0.0045344136,0.031068712,0.07395688,0.05232751,0.01767632,0.74958545,0.0081250435,0.017536204,0.009389577,0.11814824,0.015415929,0.0055751093,0.0065867663,0.022408042,0.0009968897,0.21359439,0.017479658,0.0052027623,0.0075275227,0.31393865,0.61905557,0.025677912
6999,0.03612166,0.015960658,0.0080124065,0.057842903,0.17552242,0.38019517,0.0078103435,0.75627697,0.021694144,0.019430062,0.05825037,0.014541775,0.016635293,0.06899788,0.08881105,0.03727042,0.00056944444,0.6101285,0.0033863827,0.024569483,0.009308649,0.19817077,0.010078763,0.03901751
7000,0.020540928,0.010705745,0.00971492,0.02660202,0.64488566,0.24630325,0.0031972923,0.7848788,0.069059536,0.04080334,0.034175713,0.0029008493,0.01764072,0.03160745,0.02167316,0.023664704,0.0005353538,0.30123085,0.006919856,0.0020270583,0.030452881,0.09619916,0.0012164541,0.0032745963
7001,0.38814196,0.01992003,0.009100238,0.074119605,0.097008,0.69533014,0.013994925,0.71684086,0.0089656385,0.004395432,0.05906139,0.06729098,0.0063085062,0.021448847,0.009525275,0.035188783,0.00074972934,0.09399682,0.012244943,0.0061771334,0.0072186403,0.4822626,0.0521029,0.014312302
7002,0.08166297,0.110169165,0.009868424,0.029986916,0.73111707,0.13307123,0.0033367167,0.48560283,0.1946593,0.014476043,0.0081225615,0.009238685,0.00276173,0.011475951,0.0214357,0.013575208,0.0006913705,0.38555932,0.014791681,0.0037443335,0.31047156,0.11404447,0.008068,0.017643835
7003,0.043271437,0.012995934,0.005927095,0.007956242,0.24382007,0.072550155,0.0047019436,0.6868311,0.008403964,0.07811129,0.0075249337,0.0036865459,0.3745773,0.029900944,0.008068591,0.063759096,0.0005170117,0.5724764,0.033698212,0.0030811923,0.0062890914,0.2947203,0.003554346,0.0021686337
7004,0.1401487,0.113922656,0.008010633,0.013789008,0.83191663,0.2381318,0.008633984,0.32372177,0.047009043,0.03829435,0.0143169975,0.0056248032,0.02978375,0.07689752,0.05389626,0.035562236,0.0005212369,0.36496222,0.04585218,0.0034063822,0.055373337,0.08016037,0.0051614055,0.013394532
7005,0.0222222,0.027337529,0.008254124,0.007146551,0.65113765,0.033379983,0.0056296405,0.6419538,0.058340613,0.028834425,0.011067984,0.007268185,0.06296802,0.02214603,0.050269667,0.03848514,0.0006343216,0.6091895,0.019315735,0.006407369,0.003816553,0.10601054,0.006918294,0.0017547823
7006,0.0717196,0.14829428,0.006683712,0.024286259,0.3875742,0.471589,0.0007308575,0.66935694,0.03264519,0.09871872,0.056151498,0.019350253,0.055499937,0.010977537,0.050641343,0.46695587,0.00052264787,0.40987018,0.008942902,0.0014415303,0.0026409042,0.3770503,0.0043887473,0.0076315496
7009,0.048595224,0.059757374,0.0054296567,0.054484516,0.5552072,0.0979895,0.03139149,0.47576594,0.1255749,0.050213225,0.010236382,0.005165689,0.037695594,0.011417473,0.004966829,0.14356099,0.0007628106,0.093969956,0.045686584,0.0026593227,0.043839462,0.26228368,0.0045200004,0.006481173
7010,0.008329214,0.017327476,0.012288603,0.04270366,0.207119,0.07237576,0.002242422,0.5213944,0.05174153,0.03701724,0.03135351,0.02337379,0.1412256,0.008951227,0.019690685,0.15577382,0.00056588266,0.5790666,0.062063545,0.0074752728,0.0013727896,0.24451673,0.011975556,0.009711627
7011,0.7976302,0.07982085,0.002063583,0.014901532,0.20924556,0.6932829,0.0014570915,0.5578869,0.006227174,0.016696911,0.07180717,0.013401547,0.029023204,0.003016198,0.003544669,0.25817993,0.00064039725,0.07465502,0.0886035,0.0031278506,0.0059999945,0.7144132,0.03657356,0.048518807
7014,0.0233388,0.016667321,0.004754992,0.09004711,0.62121195,0.22459786,0.0015746782,0.5306391,0.012411441,0.034038726,0.017620495,0.013535497,0.022044005,0.029354727,0.028921774,0.02966698,0.000544392,0.39521325,0.012653883,0.0050162114,0.012027262,0.12425241,0.0037217475,0.018610084
7016,0.05195037,0.05721442,0.03424251,0.013445233,0.56134105,0.1746111,0.011253215,0.5973064,0.062963404,0.0680932,0.03180507,0.029426467,0.015785147,0.023360368,0.03823958,0.024102585,0.0006325308,0.45953774,0.008908133,0.01306929,0.041495003,0.09601057,0.013184327,0.005529944
7022,0.0755629,0.13267,0.015878068,0.103409946,0.21878973,0.021559188,0.035152268,0.4163697,0.025767274,0.024425998,0.007821401,0.032744817,0.2032243,0.013715977,0.0149907535,0.014006129,0.00076088845,0.14584558,0.06529467,0.0146032795,0.031129854,0.08114729,0.060712554,0.017277889
7026,0.13847838,0.077654846,0.0051215757,0.17629172,0.17719366,0.0358331,0.729646,0.24784482,0.011571215,0.011546997,0.0018448278,0.03266878,0.050924823,0.028200926,0.0031738323,0.103702635,0.0017609231,0.024828183,0.43834454,0.001630506,0.005667459,0.26192528,0.009419003,0.0036998861
7027,0.5740825,0.29774222,0.012623933,0.022486664,0.17211398,0.0666406,0.009876912,0.50979614,0.023899311,0.03302439,0.036197625,0.09152444,0.01296526,0.004706011,0.016937543,0.014670615,0.0008327588,0.07880672,0.11081247,0.032954037,0.0113899,0.31877735,0.81345433,0.029187325
7029,0.047541182,0.029549275,0.006472134,0.0062691863,0.4374303,0.122143164,0.002225637,0.48621008,0.07759032,0.034357566,0.020258026,0.003964736,0.20348744,0.011026787,0.01673374,0.2123179,0.00059702917,0.43944234,0.008496821,0.009475973,0.027177129,0.42169243,0.0053846417,0.0076538664
7031,0.021694604,0.19532797,0.011716105,0.2883731,0.089239664,0.022222111,0.22834465,0.7862537,0.06784475,0.028640568,0.003744746,0.010372061,0.08325931,0.040637147,0.009470828,0.04636389,0.0007616575,0.15938537,0.025377125,0.0021168392,0.027832279,0.048358932,0.008976513,0.009643179
7035,0.2510135,0.032553684,0.0038608615,0.008779353,0.5259716,0.42568538,0.012744481,0.574271,0.016621353,0.050815627,0.013985682,0.004216845,0.08621002,0.014620533,0.01116671,0.03748968,0.0007254819,0.08419647,0.03776117,0.008452914,0.015333294,0.4402819,0.006911044,0.005647489
7041,0.06714483,0.19618618,0.028907154,0.11259202,0.70410377,0.062273372,0.15529576,0.4224567,0.14696908,0.05365295,0.007445106,0.043228976,0.00092497194,0.04890632,0.03966368,0.0031294017,0.0009601347,0.1870866,0.008651667,0.011697827,0.8221709,0.015984572,0.025784414,0.054657884
7043,0.36222664,0.62764794,0.096263625,0.024492588,0.13874252,0.026364397,0.0534299,0.24442522,0.11137955,0.17850667,0.0059506795,0.041308504,0.1293251,0.008796404,0.009637515,0.032575496,0.000891489,0.03433366,0.9332854,0.039911624,0.009108514,0.22388367,0.008153992,0.01070971
7045,0.032984633,0.039967015,0.011690513,0.07811512,0.43378985,0.041122504,0.0047086026,0.6945087,0.028937876,0.03504687,0.016219921,0.015234852,0.048935127,0.08544193,0.09558178,0.033537723,0.0005365397,0.41356647,0.028439986,0.011153597,0.014374031,0.07946603,0.00858659,0.038227823
7052,0.010485716,0.013862435,0.006009415,0.018824568,0.36142412,0.006944752,0.009174883,0.7755236,0.012486048,0.027673824,0.0037483894,0.0037142339,0.054385852,0.016752776,0.014035265,0.022220988,0.0006310756,0.61383414,0.015034054,0.0066375053,0.03816957,0.08286641,0.0070566083,0.0009233196
7054,0.10222656,0.036080293,0.050445195,0.024302615,0.8589909,0.1257505,0.031950966,0.2195215,0.16118503,0.0316976,0.0038844214,0.012439826,0.012256483,0.015845176,0.015349485,0.018812748,0.00086384855,0.12071434,0.04120087,0.031946924,0.031839315,0.031713866,0.013046227,0.009545441
7056,0.06482721,0.029511677,0.030121762,0.25874513,0.24484603,0.41627106,0.13051501,0.8471613,0.020071302,0.015351972,0.038917743,0.063426435,0.0020697718,0.2107787,0.055275317,0.007279034,0.0008479009,0.12155057,0.008044416,0.00903878,0.027409391,0.057879113,0.02613897,0.027539719
7057,0.08710491,0.30497125,0.009106766,0.06815356,0.047117896,0.0046715434,0.045488436,0.6304391,0.019093528,0.075162776,0.0030055486,0.14542823,0.16522883,0.015844662,0.0087324185,0.08204099,0.00075919076,0.16115917,0.021439822,0.00779872,0.009870567,0.099585734,0.114370756,0.21153896
7059,0.036373466,0.07390978,0.011560263,0.0032152964,0.77494484,0.10300024,0.0028582227,0.69750434,0.07263072,0.035986573,0.01922642,0.0029911776,0.011968009,0.03538201,0.033711817,0.027902924,0.0006795543,0.40168408,0.039091527,0.003636564,0.025201762,0.13471666,0.0031572508,0.021918697
7062,0.13343297,0.041346364,0.01793436,0.013010138,0.36080462,0.2669606,0.008207566,0.24232446,0.052895635,0.043307204,0.006836457,0.007485171,0.6914637,0.0035622162,0.006456625,0.10143462,0.0006073094,0.022268414,0.20584151,0.013489841,0.0084652,0.570491,0.011388596,0.0018898175
7064,0.114522524,0.07764229,0.023978868,0.03192541,0.68698835,0.55911726,0.012005925,0.69835055,0.018552681,0.031390395,0.059443112,0.00989768,0.004675445,0.019331114,0.040493507,0.014836046,0.00058668124,0.13002637,0.005678498,0.014299063,0.035673484,0.124235064,0.007008543,0.032743
7069,0.018288627,0.061765,0.007864895,0.02747887,0.725192,0.17412378,0.0024966495,0.64028996,0.03122146,0.043224853,0.028043162,0.017473247,0.03890417,0.005289532,0.03337631,0.17346956,0.00062599935,0.44082102,0.0043136557,0.0077186,0.007643194,0.12176108,0.010372004,0.035397362
7079,0.7527086,0.88124806,0.05107801,0.06747657,0.09286024,0.02957622,0.012084806,0.65042007,0.14904988,0.035017814,0.013486084,0.1283287,0.008670394,0.011300747,0.035976376,0.026981,0.00066871766,0.11743004,0.10617126,0.013127052,0.11119819,0.23956221,0.58068675,0.015623447
7083,0.031842213,0.006854241,0.004894627,0.03304224,0.3260436,0.037831802,0.010655054,0.63722926,0.008400568,0.02134845,0.010173172,0.006125152,0.062104303,0.025656529,0.018330388,0.076646335,0.0006915794,0.5346569,0.056374077,0.005033018,0.0062225517,0.27239543,0.005319613,0.0011817698
7084,0.0074786944,0.062101506,0.04068495,0.052171465,0.5370549,0.019210849,0.004879169,0.79150885,0.4278135,0.08513202,0.0017885291,0.0035755462,0.15961684,0.022858515,0.026902976,0.04315081,0.00054513843,0.19283397,0.014591633,0.0065371525,0.0032984756,0.039424215,0.0062013594,0.012186192
7088,0.18931623,0.11062712,0.0247677,0.002239328,0.23715962,0.15306914,0.0010669419,0.23836578,0.08538337,0.23417667,0.044108946,0.0028908425,0.81474453,0.0030353942,0.02025539,0.2510581,0.0005407528,0.07545115,0.43905565,0.013033199,0.0031819073,0.5701462,0.006908446,0.0109156575
7094,0.06509321,0.017666992,0.008049494,0.747841,0.038241938,0.4311711,0.46555197,0.7583826,0.004156751,0.025729617,0.016954327,0.1932618,0.012751502,0.041638326,0.013247352,0.017028188,0.00094107515,0.029776422,0.010141376,0.022768565,0.015536945,0.15891328,0.03125816,0.06740108
7096,0.78502756,0.2501067,0.012018041,0.021034645,0.13148679,0.398342,0.011996382,0.35439512,0.009266591,0.025982507,0.021652145,0.018163342,0.12528042,0.038487677,0.036296703,0.07385849,0.0005997656,0.13696232,0.22104232,0.0026644785,0.017154474,0.3664445,0.013403968,0.013644072
7097,0.5062447,0.02919223,0.0022693747,0.065325715,0.17222263,0.81702346,0.018997585,0.7917321,0.0022178085,0.007882895,0.026982486,0.011718871,0.060163014,0.019497208,0.011224788,0.039311346,0.00066603615,0.03994206,0.043704778,0.0030219306,0.020891609,0.44352603,0.02017696,0.026248578
7098,0.054051585,0.2143724,0.031570535,0.031111646,0.22070122,0.020135095,0.0042478372,0.89118856,0.07090117,0.07379386,0.018466495,0.13324581,0.02248414,0.009792315,0.047298886,0.011164314,0.0005649967,0.7840097,0.019480623,0.0075578424,0.010936358,0.027296226,0.16276903,0.011342074
7099,0.027940605,0.029955648,0.003849667,0.3140235,0.7084834,0.079563886,0.42723712,0.32228,0.016869737,0.025831163,0.003551743,0.019503025,0.0041060806,0.050093606,0.032614734,0.016378494,0.00081854605,0.27314097,0.008270128,0.004924814,0.10096563,0.019863185,0.0023318767,0.0052631134
7101,0.079797454,0.054950155,0.00477196,0.013158817,0.38033175,0.19323196,0.0077127144,0.54820937,0.007370736,0.3046062,0.031376358,0.009433571,0.15932682,0.011037003,0.0201668,0.09026574,0.00056788966,0.15002513,0.044249,0.004258312,0.004301904,0.17406173,0.008500566,0.04623332
7102,0.8586934,0.18564953,0.025454987,0.009867222,0.23218878,0.28882986,0.0085291555,0.2510735,0.056563843,0.10576209,0.018297967,0.030127723,0.18774773,0.003927615,0.00672382,0.06032666,0.0007762534,0.027551146,0.73705435,0.005441442,0.0087971855,0.6765563,0.028137488,0.0037160127
7112,0.56311446,0.7514588,0.049866922,0.05719972,0.16127858,0.43059415,0.005221753,0.51018333,0.15040979,0.061704557,0.019444717,0.08218551,0.005199204,0.008028026,0.035411064,0.09028518,0.0006392581,0.2168722,0.052728668,0.0066122194,0.004897554,0.40194947,0.023934783,0.10000148
7114,0.8652895,0.37004188,0.0037724606,0.009713351,0.1756518,0.52883387,0.002878389,0.22971788,0.05128308,0.028218327,0.017883914,0.011029075,0.0665974,0.0023441291,0.003637464,0.2545751,0.00073500455,0.053851463,0.33330515,0.0009913656,0.0066553215,0.8632487,0.027273268,0.019662663
7115,0.018613908,0.025639031,0.007166052,0.017061528,0.37289578,0.083477266,0.004346619,0.3129557,0.030130688,0.1404573,0.05574725,0.008178722,0.43121374,0.012011809,0.029499574,0.28777954,0.00051821873,0.34543666,0.017892953,0.00573899,0.0030661386,0.4006592,0.007917746,0.0043057655
7117,0.04745298,0.017514292,0.0074666166,0.04187933,0.74851424,0.19312446,0.06085102,0.28542614,0.012814704,0.028810525,0.0024383885,0.0048094396,0.03686562,0.7215183,0.09510411,0.029246561,0.0008163631,0.10197612,0.011547868,0.0017171695,0.0061874078,0.07015712,0.0012984347,0.0076896814
7119,0.8296318,0.18294203,0.004299404,0.014593827,0.12290569,0.38774267,0.00034767494,0.6771178,0.00782388,0.016272468,0.0908545,0.048261702,0.027883587,0.0022013518,0.0091737695,0.11932771,0.00054247753,0.15687138,0.23767385,0.0037405505,0.0019343771,0.86073995,0.24316573,0.013411921
7121,0.028146073,0.10465814,0.02408473,0.013037476,0.3161657,0.00714052,0.037458006,0.62347233,0.13260357,0.02370571,0.0011722171,0.037148636,0.037881814,0.040808026,0.013229412,0.006469258,0.00085758645,0.21401869,0.024515001,0.00602111,0.018803991,0.027033491,0.13314123,0.04172418
7122,0.09409572,0.007030458,0.004320768,0.01841723,0.6336215,0.85702,0.006519092,0.70072764,0.0064684404,0.009034126,0.07269872,0.004956826,0.006725384,0.010952881,0.005664671,0.052797873,0.0006475053,0.31663957,0.0057572485,0.00758834,0.014101669,0.45584682,0.0029822816,0.024210533
7123,0.035653982,0.06556608,0.009928503,0.02937506,0.5286435,0.020394508,0.0052149436,0.18437827,0.054978672,0.3264354,0.0066084615,0.027941465,0.86562157,0.0049335496,0.041433126,0.09780061,0.0005955802,0.09073071,0.077102885,0.010478436,0.0036279869,0.14396366,0.017520536,0.0052576317
7124,0.45615324,0.021323444,0.003584231,0.027203413,0.06958511,0.54769224,0.017305275,0.5982348,0.00496072,0.008467878,0.021662988,0.029579079,0.10782617,0.018602906,0.0022988215,0.06145407,0.00072030444,0.08594549,0.044029046,0.0036719001,0.023854807,0.47625127,0.004889624,0.03983249
7125,0.13979274,0.053827956,0.020184333,0.017102223,0.7250158,0.029842485,0.011697612,0.5816186,0.16462965,0.013956924,0.0053035575,0.015445197,0.0012536072,0.008903924,0.020299943,0.0019799834,0.00083679205,0.45085782,0.019283276,0.010668207,0.7660284,0.0165877,0.1333703,0.016341193
7126,0.07487313,0.2319999,0.0066141267,0.112686895,0.031660113,0.022790074,0.027967244,0.94382757,0.048812583,0.005498972,0.0030346005,0.14025447,0.012512338,0.01169101,0.004886472,0.022805505,0.00080781337,0.12673014,0.036986608,0.008452633,0.0056164986,0.057764564,0.8792298,0.009129597
7128,0.027825398,0.056809813,0.013314376,0.023497535,0.35787418,0.023457145,0.017018238,0.7034506,0.033834767,0.078343555,0.01186836,0.019783717,0.051588137,0.014247384,0.04364645,0.067119524,0.0007539518,0.6936179,0.018068781,0.010646422,0.009776215,0.10995059,0.052815527,0.012210881
7133,0.14948922,0.10296171,0.008297415,0.20363705,0.2394529,0.13939214,0.062123466,0.933347,0.006633203,0.012838172,0.010596949,0.20261027,0.00023450804,0.014192694,0.0049421084,0.012802886,0.00093647774,0.2108322,0.006233929,0.004841969,0.27135628,0.1020787,0.1706239,0.03344764
7137,0.37965074,0.4912633,0.017266508,0.08762609,0.08184664,0.059029356,0.013978525,0.57570064,0.054131195,0.025883183,0.0042192205,0.30781972,0.015438158,0.015977321,0.030593704,0.0032891175,0.0011336943,0.046686236,0.021755287,0.018091142,0.012790134,0.06775233,0.22909789,0.8912353
7138,0.58216554,0.36902303,0.019832553,0.039003953,0.25020903,0.23141786,0.00836895,0.3542906,0.054921836,0.016180571,0.008728861,0.041070387,0.03689202,0.009023093,0.03773115,0.02867221,0.000808389,0.107732005,0.010110602,0.010635152,0.061670676,0.2975859,0.04103173,0.79133385
7140,0.01242385,0.025512477,0.0055211424,0.023557117,0.7198584,0.030672526,0.010402648,0.5568269,0.061299182,0.054854486,0.006571249,0.0071947896,0.016285922,0.017994372,0.08728742,0.02888322,0.00070505845,0.616356,0.0032332514,0.003368248,0.0069064046,0.03182584,0.0021941138,0.04138488
7141,0.43492323,0.059501696,0.042328678,0.015990725,0.37571296,0.11086692,0.12152294,0.2330475,0.035076037,0.0274508,0.003493848,0.04216444,0.08786086,0.03439966,0.022945577,0.006696609,0.0009557137,0.027960515,0.08913593,0.06432332,0.059869263,0.16600865,0.06698477,0.00923608
7147,0.34808397,0.07228903,0.006502295,0.014109513,0.32648692,0.40798336,0.0068129725,0.35299695,0.017565055,0.03365809,0.013008546,0.008696072,0.08727116,0.0061793234,0.009391743,0.094818726,0.0006615918,0.09901608,0.018000634,0.009546302,0.0053238887,0.63584125,0.0015960088,0.015492553
7151,0.29483914,0.051624745,0.007851438,0.04182911,0.35897532,0.17429863,0.06564498,0.48689857,0.016466908,0.0033135528,0.007388305,0.08135667,0.0066450397,0.018904917,0.01994013,0.009326745,0.00090123125,0.095073484,0.03465127,0.0055579282,0.060311854,0.1332939,0.063974544,0.049005423
7154,0.014177751,0.09331668,0.05888988,0.020864563,0.76075685,0.035946984,0.14171958,0.18090418,0.23882487,0.14616199,0.0011782477,0.00975662,0.2983017,0.013054359,0.007491521,0.012470918,0.0009474005,0.015005802,0.10794716,0.011795288,0.0035396076,0.051905155,0.0027325985,0.0030700967
7155,0.114945695,0.22714181,0.043700684,0.0054524182,0.7727397,0.06671834,0.017580705,0.18655157,0.04933144,0.09375062,0.008243143,0.002203177,0.35296,0.050885312,0.025348341,0.06998022,0.00067325693,0.11427153,0.090846255,0.0052212076,0.0052716583,0.14214827,0.0036171528,0.0035321363
7156,0.018194908,0.029267687,0.0049273856,0.10146891,0.20713525,0.09524938,0.005766181,0.7691389,0.024226045,0.18277802,0.010586899,0.018115181,0.06721093,0.12107454,0.021390676,0.12968071,0.00062590034,0.16125204,0.014666148,0.0026883574,0.028092334,0.20573065,0.00682421,0.009061008
7158,0.098114744,0.13506296,0.025965853,0.011314725,0.6348973,0.0795465,0.0018436566,0.6534821,0.1276291,0.049542625,0.0247904,0.005891465,0.006985874,0.010380454,0.03951237,0.05559546,0.0006469828,0.37242934,0.020480713,0.0053346413,0.0326674,0.16798453,0.016110795,0.003664196
7161,0.026348991,0.014764736,0.005024572,0.058327675,0.72159183,0.1977675,0.005673347,0.7172521,0.028222976,0.017197587,0.021905936,0.003003185,0.0051335,0.31612355,0.08742991,0.05904038,0.0005730027,0.34276956,0.0048289886,0.002221545,0.030079868,0.051072612,0.0050456556,0.007848756
7164,0.088769235,0.3526764,0.03595625,0.025579248,0.3875032,0.04088035,0.0070303385,0.5205601,0.17489472,0.14302096,0.009373218,0.022172105,0.056727625,0.0039595687,0.031075165,0.19195707,0.0007865866,0.3100338,0.068035096,0.0048493934,0.0006939059,0.16515823,0.022189984,0.009840271
7165,0.027763091,0.009207017,0.0021249794,0.17318138,0.42921758,0.13328017,0.47638065,0.5643423,0.006243454,0.0042752298,0.017060727,0.1557085,0.0011788214,0.0046496163,0.0062798066,0.030641034,0.0012446352,0.10519505,0.016859071,0.0050475234,0.010490765,0.12209346,0.062764004,0.007561548
7166,0.110907,0.49831763,0.08436597,0.07855662,0.08852124,0.012895685,0.083965376,0.7069345,0.22406152,0.28508124,0.001124435,0.054306112,0.04725298,0.02880665,0.0139780585,0.031086415,0.0009172274,0.06690681,0.05491989,0.022398308,0.01469086,0.07129319,0.04640634,0.010249066
7167,0.021443803,0.02505993,0.01410094,0.01966158,0.38205162,0.03031539,0.012828839,0.50376683,0.08729447,0.033626907,0.010209237,0.0088792825,0.10660859,0.0625724,0.057003997,0.06350998,0.00068819505,0.43748078,0.0111000445,0.0059059523,0.011074212,0.16121693,0.0073117088,0.0055790762
7170,0.056713946,0.114927314,0.04779375,0.15784211,0.22313654,0.014200955,0.018975182,0.5143641,0.11345914,0.25863597,0.010630196,0.34357178,0.008791142,0.028897183,0.06322218,0.037280917,0.00077966246,0.56610125,0.021193169,0.018682318,0.0052710506,0.057918802,0.03721067,0.00390981
7175,0.068664484,0.016498161,0.012933427,0.07382625,0.23084368,0.22533168,0.16904005,0.64619863,0.009479439,0.005685036,0.010233425,0.009770553,0.015576562,0.23351417,0.02186065,0.03686055,0.000728285,0.101777546,0.024796812,0.0050923238,0.058984358,0.22635691,0.008085488,0.009574844
7177,0.69852555,0.24600334,0.0020960793,0.039009415,0.09658028,0.46072835,0.0039637345,0.7618983,0.033635855,0.010878223,0.009734173,0.036666967,0.00955837,0.012094111,0.0066852057,0.12916905,0.0007880714,0.04449914,0.020860648,0.0017382195,0.007897224,0.48673978,0.106918976,0.027702656
7179,0.0504723,0.01700148,0.0031855847,0.01815595,0.73344857,0.3521925,0.0074134003,0.46230778,0.009306597,0.035491228,0.0087463595,0.005460831,0.047627456,0.020012254,0.0044951094,0.06832454,0.0006344241,0.27905443,0.0075299707,0.0021688505,0.042459626,0.23734586,0.0034310548,0.0061629117
7180,0.22308257,0.039412722,0.007872467,0.007689969,0.40254262,0.19919415,0.0131440135,0.27263483,0.016865987,0.01692682,0.027364038,0.009976616,0.05958434,0.050312243,0.037647117,0.16808082,0.0007570314,0.16699919,0.08148197,0.0039648605,0.016068537,0.30937362,0.016163426,0.00668519
7183,0.008515541,0.018831324,0.013276143,0.03279295,0.89065343,0.07848756,0.020791966,0.6326587,0.025340248,0.037937112,0.008160042,0.01345599,0.012846018,0.1710975,0.14267977,0.019905007,0.00073731964,0.43253562,0.004662639,0.009562592,0.00765441,0.023204414,0.0024265205,0.0028801428
7184,0.26443538,0.15997109,0.02008513,0.011400155,0.10356702,0.14594932,0.008642944,0.5076464,0.01945733,0.03581265,0.020057192,0.0122096045,0.46027043,0.0011719492,0.0050289603,0.04342738,0.0006500026,0.05913821,0.35912788,0.015953401,0.0046443758,0.37425646,0.023771323,0.026707245
7186,0.047919866,0.022713687,0.0039529884,0.009850647,0.54035294,0.13847652,0.0037066787,0.68583244,0.020016251,0.027100861,0.020423071,0.0018729692,0.11950298,0.08660672,0.033285648,0.105870485,0.00061379414,0.3322229,0.034682464,0.0020991175,0.003511907,0.24672809,0.0017692863,0.009161992
7190,0.004494717,0.026550371,0.0062714033,0.04497018,0.6075722,0.012120318,0.13405278,0.4827759,0.14541288,0.05799508,0.0012248032,0.025519056,0.034497824,0.054253384,0.03166968,0.024974972,0.00094605435,0.26425293,0.0012936095,0.0060042134,0.04890979,0.015935902,0.008426386,0.01395363
7192,0.014768177,0.041229762,0.0047130003,0.019013913,0.6612652,0.056257583,0.002320454,0.82432914,0.033963993,0.029720878,0.0156192165,0.0076396503,0.012803134,0.007823558,0.01613167,0.017876914,0.0006103145,0.6578544,0.018303445,0.0026018645,0.005507022,0.04719294,0.004059006,0.017168814
7193,0.22341487,0.35077274,0.026029376,0.023998318,0.48817474,0.034911197,0.036362294,0.44139168,0.14456841,0.021488026,0.005076787,0.007864137,0.0020421252,0.037827585,0.010290355,0.0044941665,0.00072276476,0.18774022,0.024321293,0.0062354505,0.6094138,0.03071085,0.0082605155,0.018033976
7196,0.0061169397,0.0019182842,0.003980956,0.054334097,0.5084615,0.14970389,0.08931115,0.7508925,0.0019836654,0.014240166,0.012444982,0.0025145474,0.0625938,0.33231303,0.02451832,0.0361382,0.0007139321,0.3590034,0.00741413,0.0019391665,0.0051179985,0.09050543,0.0026272796,0.0030081489
7206,0.041555002,0.029062891,0.03803621,0.026752254,0.3400381,0.020567115,0.057150636,0.66845214,0.07805146,0.083789445,0.0055677807,0.009813624,0.0123144025,0.014218849,0.013130375,0.030147057,0.001010259,0.20388012,0.18668537,0.056628793,0.0062528187,0.06937849,0.0070715346,0.0024981534
7208,0.033261597,0.018400583,0.0047443667,0.03432851,0.25245088,0.46087575,0.0031432975,0.92375153,0.009884535,0.008440848,0.073148325,0.0075807236,0.027438805,0.017142016,0.015626485,0.06401806,0.00050146267,0.24698691,0.021006808,0.006439393,0.0126292,0.3411909,0.024035515,0.0088961385
7214,0.011063372,0.011960496,0.01166151,0.38186634,0.28665233,0.059721846,0.34516236,0.73638326,0.016671112,0.017676875,0.01121084,0.04630842,0.0046555297,0.075755484,0.008433963,0.026102018,0.0010809061,0.114061914,0.0044974447,0.007142843,0.46237275,0.09458864,0.011062463,0.013712546
7215,0.19377689,0.13528807,0.022018347,0.02688248,0.28910252,0.6931107,0.00244295,0.29770675,0.052336056,0.31120092,0.08394507,0.02166944,0.36920488,0.0033451302,0.011779408,0.45027983,0.00059693784,0.042974237,0.090198085,0.005825287,0.0012710195,0.70408094,0.008440062,0.013667425
7218,0.02432945,0.02570497,0.0078172125,0.0048463843,0.13557541,0.02592252,0.003914318,0.47264034,0.012343993,0.21206445,0.01902844,0.0034878894,0.9529661,0.0040288637,0.026679944,0.671882,0.00055064703,0.2689668,0.09637268,0.007408391,0.002870375,0.5448562,0.0026226805,0.002664774
7221,0.01781546,0.20382261,0.09256875,0.020987272,0.7461233,0.036451478,0.002042751,0.49852663,0.3412521,0.37287158,0.0107587045,0.032298688,0.037071437,0.012360525,0.23551917,0.018046608,0.0005221519,0.710493,0.0067050885,0.0066478574,0.012017752,0.019930428,0.00970163,0.023753818
7226,0.2537945,0.30899763,0.037753306,0.0112244645,0.25338936,0.1657459,0.0013275696,0.44807398,0.36716324,0.19804645,0.0219729,0.011450372,0.069872566,0.016726116,0.021942917,0.18654224,0.000553281,0.1572227,0.30160493,0.019976346,0.0027266806,0.43144605,0.013606902,0.00799374
7227,0.25416818,0.15297142,0.018780582,0.01705793,0.609791,0.30336058,0.0030284885,0.44166383,0.07646851,0.07705297,0.027344193,0.010481734,0.035360444,0.033871286,0.05232517,0.08941989,0.0005222238,0.22395688,0.024713488,0.0063763224,0.05179849,0.43632525,0.00814259,0.014131991
7230,0.050483946,0.009601591,0.0034962227,0.03242182,0.63680077,0.084313534,0.01639614,0.55294526,0.007387501,0.01430058,0.0052720606,0.07361815,0.021072222,0.027997768,0.020993372,0.020226961,0.000967238,0.25497082,0.0036969432,0.010904683,0.0023237318,0.092253245,0.06260359,0.016318306
7232,0.0056261527,0.006863348,0.0044166357,0.032737833,0.24818076,0.025536904,0.029260365,0.78778464,0.021821737,0.012125755,0.020309553,0.019354386,0.025337417,0.021503255,0.042409696,0.032092936,0.0006777621,0.61684054,0.009204407,0.014543239,0.004283957,0.045677416,0.029557455,0.0049954113
7239,0.25810152,0.052915372,0.0039680386,0.050674584,0.103912756,0.72633445,0.0058372924,0.7034323,0.011127699,0.006051634,0.031205872,0.070431896,0.014834491,0.0049365726,0.0224988,0.026940757,0.000636341,0.109636694,0.0053477664,0.0068139276,0.0017882464,0.37094763,0.009210545,0.26344237
7240,0.052286074,0.011117362,0.0031074467,0.019648729,0.77973866,0.13840699,0.018641345,0.66143876,0.0038953112,0.012270836,0.010167195,0.008868219,0.024812995,0.03485181,0.025260376,0.042840064,0.0007539123,0.705886,0.021238424,0.0050901547,0.004881784,0.13103016,0.0042038225,0.008414171
7241,0.076158345,0.20971471,0.03456787,0.012365113,0.8853458,0.15212746,0.0034380597,0.34077868,0.1927057,0.046560228,0.016203443,0.008848024,0.013738438,0.0056365207,0.044779647,0.015405656,0.00066965766,0.1047511,0.029678324,0.020244796,0.018048031,0.16918974,0.002351852,0.016576597
7245,0.004136513,0.017819906,0.0074615227,0.01329128,0.71403354,0.047956947,0.0044746543,0.87455344,0.024059923,0.037296854,0.010639895,0.016229322,0.017383214,0.007688448,0.026913676,0.026541302,0.00065948983,0.6797503,0.0035636278,0.016698187,0.0024889377,0.062321674,0.028532583,0.0023069135
7253,0.59672564,0.3579066,0.040699225,0.026253223,0.1646307,0.07584775,0.15582639,0.03976344,0.073610805,0.06695364,0.003062677,0.03338387,0.4478277,0.020719904,0.0057291603,0.024129136,0.0010537992,0.013302422,0.31999457,0.02079708,0.017323978,0.21952946,0.016279126,0.0311927
7264,0.012422253,0.04632471,0.027006457,0.13279459,0.80403167,0.12591729,0.04270694,0.45847434,0.07810279,0.02860656,0.019820461,0.022632321,0.003788219,0.018252112,0.020044621,0.07406287,0.000911831,0.27559525,0.024828397,0.005855687,0.0062749344,0.08814504,0.0088238735,0.0066529005
7266,0.07053649,0.056111775,0.027536131,0.0028323627,0.65641856,0.03110175,0.0028700638,0.4385196,0.21893305,0.04101915,0.01681192,0.004894613,0.07675955,0.021161208,0.027298393,0.026509214,0.0005956446,0.20976983,0.078821816,0.015225369,0.102521524,0.13835196,0.015930489,0.002016734
7269,0.0033315036,0.005431408,0.017172258,0.03634209,0.82286704,0.030213185,0.020605803,0.7107164,0.081207365,0.012503292,0.007977588,0.008251778,0.0065207724,0.040244564,0.028278477,0.024370627,0.0007397111,0.399927,0.017301619,0.00992162,0.012501238,0.017930144,0.011847029,0.0017297511
7270,0.018851705,0.013534147,0.009621699,0.0047662025,0.8146056,0.08950374,0.001953533,0.43713918,0.033162925,0.06305379,0.02359434,0.0007704004,0.057332475,0.023887435,0.044222273,0.16857086,0.0005853123,0.6893909,0.070517704,0.014437766,0.0022627497,0.22865407,0.0052045095,0.0009497223
7274,0.006965698,0.0143109495,0.025555518,0.15357631,0.33924332,0.024432518,0.17462428,0.613855,0.024242563,0.071274534,0.0031863495,0.01079661,0.03093098,0.026634693,0.02869934,0.038189955,0.00092310144,0.27441674,0.03382889,0.010493952,0.0030159915,0.022704227,0.013397928,0.0037805662
7280,0.12853356,0.3711782,0.03427117,0.011947784,0.09188569,0.015948618,0.007973661,0.73585135,0.049706623,0.060871422,0.009257791,0.016192704,0.04796359,0.0028982658,0.0056514023,0.10082391,0.0008117159,0.20816506,0.15281475,0.031634875,0.010431237,0.43453303,0.06479915,0.015029967
7285,0.17659593,0.36086017,0.12634045,0.11050551,0.6578934,0.18747593,0.108519204,0.11255931,0.313443,0.24847655,0.004331457,0.01739616,0.020514743,0.025168054,0.022970455,0.04309843,0.0008474588,0.04890315,0.49257874,0.015228614,0.033355445,0.07506459,0.0015853001,0.020447928
7287,0.3453242,0.102488294,0.026744248,0.029482901,0.11844807,0.50702065,0.012918637,0.79592454,0.028012378,0.013254665,0.014657353,0.03529204,0.006248261,0.030138714,0.0068647237,0.058875438,0.00070516195,0.1476954,0.049771443,0.0070903026,0.008397586,0.3221425,0.109712064,0.0052431053
7291,0.082262516,0.042502336,0.012367431,0.02024122,0.7252549,0.13238569,0.0065212324,0.41470996,0.03503478,0.020677714,0.034091506,0.0040878505,0.061123695,0.019985484,0.025102746,0.03562769,0.0005652396,0.33500937,0.03007986,0.009530422,0.011640326,0.11345453,0.005908116,0.031959224
7294,0.035290353,0.011604885,0.0019614329,0.013030856,0.58924705,0.16888054,0.0012826212,0.8767964,0.016650965,0.011187464,0.025228538,0.0032671248,0.008331708,0.0205297,0.00839483,0.042487998,0.0005585731,0.6857719,0.0058845603,0.0015017141,0.012354449,0.2017182,0.009416267,0.005587347
7295,0.022233248,0.021604484,0.013492663,0.0037243513,0.835451,0.15490192,0.001064166,0.47839564,0.08975398,0.08499515,0.032152675,0.001830724,0.18885502,0.0070064454,0.054957546,0.07549939,0.0004917985,0.4255006,0.029044058,0.0038036376,0.005042339,0.120691784,0.001913364,0.0013546603
7301,0.08182618,0.20747048,0.032800555,0.016724123,0.13258718,0.14732037,0.010729629,0.47550812,0.20248434,0.07114025,0.015045795,0.006834375,0.07145727,0.011163189,0.015241141,0.20102848,0.00067862496,0.12364599,0.08152204,0.022951458,0.0035327307,0.44347396,0.009235329,0.008759073
7305,0.100046396,0.041244164,0.0065127797,0.058339093,0.2928115,0.10097735,0.06832684,0.62380064,0.005761413,0.019441016,0.031413767,0.0040394007,0.12142038,0.017963577,0.0074166707,0.038859952,0.0006497406,0.067767754,0.1340692,0.005386555,0.10338442,0.18289156,0.009693145,0.009099356
7310,0.029827524,0.033086956,0.017412893,0.011481276,0.5314197,0.10439336,0.004052571,0.286192,0.040183175,0.25180295,0.021655837,0.0026533296,0.78316575,0.021992147,0.020647489,0.23878005,0.00054811966,0.14743558,0.023346094,0.004069477,0.0031274608,0.2581672,0.0017991902,0.019959975
7311,0.023346245,0.045401298,0.027773106,0.057898864,0.18100438,0.0147753805,0.11105842,0.71274066,0.009758012,0.053405333,0.0015553508,0.030632565,0.03947984,0.018577002,0.036354717,0.025853215,0.00091633253,0.5091932,0.005692362,0.021761734,0.003062581,0.05687707,0.0452975,0.024630254
7312,0.5548807,0.062757775,0.0067822123,0.009064494,0.41107887,0.4734841,0.008163107,0.43577537,0.0215054,0.014537812,0.018247304,0.013790363,0.030118823,0.017168356,0.023709778,0.12222406,0.0007379723,0.13748501,0.101664215,0.0061044586,0.0050131613,0.53169376,0.019751452,0.0030841937
7314,0.02608535,0.0080122175,0.0061864257,0.02326593,0.7433732,0.25355256,0.027408807,0.2659045,0.024340652,0.01628826,0.012702995,0.0024064025,0.1576855,0.023022158,0.014775117,0.03747064,0.0006555948,0.13528186,0.10698408,0.0067933123,0.003650046,0.25124156,0.001730606,0.0043061906
7321,0.023341164,0.051211357,0.013408451,0.06423235,0.27929008,0.016890682,0.008148861,0.9158345,0.15351613,0.009886127,0.0036741025,0.013921461,0.002788083,0.027150214,0.023972923,0.0048430213,0.000626805,0.45453617,0.002680593,0.009045099,0.57328975,0.0232029,0.029781496,0.0073617715
7326,0.021294098,0.034250103,0.004440236,0.008679957,0.2815815,0.093871355,0.001367471,0.72119397,0.04057942,0.038138747,0.035684474,0.007164651,0.118076116,0.004858342,0.031336535,0.12029457,0.0006378505,0.38244784,0.033346605,0.0013713262,0.0039066784,0.2483504,0.009571805,0.0033123689
7327,0.05456869,0.12325916,0.036576297,0.049474083,0.8734689,0.06537781,0.0049168873,0.49665487,0.17865005,0.02750126,0.006244833,0.006653074,0.002005911,0.038120884,0.056776438,0.006999857,0.0006710015,0.46776816,0.0037572642,0.0123763345,0.6481656,0.025253912,0.005170919,0.058023084
7329,0.005548296,0.021966057,0.0038523413,0.014163622,0.5270943,0.033974368,0.0027551607,0.8447403,0.019618886,0.03873256,0.009389596,0.0034232312,0.023332441,0.037950557,0.013390808,0.05270247,0.00058318593,0.79124296,0.0057582865,0.003287425,0.010189689,0.12027269,0.005563769,0.013077535
7330,0.050179116,0.09151048,0.033473115,0.028123837,0.3271396,0.021727834,0.010086639,0.5597405,0.19427897,0.09551865,0.006954924,0.008654457,0.035143465,0.027627101,0.024615537,0.040145695,0.0005936674,0.20066589,0.03859518,0.031031126,0.25382927,0.080917835,0.0031298227,0.038640067
7339,0.013604784,0.015713243,0.0067665586,0.036649115,0.48194557,0.064278215,0.006271106,0.85337925,0.059105325,0.009356504,0.0050000544,0.017033817,0.008934488,0.006834984,0.015668113,0.012903704,0.00064454594,0.40521216,0.011365421,0.0071613914,0.039636288,0.050226625,0.022669246,0.016798228
7340,0.09870302,0.07279368,0.0181689,0.0105764745,0.50191957,0.20033224,0.004784014,0.64965016,0.046911046,0.030613491,0.029650727,0.009890991,0.05438789,0.010881143,0.01875049,0.036299538,0.00058438943,0.07268199,0.035746098,0.017843883,0.015116283,0.15883498,0.022291403,0.07207846
7343,0.89986795,0.5907582,0.056933552,0.037529755,0.20789738,0.27327827,0.010343102,0.21781582,0.07900352,0.3680704,0.008039262,0.017515186,0.046810456,0.015115211,0.019849472,0.06759424,0.00067956076,0.15012477,0.12884793,0.011474052,0.07181267,0.37664044,0.006296534,0.014615128
7345,0.06008555,0.052290574,0.03563539,0.034873392,0.34895444,0.039565668,0.01273121,0.55672956,0.030213261,0.0662617,0.016494447,0.022529216,0.016739726,0.05411207,0.05399818,0.057642702,0.0007302503,0.77695143,0.15519875,0.0118200965,0.008421913,0.09897471,0.002692148,0.0029059527
7350,0.054428663,0.032477003,0.01577218,0.03629182,0.49923584,0.45245808,0.007053111,0.8137241,0.09204541,0.021383088,0.025114264,0.014167477,0.007888416,0.01680873,0.011757071,0.011627677,0.0005843374,0.1968976,0.012479547,0.0057239393,0.018897882,0.07630197,0.006106802,0.016133787
7351,0.036922805,0.0693324,0.009217227,0.114687875,0.21395749,0.028852303,0.12279322,0.53965145,0.01811831,0.012510118,0.010457213,0.22393593,0.009352138,0.02423319,0.016603965,0.037642702,0.00083695597,0.58598274,0.00349413,0.006208558,0.010193806,0.099704504,0.055683464,0.015289783
7353,0.29877207,0.34506223,0.07965621,0.019928696,0.63038373,0.11394496,0.00928961,0.44975108,0.12997024,0.15766478,0.025070312,0.030602131,0.021575365,0.026219033,0.06935163,0.01815504,0.00061931164,0.4103113,0.029176699,0.008958528,0.0160479,0.08166125,0.06193502,0.05973016
7355,0.12164638,0.15382826,0.14206548,0.010366473,0.8937479,0.06722086,0.0041734953,0.18572043,0.5673936,0.060158864,0.008607308,0.011768007,0.04217227,0.00548074,0.056447137,0.010829972,0.000648891,0.32800433,0.050456364,0.021919958,0.12420899,0.025245817,0.030196073,0.01885005
7357,0.32957497,0.054091096,0.009959581,0.048852526,0.09909612,0.1469198,0.016954875,0.82743734,0.016613513,0.01600054,0.023448624,0.028595775,0.013886555,0.015641807,0.009394107,0.038290318,0.00065791415,0.21564847,0.047045074,0.009939492,0.010371518,0.30244476,0.11116553,0.016836766
7358,0.6131777,0.4325652,0.0650014,0.09675125,0.107493505,0.009148142,0.07811899,0.43000844,0.09470777,0.047154807,0.0021655466,0.5790624,0.0032936477,0.011222798,0.021883752,0.0033188912,0.0011121846,0.12614228,0.18360567,0.010624,0.020505907,0.028358188,0.29143187,0.01085604
7368,0.31084698,0.08623795,0.0058182934,0.008554484,0.118910216,0.18538237,0.0029669616,0.3907035,0.006119097,0.109231174,0.045456745,0.018566938,0.5556615,0.0038281698,0.0043881224,0.4129527,0.000557385,0.1124116,0.060047667,0.0062145595,0.0063171233,0.68348503,0.024428897,0.0034077517
7373,0.1636938,0.053422615,0.0027824726,0.009901579,0.31525227,0.25471553,0.0049008434,0.7390118,0.028134389,0.020792214,0.021826912,0.008777648,0.022332467,0.007954526,0.006227097,0.065274544,0.0006071575,0.2824696,0.0060343547,0.0033578454,0.06305499,0.2353173,0.040372495,0.034949277
7374,0.036503166,0.084992036,0.032041617,0.045358013,0.14209385,0.035367284,0.25091115,0.08689288,0.06537871,0.13833389,0.002804016,0.047647167,0.6389463,0.012683095,0.015710587,0.29144293,0.0010957391,0.036539853,0.2153499,0.015942859,0.0022198185,0.18383516,0.01424186,0.005713021
7378,0.030394744,0.021347418,0.0052204677,0.0070857927,0.81078434,0.16613635,0.015492174,0.4465753,0.044768758,0.011168179,0.029046735,0.0056207934,0.0041520065,0.044376437,0.018579815,0.017540017,0.0007838125,0.18432793,0.012532216,0.005253217,0.044213105,0.09248215,0.009133765,0.018002557
7380,0.012646878,0.044230506,0.024387872,0.019654183,0.6887602,0.021399507,0.006808963,0.82612604,0.09453665,0.09162196,0.004587769,0.009080449,0.026421385,0.013085673,0.022469996,0.014951067,0.0006230685,0.37191993,0.0016616043,0.006587565,0.016418142,0.018351797,0.021821791,0.01785051
7385,0.03625736,0.08165745,0.013170953,0.08267429,0.12443563,0.017956184,0.63672227,0.45203623,0.013631641,0.09000926,0.0018588259,0.042267755,0.045845047,0.033241753,0.003186681,0.021541871,0.0013194084,0.045686897,0.19936557,0.0054024863,0.008096012,0.18037955,0.008107703,0.010418677
7390,0.04284479,0.11441083,0.034838855,0.03479706,0.88843006,0.099237055,0.016214391,0.2138657,0.088891245,0.058711264,0.013710682,0.010145447,0.012280267,0.032594316,0.09179037,0.012081454,0.00069008814,0.3685605,0.015575407,0.009754714,0.05208501,0.019956147,0.0017479039,0.03706066
7392,0.25364912,0.5710863,0.3662937,0.019254042,0.5884363,0.025481122,0.005360377,0.22163308,0.5927402,0.7238952,0.0075563258,0.017419862,0.08994114,0.034755126,0.19531323,0.015428992,0.0006185,0.13176763,0.07032336,0.014042961,0.009178751,0.051023263,0.03288066,0.018580506
7394,0.2589447,0.6762284,0.34008232,0.009064228,0.60714936,0.039296824,0.03602888,0.027092626,0.47218582,0.6718238,0.0034367465,0.004430845,0.77516276,0.0206105,0.030879328,0.06174478,0.0008101843,0.019687846,0.53889656,0.013599754,0.008606153,0.0929151,0.0038012029,0.011238074
7395,0.0139589785,0.009849033,0.014529843,0.04136852,0.6161948,0.043450672,0.05537996,0.7804759,0.03348893,0.06981488,0.008345106,0.0049755983,0.011263917,0.32158035,0.069915175,0.015438557,0.000738412,0.2961397,0.015920848,0.011325878,0.04493467,0.0388447,0.0068780067,0.0061033187
7397,0.01957299,0.01631634,0.0033261643,0.06118954,0.18964234,0.04000669,0.012771795,0.6592448,0.0043832688,0.057879493,0.035129555,0.006234248,0.3448544,0.031431474,0.01609372,0.3558973,0.00066910783,0.25284854,0.039850105,0.003824137,0.004205254,0.39294526,0.013330039,0.0024776657
7398,0.045847185,0.194211,0.05398593,0.0073526795,0.33704108,0.0077386242,0.028634824,0.19864692,0.076248735,0.044510547,0.0048354985,0.016218225,0.40300292,0.015026213,0.018860808,0.040506613,0.0008395359,0.086820096,0.18305744,0.020340038,0.0076831677,0.14031132,0.01689991,0.028558137
7400,0.07493524,0.026219398,0.002415281,0.04360597,0.33712068,0.52097577,0.0093933,0.7736636,0.013290374,0.03307559,0.01854042,0.012300445,0.035615433,0.028331917,0.0122968415,0.044757,0.0005612278,0.31711438,0.0039028192,0.0028556134,0.037766006,0.22680701,0.009340779,0.030874075
7404,0.1188655,0.19183503,0.015318829,0.007343852,0.63106626,0.1231899,0.0016248255,0.7042655,0.048839666,0.0468649,0.028338216,0.014525159,0.022516787,0.00792934,0.010217693,0.07633923,0.00053361425,0.31235313,0.0062749228,0.024825413,0.013060013,0.22582228,0.02666567,0.009356504
7408,0.024978375,0.22174549,0.06430344,0.06821999,0.5860044,0.13231967,0.0018559069,0.6384321,0.23152821,0.083196506,0.06751123,0.08582107,0.01632823,0.018038226,0.2403523,0.016651409,0.00053444115,0.61532223,0.011778814,0.020624273,0.008599788,0.047140766,0.023740726,0.03320064
7409,0.12866764,0.21691167,0.004296268,0.003884473,0.18209752,0.10116274,0.0015649237,0.59534544,0.035028968,0.015118143,0.037056528,0.011682324,0.0522076,0.0030447461,0.026842674,0.042644728,0.0007061438,0.44111788,0.010841108,0.010878454,0.008634462,0.3461667,0.023235247,0.11555002
7418,0.038051017,0.015094021,0.0012645881,0.0024792335,0.22481629,0.121633515,0.0026428904,0.6707104,0.00831421,0.028297156,0.023283487,0.0042989715,0.6735225,0.0044557787,0.0039853523,0.20703985,0.00054834125,0.17102316,0.024785127,0.0020515702,0.0022550742,0.52211624,0.0028898832,0.004761665
7419,0.32551754,0.08987735,0.004727586,0.010459181,0.548592,0.7651225,0.0041728453,0.4591903,0.011667908,0.012960855,0.07947615,0.0094325645,0.029588785,0.0035734503,0.01689557,0.21350051,0.0007550735,0.23228897,0.0072381073,0.004029604,0.0040190294,0.6279397,0.010010267,0.015836634
7421,0.0390586,0.07844834,0.014106516,0.05949925,0.6297733,0.020876281,0.024533682,0.42869878,0.032019958,0.025043614,0.005054986,0.011466251,0.013239419,0.05576777,0.046743874,0.015688252,0.00072391453,0.74119335,0.056143284,0.0058656107,0.063448325,0.057785787,0.021942938,0.0029119428
7424,0.69596887,0.025935333,0.0013200194,0.015780125,0.110916875,0.62520325,0.014040096,0.66074735,0.0025058864,0.0049923523,0.018320315,0.056760598,0.02163675,0.004744605,0.0028882788,0.26627147,0.0009562497,0.04212583,0.07573418,0.0029355825,0.0017121091,0.86352354,0.28165427,0.007206151
7426,0.062916584,0.042784713,0.0032114584,0.007425431,0.33631828,0.074977785,0.006675754,0.49906036,0.00941327,0.028890625,0.028819507,0.0048324633,0.29535148,0.008682628,0.015153719,0.28548306,0.0006022531,0.61030555,0.038089756,0.0058434303,0.00524308,0.5023841,0.013238379,0.009973753
7427,0.05154089,0.056311913,0.044628102,0.020570323,0.87241226,0.17281501,0.0067850263,0.2898096,0.09426705,0.05896606,0.0153916525,0.00485486,0.075186215,0.012397258,0.051472284,0.036499962,0.00053246017,0.3593886,0.070776425,0.017456973,0.017231882,0.13623114,0.0028952071,0.0069860257
7429,0.01795579,0.07111804,0.007167585,0.023580683,0.27982464,0.021723386,0.14715764,0.33418444,0.015417319,0.036768276,0.0033598964,0.068914644,0.06751357,0.008949747,0.017348144,0.028862046,0.0010392417,0.074976556,0.01089599,0.020317921,0.012065011,0.15649375,0.0678307,0.0036279508
7430,0.010239454,0.021115536,0.0070755407,0.018726459,0.5523122,0.056607246,0.008232032,0.64028907,0.061672352,0.020495053,0.027656399,0.009633488,0.007994463,0.03474418,0.07898914,0.0405811,0.0006593085,0.8043821,0.008551471,0.0041860784,0.0075466195,0.050038658,0.0072295396,0.0152847795
7437,0.2530224,0.06293382,0.00790437,0.016202401,0.20304522,0.7054783,0.0141770635,0.3382459,0.01235773,0.004781209,0.14174546,0.021921553,0.071171924,0.008145008,0.021786394,0.078718774,0.00066659175,0.07347016,0.020695226,0.015191061,0.004227113,0.49790773,0.027633648,0.12522162
7446,0.7316104,0.59440583,0.008524459,0.010043594,0.13877417,0.055796206,0.019489862,0.28823534,0.056277204,0.027034204,0.013617191,0.048164003,0.03425277,0.0010838329,0.0028046374,0.09250977,0.0010469008,0.017072046,0.5572692,0.012169832,0.008859368,0.661923,0.20362957,0.008437142
7449,0.03684445,0.048342105,0.012511709,0.007244531,0.49052516,0.20320176,0.004883855,0.561277,0.026087314,0.084320866,0.01704003,0.0044232327,0.17758094,0.009575535,0.009988972,0.06934358,0.00060595555,0.4431055,0.02395618,0.002592112,0.006611317,0.16938795,0.005580994,0.010191598
7451,0.023770772,0.2576555,0.01164555,0.015577402,0.56624365,0.008228623,0.0016307428,0.66232735,0.0630403,0.18997562,0.0074894656,0.03999655,0.062150788,0.0043714503,0.03916528,0.038730904,0.0006660653,0.7581679,0.017150221,0.00829527,0.00672915,0.051633734,0.031360023,0.0059769377
7455,0.026974019,0.029802322,0.004191244,0.008031964,0.5506235,0.1421154,0.005199002,0.8758495,0.0071649393,0.05947463,0.024500797,0.0039526126,0.018026479,0.01603424,0.014103923,0.10043413,0.00064656185,0.75715864,0.052396763,0.0017640624,0.0062010363,0.18078172,0.0053578857,0.0041696522
7461,0.035837173,0.09128222,0.008518183,0.021866137,0.20719892,0.04421152,0.010033643,0.6604083,0.065257385,0.069399305,0.020548027,0.009682444,0.26745054,0.0025094275,0.007194616,0.09116118,0.0007065763,0.030595066,0.09414721,0.0026589292,0.028308682,0.25528565,0.014303887,0.06282351
7462,0.040781304,0.032885987,0.00282507,0.019026093,0.7483222,0.07504626,0.008467722,0.5632944,0.015766969,0.00703182,0.01730264,0.02082904,0.0048650666,0.019595882,0.029123738,0.022123035,0.00075790804,0.56489,0.011539805,0.006570005,0.019477546,0.15341727,0.010880162,0.00908287
7468,0.27563804,0.28151578,0.05567023,0.004049114,0.36391896,0.05475783,0.0020910725,0.10974295,0.19943261,0.11941158,0.008604038,0.002029332,0.7514124,0.0029524881,0.014506286,0.07063594,0.0006868764,0.032985497,0.20948008,0.04005541,0.0087684635,0.2866694,0.008862454,0.05496619
7470,0.09263408,0.06376963,0.011874586,0.02543061,0.0682172,0.01973709,0.010438739,0.86311215,0.06448751,0.009231542,0.013119141,0.028285824,0.0271474,0.01051784,0.026753627,0.049313635,0.0006585593,0.29640186,0.014356355,0.017079873,0.019638978,0.16337146,0.35472688,0.0077485424
7473,0.8041087,0.35040584,0.013719551,0.011846883,0.28845856,0.121891156,0.012255329,0.122383535,0.022809979,0.03816735,0.00993922,0.014995388,0.10569453,0.0049480377,0.0034360604,0.07040061,0.00065911445,0.026993817,0.60199124,0.0057644313,0.058990583,0.4179228,0.011180561,0.013588521
7479,0.38568965,0.39000222,0.2401148,0.021067616,0.72929275,0.06539335,0.002271076,0.22205716,0.47212765,0.41103107,0.013416838,0.049215667,0.014095737,0.009148276,0.11755007,0.006681173,0.00065543735,0.42838332,0.0102277575,0.02038623,0.014831216,0.055934094,0.025549918,0.023231307
7480,0.016601054,0.10494965,0.029640146,0.0099477405,0.5327432,0.05081153,0.0011118816,0.6401131,0.5344349,0.10010384,0.02000887,0.0036719858,0.08420399,0.010547155,0.05054938,0.055599783,0.0005463499,0.44740993,0.009019751,0.0087242415,0.0067862826,0.07720189,0.0072989385,0.017887734
7483,0.16864116,0.069276065,0.024861615,0.010363382,0.7302082,0.14092344,0.019374266,0.15234295,0.059084516,0.048978064,0.0031764025,0.0023710998,0.5126758,0.0060553607,0.006704473,0.06277967,0.0008418145,0.013858838,0.28603882,0.018268682,0.0038244398,0.51954025,0.002429646,0.0043314938
7486,0.39244518,0.2629061,0.0029143891,0.010288675,0.051060103,0.15303582,0.06691276,0.660774,0.0072631454,0.009561215,0.013974647,0.17847852,0.0229436,0.0066429786,0.008296191,0.068887234,0.0012054421,0.022841386,0.014713364,0.008246297,0.001235116,0.5015147,0.44608116,0.10323988
7489,0.0068259784,0.010560339,0.009956836,0.035405762,0.8565207,0.03464945,0.0045366115,0.5659405,0.021819914,0.0147735,0.024040515,0.012408945,0.0064869015,0.025938941,0.086361565,0.011587386,0.0007126881,0.9119681,0.014748002,0.005980965,0.010713116,0.044124287,0.009097001,0.003745739
7490,0.12239979,0.16399139,0.01744532,0.024060724,0.31860265,0.0067538056,0.057969965,0.80081314,0.06414459,0.009420502,0.0015759794,0.02959492,0.0044208583,0.023238579,0.008168826,0.007869772,0.0008147687,0.22796176,0.03775509,0.011550994,0.86167955,0.021320822,0.18914333,0.003400482
7491,0.07489628,0.12924117,0.10819841,0.01197128,0.7701425,0.023766706,0.07112428,0.073187195,0.52278095,0.17477503,0.0005844237,0.0041919863,0.17983581,0.035322625,0.010821209,0.01816834,0.0010749917,0.012640044,0.25146532,0.015420728,0.011366937,0.0749176,0.0022790616,0.001415004
7494,0.012716085,0.012974447,0.0012872313,0.009861773,0.46941265,0.043809496,0.009454587,0.7099698,0.013925048,0.021315236,0.010144566,0.008448479,0.06554523,0.012409951,0.006707376,0.099845864,0.0006907587,0.5981892,0.010883303,0.0016695879,0.0014313202,0.16124664,0.009695548,0.014187197
7504,0.0318346,0.053011917,0.04322953,0.010463604,0.5349642,0.13740331,0.0011929992,0.60078746,0.11105195,0.1480122,0.023898194,0.009575973,0.10189735,0.010509586,0.017830743,0.13584915,0.0005459131,0.084472045,0.014801171,0.11901541,0.0065293345,0.27552107,0.014650205,0.008280736
7506,0.060168587,0.10023218,0.009132647,0.1830011,0.15011863,0.13122068,0.0046566897,0.5751838,0.020777186,0.22013965,0.020974461,0.22255193,0.06557764,0.006996291,0.041643556,0.17364223,0.00067520357,0.3654782,0.006778506,0.0036959245,0.0027262024,0.22152342,0.029338902,0.006673706
7509,0.019207751,0.029411478,0.0053043603,0.05618335,0.5271144,0.103257366,0.010249115,0.890506,0.009501178,0.012155711,0.024083626,0.020111805,0.0031495763,0.037800167,0.054887794,0.010630938,0.0006779491,0.6704356,0.003254339,0.005502243,0.024153586,0.06561285,0.03728684,0.03473071
7511,0.018619431,0.06507763,0.043811936,0.04364168,0.44751415,0.01625092,0.03645277,0.61599785,0.15981852,0.11110951,0.002712794,0.0028510685,0.019520527,0.101806864,0.0636739,0.037919257,0.00086115947,0.3539181,0.029368669,0.012060829,0.0042615235,0.06154143,0.010293687,0.0013641275
7513,0.42996374,0.26944175,0.005405356,0.003563677,0.19240285,0.3038886,0.0029539706,0.3344811,0.016293198,0.076578334,0.035738185,0.011347053,0.40507132,0.003016746,0.0060986606,0.060736775,0.00058354926,0.049401704,0.058006067,0.0054922923,0.0048956373,0.6162634,0.014736152,0.05245244
7519,0.15444125,0.022876099,0.003940515,0.010810644,0.07997779,0.25942817,0.0012303507,0.56047004,0.005894007,0.060880076,0.040541,0.006975792,0.33296767,0.0032434913,0.0049194796,0.19746883,0.00050704734,0.141159,0.039675333,0.010412362,0.0048888703,0.69820744,0.0034636357,0.0053642653
7521,0.035807364,0.014161377,0.006242706,0.029699244,0.8276415,0.22069739,0.0062030465,0.52100587,0.0075775175,0.010887472,0.02462739,0.01332427,0.04199687,0.08746008,0.043849286,0.053883668,0.000648335,0.2520084,0.008802568,0.0019876398,0.0048281634,0.16909811,0.0221522,0.008957698
7526,0.06622746,0.022533875,0.008967982,0.01012134,0.5535345,0.075148955,0.0012404072,0.58487546,0.022890609,0.04234954,0.033913996,0.0061654113,0.03341458,0.041610733,0.097676955,0.04398723,0.00049746403,0.78326696,0.010443622,0.014259818,0.0040764785,0.1636488,0.009794812,0.014640758
7527,0.011517087,0.025244344,0.016774602,0.069171734,0.79496634,0.039793402,0.005383595,0.6183725,0.015329196,0.0297605,0.024601126,0.011888117,0.0043155197,0.015647035,0.11640469,0.00679637,0.000606817,0.85530514,0.010081345,0.008379455,0.011491562,0.015150637,0.0043893033,0.0042177984
7531,0.25536895,0.008575567,0.0010330111,0.01918601,0.16252735,0.7594079,0.013704422,0.7666958,0.0016893888,0.008143633,0.05897016,0.0063596973,0.1075189,0.023791578,0.0063436297,0.1195257,0.0006532139,0.07630904,0.098887995,0.0015357828,0.00306191,0.73315334,0.0033369798,0.0013198251
7537,0.035831373,0.019634746,0.007448968,0.04650664,0.59202826,0.030012634,0.028333714,0.5313773,0.11942567,0.013199125,0.013129591,0.020829972,0.0038595009,0.029816445,0.023097299,0.005086727,0.00069834915,0.1648024,0.021255292,0.010225835,0.9563484,0.022897499,0.007729059,0.029175071
7543,0.025323113,0.0946437,0.0066771554,0.058904152,0.19030376,0.035494085,0.03501602,0.8542398,0.03572822,0.0572888,0.0046677627,0.027002197,0.044328276,0.018428897,0.01289049,0.03475439,0.00065847207,0.19888954,0.010118307,0.007603829,0.0029455114,0.09312616,0.015453305,0.081619136
7544,0.034434814,0.047595903,0.014711497,0.10102482,0.26026255,0.03175163,0.09278173,0.7876185,0.03661531,0.01686236,0.008999903,0.05391169,0.004962259,0.01780429,0.014086084,0.009757666,0.0007855855,0.15302022,0.0054153074,0.022640983,0.37715533,0.030816155,0.043691788,0.07513892
7546,0.03754142,0.021254743,0.010615312,0.015978461,0.77774847,0.08441317,0.01870699,0.54435337,0.029920086,0.015509383,0.009193755,0.009317435,0.021699594,0.29164517,0.24600774,0.028573362,0.0007011744,0.5350551,0.009493117,0.007145596,0.03548103,0.068619736,0.003784866,0.0038452714
7547,0.11857654,0.012690347,0.013284759,0.051094294,0.59891605,0.68789005,0.010776192,0.4249594,0.018176282,0.014518725,0.029934648,0.0047446415,0.026117373,0.04841259,0.0462231,0.019527134,0.00065822207,0.11456965,0.011751682,0.01245564,0.020876309,0.2144242,0.0035752521,0.094800636
7548,0.03952969,0.02017033,0.010320562,0.015141128,0.57249457,0.03787046,0.006880688,0.72762096,0.0730932,0.011673051,0.010881374,0.00822572,0.0136073,0.029135741,0.016482422,0.016257087,0.000581612,0.4987639,0.0076170242,0.010034737,0.6568655,0.07108529,0.03484773,0.029060807
7554,0.24854092,0.10339412,0.0070968987,0.012787485,0.31389153,0.5785627,0.0020469227,0.35977575,0.051864084,0.08523924,0.031082848,0.0059159575,0.27128503,0.0061922213,0.009681946,0.19419159,0.00054472964,0.09250937,0.12588273,0.0032068384,0.003821518,0.80308557,0.012877501,0.0053210235
7555,0.018026805,0.012700817,0.027565796,0.06410004,0.759084,0.19090758,0.0048001325,0.4056821,0.051561885,0.054376073,0.034796804,0.007404913,0.034334335,0.012326577,0.01956138,0.067148164,0.00067176163,0.32945943,0.018727139,0.020508373,0.005741619,0.08121166,0.006421564,0.031153575
7560,0.03689208,0.015035862,0.009038148,0.019327527,0.8323462,0.20151325,0.0055831065,0.7782823,0.012213079,0.02431953,0.015795559,0.013610935,0.0054223128,0.030370852,0.09939152,0.009940679,0.0006072532,0.689214,0.003792524,0.0058946717,0.0213275,0.061196394,0.010456241,0.032490354
7561,0.12709533,0.018538624,0.0019791299,0.13404895,0.0896688,0.3888106,0.012442029,0.73615044,0.0029889967,0.026615309,0.07409834,0.09932766,0.025214076,0.014527809,0.01817189,0.1807998,0.00085128204,0.22394766,0.006181617,0.0016221305,0.008876732,0.47150597,0.017810436,0.013886306
7564,0.7779502,0.14369991,0.0032752668,0.012724415,0.09240382,0.8277208,0.007334976,0.2712014,0.0077220406,0.012546646,0.15610892,0.026716344,0.15964198,0.0031621305,0.0076763793,0.22395344,0.0006870519,0.034426175,0.10966596,0.004482027,0.003391649,0.88652,0.0072222464,0.1719704
7568,0.022586623,0.049176544,0.01963289,0.12064926,0.33749592,0.043516606,0.04429396,0.90940714,0.04800696,0.014812702,0.009312991,0.0117104575,0.0008348515,0.112432055,0.021225771,0.0069426377,0.0006674989,0.29932067,0.0046119113,0.011280056,0.8658148,0.027371563,0.023920935,0.025690166
7569,0.088555954,0.08711324,0.007898999,0.072993465,0.14240132,0.24512893,0.017212551,0.5770766,0.064402506,0.016737709,0.013713675,0.025825242,0.021879915,0.019791823,0.010344273,0.15818451,0.00085588306,0.052550655,0.020654187,0.004746948,0.02705504,0.1946869,0.014234351,0.06268584
7570,0.16598475,0.20226441,0.033089817,0.012325798,0.41096205,0.025455412,0.006014196,0.287614,0.09415624,0.43474603,0.009185249,0.010884885,0.43254474,0.013110951,0.037555695,0.024002573,0.0006377793,0.15133126,0.13130958,0.02054092,0.0038934168,0.14290684,0.020427132,0.0077061015
7574,0.7501888,0.23258969,0.0038334248,0.009432065,0.1382577,0.5053924,0.0055070855,0.38698483,0.017215779,0.029307583,0.053259753,0.015244612,0.06555419,0.004333205,0.004885684,0.04926358,0.00073162746,0.021184817,0.07130631,0.0046083885,0.02621291,0.71349365,0.029885352,0.35338646
7575,0.057150505,0.15263861,0.05625938,0.014286432,0.46750268,0.043377995,0.0051293424,0.37349275,0.18434595,0.14546353,0.027056359,0.01160249,0.08472061,0.006257781,0.05657994,0.05198624,0.00062501273,0.23619598,0.2660959,0.01826029,0.0047690603,0.11089005,0.018300584,0.0013071719
7576,0.060447052,0.02093679,0.010211864,0.010340823,0.3580682,0.041873276,0.042460848,0.29612985,0.011312351,0.06669343,0.0060775685,0.0021712254,0.5467858,0.018273095,0.024552174,0.10361949,0.0007430037,0.16878463,0.76075983,0.011178922,0.0014560027,0.22294465,0.0035369112,0.0007373657
7577,0.0130464,0.013801815,0.0026549655,0.019074358,0.5794324,0.018136244,0.010662536,0.50289786,0.008380509,0.02634005,0.015288872,0.008880021,0.03006657,0.00508804,0.0069097807,0.034764085,0.00072247756,0.71552694,0.02742366,0.0026124576,0.007669028,0.064169414,0.004301191,0.0020453404
7587,0.09092749,0.61982423,0.5162231,0.013532919,0.28122687,0.02825142,0.0071855173,0.20736842,0.6120627,0.9236726,0.0025012565,0.008913085,0.4861744,0.022838097,0.096601255,0.07185577,0.00064939546,0.17622028,0.30349678,0.007859614,0.0019859343,0.07082792,0.0029412936,0.0102929
7595,0.030381031,0.034734715,0.021783838,0.016881034,0.753735,0.09278322,0.002128098,0.5034429,0.04108179,0.08067578,0.021528412,0.018997632,0.022737943,0.005750789,0.05896888,0.03441623,0.00054263993,0.74268436,0.0041493597,0.012359769,0.027121335,0.14459619,0.009839867,0.0074883634
7597,0.029786017,0.070692055,0.0073626675,0.00889938,0.5063216,0.031890742,0.026022118,0.468865,0.037039686,0.028214624,0.006627801,0.013719513,0.05333999,0.004784484,0.029467467,0.012838583,0.0008452011,0.1825631,0.057970118,0.0055769836,0.023437014,0.09291799,0.0034817278,0.19231583
7604,0.5800722,0.099104755,0.0012696728,0.0414854,0.13284321,0.25731134,0.0075482302,0.45798513,0.0048507378,0.0064081126,0.06674027,0.062102906,0.014291295,0.007172898,0.006662989,0.2694617,0.00077412964,0.18785974,0.07884751,0.002332761,0.006120373,0.68296313,0.20039567,0.022498302
7611,0.011803089,0.01241358,0.02032976,0.2721256,0.17865628,0.019419467,0.6749577,0.5800304,0.0096614845,0.007688954,0.008502278,0.20445623,0.0039897626,0.028431851,0.00521156,0.012616232,0.0012470816,0.09535553,0.022503814,0.008965481,0.022222543,0.07496176,0.055498827,0.0009484866
7616,0.012985144,0.038463652,0.005984725,0.020933092,0.47836092,0.06569598,0.017238997,0.39549443,0.07277224,0.041108694,0.01843827,0.006202521,0.103821814,0.007636885,0.024772815,0.30380282,0.00077797996,0.18993641,0.01162698,0.004338883,0.0066541173,0.23207334,0.004054465,0.02098474
7617,0.011999699,0.013659604,0.009386612,0.0040007434,0.88250154,0.03833579,0.001071982,0.5473917,0.035027612,0.02848733,0.017660571,0.0024956237,0.005646019,0.014113501,0.047311597,0.023476023,0.000666059,0.912445,0.006071103,0.0054016975,0.002358148,0.05563333,0.008604054,0.008386383
7622,0.12373874,0.11915006,0.0101033645,0.019738818,0.10875164,0.017220998,0.18535218,0.528065,0.011790459,0.02746446,0.0008545003,0.011854903,0.03152479,0.018080626,0.0020195176,0.05805711,0.0013301236,0.09411235,0.6037366,0.0041924184,0.00096390455,0.30984744,0.021723924,0.0018101713
7629,0.4407601,0.09201246,0.0076875463,0.014798813,0.3867703,0.78181964,0.0014864272,0.5346382,0.036696073,0.014702058,0.044880167,0.008391945,0.015856288,0.019584453,0.009085622,0.08455131,0.0005516517,0.13839982,0.023088926,0.003930444,0.019602764,0.5970462,0.011708869,0.04107125
7638,0.09984831,0.00877163,0.0036846427,0.04882125,0.26102835,0.34546977,0.007010222,0.8064091,0.01031841,0.004056819,0.059427157,0.021846676,0.020785658,0.007933508,0.017855769,0.019614644,0.0005871425,0.23121524,0.01965054,0.008450468,0.031988505,0.2134739,0.034438465,0.040362418
7641,0.05828194,0.011671912,0.0051748254,0.16656582,0.32111165,0.048979077,0.030458499,0.7146543,0.009056968,0.06145231,0.0051986864,0.03681839,0.053741116,0.027342431,0.012227152,0.06735752,0.0009065329,0.06444526,0.089862384,0.0065547936,0.007293654,0.15221174,0.009093309,0.0053150156
7643,0.24965271,0.011868053,0.0024295556,0.02686801,0.4769052,0.83957326,0.0026783631,0.70733535,0.0041523045,0.0041367644,0.12417313,0.0049274974,0.013457243,0.0074796965,0.007753321,0.09550763,0.00055426144,0.118309125,0.0763161,0.0025979707,0.006400979,0.7411535,0.0029389788,0.008077725
7648,0.15056814,0.6341406,0.25871962,0.025740186,0.8504709,0.08450836,0.040444735,0.048606813,0.41750804,0.35933766,0.003986187,0.017921414,0.05795062,0.015833445,0.06318014,0.029448083,0.0009319342,0.033101205,0.09790974,0.018411646,0.0044729174,0.0970537,0.028014766,0.0027826275
7650,0.18850161,0.6456588,0.03596546,0.02196935,0.16633303,0.021342454,0.0074502695,0.40914422,0.05302252,0.06889684,0.013557251,0.09437786,0.22161505,0.0052937083,0.049912013,0.07469985,0.0006796929,0.32662335,0.1474692,0.007538303,0.0018138904,0.11407554,0.23127796,0.025564821
7651,0.021328116,0.06703787,0.03101771,0.028945949,0.2411264,0.20084664,0.0042172396,0.63566417,0.048653945,0.16786674,0.03419063,0.022333749,0.16070932,0.10085363,0.039618734,0.45437846,0.0005646836,0.15149991,0.012499672,0.008409788,0.004900346,0.49610925,0.022700947,0.015667016
7657,0.08105778,0.064304546,0.012661325,0.019976497,0.46521676,0.054367807,0.0042023454,0.6113894,0.05572499,0.06536165,0.022462586,0.004925494,0.05841748,0.026305506,0.09742528,0.024094725,0.00057072705,0.6846696,0.030706756,0.0041448143,0.008679891,0.08437981,0.004085964,0.004044613
7659,0.067501985,0.051621325,0.0143644875,0.011676589,0.48874077,0.22760604,0.0019649765,0.6656559,0.03395959,0.019346705,0.056512658,0.008744413,0.012907873,0.004218179,0.03662209,0.053812668,0.00062386825,0.47502366,0.015667457,0.0124970535,0.004022929,0.19926581,0.010575337,0.007835
7661,0.24200922,0.2287209,0.019564252,0.021545429,0.20791149,0.09983832,0.0069575068,0.5515228,0.09435545,0.20535968,0.006956436,0.024369754,0.1577109,0.0066710385,0.0047947234,0.1039596,0.0006321315,0.09451271,0.36977157,0.0045247125,0.0071770796,0.29225013,0.021763809,0.0020822056
7667,0.05581992,0.18293001,0.01727232,0.080280945,0.6138078,0.02533846,0.007063196,0.55092067,0.18560462,0.027711539,0.004954444,0.019934027,0.03924857,0.07090184,0.17414664,0.007713047,0.0006155898,0.4692135,0.015451731,0.009295849,0.027948609,0.033871487,0.028038848,0.079900704
7668,0.03533163,0.017375696,0.0029364186,0.014787256,0.44263053,0.13218543,0.0040164115,0.75638765,0.029066524,0.018096212,0.03009683,0.0068166293,0.010312071,0.0037315413,0.016699152,0.08325618,0.0005734444,0.7773966,0.01584102,0.002963522,0.023428235,0.102487504,0.013671436,0.0024948344
7669,0.029817479,0.04976002,0.0050994554,0.03807944,0.55780506,0.039971262,0.0029981963,0.6442815,0.11508687,0.045411155,0.010741257,0.012557343,0.037655443,0.043872643,0.05640379,0.019799873,0.0005284096,0.3179651,0.019315943,0.0034442719,0.007307076,0.03719137,0.010824349,0.0030173527
7673,0.16369817,0.0150886625,0.0073002516,0.013060172,0.24915504,0.19900352,0.007627946,0.5900848,0.0062683667,0.026663981,0.06457904,0.0066505754,0.08144563,0.0122406185,0.012137498,0.13144782,0.000632538,0.43436405,0.05487745,0.016146934,0.003948089,0.38082778,0.009898779,0.01640691
7674,0.51430374,0.018461548,0.0036360142,0.018541062,0.1004878,0.9523708,0.007177178,0.44812003,0.0069175824,0.0052172295,0.1181417,0.0101685915,0.05241206,0.01094195,0.0037141033,0.2739903,0.00062243844,0.05043656,0.042228792,0.0067373365,0.020117486,0.8533386,0.003384943,0.033089425
7679,0.073081225,0.028277444,0.008725668,0.0067847054,0.36868963,0.022183472,0.015435519,0.23315503,0.041600246,0.019708673,0.00980784,0.0060311747,0.29536355,0.030805852,0.015180806,0.038779914,0.0007057334,0.10133072,0.014529699,0.015443168,0.03101815,0.1924608,0.010698243,0.018575098
7683,0.08083717,0.0065013985,0.0011733723,0.034114856,0.827145,0.27491453,0.015191295,0.33752298,0.006528246,0.0067261388,0.026754614,0.010712004,0.035232387,0.006579697,0.0032614884,0.15858957,0.0009114941,0.11707219,0.07703127,0.0022332391,0.002993015,0.38552225,0.0033176674,0.004755525
7684,0.462927,0.26381937,0.01456103,0.014199741,0.09984151,0.053332016,0.04451731,0.34270114,0.019489411,0.021627478,0.011611133,0.039862495,0.1006457,0.015561462,0.0062063397,0.091045216,0.00084107806,0.07852704,0.38139984,0.008380857,0.0049170107,0.37583715,0.08390878,0.019402009
7686,0.074512124,0.03728214,0.01822641,0.08827866,0.5816981,0.07402518,0.15979053,0.6280936,0.017772298,0.018521752,0.0024756112,0.01114186,0.004854855,0.08743239,0.026381532,0.0071496707,0.0008259113,0.25580603,0.011398156,0.02531883,0.030338395,0.025697114,0.01290534,0.01252713
7687,0.051411755,0.018916635,0.0060380367,0.59780407,0.08954949,0.09363866,0.23035663,0.9169017,0.006409683,0.006383262,0.0076075043,0.064687476,0.001731228,0.034398604,0.006091081,0.043500952,0.0009954959,0.10550871,0.030690527,0.006873819,0.035079967,0.1142398,0.17573501,0.0030145468
7693,0.33359075,0.2149783,0.013283547,0.052741267,0.43262002,0.09520224,0.03809491,0.3657498,0.01613558,0.02087298,0.0055225934,0.05045846,0.016027313,0.10862803,0.038305636,0.028840907,0.0008146954,0.13839205,0.012183346,0.00737829,0.13022125,0.11470405,0.20540793,0.031351794
7694,0.009483577,0.021794138,0.0068057072,0.011838424,0.68118626,0.018034922,0.0035246927,0.58282787,0.026797738,0.049442105,0.050312564,0.00394329,0.02154813,0.007773501,0.022008933,0.10526837,0.0006271725,0.5080116,0.027465124,0.004899023,0.013854394,0.094396494,0.007594818,0.0035468773
7695,0.013604087,0.03275363,0.010130919,0.059213776,0.3659379,0.009328278,0.039292287,0.72668105,0.0122138215,0.051960584,0.0048166984,0.02030313,0.038160242,0.06796503,0.07945608,0.066809565,0.0007122664,0.65848804,0.012640015,0.0034324932,0.0034799532,0.057879332,0.01002389,0.004077478
7697,0.69975275,0.56332576,0.007937633,0.015319031,0.24250282,0.16905154,0.010994432,0.30977628,0.10472031,0.029927067,0.005256116,0.0077092126,0.10701197,0.0067528496,0.0049157534,0.1520832,0.0007408575,0.04075492,0.3983937,0.007221063,0.021450277,0.53808904,0.020668266,0.015773883
7703,0.09283746,0.04752842,0.030230775,0.0611337,0.17606708,0.007073173,0.9188814,0.33659795,0.02540773,0.033745036,0.00060297706,0.023241296,0.01592936,0.058371782,0.0018374196,0.01705609,0.0019761315,0.021973263,0.39014605,0.016438968,0.0065093436,0.1338455,0.022102032,0.0026894917
7705,0.5252043,0.08464747,0.009550298,0.03274439,0.3222983,0.7264717,0.004837787,0.6135691,0.015346351,0.01480537,0.023118941,0.0153103145,0.009653194,0.03303155,0.019698376,0.020043353,0.0006766472,0.17786263,0.019613495,0.004707177,0.055904012,0.36197448,0.0070836856,0.03794435
7710,0.24884696,0.058150604,0.024686769,0.008696988,0.2688512,0.17697585,0.037254855,0.31480888,0.030152446,0.021833256,0.00622152,0.024726076,0.10782879,0.003925131,0.005507051,0.15417461,0.0009299213,0.019607306,0.2520908,0.04141833,0.0022999013,0.49345332,0.03691254,0.018009571
7714,0.050841138,0.090512045,0.017190777,0.011916493,0.6624013,0.022734893,0.0024951443,0.7340904,0.02692342,0.09430113,0.010833323,0.00821238,0.03249728,0.034043156,0.034825787,0.014488593,0.0005258241,0.6818566,0.0188374,0.003140075,0.033534214,0.076830186,0.014833453,0.008866363
7715,0.010076113,0.04806109,0.011495441,0.021889146,0.51339585,0.046784446,0.003070501,0.87622476,0.19073424,0.119062915,0.0044568833,0.003885449,0.0134861665,0.14905806,0.016852474,0.038679764,0.00053747895,0.32442772,0.020883288,0.004406355,0.029510159,0.11835147,0.0045944895,0.0056836265
7718,0.014128171,0.0063596824,0.0028480822,0.025120838,0.23497185,0.2943098,0.0032197072,0.57828844,0.0038374804,0.020587599,0.080844805,0.016848784,0.28340513,0.0058791256,0.012951312,0.32592773,0.0005590629,0.46437585,0.057129662,0.0047199233,0.002209097,0.5101005,0.0016981063,0.0031659866
7721,0.04895659,0.07623332,0.093281195,0.010903443,0.89829123,0.024045372,0.022758566,0.13889632,0.41438812,0.028003238,0.0029865536,0.0059426688,0.06166878,0.025478108,0.15793274,0.008317399,0.0008765941,0.19934444,0.03204243,0.03810038,0.07730942,0.0127486745,0.0078164395,0.044089336
7723,0.061896164,0.036460515,0.009902373,0.032819014,0.5428885,0.47434086,0.009566382,0.4568584,0.057881176,0.04658065,0.06585888,0.022099879,0.006606771,0.027130831,0.11425257,0.0741263,0.00073522807,0.53137565,0.0027943447,0.004651528,0.06198161,0.17977044,0.010050053,0.04334892
7725,0.38051686,0.42711854,0.06684823,0.05723873,0.6512184,0.57939035,0.005084642,0.37617794,0.33775488,0.08087934,0.020885814,0.039746676,0.003111921,0.013429696,0.022321904,0.040949203,0.000686521,0.054813724,0.025342293,0.006491793,0.030467087,0.1210281,0.010408963,0.10660971
7730,0.4531991,0.10752054,0.03844656,0.25008166,0.08138622,0.05222918,0.45802176,0.3102968,0.024216274,0.010465733,0.0007845,0.3027751,0.005573119,0.035121214,0.0071096346,0.005258759,0.0014716014,0.024817891,0.041616105,0.043271303,0.021757485,0.058963906,0.1974145,0.021334035
7734,0.13675411,0.06354452,0.045092713,0.021763176,0.47472033,0.08511378,0.0049501224,0.7110189,0.12104589,0.035792213,0.009225072,0.005314811,0.013156439,0.052656513,0.025308358,0.029693859,0.0005479807,0.6227386,0.06853963,0.0047101225,0.10081031,0.15464994,0.0053712074,0.0012271496
7735,0.06324616,0.121714756,0.017981013,0.04149758,0.7678753,0.10990358,0.01698859,0.67073584,0.057053823,0.084016204,0.012678336,0.01277093,0.0050117536,0.012129514,0.013957056,0.047021564,0.0006652283,0.45758078,0.041474145,0.003798409,0.1740945,0.06915603,0.0068988577,0.0069310954
7736,0.17698742,0.23410052,0.008723119,0.028765623,0.28903335,0.16492562,0.009345647,0.538749,0.18994994,0.053226367,0.0040804995,0.0028757215,0.04274044,0.0058093225,0.0061382293,0.08258011,0.00066426874,0.056086943,0.019609006,0.0060863625,0.015552837,0.4849394,0.0011648589,0.006765113
7742,0.041883484,0.11104108,0.0046816003,0.017904479,0.5666322,0.050621267,0.0034582564,0.5575952,0.018045193,0.033310633,0.019002395,0.01418559,0.033824738,0.008613059,0.019118799,0.030377915,0.00055195077,0.7082149,0.008917143,0.0032151653,0.009370614,0.11404314,0.021960126,0.015133586
7758,0.04733137,0.06580855,0.015965773,0.023155924,0.07038831,0.06845735,0.024742559,0.5311673,0.02932677,0.13239321,0.007510407,0.032293107,0.18010156,0.011069634,0.004311743,0.20322984,0.00072822045,0.12149644,0.30749172,0.0074910107,0.0026457165,0.25635174,0.006762419,0.006608887
7761,0.10818035,0.0317434,0.004334631,0.0042680823,0.532883,0.08176865,0.002644105,0.5388702,0.018779479,0.01842837,0.015771173,0.0045178663,0.12955247,0.006995172,0.0093191825,0.09740119,0.0006194111,0.3395371,0.068816826,0.003867704,0.007759997,0.3117205,0.013597772,0.004207509
7776,0.023425823,0.0289151,0.007865595,0.041649524,0.6899525,0.10103651,0.007969882,0.83642346,0.05073752,0.0132312365,0.02861393,0.01628166,0.0058020283,0.017477905,0.019491483,0.021921452,0.0006371581,0.49807152,0.019009374,0.0040485943,0.009753802,0.055117827,0.013413165,0.0065779765
7777,0.21128164,0.5234134,0.07514951,0.02965962,0.6893706,0.22675826,0.0043013357,0.21347296,0.29379314,0.08339651,0.032772634,0.03898292,0.028678387,0.021185672,0.14603108,0.020363074,0.00060991093,0.40648657,0.0175708,0.015575522,0.0047234013,0.08251648,0.025699865,0.04129829
7783,0.17558806,0.01953775,0.010618493,0.21399187,0.19502643,0.03490078,0.3557873,0.47257483,0.006222519,0.012252033,0.0013285214,0.06290295,0.03390382,0.28153726,0.037208363,0.0064007184,0.0012165849,0.095199294,0.04845994,0.0048007634,0.008501816,0.07013398,0.040833946,0.0059834886
7788,0.17804869,0.3093736,0.010814668,0.008072737,0.30555636,0.055928756,0.0016116122,0.7394489,0.12954333,0.08052736,0.0063641104,0.0041275537,0.033853766,0.0023690094,0.00815181,0.08559938,0.00064029655,0.24000311,0.026043735,0.0026590873,0.024944546,0.2812115,0.006009372,0.014187696
7789,0.09708598,0.16937213,0.017745107,0.44133538,0.029090663,0.06650714,0.24561253,0.77192724,0.04142398,0.042480946,0.0031605752,0.65993285,0.0019375633,0.03198179,0.0103294095,0.0074859327,0.001058641,0.056268167,0.020416502,0.0127777,0.039249778,0.03940314,0.38769278,0.2945544
7790,0.03690527,0.021467697,0.04117824,0.024943473,0.627084,0.12034496,0.0032441174,0.68481797,0.058986083,0.03636058,0.018047947,0.01272181,0.007897359,0.0123702735,0.04836332,0.026020795,0.0006208849,0.4105424,0.010410122,0.0659783,0.021536972,0.06864946,0.0047870753,0.008247272
7804,0.016323872,0.033742275,0.011028659,0.028665598,0.18702574,0.1650631,0.013237992,0.5296086,0.12204856,0.18807642,0.04778898,0.014647693,0.33995458,0.013802645,0.008361304,0.38100013,0.0006232413,0.07269548,0.025375538,0.006448958,0.01170157,0.39595565,0.0057442603,0.010194253
7805,0.9216546,0.9049529,0.036513843,0.027809866,0.05845441,0.16023572,0.08624365,0.25524727,0.050365467,0.041641537,0.001981964,0.121669166,0.015711494,0.10291619,0.031498894,0.015940748,0.0011177794,0.019703967,0.046283726,0.0116213765,0.011561484,0.24190122,0.1827934,0.07644626
7806,0.050389353,0.040343925,0.013450845,0.05275226,0.46131036,0.13139114,0.055446234,0.53326005,0.02680456,0.023915514,0.01661984,0.00851834,0.039091993,0.028622493,0.017397504,0.03622272,0.0008461657,0.12484131,0.024100158,0.012196001,0.012186714,0.1680951,0.0074616107,0.0069891163
7813,0.011989601,0.013011326,0.0040885764,0.048701387,0.4049803,0.032633763,0.024433147,0.79610926,0.01706172,0.0273072,0.0026501263,0.012964235,0.058692656,0.06828578,0.0074141608,0.037170485,0.00078023924,0.19125094,0.011884118,0.0025184492,0.0075271237,0.06559568,0.01076405,0.0040407632
7815,0.057472922,0.12995657,0.08044095,0.010083402,0.81319016,0.03186106,0.00053405896,0.48863545,0.23009774,0.20629776,0.007825201,0.014723106,0.089783534,0.012775385,0.06371349,0.09892334,0.00057537126,0.71427643,0.023562493,0.02969916,0.003543214,0.09959732,0.0112667745,0.0018317123
7818,0.05808493,0.04016615,0.0127706835,0.26027417,0.14171724,0.07640055,0.053495485,0.7431194,0.0669761,0.024944011,0.014938053,0.021892076,0.018855061,0.04987721,0.0320706,0.016697256,0.00072237605,0.09310134,0.02168994,0.0061919927,0.72406214,0.062590875,0.005057716,0.024509808
7823,0.26047876,0.13210523,0.0030636163,0.058759212,0.037732698,0.05606367,0.015898108,0.6725843,0.006725241,0.003119126,0.015449759,0.11908862,0.03760301,0.011028892,0.018875841,0.1652255,0.0006956772,0.26418036,0.060617644,0.0021022942,0.0017126438,0.3198016,0.6042407,0.03403069
7826,0.3823837,0.31961846,0.017744351,0.012548902,0.22505794,0.3597496,0.02423118,0.23100418,0.048034623,0.035035204,0.012474037,0.012852623,0.043602727,0.13096333,0.032042857,0.077195995,0.00066725595,0.05104629,0.061150998,0.006844095,0.009631965,0.4236273,0.01418231,0.0062126545
7827,0.5684649,0.62404096,0.12896423,0.023391725,0.1171672,0.027897393,0.041436866,0.12122521,0.14583954,0.123421386,0.010862124,0.026962373,0.4005975,0.0077663544,0.013837316,0.026325759,0.000989964,0.010296928,0.6661736,0.039478693,0.027527537,0.33419752,0.047194384,0.008280639
7830,0.4282134,0.116357334,0.05039972,0.058784433,0.20502977,0.23051153,0.02270183,0.6659195,0.08783187,0.016414084,0.014089774,0.090973124,0.0026050084,0.008129068,0.006537245,0.004297886,0.0007175489,0.05852083,0.0148962075,0.01988549,0.42177045,0.09420148,0.1458439,0.0066680214
7832,0.061046362,0.072527945,0.0076621543,0.006544418,0.17367132,0.05800961,0.0031886962,0.76537716,0.026199037,0.043402646,0.009590746,0.0055203987,0.06337522,0.008690319,0.008932292,0.17137305,0.00054688135,0.7518313,0.014051955,0.0038465543,0.004782207,0.3253358,0.00835032,0.0049419934
7833,0.02044058,0.023818437,0.008121558,0.11026608,0.10205211,0.053268433,0.15770216,0.636673,0.01992868,0.039313022,0.011888812,0.050680935,0.09556363,0.035942573,0.015326585,0.078409895,0.00086076243,0.072593,0.043327894,0.0075290613,0.00447859,0.11128482,0.0370241,0.0031677596
7835,0.05844553,0.04681597,0.038855955,0.022078773,0.72516936,0.13215113,0.008608456,0.5765367,0.10863017,0.055514436,0.011238418,0.008649025,0.05438134,0.03941749,0.032471877,0.02722226,0.0005855285,0.3529243,0.05711172,0.006489407,0.014406906,0.048697755,0.01722869,0.047226053
7842,0.041393336,0.08984741,0.15560856,0.012466272,0.5218569,0.01882894,0.0098056495,0.2967774,0.3390235,0.3158585,0.00596748,0.0121633625,0.1581756,0.027535984,0.09175161,0.10152686,0.0006622368,0.20481353,0.029309055,0.060820635,0.038229942,0.048827484,0.009829527,0.02787273
7843,0.12606236,0.0126871625,0.0035020323,0.007853748,0.2763331,0.56030387,0.0012580683,0.44463342,0.0034539748,0.0131173935,0.075476065,0.011691533,0.21558107,0.0019912452,0.0076586343,0.3273689,0.0005778981,0.33880866,0.018909957,0.008521812,0.0010679588,0.7543974,0.006853478,0.012657099
7848,0.021331128,0.091295354,0.045239396,0.014318202,0.774646,0.006963198,0.009987526,0.60285246,0.18133026,0.12026816,0.0036448212,0.047661137,0.0124874525,0.047870852,0.07923443,0.005797341,0.000944381,0.32565963,0.0057863193,0.017511329,0.0036175684,0.019637031,0.018932363,0.006425055
7849,0.068219975,0.074012265,0.0049974737,0.019725936,0.13924637,0.05330502,0.13053551,0.06988198,0.0134076895,0.29052228,0.0014575807,0.04132669,0.93129873,0.007904116,0.0024033322,0.09721158,0.0010659904,0.0028435818,0.08217235,0.0035963082,0.0016081465,0.38521275,0.0049720914,0.012981795
7851,0.18117866,0.019897357,0.0011394428,0.06550621,0.24746041,0.46201396,0.010513221,0.82418627,0.0028526182,0.0072533023,0.038852975,0.046078525,0.00413713,0.021166913,0.020445308,0.023675315,0.0007289616,0.31180835,0.014789777,0.0032702459,0.009283929,0.2266121,0.10122793,0.048269268
7854,0.44731036,0.15923305,0.01651012,0.018403934,0.3703258,0.6393343,0.002839647,0.6021032,0.10323596,0.04531629,0.02892312,0.013641171,0.019740421,0.008668943,0.014445585,0.028181482,0.0004961875,0.124277,0.013751274,0.005870298,0.085105024,0.26278678,0.011503604,0.012825892
7857,0.26856142,0.2663657,0.08745648,0.043247323,0.5215201,0.033359088,0.019799989,0.1735183,0.18964036,0.278862,0.0075409934,0.011351473,0.15783434,0.019799365,0.028723733,0.08587674,0.000820453,0.1269956,0.46546498,0.032891355,0.010284685,0.14217237,0.0091110105,0.0018054044
7858,0.024795393,0.018400386,0.005985474,0.042678285,0.75321335,0.028437607,0.10606831,0.42660382,0.009987855,0.011459498,0.003917649,0.015570982,0.012247688,0.05774116,0.14283654,0.020462565,0.00070573407,0.58536243,0.020965515,0.009504288,0.006324084,0.021888921,0.008673599,0.012900663
7860,0.0057012616,0.0076842653,0.0050354972,0.014637614,0.44448242,0.06075318,0.005671973,0.7326228,0.0032990118,0.053501774,0.032914855,0.007470671,0.025214974,0.0022832148,0.013153603,0.12828906,0.00064406695,0.846206,0.012987502,0.008744979,0.0011624807,0.2030924,0.004474047,0.0020869928
7863,0.10928073,0.02022808,0.014997339,0.17037949,0.16725443,0.27758127,0.08041627,0.4626965,0.0063440595,0.017822493,0.017910274,0.016899822,0.110869884,0.026951222,0.012788376,0.07539648,0.0007744366,0.06284139,0.08081759,0.01628018,0.003040323,0.31839287,0.04414224,0.016493898
7865,0.5060455,0.2413139,0.015581891,0.11205338,0.065671735,0.7455684,0.033257432,0.47998613,0.023013601,0.032318205,0.0067520184,0.07494339,0.03344243,0.026690226,0.01960719,0.025733234,0.0008060794,0.05160235,0.03476167,0.0049957526,0.01099086,0.2648497,0.014395719,0.17463787
7867,0.082767926,0.03891972,0.009478077,0.028947143,0.5765533,0.17803033,0.029361017,0.5098266,0.06846738,0.007614685,0.008425381,0.008317548,0.0092024375,0.023987658,0.0046534445,0.025982035,0.0007804095,0.0638472,0.01183583,0.0052742166,0.22413391,0.16692661,0.0043129595,0.005522106
7869,0.060171362,0.01017736,0.0025667166,0.039980587,0.30184942,0.74335504,0.006659995,0.79299814,0.0029614824,0.0054276898,0.18937576,0.010896965,0.016559256,0.010562722,0.027987486,0.2325911,0.00064821535,0.5929345,0.0108194845,0.0051950063,0.0028961916,0.6184248,0.021467427,0.002453355
7870,0.20498902,0.07523902,0.0011566894,0.032648284,0.12669784,0.2247683,0.018350543,0.84835213,0.002633582,0.009108398,0.0075552,0.024934683,0.06163652,0.0076210694,0.0048001143,0.19343825,0.0008068679,0.14448798,0.028641807,0.00075957616,0.0011067152,0.47312465,0.08658912,0.009167036
7875,0.020559283,0.05044502,0.009626781,0.038620014,0.23700681,0.08909502,0.020461228,0.7777911,0.011550998,0.19000076,0.012612627,0.02489668,0.049557053,0.0044840723,0.0057565556,0.078248896,0.00074744294,0.24818343,0.042399287,0.003236997,0.004359999,0.16980378,0.0031042106,0.0068631084
7878,0.021930885,0.05636015,0.0064247106,0.04588835,0.11799076,0.032397445,0.012326343,0.8232772,0.051383495,0.04783935,0.0063977228,0.012713009,0.06846979,0.026899127,0.0056473524,0.07426991,0.00066001486,0.2401191,0.028050229,0.0037829033,0.009370083,0.15951829,0.009764921,0.003680189
7880,0.06552238,0.009981813,0.0023394302,0.020950085,0.6529692,0.29425973,0.0137573285,0.7541176,0.005910189,0.0059957644,0.010082412,0.006205675,0.010586679,0.004180858,0.0059107216,0.042171057,0.0007499312,0.35074526,0.044808976,0.002028639,0.0056904536,0.30383193,0.005199229,0.0015400515
7891,0.062225997,0.036223836,0.0019935586,0.011679676,0.15015985,0.228495,0.0015094301,0.49834007,0.010189025,0.039897613,0.08018459,0.015502504,0.4058821,0.0033359602,0.008122649,0.3518872,0.0004914004,0.25501812,0.12985475,0.0033692406,0.005031891,0.59352607,0.012790037,0.0021708151
7892,0.019616947,0.03771248,0.013848728,0.010470854,0.6357031,0.17233267,0.0016403525,0.7712522,0.03419356,0.0154289985,0.040745124,0.002737611,0.019811708,0.0067455485,0.04918322,0.07405599,0.00053099165,0.7895249,0.010309726,0.0049424176,0.005364235,0.14632364,0.008349577,0.0048370315
7896,0.10837834,0.037621893,0.013259089,0.040061295,0.61489797,0.10500883,0.07040003,0.32486716,0.047969766,0.018006578,0.0054133707,0.027528357,0.009051718,0.06545583,0.04313141,0.03651594,0.0011122534,0.22467212,0.019705823,0.0115358895,0.10666844,0.10327282,0.0065364307,0.0060258578
7898,0.014905874,0.015048918,0.01444716,0.004916227,0.79552025,0.03170489,0.0055506118,0.4703327,0.10115199,0.08329835,0.009913937,0.0022244577,0.24788879,0.008081217,0.024558235,0.05571211,0.0005847029,0.4519987,0.064386435,0.0038033198,0.0019735056,0.07819952,0.0032702053,0.00025413895
7901,0.89981806,0.20849036,0.0065011797,0.025461694,0.11909247,0.16067597,0.036251545,0.456605,0.0107331425,0.012639472,0.0019848922,0.027100038,0.01891768,0.015283933,0.0058951527,0.009165027,0.0010835702,0.020256272,0.13925861,0.0045306915,0.00904069,0.28774002,0.4407855,0.00991704
7902,0.034523524,0.22404024,0.049184036,0.078636885,0.4739288,0.022350011,0.042093717,0.33419913,0.11847478,0.11287284,0.007370025,0.033666186,0.039008494,0.015148765,0.010860096,0.1711846,0.0009125855,0.13480395,0.10183464,0.022817956,0.0150338635,0.10758381,0.020931616,0.022878164
7904,0.37991804,0.09551634,0.038082823,0.016090347,0.12974693,0.28720185,0.021964503,0.066516705,0.025573852,0.06622466,0.02421313,0.009041262,0.35266522,0.0062053106,0.006798929,0.4678027,0.00092120847,0.042722683,0.629758,0.008900054,0.0010319105,0.61403495,0.004562888,0.004748741
7906,0.13174582,0.102853335,0.010520843,0.22604015,0.101948,0.037544355,0.24586065,0.5267911,0.02508229,0.0034680183,0.0027140507,0.23095527,0.003282677,0.069029145,0.019527756,0.010581865,0.00096031674,0.0712284,0.032058567,0.004951598,0.6845054,0.03116267,0.03414849,0.38081542
7909,0.11353644,0.10709109,0.013201741,0.15152441,0.06458516,0.011240553,0.89612055,0.24184588,0.020346511,0.035470944,0.0023733038,0.112753116,0.026004931,0.039460797,0.010425617,0.025661387,0.0017522449,0.0223492,0.020423,0.010544572,0.004292025,0.073244825,0.12525673,0.01070211
7913,0.0038616355,0.019807318,0.021231517,0.14512894,0.92362237,0.018987685,0.09832279,0.31060207,0.114605546,0.07257199,0.0054459395,0.018039148,0.022462444,0.030296937,0.02579325,0.0068500903,0.00081422273,0.11322483,0.0049373927,0.023682298,0.019025167,0.009318438,0.0058567505,0.00469134
7916,0.03452464,0.0352598,0.011976825,0.022992522,0.31720266,0.0463654,0.035177168,0.57130724,0.027451068,0.07608453,0.00941629,0.006402593,0.05641304,0.037816662,0.029074728,0.1818833,0.0008660516,0.2416498,0.12015149,0.009249708,0.010124876,0.21126089,0.008303896,0.004809358
7922,0.028597414,0.021785626,0.0063307094,0.2639655,0.65115404,0.07731369,0.086516045,0.71507263,0.0062611536,0.0052113626,0.0027505371,0.08783509,0.001696613,0.19695681,0.013624808,0.0033370878,0.0008975138,0.06893873,0.0038572194,0.004685248,0.12878908,0.06809012,0.035562996,0.08060833
7927,0.06439936,0.043747332,0.025266781,0.045274347,0.6332098,0.03843533,0.021639673,0.5082927,0.11018677,0.09245714,0.004514796,0.0092436,0.03299373,0.086805746,0.015379003,0.011727677,0.0006247349,0.10020884,0.032130122,0.013974279,0.17206697,0.08435078,0.004992528,0.0056832978
7929,0.032291304,0.36102176,0.6289878,0.03872638,0.8806674,0.011042726,0.03353369,0.21817629,0.92794645,0.70958495,0.0014593466,0.012169586,0.015197467,0.051178504,0.11522731,0.0035058013,0.0008510254,0.13126788,0.19411783,0.054205798,0.008078038,0.014187884,0.006868063,0.003999714
7935,0.023934115,0.025383541,0.008937144,0.027396379,0.5809676,0.016731966,0.018103976,0.5322848,0.0894447,0.009647593,0.0032050933,0.014812841,0.005785433,0.028547324,0.022998033,0.009911335,0.00070770946,0.61005396,0.017953182,0.005721828,0.6366119,0.026817262,0.003922997,0.0020983985
7938,0.51831424,0.30920142,0.05405099,0.028878503,0.4668227,0.020307582,0.034529325,0.06950519,0.19747365,0.08665424,0.004750594,0.04996262,0.02563361,0.0070289043,0.027248506,0.012042383,0.0010066316,0.06033625,0.6630032,0.01439528,0.01628911,0.1083839,0.01742698,0.009376854
7939,0.18639016,0.029070217,0.0041749165,0.0042095515,0.6120747,0.45361942,0.0014732287,0.48522407,0.014859691,0.0119549185,0.035184845,0.004558809,0.02831874,0.003347371,0.0023568626,0.09082932,0.0007173424,0.063886955,0.012556556,0.012667418,0.0029730403,0.59618306,0.01079576,0.0049455846
7941,0.22802289,0.17618608,0.024060914,0.059060197,0.23161894,0.1056237,0.0935111,0.4038302,0.025131058,0.04269157,0.0038287898,0.018169947,0.07204019,0.013005601,0.01381675,0.047848895,0.0009904801,0.09673735,0.04342342,0.022230232,0.01905123,0.16616917,0.017164582,0.077876225
7943,0.03256424,0.02625652,0.026880337,0.031555377,0.7452788,0.103963204,0.035736304,0.44888675,0.16101018,0.007248812,0.0025650691,0.026649674,0.005103558,0.3053773,0.10349414,0.0048313676,0.0008872011,0.12546055,0.008231519,0.027923955,0.020430563,0.0521241,0.0068878466,0.013455698
7950,0.040747043,0.020564876,0.0105331605,0.24707578,0.18034679,0.028289802,0.88613033,0.46994403,0.019611197,0.010587228,0.0024510557,0.041090336,0.006593959,0.08625682,0.00781444,0.014779762,0.0015843939,0.063167244,0.011577489,0.009950727,0.6481741,0.039875664,0.024956632,0.005685527
7956,0.02286713,0.14226942,0.06191306,0.21962604,0.621483,0.02743599,0.3100306,0.2169126,0.062224187,0.04833546,0.0058213337,0.19360924,0.051249642,0.03442795,0.08543624,0.015793549,0.0010212191,0.1927407,0.0066630994,0.06660684,0.0050798873,0.02403816,0.04237102,0.004410239
7961,0.03493126,0.09797407,0.0019183807,0.01432954,0.33899358,0.07769559,0.0017492722,0.86024237,0.034533855,0.012662846,0.016543299,0.048937235,0.010930711,0.007768324,0.004268038,0.123658836,0.0006896086,0.4594505,0.012635135,0.003649297,0.0019446745,0.46825993,0.15201844,0.0033146366
7967,0.109806366,0.10073651,0.010643991,0.005807926,0.53663385,0.15358469,0.0018751151,0.56334126,0.047409505,0.15850028,0.02499788,0.0038283733,0.19158016,0.009286043,0.0064904857,0.19412303,0.0005428274,0.26092464,0.047253836,0.004770054,0.013840128,0.4300264,0.0048054545,0.0026294447
7970,0.037258707,0.29624033,0.19109082,0.030932147,0.70745397,0.005043588,0.023364699,0.11312599,0.6460709,0.3511942,0.0025047173,0.011434751,0.094795965,0.05024629,0.041396543,0.015428383,0.0007653721,0.109570205,0.33457428,0.021048693,0.012458686,0.025303096,0.0034141755,0.0041268165
7973,0.02451084,0.04374697,0.002700132,0.06781296,0.15495038,0.15753162,0.0061344104,0.7340984,0.005127094,0.07079951,0.031284608,0.038287196,0.06785708,0.010902549,0.019082207,0.3167017,0.0006803605,0.6590245,0.01484829,0.0054274783,0.0018854962,0.417426,0.042555064,0.00605671
7979,0.13101955,0.005932039,0.001999295,0.035661805,0.09244885,0.33164445,0.23838498,0.22167644,0.002210872,0.01571069,0.022397172,0.033969555,0.5841511,0.01036666,0.0059357127,0.47319943,0.0011805109,0.009652041,0.044249944,0.0157441,0.0013336507,0.62801236,0.015827414,0.002346519
7980,0.025642527,0.014818716,0.0023274412,0.0069271545,0.85837054,0.112416655,0.0018657235,0.7539249,0.0068646553,0.022445014,0.017545177,0.004718293,0.008701993,0.009021098,0.026085095,0.05410297,0.00055603986,0.9274089,0.013684657,0.0032859708,0.008904977,0.14107655,0.0051157745,0.0029435696
7982,0.4149189,0.08008055,0.014487804,0.014236545,0.36785486,0.8355661,0.0015830692,0.39770338,0.037384305,0.024872879,0.080003105,0.01996747,0.033027504,0.004250726,0.020327419,0.10749078,0.0005738419,0.21306556,0.043250162,0.0066410718,0.0018809501,0.6520633,0.008814383,0.03463423
7984,0.06535405,0.1918099,0.019358817,0.08332706,0.42311865,0.049165193,0.04905,0.8510914,0.03673265,0.02728083,0.0043581733,0.091551736,0.001726108,0.016307082,0.012511726,0.010265564,0.00087442185,0.42053792,0.017153349,0.0051557063,0.04664298,0.053338006,0.07393727,0.029173214
7986,0.035315946,0.064166605,0.005659871,0.07075151,0.65436345,0.08221434,0.016920257,0.604443,0.030025067,0.028096395,0.028744802,0.01751745,0.008546366,0.017176975,0.013687097,0.13160367,0.00068833644,0.4725338,0.1311877,0.0035793027,0.017768318,0.14329228,0.015026705,0.0015639041
7987,0.43758118,0.20233019,0.026297813,0.057728678,0.14510165,0.020597633,0.06399348,0.63718164,0.027079917,0.00847958,0.0028147066,0.16620815,0.006893273,0.010189693,0.0077378773,0.012919439,0.0010294984,0.11731782,0.21241708,0.027041906,0.016953954,0.21746556,0.4392645,0.0029737682
7989,0.15002172,0.09566795,0.019137342,0.04052125,0.24476312,0.040367857,0.08927884,0.122096956,0.016224328,0.048138857,0.01911766,0.041950844,0.80041665,0.0118744075,0.014803089,0.25716355,0.000950389,0.017052028,0.39521807,0.012838879,0.0010328871,0.3700369,0.04294383,0.005618411
7992,0.7243161,0.36036035,0.019318707,0.038738698,0.22407117,0.21632515,0.0076394617,0.521772,0.050847687,0.04422058,0.015774453,0.0622196,0.03062666,0.023547923,0.018866977,0.032685447,0.00067052717,0.08183503,0.05236694,0.007450058,0.024047408,0.16222763,0.5344503,0.09681648
7993,0.035496525,0.043213025,0.0029073253,0.023455875,0.50510836,0.14720923,0.007956562,0.72729975,0.03150378,0.033596743,0.017199013,0.022757092,0.009467286,0.004761419,0.012559897,0.067589715,0.0007687053,0.40255544,0.026843883,0.0048240824,0.009170256,0.20411685,0.0036470296,0.016595738
7994,0.0107653905,0.035995267,0.021783812,0.022538612,0.7329517,0.06578661,0.0038283353,0.61544675,0.09637067,0.09627228,0.015630577,0.0057239393,0.030067174,0.0345587,0.06375049,0.052378736,0.0005311891,0.54840684,0.010473627,0.017622773,0.053684797,0.1244522,0.0038525043,0.0074719335
7996,0.430375,0.03513433,0.0020583693,0.030719325,0.10820811,0.89512056,0.009921718,0.48724735,0.00468771,0.013675951,0.05542948,0.019244643,0.07743344,0.00565215,0.0025711248,0.38105607,0.00072265347,0.046190515,0.03921242,0.0026260167,0.030835293,0.84629446,0.004180705,0.027625985
7999,0.35076407,0.05660251,0.010320523,0.02423685,0.47109035,0.8664895,0.003914617,0.5970588,0.026883435,0.0321471,0.065807976,0.0152776055,0.030877287,0.01197735,0.027902968,0.050738346,0.0005445272,0.09082727,0.019000102,0.002433508,0.0070358273,0.2983105,0.00538132,0.019649556
8002,0.014693144,0.0051436992,0.0076361736,0.3614584,0.4083376,0.15984085,0.4163683,0.4382259,0.007913578,0.019048493,0.0058395425,0.04453916,0.05341834,0.03449148,0.021925367,0.07113573,0.0011394646,0.097754,0.020083882,0.0147441765,0.0048489105,0.10421103,0.018314222,0.0065560048
8004,0.019325105,0.012539984,0.00452901,0.012242337,0.38870552,0.06480025,0.0098518515,0.8210206,0.07338776,0.022149965,0.001383238,0.0016813754,0.07533103,0.034722302,0.0026162025,0.08068445,0.0006543888,0.0843538,0.018964175,0.003577181,0.03136339,0.21601836,0.0045620995,0.008419165
8006,0.024626829,0.026220014,0.008148618,0.018080173,0.84165645,0.14310494,0.0022535194,0.43328294,0.02729108,0.052560437,0.029519817,0.006300333,0.050236244,0.007080199,0.062434103,0.0812105,0.0005712857,0.52560705,0.019960133,0.0048321495,0.0032916525,0.1592757,0.002618463,0.0046746996
8007,0.27394122,0.11825865,0.0048422655,0.043595765,0.38967085,0.13212726,0.0015138123,0.7575953,0.009060152,0.013185128,0.034895778,0.027223459,0.0076681925,0.015315635,0.038184296,0.04229615,0.00074580184,0.63392615,0.024472903,0.0074306973,0.009355638,0.33317462,0.26462477,0.009567774
8010,0.016297515,0.025326155,0.04674414,0.008292336,0.5339266,0.020725725,0.024540216,0.53472257,0.30852073,0.08036621,0.0034485317,0.010792363,0.035222333,0.009221474,0.015385634,0.040396802,0.0008211077,0.19448353,0.1220807,0.05000841,0.14682005,0.044722777,0.0033250055,0.0013566938
8016,0.0044887555,0.045700267,0.005599406,0.056421652,0.2079776,0.022681806,0.039835427,0.9338349,0.09977397,0.012754702,0.0013319079,0.023660539,0.009152868,0.02673911,0.0028847132,0.0068853092,0.0006616028,0.10490795,0.009349873,0.0065728184,0.023225682,0.030290827,0.02516948,0.006975468
8017,0.2390041,0.014553753,0.0073494473,0.023789285,0.5993141,0.17042068,0.16503313,0.25789773,0.02037541,0.005012745,0.0031629167,0.012286787,0.010263937,0.0943031,0.014924012,0.021769922,0.0011485706,0.05081703,0.051130306,0.0032498445,0.02408389,0.31230083,0.016822327,0.008058869
8019,0.039528675,0.024915509,0.044395663,0.0730315,0.03558901,0.007245776,0.88564116,0.341365,0.025109075,0.060196027,0.0015960892,0.04224347,0.05789855,0.2970508,0.030363407,0.039808527,0.0015178206,0.06375608,0.16744363,0.07165299,0.0038393294,0.0953775,0.017506097,0.0031758666
8032,0.31360883,0.030483866,0.0016066046,0.0039462764,0.30507857,0.9227709,0.001025421,0.5250987,0.01001341,0.039572302,0.13341026,0.0027933086,0.109598055,0.002024974,0.005462667,0.30095765,0.0006172333,0.18259628,0.022013295,0.0015468001,0.004987201,0.7717211,0.0017021747,0.021609686
8033,0.02251153,0.001674278,0.0038711282,0.03069099,0.4709586,0.19581029,0.14916255,0.5485383,0.0038399876,0.004571429,0.015155783,0.013088045,0.0256293,0.15330496,0.018187726,0.020649575,0.0008005504,0.13558406,0.0118309185,0.005475386,0.007686964,0.09659944,0.01877238,0.005716633
8034,0.03467193,0.074990965,0.052723948,0.032150954,0.68124765,0.027283018,0.04616088,0.52544546,0.04829727,0.015876079,0.0036863238,0.0071481885,0.008680609,0.75961393,0.27173457,0.002663398,0.00081926514,0.46315807,0.009788229,0.019825527,0.020023169,0.015343685,0.005952728,0.013566731
8036,0.06499313,0.17073604,0.07379393,0.015231288,0.46235222,0.12321075,0.0054659867,0.29690555,0.35682994,0.060177896,0.0134803,0.0046160794,0.12148716,0.013932199,0.06616817,0.033680942,0.0006631463,0.09824699,0.018276159,0.01496791,0.013312051,0.16130115,0.0015871479,0.06128928
8038,0.6574984,0.08179192,0.008556858,0.009280429,0.15008736,0.7939188,0.0049161944,0.46698466,0.021104341,0.029545644,0.0913347,0.020448893,0.2218808,0.0016188896,0.010398412,0.21089974,0.0006686367,0.028427405,0.042557694,0.007311695,0.0065998905,0.6239411,0.011006847,0.072344586
8041,0.016548652,0.013806566,0.019009897,0.046129923,0.5908653,0.07506244,0.053226266,0.3633699,0.017833466,0.03286966,0.011001719,0.014097227,0.07425589,0.02113992,0.034630895,0.04182286,0.00075153157,0.6051037,0.028422011,0.037851274,0.001533571,0.05752039,0.014090344,0.0020071531
8043,0.018631294,0.006704905,0.0016872678,0.022290654,0.6239527,0.044843942,0.008962529,0.47902098,0.002590038,0.024630047,0.03141585,0.014190272,0.10495001,0.007209751,0.029012233,0.08266259,0.0006961245,0.6239984,0.017825691,0.0067256065,0.0034641938,0.20845711,0.004430815,0.0031325107
8044,0.060149375,0.010980903,0.004463686,0.03430524,0.08597091,0.26765788,0.018896362,0.53893614,0.0113746505,0.048643738,0.10210275,0.009089147,0.269402,0.027106373,0.009999522,0.6142861,0.0006366874,0.076104075,0.019970722,0.007850554,0.012174482,0.6657728,0.0056610005,0.0011685103
8050,0.041425552,0.027835311,0.006821729,0.035493415,0.76719034,0.03555675,0.008872118,0.628008,0.13286139,0.015868444,0.007523388,0.030215034,0.00291697,0.022780377,0.021786647,0.0068168063,0.0008073105,0.2955485,0.015847346,0.007462575,0.36469486,0.048329785,0.023469219,0.04145803
8053,0.2382517,0.19169313,0.007300998,0.00954444,0.26450104,0.6567867,0.0010948573,0.60003287,0.023136845,0.020761238,0.059641823,0.010899002,0.056726374,0.0029717528,0.015478187,0.077340804,0.0005771272,0.12549694,0.009273628,0.003382629,0.0021761297,0.63297516,0.008122988,0.09496257
8056,0.061955776,0.07563945,0.011648464,0.008011827,0.2016808,0.16382882,0.0013282911,0.5087439,0.23876181,0.24459247,0.0063890265,0.003208851,0.33886865,0.0061018495,0.02129877,0.19220152,0.0005899809,0.14079593,0.04226023,0.0047063148,0.0025647823,0.46762922,0.002975024,0.008180741
8058,0.022318339,0.015632654,0.007844079,0.0056726155,0.8088617,0.12190744,0.002277425,0.61425954,0.024429124,0.016580485,0.016868329,0.0021900942,0.09161766,0.004949646,0.006450455,0.041196752,0.0005224374,0.29455417,0.020782689,0.0061849835,0.0067718737,0.18224135,0.0035163118,0.0012487211
8068,0.014351074,0.020188827,0.010575941,0.028967712,0.70084226,0.073995486,0.0040451046,0.71383625,0.023017354,0.039871875,0.013572609,0.0053358204,0.04946607,0.025785228,0.03082155,0.046088263,0.0005376616,0.7809065,0.008146098,0.0019875832,0.0073157074,0.0644672,0.0077407775,0.01749924
8070,0.010357301,0.002746777,0.0029776632,0.06138937,0.6465397,0.3871161,0.007460018,0.8000309,0.008497769,0.007874426,0.027199749,0.0053840955,0.004966379,0.06975514,0.01800168,0.020879444,0.0005557879,0.53128743,0.0023591274,0.004893816,0.008505463,0.15020919,0.003677041,0.004266573
8073,0.25273725,0.16978003,0.043184407,0.022132672,0.22362539,0.450391,0.01212021,0.35401267,0.14528984,0.03072435,0.019854411,0.005948387,0.17595407,0.0062568383,0.007751586,0.10648882,0.00061527954,0.034520347,0.07351539,0.008392255,0.013681182,0.5009422,0.00445675,0.012865317
8077,0.02523534,0.010191954,0.0067767985,0.007504857,0.40070212,0.052896198,0.00907456,0.4091614,0.019376544,0.2173174,0.0069944793,0.005303832,0.82075775,0.005699629,0.005678256,0.17989968,0.0006251936,0.038856793,0.07422349,0.014002435,0.0006411771,0.34511226,0.012638592,0.0012594734
8078,0.004815535,0.006862471,0.0041783378,0.16784222,0.23962265,0.06703335,0.515797,0.40104356,0.002549486,0.010909091,0.0055077067,0.06669981,0.17018859,0.03102362,0.021807821,0.08766019,0.0010095537,0.08437514,0.008504932,0.0084564835,0.0017987088,0.13279116,0.013820603,0.0020816391
8080,0.17412165,0.16488819,0.017679458,0.012082763,0.34373072,0.054538082,0.044490788,0.47550246,0.022631912,0.018885138,0.018332213,0.0049879747,0.023753034,0.018958967,0.008117757,0.008816662,0.0007813944,0.11531623,0.113838084,0.017810637,0.115349874,0.13581888,0.0067663817,0.03047275
8082,0.09545397,0.31635556,0.400717,0.015450513,0.5770774,0.022832576,0.031345267,0.1252576,0.6562943,0.14069958,0.0018130773,0.0051784795,0.13590673,0.018788144,0.054584533,0.01872673,0.0010300203,0.10892706,0.27314812,0.055854626,0.006703625,0.11156152,0.013168609,0.046637785
8087,0.29013562,0.36281148,0.018969946,0.027399136,0.26115343,0.081982836,0.020491397,0.41815078,0.08974484,0.049541052,0.0056535196,0.03058414,0.04156415,0.0117908195,0.0099071,0.014773673,0.00079940574,0.064254954,0.050036944,0.0038307891,0.0064384136,0.1486229,0.113254696,0.067794435
8096,0.026702726,0.0127268545,0.0059945565,0.0077192863,0.6796528,0.07823345,0.012741697,0.7235226,0.030269098,0.027622182,0.0068566855,0.0011261222,0.046495445,0.0919764,0.021192733,0.044717044,0.00060061197,0.33599412,0.022271967,0.0022294333,0.004176931,0.11867308,0.0038181904,0.0004604797
8100,0.085461564,0.0442012,0.03220592,0.005776693,0.55662847,0.048885684,0.01573112,0.40580955,0.055487145,0.09382194,0.001760685,0.0023430989,0.16836044,0.08490139,0.031668548,0.049550023,0.0006707924,0.19843243,0.13798052,0.0028209235,0.0033344957,0.09756999,0.009671678,0.0076397583
8103,0.044361204,0.0217345,0.011811256,0.041411836,0.45269898,0.1222308,0.07060913,0.23738506,0.04576989,0.024666294,0.0066010123,0.006063379,0.028851569,0.053489834,0.034587547,0.026247293,0.0009690865,0.2694686,0.019458748,0.0130700655,0.0040939543,0.18576957,0.0033128664,0.0028944884
8105,0.08684367,0.03417994,0.007379463,0.017560069,0.31086543,0.43270314,0.0025139374,0.49479395,0.022545634,0.09265881,0.07566608,0.0029654612,0.2503615,0.012976718,0.026825072,0.37251848,0.0005359343,0.13186394,0.05550147,0.0045782453,0.0005731715,0.70592284,0.008389037,0.0030648008
8110,0.093883485,0.023427729,0.0063688373,0.0039830813,0.3107385,0.29891354,0.002290369,0.7636944,0.017181668,0.034338325,0.11428558,0.006412094,0.0809883,0.010253551,0.021736577,0.06385794,0.00051687844,0.27977175,0.008262985,0.011329425,0.0046997727,0.40416548,0.01695014,0.0034595595
8120,0.11553353,0.21166134,0.09694817,0.053026054,0.22594877,0.0113473525,0.085484,0.34960446,0.0725049,0.047638956,0.002915449,0.05580638,0.12952478,0.009712153,0.011573707,0.024801759,0.0010291792,0.065272525,0.6014033,0.04278946,0.009346539,0.078427844,0.06220018,0.014378071
8123,0.11069472,0.09583991,0.005105112,0.015349796,0.3651918,0.5133685,0.0025282213,0.36892158,0.04225523,0.105042495,0.0915843,0.007043646,0.121117055,0.0030839136,0.01718588,0.43651116,0.00061900006,0.08136925,0.015327728,0.008842188,0.004083252,0.6670314,0.009008927,0.0053315884
8125,0.33779252,0.035941582,0.0039511076,0.010505961,0.22800717,0.2970102,0.004181142,0.24532576,0.01847984,0.072410874,0.04127061,0.004741283,0.36803275,0.0025474012,0.0032578926,0.43764994,0.00078969816,0.031377822,0.23949236,0.0074410653,0.004265625,0.8998799,0.0022270393,0.0025906146
8130,0.5298466,0.103557505,0.0068373894,0.009677512,0.3593529,0.21856858,0.0038006178,0.26944506,0.057163123,0.07373404,0.02157389,0.007922778,0.10977696,0.0056170155,0.014346777,0.057511367,0.0005961114,0.113221325,0.030243935,0.0036048393,0.020332191,0.3607554,0.013273794,0.020731257
8131,0.019048618,0.063222505,0.042904846,0.03393574,0.5479779,0.0072294907,0.099674575,0.3123383,0.1905369,0.032430638,0.005865778,0.014539425,0.03344226,0.04946236,0.026779551,0.005616866,0.0008583087,0.13263465,0.011678118,0.016330106,0.028838484,0.019252257,0.00766099,0.01534063
8133,0.08427375,0.022242527,0.022598894,0.023085177,0.47017655,0.26264015,0.0146520855,0.2847552,0.02538819,0.05947101,0.024373014,0.011433177,0.56425476,0.008991422,0.013642544,0.2417939,0.0007737631,0.018469598,0.10043286,0.05552054,0.0011044188,0.48662978,0.0047775074,0.002745304
8135,0.412893,0.16069178,0.008978527,0.05451832,0.06384141,0.25202438,0.016034104,0.7068832,0.0054187546,0.006325124,0.042398844,0.14424285,0.019823633,0.0037109568,0.007625308,0.08527451,0.0009144181,0.12288084,0.02314305,0.00861385,0.0075181313,0.43487602,0.40369985,0.11033946
8150,0.02268382,0.022250975,0.0020382602,0.008759239,0.709193,0.07199979,0.0018776103,0.42469904,0.014183423,0.015900474,0.027087856,0.008190672,0.03638779,0.0030804777,0.0055115423,0.19342415,0.0005620493,0.6903263,0.039381392,0.0064980392,0.013446846,0.23040238,0.0039615436,0.0033095053
8152,0.31856778,0.2645767,0.016893527,0.035267927,0.03689045,0.090492755,0.07128584,0.57930905,0.0073959357,0.041122682,0.0062540546,0.57416487,0.12913257,0.0032392563,0.02118319,0.025431788,0.0009420122,0.04034703,0.022659069,0.029131284,0.0007434584,0.14850041,0.23393208,0.059546325
8154,0.111234166,0.09311543,0.008371788,0.17214045,0.33501685,0.15313195,0.036772795,0.63065296,0.022959244,0.05873878,0.01517288,0.039779846,0.011640359,0.03774412,0.043744218,0.03290285,0.00076811324,0.20794597,0.0135989105,0.002318008,0.0090986,0.11697455,0.012350552,0.008848455
8155,0.09854353,0.58094317,0.32660872,0.018462006,0.27627033,0.007979811,0.0014611029,0.4973675,0.57689214,0.7356794,0.0078282785,0.06200978,0.05675382,0.012172957,0.105352715,0.040120658,0.000627831,0.4731889,0.08110805,0.026786014,0.0061893817,0.06011592,0.015245837,0.0046907766
8162,0.03733177,0.022879018,0.01681073,0.018940227,0.29416618,0.22085798,0.0069716214,0.40751067,0.00901445,0.060744096,0.06412665,0.008084544,0.5107455,0.005592656,0.048560888,0.25117046,0.00059150986,0.13002601,0.017638538,0.02547632,0.00033005516,0.51631266,0.0056109754,0.003561558
8164,0.12287239,0.07697893,0.0055608964,0.027898027,0.4985502,0.46184552,0.0017968401,0.4149029,0.0056066806,0.016833365,0.032666262,0.06949275,0.036331464,0.0008050002,0.009488571,0.023910021,0.00071161607,0.28473344,0.021088576,0.009942556,0.001393024,0.4145826,0.0239532,0.019636484
8172,0.023933847,0.019191964,0.009573686,0.009920809,0.82893085,0.040297244,0.0029138513,0.57866025,0.11745229,0.027685637,0.002222304,0.006609723,0.012101856,0.03363568,0.0833968,0.0059431423,0.0006086137,0.48188552,0.0112341745,0.0042075827,0.15357846,0.032330427,0.006388015,0.02715891
8173,0.09713835,0.058286544,0.013544229,0.008028892,0.17843236,0.0871649,0.0039799195,0.76875395,0.010037675,0.043768745,0.027313888,0.0051889177,0.1660912,0.057256065,0.034244552,0.12148298,0.0005058998,0.46726102,0.07613229,0.0052042035,0.011509728,0.43323517,0.012141587,0.0020674202
8174,0.027225083,0.33049175,0.016987659,0.121657304,0.1686059,0.0028089376,0.036529664,0.69340795,0.14333217,0.08681075,0.0021731383,0.029449724,0.03129847,0.13192105,0.048793405,0.042988043,0.0007300332,0.36046615,0.035888944,0.003381057,0.0065326635,0.05914868,0.018345982,0.0053599393
8175,0.35900104,0.44438428,0.0057480577,0.03390696,0.06680755,0.27876,0.0023630958,0.6102078,0.0065766117,0.022006491,0.051600315,0.23097552,0.09184794,0.002485177,0.009514358,0.2535554,0.00069043256,0.15809524,0.031718016,0.004725184,0.001880796,0.6286195,0.5947021,0.015201922
8179,0.047460545,0.010264145,0.010247635,0.00691962,0.41814235,0.08153943,0.010803135,0.78509885,0.013816763,0.050262373,0.00601439,0.0030024226,0.06765484,0.13605815,0.007987194,0.104512475,0.000622698,0.20413369,0.030895209,0.002814241,0.0073166178,0.32872748,0.006607288,0.0034967677
8182,0.34408978,0.21463098,0.016528914,0.043150503,0.2762643,0.21512592,0.009041117,0.20890003,0.071461305,0.11746779,0.014383309,0.048842933,0.06901954,0.011427498,0.03290634,0.04989385,0.00069254066,0.07080115,0.015483049,0.009228346,0.017075144,0.23251213,0.019267034,0.24995376
8186,0.5854794,0.26119494,0.0206468,0.011172362,0.22947884,0.62802607,0.0064045037,0.29370263,0.05496993,0.02521416,0.015267594,0.005505623,0.239328,0.01233434,0.008580012,0.09122801,0.0006269786,0.018475411,0.027310297,0.0150713045,0.011597613,0.613958,0.008932849,0.1532571
8189,0.0800909,0.11673815,0.068021014,0.010953986,0.19978806,0.034103427,0.0045117196,0.5580601,0.377625,0.07208305,0.0075545697,0.022436474,0.08060392,0.009484374,0.04088818,0.04860725,0.0006584862,0.18315804,0.018802654,0.035691302,0.1390153,0.092677794,0.0044252025,0.054103605
8190,0.038078576,0.019197745,0.0032066158,0.03266227,0.75833964,0.06414339,0.026566368,0.41578475,0.029192742,0.010074705,0.019773183,0.020571062,0.021973284,0.012253827,0.008927393,0.02229757,0.0007952414,0.15140273,0.0151587855,0.0048594647,0.06062442,0.1369476,0.013991497,0.03064726
8194,0.14931123,0.15701486,0.005991594,0.01565089,0.37859207,0.2314082,0.0094350595,0.5188375,0.027544789,0.017134957,0.01731953,0.008821651,0.038837343,0.006655756,0.023152959,0.16981061,0.0007852101,0.21245489,0.06944188,0.0037449545,0.0036093998,0.40905434,0.018236293,0.18211362
8195,0.25637388,0.09948646,0.0088826995,0.030519303,0.11917641,0.05897867,0.04585918,0.3975499,0.014207439,0.15599376,0.0075107305,0.040841803,0.06227413,0.0049067675,0.00720569,0.15316048,0.00097626017,0.057368528,0.64675,0.0059032873,0.0025791838,0.6222795,0.023362344,0.0057696565
8199,0.46626288,0.11431285,0.0078102336,0.007955083,0.04216889,0.026162347,0.039138984,0.35647324,0.0063569075,0.0566957,0.0062273894,0.04261154,0.7609821,0.024065442,0.0071862107,0.08913167,0.000857378,0.010164302,0.07116278,0.03250647,0.00395168,0.3470902,0.5706512,0.013419691
8202,0.7848183,0.2953286,0.006021087,0.029561674,0.21285854,0.023004275,0.0054495744,0.17285104,0.033211317,0.04270615,0.0044806655,0.025010493,0.040726192,0.006192714,0.0036988314,0.046788942,0.0008084032,0.11011834,0.9151462,0.0017598573,0.007952047,0.5176146,0.034517206,0.0024786026
8205,0.25313097,0.10207901,0.077063724,0.0055509964,0.2459002,0.04723733,0.020479681,0.093664035,0.107020505,0.08522164,0.008637168,0.015650472,0.85233176,0.0054346235,0.01154073,0.13984773,0.00080028985,0.012986879,0.90180874,0.020870145,0.0026418162,0.43203548,0.010645065,0.0011781023
8208,0.044524595,0.03135331,0.0045472924,0.0150613915,0.6325382,0.32464096,0.0017681943,0.5822806,0.031962227,0.003793632,0.108579904,0.017639438,0.0050784824,0.00075032393,0.014575742,0.037062697,0.0005959211,0.3211556,0.004840705,0.022302177,0.009653955,0.2038316,0.017855769,0.030445319
8210,0.13286002,0.13265014,0.012470495,0.014522956,0.37125993,0.091906585,0.004621406,0.4750868,0.085936025,0.02322902,0.016304145,0.020007359,0.024755316,0.032997616,0.091887765,0.0571296,0.00068056374,0.3298363,0.01075802,0.018920016,0.053811684,0.16771115,0.011161751,0.34548807
8212,0.018214004,0.16499174,0.05176583,0.052379504,0.77644217,0.023399651,0.103092104,0.53126997,0.24980019,0.079403706,0.0020613316,0.014940775,0.011858606,0.045715667,0.024711099,0.004307577,0.0009039479,0.11712101,0.0152712725,0.008201858,0.033383,0.010410593,0.0055636605,0.003474755
8213,0.20202003,0.04867052,0.018239278,0.02157386,0.15102392,0.14956279,0.03735318,0.25800523,0.036589194,0.06537397,0.009603836,0.0052461177,0.47481596,0.0082981335,0.0064031268,0.19084358,0.00079676416,0.025554335,0.19036943,0.026132103,0.0074057155,0.4479525,0.007273292,0.110583715
8215,0.017647605,0.022744833,0.007957597,0.10650005,0.11813067,0.0332691,0.079218514,0.790056,0.04445534,0.022349268,0.00245053,0.028510204,0.039882895,0.077045746,0.010442908,0.042242195,0.00072259875,0.31709942,0.019916741,0.01634992,0.013094131,0.059925903,0.013766156,0.0057273647
8219,0.0040847883,0.009753056,0.0075457375,0.10614432,0.78490394,0.07453204,0.028754469,0.76264256,0.011432962,0.022129515,0.008400973,0.02418057,0.006798662,0.018399172,0.05240195,0.01673104,0.00091284025,0.6382398,0.0027788444,0.004256391,0.0042736707,0.02562864,0.007616725,0.0068170326
8220,0.009107003,0.06279348,0.031238463,0.02418458,0.7761374,0.010848627,0.69547975,0.15152363,0.06431256,0.013707729,0.0016097341,0.009113099,0.12345161,0.013073276,0.008934691,0.015060521,0.0014341378,0.046192605,0.0524172,0.007349471,0.0065760077,0.022798508,0.0052844086,0.011686652
8226,0.0132304765,0.085683614,0.01193115,0.06976971,0.70172155,0.026830819,0.022725599,0.60209286,0.03876616,0.31334186,0.0070416257,0.008383061,0.011862753,0.019958002,0.025795814,0.07898746,0.00083458476,0.42391226,0.02576488,0.0036709635,0.011836115,0.05007737,0.0068659494,0.0026832586
8227,0.08531315,0.5299795,0.036807965,0.010215021,0.41476566,0.022562128,0.009090916,0.41054517,0.1568604,0.15897211,0.0071441894,0.01466185,0.09099219,0.008935514,0.025664685,0.031087939,0.0007775805,0.20635727,0.03255247,0.011729247,0.032930825,0.1346191,0.05483916,0.049731888
8228,0.07018834,0.050241854,0.023161495,0.21422125,0.41519558,0.13459687,0.039415468,0.5626961,0.029995147,0.06933013,0.009731627,0.05662851,0.035991263,0.10769395,0.05091411,0.04483033,0.00073543197,0.10336156,0.016865056,0.008206479,0.007534177,0.1114149,0.01863479,0.050125767
8230,0.030747805,0.03418153,0.007820105,0.015751615,0.7315442,0.02840456,0.0067060417,0.44020233,0.09486011,0.0547575,0.0070772124,0.0057444125,0.029491711,0.053443972,0.01720281,0.013639394,0.00060250115,0.4382198,0.037812803,0.010084944,0.087385274,0.045088924,0.0036127006,0.008498842
8232,0.030293124,0.044642773,0.0054833554,0.046228252,0.2513326,0.0767389,0.0027954357,0.8568938,0.014501903,0.021179345,0.03994048,0.023097234,0.006738338,0.012909161,0.035759915,0.11120335,0.0006826404,0.8400629,0.011868254,0.004719825,0.00319015,0.24607927,0.022832124,0.0040945415
8234,0.055739835,0.021156503,0.010100613,0.015776332,0.7009989,0.043573394,0.0066893296,0.45815387,0.054921597,0.057901166,0.011501734,0.014639066,0.031440772,0.086907856,0.12587498,0.023857472,0.00073179934,0.6946549,0.07083127,0.0061130393,0.010197689,0.05323088,0.013739232,0.0022761468
8238,0.63646406,0.1706341,0.005247708,0.014285337,0.24158247,0.7394529,0.006809911,0.41542935,0.016662039,0.0069496995,0.049137827,0.04719267,0.044736437,0.0022480665,0.00789793,0.10213125,0.00070290954,0.07156446,0.0571551,0.00975516,0.002725934,0.83937895,0.033727344,0.013620053
8241,0.4167891,0.03352482,0.0075508957,0.041028894,0.34643903,0.8528762,0.011858065,0.5217997,0.029567735,0.020506222,0.047692373,0.011801019,0.00914452,0.010680765,0.006629204,0.044781484,0.00079602003,0.046545032,0.010970696,0.0023248342,0.012714889,0.37719452,0.0062437025,0.052773196
8245,0.84394693,0.23234706,0.005138541,0.014270419,0.10111477,0.20480308,0.0025423514,0.6946448,0.018462736,0.02194628,0.0032650277,0.04245482,0.04111255,0.00592167,0.004339649,0.01561396,0.000639483,0.13822265,0.33570874,0.0037952058,0.020878859,0.30682182,0.28056723,0.020567454
8258,0.040082972,0.17103435,0.033025097,0.023079053,0.11363791,0.016403109,0.0064003184,0.6174641,0.1473228,0.59154946,0.004210503,0.011244401,0.5902406,0.009692362,0.05710392,0.14594088,0.0005897558,0.32162648,0.023759846,0.009621977,0.0037674392,0.11090288,0.005496576,0.011809102
8259,0.025598215,0.006646283,0.0017457602,0.08310704,0.35605472,0.42511186,0.013091579,0.4215239,0.009248493,0.021497065,0.053876605,0.009845063,0.1681409,0.007103767,0.021640602,0.22782378,0.00068977225,0.26623467,0.005024734,0.006178439,0.0047719646,0.39641458,0.0033837366,0.0074520996
8264,0.020837188,0.057992414,0.011006385,0.025113791,0.5946957,0.016742984,0.007933977,0.57565427,0.040168583,0.07161404,0.0053334674,0.022198444,0.009939008,0.10510078,0.13640334,0.01529756,0.00072224764,0.83933073,0.008121255,0.008040171,0.07397719,0.057337027,0.01740821,0.0069072847
8266,0.030485263,0.054813005,0.008910246,0.045984298,0.20866987,0.035355907,0.002150017,0.92994356,0.0191985,0.04338231,0.033447377,0.115407534,0.015615603,0.013425007,0.036401477,0.019918062,0.00054152723,0.7060523,0.012114519,0.0067339167,0.0021110887,0.13125846,0.3218735,0.0051407083
8271,0.8740962,0.35563758,0.0072853207,0.009149123,0.41355515,0.14633732,0.041798756,0.2511341,0.025780508,0.018837051,0.006162438,0.021615544,0.0126438355,0.0058305524,0.008977119,0.04858085,0.00093776616,0.07192778,0.033819634,0.009121602,0.020129377,0.51050824,0.049870268,0.019511059
8286,0.21216571,0.35759372,0.01375141,0.011952851,0.4336584,0.061985135,0.029330837,0.13361105,0.056589857,0.12050326,0.008649225,0.024435375,0.20951359,0.008383097,0.006240845,0.15605515,0.0008859767,0.0447924,0.37110373,0.002058484,0.003888763,0.21163554,0.017567104,0.005197153
8298,0.14608984,0.12457527,0.0072836317,0.0078076394,0.19412042,0.32990715,0.0010011642,0.7313969,0.01211016,0.034342762,0.05543391,0.004424018,0.08216749,0.0056697866,0.0065091555,0.1055481,0.000529639,0.24883428,0.05131227,0.009893098,0.0065859086,0.48633525,0.0332606,0.031963162
8306,0.1299037,0.041842286,0.004273821,0.0723387,0.20541605,0.7068649,0.037790716,0.68553126,0.0023729943,0.008165535,0.026561188,0.01946335,0.038580127,0.03875774,0.02136,0.02759338,0.0006787077,0.15571953,0.011730297,0.0072054174,0.010663371,0.3436088,0.011034886,0.12832947
8308,0.062074885,0.03317359,0.0068111364,0.052131526,0.17877671,0.46116182,0.0046756985,0.6683263,0.046105728,0.018499583,0.04169756,0.05347687,0.030849652,0.012245548,0.02935678,0.050248124,0.0007674712,0.10756837,0.014990282,0.006559403,0.0034858184,0.3583633,0.008604383,0.02785342
8311,0.03905271,0.0316539,0.009085153,0.00821414,0.72338337,0.04648906,0.0045578615,0.4502189,0.12077697,0.043358855,0.014607094,0.0027104807,0.057816457,0.019330623,0.0100739915,0.06764318,0.0005993619,0.10814321,0.110473685,0.0024740149,0.028115276,0.13334519,0.001271631,0.0026852742
8315,0.12913689,0.08237128,0.0077760243,0.010596943,0.3483195,0.31008205,0.005809333,0.50223374,0.033033505,0.012280116,0.04259846,0.006290549,0.021295698,0.0032628435,0.011075721,0.32620022,0.00068767776,0.41090974,0.034495976,0.0045562177,0.0029821042,0.5461658,0.025778582,0.0017883895
8319,0.083335064,0.02705892,0.014901813,0.13836242,0.46791577,0.06697713,0.23537742,0.17295149,0.09907795,0.023920417,0.0048180744,0.020754071,0.093635365,0.07779612,0.04988952,0.039408624,0.0010387097,0.05220419,0.028475054,0.0110720815,0.011592204,0.08976567,0.009117603,0.07200007
8320,0.20072964,0.16365784,0.013362508,0.033734664,0.34540126,0.34365287,0.0026324815,0.446331,0.04361255,0.10650273,0.01817682,0.058088664,0.051026113,0.015560644,0.028343856,0.054806754,0.0006337358,0.117295705,0.005334859,0.019476786,0.0052559087,0.35426918,0.02279162,0.148097
8321,0.020710474,0.048071485,0.013200697,0.056360025,0.48298326,0.02614673,0.055473026,0.44428185,0.036782462,0.013797927,0.024298467,0.17618833,0.0033254342,0.004428399,0.010575851,0.041656073,0.001057888,0.21635564,0.026867079,0.004978248,0.02117043,0.11324811,0.11877683,0.0070562675
8322,0.06833227,0.0043575238,0.00540769,0.3576075,0.036570467,0.06664476,0.9651137,0.34686822,0.002992419,0.006654224,0.0024422645,0.06919328,0.027943918,0.8484981,0.05090656,0.019568529,0.0013616119,0.028020257,0.017076598,0.012224003,0.011321565,0.040796958,0.033869505,0.03219422
8325,0.042719193,0.053819552,0.022991296,0.1227905,0.3857237,0.10756821,0.04068108,0.3528247,0.03685918,0.22324051,0.017966606,0.038248744,0.26741424,0.008502085,0.013189844,0.086857475,0.0008068983,0.15069315,0.0768275,0.008354755,0.010799106,0.13923569,0.0105032055,0.015033998
8329,0.09376844,0.042256244,0.008289497,0.035473514,0.6768536,0.2195009,0.029643688,0.54873717,0.038924523,0.017310694,0.009767102,0.008251942,0.005970955,0.006071068,0.0066156657,0.03312395,0.0009573737,0.1698864,0.22770502,0.009280075,0.008494845,0.29881856,0.00412995,0.0018994821
8333,0.01593775,0.007658667,0.0032190888,0.035431333,0.8428801,0.23524275,0.015027433,0.73587626,0.05253869,0.012304883,0.012159152,0.0083280215,0.011541361,0.03727527,0.008523553,0.022257162,0.0006393142,0.12361778,0.0040455232,0.0029849824,0.054409336,0.12480141,0.0063459324,0.002621618
8335,0.06693822,0.013054451,0.0036926845,0.027613934,0.07957805,0.080248415,0.025573066,0.6052371,0.006637452,0.025016017,0.0072648716,0.013679605,0.68224746,0.024876088,0.010070207,0.26924115,0.0006358066,0.040050805,0.14032136,0.007211423,0.0062192944,0.46894833,0.00641976,0.008129933
8338,0.15593661,0.056977563,0.009150057,0.0038843546,0.5402603,0.1588337,0.0007177698,0.6342284,0.05013301,0.03832926,0.033904802,0.0034399326,0.026129883,0.018207574,0.06058312,0.08431655,0.0005880099,0.7263725,0.017928842,0.0039461376,0.006869687,0.3271212,0.0074725454,0.004927563
8340,0.34854645,0.08290932,0.01495302,0.002393215,0.5007393,0.20844351,0.0014437827,0.38548222,0.06948008,0.009085063,0.027927402,0.0027447282,0.06825184,0.012632934,0.0118969595,0.047866073,0.0006031274,0.16915761,0.10801719,0.007644847,0.008799269,0.28953746,0.059330814,0.03295475
8346,0.17822951,0.22229236,0.016946143,0.018646218,0.19398083,0.029224982,0.0031731834,0.23904943,0.04219496,0.5684438,0.0076970416,0.01592212,0.7294536,0.038081057,0.024556331,0.12130846,0.0005899767,0.1367731,0.3107206,0.0023891928,0.005120072,0.1924557,0.005414313,0.009053844
8347,0.61290604,0.21897036,0.0042657973,0.019590378,0.11320816,0.2306128,0.0044316608,0.6301919,0.040046982,0.015393335,0.007940161,0.03405808,0.11537236,0.011751077,0.008185711,0.045657873,0.0005106231,0.024521178,0.029304871,0.0043533845,0.027124373,0.3495518,0.051457424,0.44210872
8352,0.044321205,0.15345584,0.008429071,0.05068003,0.10835607,0.054503977,0.051696777,0.8840961,0.010861899,0.009827735,0.013832425,0.059659794,0.0014792806,0.0076855817,0.0064591155,0.020379117,0.0010921338,0.32698914,0.0127548035,0.009384155,0.014786353,0.2089301,0.18493913,0.03454385
8356,0.031252693,0.030525655,0.027119601,0.35698003,0.3953286,0.040915575,0.14476864,0.57820064,0.015125181,0.03852417,0.005530287,0.07991118,0.0024035573,0.05501062,0.025985904,0.015744112,0.0008081625,0.48269913,0.003968638,0.010510811,0.025128728,0.033938166,0.025776055,0.00519122
8357,0.009613596,0.042600676,0.03901693,0.073729835,0.5939254,0.023133092,0.50512725,0.5434197,0.31949028,0.006028163,0.001608808,0.021739544,0.005876922,0.07901217,0.0151779475,0.0033911802,0.0011740191,0.071100436,0.02626608,0.013330095,0.13951138,0.006028289,0.019216672,0.0046890117
8363,0.031411547,0.013527083,0.0037447838,0.0057898536,0.6803987,0.07134301,0.0013856152,0.640142,0.028025258,0.023166044,0.009960809,0.005151936,0.09087497,0.010432462,0.011491866,0.055721566,0.00068178744,0.35507208,0.024556845,0.0047294106,0.009299706,0.2254668,0.015884634,0.028036794
8365,0.07763517,0.048355926,0.012643723,0.11784496,0.49924356,0.6123354,0.015566853,0.7787249,0.07531207,0.013648122,0.011402542,0.010040242,0.0030757557,0.07049956,0.03249303,0.0058002686,0.0006365205,0.16929151,0.0023471576,0.0036033,0.049664274,0.07815947,0.0031554445,0.0397529
8378,0.04641787,0.08567239,0.0279777,0.022463271,0.5483582,0.09037201,0.021857226,0.45140907,0.062181022,0.07641522,0.005704241,0.015570054,0.20800465,0.0049435413,0.005155241,0.028072752,0.000797613,0.025352607,0.10663507,0.011619339,0.010699812,0.117195286,0.010050808,0.010948625
8381,0.046096187,0.5728086,0.56288534,0.0088898055,0.82048374,0.010565273,0.008191229,0.14263426,0.8015155,0.6115245,0.0069811516,0.01118209,0.122531176,0.011045626,0.10173786,0.008586874,0.0007392971,0.16313818,0.17488815,0.09342991,0.008723037,0.01890237,0.0077972338,0.012716792
8383,0.20045985,0.15806547,0.003372991,0.076925986,0.1766083,0.3173181,0.1500646,0.15893592,0.013476743,0.015904369,0.01913694,0.07207125,0.07710692,0.0028565992,0.0037269564,0.5893695,0.001370621,0.05307974,0.12469153,0.001980777,0.00041738737,0.8478636,0.020923879,0.0046619866
8389,0.20868438,0.016965035,0.0011581084,0.0077253664,0.12215832,0.48231724,0.0028138838,0.55340195,0.008069599,0.022505235,0.087780476,0.0061765774,0.24564222,0.007112267,0.0038425804,0.54148775,0.000596024,0.08346711,0.035224125,0.0012203703,0.0049261185,0.8392722,0.0072234976,0.0033729926
8392,0.28411266,0.26233217,0.1264751,0.02217043,0.60954034,0.38337,0.012428163,0.22741742,0.22173133,0.09232879,0.025498409,0.006092109,0.05165857,0.012144796,0.049970057,0.08893061,0.0008378652,0.0904646,0.095601775,0.010336447,0.008484573,0.19048914,0.0049264804,0.021711979
8393,0.73797584,0.5868797,0.02116306,0.00836151,0.05770612,0.12953031,0.002816206,0.47674188,0.10639193,0.037289776,0.050781485,0.044765525,0.041687462,0.003825908,0.006377108,0.07290986,0.0006717178,0.08129778,0.65194005,0.0056697656,0.011578956,0.6567789,0.07925541,0.0032825381
8402,0.098049045,0.025359876,0.0035389704,0.025020827,0.42183834,0.17405614,0.0143808015,0.56885153,0.018582972,0.007045324,0.029048113,0.029864974,0.011733792,0.12718652,0.068874866,0.015545444,0.0006918144,0.4648432,0.0047103884,0.0030828507,0.074743606,0.06571182,0.026009044,0.40513104
8407,0.013265084,0.028167551,0.008249242,0.015555898,0.52921635,0.06582278,0.0015615835,0.71772844,0.035206124,0.02855976,0.027407926,0.015993552,0.019775461,0.0021127982,0.04290908,0.012545039,0.0006084624,0.72396123,0.023553876,0.0084259035,0.0052859453,0.038615383,0.0045187324,0.05500187
8408,0.10174878,0.082458995,0.05781975,0.0075318953,0.21484862,0.037420195,0.023096504,0.10659992,0.21403122,0.3091767,0.0074313795,0.0009638742,0.9620684,0.019109583,0.0041421703,0.14691517,0.00064302405,0.012901896,0.85063106,0.014888099,0.0066660284,0.40803033,0.0009674716,0.0010778531
8415,0.3339009,0.85538906,0.10994311,0.02485174,0.09766064,0.014239223,0.0032149574,0.26046532,0.31893885,0.7293948,0.0037972562,0.117889866,0.11531613,0.005308452,0.03919035,0.12435936,0.0007292239,0.23343094,0.29315326,0.0039323596,0.0018003759,0.16239485,0.022513602,0.015133002
8427,0.022722473,0.02413574,0.003864362,0.058691975,0.53326875,0.034075048,0.025952613,0.7697932,0.013569488,0.013469594,0.0053667896,0.05256414,0.0126925865,0.03574949,0.055793144,0.012713906,0.0007600243,0.46798894,0.0025536146,0.016623005,0.008643083,0.035536766,0.026670275,0.0077725155
8428,0.47687992,0.08939297,0.02259824,0.019916043,0.38012218,0.7559555,0.018553866,0.10437025,0.0792504,0.035546515,0.04037654,0.011669305,0.045226835,0.022932833,0.029756295,0.18951368,0.00076457614,0.028790133,0.25283512,0.009562154,0.0049698935,0.6261739,0.002601095,0.008241132
8429,0.06420052,0.039878603,0.0022988436,0.029307483,0.3141258,0.22501445,0.009437663,0.4206399,0.045105338,0.018490162,0.02706192,0.010786562,0.16310357,0.0033317725,0.0051193144,0.2110817,0.000600083,0.04091849,0.020717524,0.0045168926,0.01545332,0.4981399,0.005925199,0.0037140923
8433,0.019950729,0.005574805,0.0012150228,0.18986136,0.36670926,0.27466708,0.28082705,0.780474,0.0025282707,0.001974697,0.03051335,0.031028572,0.005212717,0.118389204,0.01570948,0.09693805,0.00088458194,0.2588447,0.001055579,0.0038163534,0.007969964,0.22073546,0.045708504,0.0033861012
8434,0.42219085,0.12748758,0.0087004835,0.009519059,0.16528639,0.1851419,0.0035285486,0.4653521,0.020601222,0.02585818,0.048052933,0.03188989,0.056844417,0.0043682368,0.028364325,0.06361693,0.00064587576,0.36686707,0.022695865,0.006172294,0.039228637,0.19180986,0.025708828,0.04913151
8435,0.5494387,0.27109295,0.025410067,0.017705249,0.42394722,0.69165516,0.023986928,0.23986167,0.041037027,0.046304427,0.018152848,0.017733185,0.085693195,0.007221966,0.0176921,0.09957914,0.00073337747,0.047253642,0.034261517,0.015049808,0.0018541781,0.48410684,0.013226431,0.047035497
8436,0.33735472,0.12885787,0.0064656218,0.034229055,0.2052099,0.20578043,0.023796063,0.6176015,0.010260769,0.04383752,0.007993301,0.044765707,0.0048406823,0.010650219,0.003323666,0.10568142,0.0009468014,0.1303836,0.19344309,0.0019403379,0.010771731,0.49332199,0.04182841,0.0038760002
8437,0.04011321,0.07196671,0.02100718,0.07999747,0.76850563,0.044213973,0.03055331,0.28203726,0.034852766,0.21153261,0.005123666,0.0046166116,0.3063009,0.085966036,0.04909126,0.09481835,0.00073937065,0.16281773,0.051287767,0.008254682,0.0089312075,0.21675462,0.0066378703,0.009632092
8438,0.5827353,0.07518635,0.005410725,0.0058705625,0.41321206,0.51322573,0.004065148,0.26705867,0.029878268,0.015416126,0.0710834,0.008327056,0.06336336,0.0016457974,0.004241714,0.17666383,0.0007571833,0.0336856,0.2561272,0.009882925,0.009092171,0.6390541,0.060177296,0.004383277
8442,0.2385314,0.008760224,0.00075183384,0.019585507,0.03295567,0.834361,0.013799284,0.38153553,0.0012078051,0.015802238,0.09633923,0.01964692,0.67000437,0.0052380613,0.0039377105,0.63668376,0.000662622,0.06492557,0.020084754,0.004411131,0.0017083886,0.89445037,0.0128146615,0.0032761013
8445,0.021062827,0.03964196,0.010101066,0.03512093,0.84992963,0.07638918,0.002456253,0.33565253,0.026128026,0.09436283,0.010695038,0.018591091,0.05377785,0.044206273,0.09546008,0.031816438,0.00068384345,0.6139142,0.018657494,0.0028393029,0.0033962862,0.09288014,0.0066611934,0.04806372
8453,0.32493976,0.019845558,0.006162976,0.27153122,0.18081427,0.87235856,0.105833255,0.45070326,0.004829836,0.0051836846,0.029315885,0.13240911,0.02654996,0.013436634,0.013879199,0.053598687,0.00086551695,0.032063466,0.07477928,0.013632154,0.0031407496,0.36640313,0.08481669,0.04315005
8461,0.17013487,0.26205206,0.049253162,0.041180443,0.29828313,0.0505082,0.13940121,0.16757587,0.17052895,0.07235281,0.009068417,0.018458368,0.04443209,0.058450617,0.009591095,0.09470942,0.00079939695,0.068289116,0.028448978,0.009571805,0.4231562,0.16999303,0.00374022,0.0045651644
8462,0.03938897,0.13326217,0.019931937,0.023536025,0.19494186,0.061133716,0.0039209886,0.7576928,0.0988415,0.13618656,0.013260242,0.022323433,0.061097447,0.012711938,0.04439968,0.06459306,0.0006026731,0.32738644,0.021274747,0.008085363,0.007350435,0.11014138,0.09615724,0.009650609
8465,0.014715072,0.0043412377,0.0039245565,0.007419852,0.83982843,0.075701885,0.0018226824,0.5860834,0.012152887,0.020161903,0.017809544,0.0028424787,0.02068088,0.03328893,0.017357722,0.016619312,0.0005787842,0.7385066,0.0047649206,0.004497449,0.012501273,0.23625788,0.004987156,0.0016244266
8467,0.48613986,0.32937026,0.0085467715,0.054960024,0.06972239,0.5040772,0.011632347,0.5007865,0.016849574,0.013336537,0.056987263,0.08744782,0.03695182,0.003240291,0.017616848,0.12588958,0.0008387631,0.043340564,0.010781505,0.0065134303,0.0028367077,0.56813276,0.15019326,0.011711842
8472,0.50155914,0.8231467,0.09111627,0.042789772,0.0635438,0.03275694,0.021295499,0.252307,0.17562559,0.5941707,0.0039468203,0.28550327,0.0062894104,0.006830751,0.03689041,0.059282035,0.00092533376,0.07867378,0.040772848,0.007889737,0.020545427,0.11656574,0.14263679,0.08407946
8474,0.38620347,0.28599516,0.015570712,0.020479437,0.26125532,0.09013088,0.34651187,0.08474423,0.026845258,0.017449139,0.0021311846,0.043467086,0.047536742,0.025524052,0.007686906,0.020706575,0.0011319127,0.038318917,0.07137371,0.0064418735,0.028692828,0.12939881,0.009305462,0.025765395
8476,0.06884932,0.10552766,0.0077182855,0.07153299,0.20371896,0.009906255,0.0071461042,0.8252085,0.032128725,0.057704918,0.022326296,0.051834542,0.0035380137,0.014193313,0.021385282,0.04697448,0.0006996608,0.5001518,0.036415048,0.011585277,0.010052472,0.096841104,0.44705448,0.01610267
8477,0.5847135,0.21345393,0.004612732,0.078484476,0.22338706,0.35067508,0.034144584,0.59533006,0.0059094103,0.0030144493,0.01557368,0.12597969,0.0062641385,0.015638363,0.0062635215,0.013311449,0.0008376868,0.061760083,0.08528195,0.0038336068,0.05242915,0.25473508,0.17361403,0.38451245
8489,0.22347386,0.20500621,0.0111811785,0.22349592,0.09756319,0.22922866,0.017214423,0.7282724,0.023848189,0.030457012,0.03096451,0.17316386,0.019961752,0.03835557,0.01779397,0.051540136,0.0006618031,0.14511785,0.007520657,0.0061347885,0.01632627,0.16374736,0.37123296,0.16104698
8502,0.026378931,0.15035157,0.015396841,0.6232684,0.22855023,0.004922506,0.16628888,0.6702094,0.08439618,0.015187066,0.0022966298,0.17016192,0.0013053188,0.0537689,0.032544766,0.0054240953,0.00090423645,0.36350048,0.01438293,0.008943701,0.8581518,0.0068092206,0.027361436,0.13520202
8503,0.011626367,0.018024428,0.012625728,0.010617085,0.7845888,0.04202582,0.01680401,0.73097783,0.062983766,0.0053849225,0.0018985801,0.014166358,0.011908001,0.09112764,0.015959848,0.0069538276,0.00067736336,0.3082195,0.005857736,0.006178612,0.01732642,0.018033655,0.0125169875,0.064254224
8505,0.020958487,0.025824836,0.010541155,0.10933616,0.604333,0.021172209,0.07150495,0.69172114,0.01867111,0.014186837,0.006195861,0.015876936,0.008925596,0.64941096,0.15207595,0.023057878,0.0008083964,0.33257636,0.0044808574,0.004296927,0.020362413,0.020524673,0.013566323,0.026103674
8508,0.05260952,0.20577207,0.22989325,0.0311876,0.7032031,0.03775419,0.1550666,0.24106066,0.6041359,0.2761794,0.0047493833,0.01328381,0.023871051,0.17785907,0.18284695,0.008449229,0.0009503927,0.059258685,0.044894755,0.048325542,0.056296065,0.033688895,0.0070827133,0.0036808704
8512,0.011948943,0.061719615,0.005908556,0.2714824,0.20941803,0.06466881,0.17555408,0.8491353,0.018785872,0.022995826,0.010038925,0.11821947,0.0065093804,0.011850005,0.005937162,0.03923881,0.0008946685,0.38240844,0.0075106593,0.006733786,0.0034137245,0.055406652,0.067561336,0.003249077
8514,0.2619764,0.0540118,0.0131736295,0.009243937,0.49959406,0.105807014,0.0101205185,0.3533677,0.019943468,0.034297463,0.00381192,0.021760236,0.0709011,0.017137678,0.0072010835,0.028649192,0.0008257916,0.10327649,0.010485083,0.017604208,0.030865526,0.15746881,0.047014844,0.035038695
8519,0.035802227,0.04622949,0.04544187,0.03926831,0.2572189,0.027911104,0.038407918,0.30062097,0.03925654,0.029582584,0.011173225,0.028326191,0.085152395,0.3068957,0.3442157,0.023173042,0.0008631093,0.13863645,0.013156562,0.100366056,0.008599434,0.10920243,0.039494563,0.07783679
8526,0.0495347,0.009845388,0.0007901487,0.01680902,0.29535893,0.13937725,0.0060977964,0.74310154,0.003955576,0.021400586,0.050793298,0.0059445226,0.09356147,0.025012877,0.0211105,0.20216218,0.00051545876,0.24808238,0.029979758,0.0012216025,0.0053456514,0.36180773,0.009098092,0.00094990834
8527,0.87141466,0.35527685,0.0057550874,0.0054517537,0.078320764,0.06584634,0.015568841,0.18052013,0.011195569,0.23929287,0.0038677573,0.020745074,0.68420005,0.014458816,0.003497193,0.059143536,0.00073095184,0.044401944,0.59293747,0.002503275,0.010326521,0.51797175,0.023529416,0.005522902
8529,0.01592043,0.0031659491,0.001952376,0.06853136,0.7260664,0.17675836,0.012808275,0.7766727,0.0050612926,0.016906993,0.009546433,0.009258796,0.010898857,0.029738748,0.010338955,0.03884148,0.00073978794,0.57529926,0.013357573,0.0022164518,0.016877923,0.1426312,0.008245993,0.0024336977
8533,0.027601026,0.016792119,0.005117292,0.02610803,0.79929286,0.204767,0.009095561,0.6470183,0.055604514,0.0108268615,0.021542503,0.007888468,0.0045441356,0.027693437,0.037095442,0.012151456,0.0006797276,0.5703164,0.0057424954,0.008045162,0.012042684,0.12699011,0.015814753,0.0075116158
8535,0.63660127,0.23831186,0.027600301,0.033963516,0.31408232,0.31990597,0.008044447,0.3135149,0.04489274,0.06855643,0.009235438,0.013530316,0.13538048,0.032274894,0.02111694,0.053841278,0.0006944918,0.107493944,0.029504137,0.018671948,0.030851353,0.5565405,0.03587832,0.14563973
8549,0.68691134,0.12085934,0.0043862225,0.018635854,0.39586222,0.7137245,0.00455945,0.50101423,0.011581144,0.0193306,0.019297421,0.0074942773,0.08911437,0.028066734,0.0062623997,0.06473103,0.0006603801,0.09354493,0.032827143,0.0014833367,0.0273484,0.5326142,0.003519222,0.056534834
8551,0.03345621,0.036180343,0.01544928,0.023547594,0.28729936,0.03538472,0.022060001,0.5280768,0.015527602,0.12712212,0.0038275062,0.012749113,0.09272075,0.026247317,0.006236839,0.10613457,0.0006173501,0.18100587,0.08667774,0.01811596,0.0074110636,0.19764023,0.0033369926,0.008169641
8553,0.3275445,0.23177724,0.032454085,0.016706584,0.7393148,0.09286976,0.0069344826,0.2676645,0.18491584,0.09926835,0.0079230815,0.0072945035,0.035475325,0.00585637,0.013080556,0.018446157,0.0007060394,0.10243234,0.10675937,0.019095896,0.08639233,0.198758,0.013607517,0.0032796487
8554,0.25919572,0.07760482,0.01654153,0.029490871,0.50121754,0.20673352,0.049524676,0.23762655,0.01753571,0.010189794,0.014779567,0.008453905,0.15375279,0.058943614,0.05692436,0.03381063,0.00084516447,0.07777562,0.011044262,0.010546731,0.041951742,0.21332544,0.014731991,0.27887872
8555,0.02610361,0.015213933,0.008294598,0.003074592,0.7088953,0.024706077,0.0025148713,0.3831829,0.02264607,0.03524851,0.009066931,0.0054804073,0.28198123,0.023640797,0.024840984,0.057061393,0.0006159569,0.5525565,0.061051875,0.015596587,0.0024311186,0.18154278,0.0048494698,0.0017185115
8561,0.024763197,0.12058214,0.09690564,0.03545134,0.615944,0.0037414387,0.03508883,0.3230388,0.08397715,0.060648154,0.0010991509,0.05225036,0.12693694,0.019523589,0.03793966,0.0066087875,0.0009477355,0.1973466,0.07721528,0.027257329,0.004478488,0.032657042,0.017324805,0.027292676
8562,0.05611777,0.020127947,0.010653617,0.00605065,0.55091864,0.35506794,0.0016081494,0.59819585,0.020188719,0.038921524,0.03817402,0.004171011,0.028128901,0.009472855,0.022136092,0.083609626,0.000581943,0.6120744,0.015992653,0.0037893273,0.001363219,0.22217076,0.011199096,0.0047992123
8564,0.08674744,0.07829502,0.0334536,0.054154214,0.43045032,0.27611294,0.0062868893,0.56002337,0.029133711,0.08245181,0.025475617,0.037103202,0.013811208,0.028218176,0.05424753,0.09103056,0.00058210746,0.5601947,0.030393204,0.017675476,0.008552276,0.20432769,0.01669544,0.0054410864
8567,0.05519807,0.05188588,0.018448234,0.052630648,0.10308728,0.009135634,0.04850104,0.74278396,0.009331517,0.21688409,0.0043620695,0.035964146,0.38809592,0.013664089,0.0061479174,0.07452607,0.00086318044,0.040300783,0.08568333,0.021019343,0.024187846,0.42515945,0.012752485,0.0075051133
8569,0.0044753174,0.011023054,0.008309269,0.089076854,0.8156538,0.035620764,0.015101432,0.7250783,0.047087204,0.039525393,0.0052467724,0.006738833,0.0057991827,0.025832362,0.009555206,0.041866302,0.0006917946,0.45220304,0.021289557,0.0035242336,0.007515185,0.024505721,0.0026501112,0.002179626
8571,0.092188895,0.09101854,0.049905308,0.011644123,0.8692582,0.19820482,0.007685433,0.31143114,0.4843427,0.09743112,0.006228844,0.005763866,0.035010032,0.023888286,0.043721274,0.012589726,0.0006850819,0.075885564,0.020245835,0.00813546,0.11616758,0.14019372,0.0028250564,0.008239737
8577,0.27994698,0.18927094,0.02390972,0.020134242,0.102771446,0.039003033,0.028096927,0.2680395,0.03826843,0.09365847,0.027023893,0.017468033,0.4098535,0.005903553,0.0096165575,0.18533358,0.0007437528,0.073305115,0.6410818,0.0077435835,0.013850062,0.518776,0.013561658,0.005074747
8580,0.046105444,0.0490037,0.0031690565,0.048352316,0.21489894,0.17727575,0.00790132,0.7997474,0.02265253,0.08285463,0.012958007,0.00847163,0.1641198,0.07386989,0.025040975,0.068438835,0.00053651107,0.1958279,0.016914105,0.0015422726,0.007209256,0.23494616,0.007338101,0.016658805
8586,0.048458677,0.06531595,0.010233551,0.013223767,0.75774056,0.37948555,0.00375931,0.5016503,0.052376322,0.018593289,0.067171015,0.0045406837,0.010846023,0.020152718,0.052954122,0.0375976,0.0006050322,0.36081997,0.01925414,0.0033233184,0.0047289683,0.18682443,0.0028106824,0.010080061
8590,0.04312215,0.018533915,0.002093398,0.012789074,0.67139703,0.055575814,0.046617404,0.35430384,0.034006637,0.02519162,0.004264995,0.004807884,0.03372824,0.08282204,0.006257603,0.018546795,0.00075957977,0.25952435,0.019616567,0.0024367594,0.11389884,0.09967425,0.0052948133,0.004046044
8591,0.039363105,0.051786676,0.02449491,0.1555933,0.69160587,0.020024769,0.2645882,0.22168852,0.025992662,0.043570165,0.0073522027,0.03332484,0.00880563,0.048477173,0.0426867,0.032237332,0.0011359146,0.2557214,0.09590366,0.02735372,0.019370627,0.024775447,0.016910743,0.0018512892
8592,0.37868845,0.022281313,0.0056218966,0.031697404,0.24415602,0.8001046,0.021548932,0.42659655,0.003249724,0.014005575,0.033902757,0.028139632,0.07941019,0.00716285,0.0034549613,0.12887996,0.00085333514,0.01476267,0.043875184,0.007473514,0.0015929785,0.79255503,0.010927006,0.005455426
8595,0.040926702,0.035159975,0.004461784,0.013409884,0.5123949,0.086648785,0.0035098884,0.7100924,0.023045093,0.01564351,0.026777457,0.021641027,0.010222536,0.0023235537,0.017319465,0.025393099,0.0005856912,0.7975751,0.011369564,0.0051633082,0.011014209,0.08324744,0.013306322,0.005235088
8597,0.004620397,0.0071367146,0.015395902,0.038907453,0.22292696,0.0126271015,0.023472574,0.7190907,0.023257712,0.035490192,0.007424914,0.013964321,0.021374058,0.018859582,0.07452956,0.037890393,0.000878781,0.8517639,0.002585028,0.017282432,0.0058733295,0.091610014,0.005617617,0.0026118201
8599,0.012577989,0.029348165,0.017659644,0.06422668,0.36247355,0.11337415,0.17172468,0.6376403,0.065822326,0.007083488,0.0044152583,0.036459778,0.044145256,0.022017783,0.0094987415,0.010477408,0.0009756446,0.030720286,0.023777494,0.013824009,0.0082277,0.06397745,0.012421773,0.018937495
8601,0.012360857,0.021649646,0.017467812,0.051186644,0.17148277,0.018568229,0.013066491,0.86149424,0.017301619,0.10180211,0.008939869,0.015007387,0.080063544,0.011816939,0.01889874,0.090712436,0.00067542144,0.33714342,0.017356543,0.011080105,0.0023595057,0.09034381,0.0048798174,0.0013188394
8602,0.032404102,0.049278546,0.0065772287,0.022163844,0.15546344,0.033787396,0.002560922,0.61093414,0.021191042,0.097879484,0.03182631,0.008433392,0.57023424,0.014317987,0.03017817,0.24552083,0.00052977906,0.39137587,0.080017075,0.0033068324,0.0015515848,0.27895316,0.0066524656,0.003752557
8609,0.060772557,0.06875953,0.014215836,0.059630454,0.6873858,0.15617093,0.04976385,0.30016336,0.07892791,0.032028865,0.00743885,0.009120981,0.013856714,0.018726692,0.012516752,0.03998508,0.0008713648,0.17114463,0.21807764,0.010927933,0.017385844,0.074084796,0.00076563883,0.0015597133
8611,0.033986546,0.014375963,0.0040695504,0.053353332,0.17609282,0.3112434,0.026069539,0.6448285,0.008739913,0.023223108,0.07811792,0.06808316,0.056834042,0.012976804,0.008029594,0.26790035,0.00080181693,0.10599278,0.011108155,0.013263156,0.011447226,0.5519844,0.030646296,0.022155719
8616,0.016678711,0.021066444,0.0061616087,0.072827876,0.64777803,0.03122567,0.049870584,0.6269245,0.015368321,0.013538879,0.0046355184,0.021221545,0.01570253,0.10454944,0.0354694,0.023457238,0.00075043156,0.49758437,0.013061384,0.003963213,0.056473136,0.0690111,0.009890086,0.0061109364
8619,0.31528524,0.2102349,0.03769077,0.021695927,0.3152273,0.23936918,0.023097865,0.24425043,0.13949,0.111964025,0.020466829,0.012593377,0.039832048,0.0064458335,0.004169213,0.053597815,0.00059653685,0.06837501,0.1858001,0.012143423,0.0155812185,0.3004031,0.0043626907,0.0056517613
8622,0.041540556,0.053564336,0.039819106,0.012478325,0.7713478,0.14064442,0.0054905056,0.5667374,0.15797587,0.08352527,0.009150956,0.005599472,0.048248846,0.04524918,0.07694984,0.007783702,0.0005811756,0.2285521,0.009760067,0.02751336,0.025455441,0.06872268,0.0015416325,0.018544104
8623,0.07401974,0.06252269,0.004840744,0.013768319,0.37619266,0.30598924,0.0042782715,0.472155,0.016952887,0.038683426,0.07295756,0.0130371,0.19594888,0.0067052254,0.020323213,0.100076236,0.000452271,0.4425415,0.019064859,0.010095489,0.0054531656,0.45487604,0.008132101,0.0031352993
8631,0.56941754,0.3591446,0.022939747,0.01355537,0.19995789,0.66682035,0.001638882,0.5183758,0.09029925,0.033459835,0.028128456,0.014571263,0.016504344,0.0022843948,0.030695247,0.24366635,0.00063381635,0.1779401,0.107880905,0.013835085,0.006948038,0.738422,0.021152996,0.007506484
8632,0.09360876,0.014727327,0.0021886649,0.014233193,0.43564203,0.5534199,0.0034574545,0.3720006,0.00956513,0.032071073,0.04059747,0.00851433,0.13958737,0.0062392983,0.008377526,0.18421905,0.0006429621,0.101056255,0.06662536,0.0055042286,0.003568089,0.6586671,0.0068693548,0.0074543892
8633,0.014497066,0.018929496,0.0075637954,0.016246917,0.70747304,0.011168826,0.0088593885,0.24779283,0.05110656,0.035301473,0.008882708,0.015780177,0.058659934,0.013567266,0.07701832,0.011290288,0.0006548445,0.5868359,0.008705395,0.0030198698,0.016749736,0.04081287,0.003027956,0.017568683
8636,0.047420055,0.22336332,0.039922062,0.018129703,0.7312456,0.1071732,0.0013221564,0.43125507,0.24741536,0.10558045,0.028069695,0.0037302864,0.02606934,0.01388459,0.12967555,0.07131002,0.00053322146,0.5252933,0.0438007,0.0029305094,0.0072622625,0.11135108,0.009830028,0.012774838
8638,0.031745575,0.014971552,0.006915886,0.083466396,0.36534834,0.26144853,0.019154804,0.6938173,0.040806632,0.032524224,0.01312893,0.025649618,0.038002674,0.014128224,0.004869903,0.12870724,0.0007885789,0.050701085,0.009901513,0.0051387358,0.0077357683,0.42334798,0.014799195,0.012220823
8645,0.2691468,0.2811832,0.011562214,0.022063104,0.26488283,0.10460454,0.005537677,0.6582706,0.039677776,0.032937143,0.011078229,0.011629622,0.047922675,0.02297268,0.02478092,0.035158813,0.0006138535,0.1956171,0.02948758,0.0064006215,0.035092432,0.15848598,0.0261849,0.22475037
8646,0.7702949,0.6930415,0.011770308,0.055427823,0.05194882,0.09933697,0.0101486845,0.5167528,0.037051335,0.023735955,0.017591711,0.06753189,0.031889565,0.0046263244,0.0106554255,0.13035919,0.0007903671,0.0657479,0.1015413,0.007252443,0.020453947,0.55772454,0.34601936,0.023537219
8647,0.0297007,0.017122105,0.015801728,0.043688104,0.17624341,0.12906234,0.009509933,0.22293992,0.04303684,0.23472154,0.022116037,0.014737722,0.759131,0.015090435,0.01593128,0.2980736,0.00066149596,0.12256846,0.2555397,0.010607017,0.0008474979,0.59743476,0.008076354,0.0024445937
8648,0.035147674,0.0110589685,0.0036925443,0.011997727,0.09125703,0.17504905,0.012367879,0.8300009,0.0047416496,0.015656548,0.043054685,0.0033060513,0.26036686,0.009532363,0.0016612128,0.25426766,0.00070474675,0.107490435,0.21773866,0.0034573723,0.0049584466,0.43372124,0.017037177,0.0011013069
8652,0.0095411325,0.01610796,0.01951204,0.3332397,0.10655913,0.10749822,0.103171654,0.8169039,0.03359514,0.07364817,0.007515456,0.04618282,0.013490658,0.095735624,0.015140965,0.042404108,0.0007625162,0.15037745,0.010260014,0.0115245525,0.00874266,0.06422803,0.010991581,0.0065879524
8654,0.046974577,0.048153184,0.008544278,0.033017173,0.5913486,0.080122955,0.03397361,0.65304345,0.07003539,0.020360885,0.0079331435,0.021834971,0.0040341597,0.02410861,0.010974504,0.016362116,0.0006906991,0.20408778,0.008718816,0.006919322,0.55399305,0.10190054,0.006622356,0.014915889
8656,0.02057062,0.04053448,0.018266434,0.004715432,0.1144031,0.021577338,0.008956305,0.27950394,0.03223869,0.31295305,0.011009058,0.004588738,0.9134172,0.0029682766,0.012253712,0.1801123,0.0005705669,0.081117615,0.048655596,0.013612946,0.00072350696,0.4604719,0.0052987877,0.0027197346
8659,0.09996082,0.061379343,0.010806606,0.049030576,0.1601212,0.21743849,0.011437554,0.555553,0.024293255,0.06833426,0.037071977,0.042451214,0.22244246,0.02639504,0.02235059,0.24604067,0.0006051594,0.10022699,0.118559994,0.0040299506,0.0038158116,0.4290967,0.01820253,0.00066463003
8662,0.2964953,0.18367998,0.010988518,0.014667527,0.052365486,0.4789676,0.00951598,0.39260674,0.020517172,0.011409477,0.052171484,0.007019183,0.23265612,0.012645997,0.0106069865,0.33382046,0.0007024799,0.047113247,0.09742364,0.012615954,0.022312706,0.8148973,0.0058113853,0.013010511
8665,0.034787625,0.012951281,0.0037903877,0.014632375,0.24366833,0.14701869,0.004811926,0.5495221,0.017940996,0.03389745,0.053466678,0.01321077,0.43169528,0.005140262,0.017349826,0.18373512,0.0005284668,0.13415447,0.063206345,0.005938338,0.0055217394,0.45353085,0.028738765,0.0059878067
8666,0.6843373,0.18837354,0.004417896,0.014000749,0.17789248,0.48281375,0.0033844556,0.38036853,0.01684647,0.02593175,0.044815037,0.01205796,0.23331769,0.0019528628,0.0025042326,0.2948243,0.00064573204,0.039464403,0.10297478,0.010058168,0.00565645,0.6916081,0.13142924,0.004455772
8667,0.013794961,0.037934378,0.04488128,0.15749572,0.51964486,0.024295075,0.028535347,0.6458628,0.039764643,0.109720774,0.005058263,0.062053703,0.019493626,0.025504097,0.10422417,0.012424493,0.0007635076,0.42269957,0.01690296,0.006387289,0.012295319,0.018902078,0.006270321,0.0069118193
8669,0.021684967,0.0046360907,0.0067284717,0.002641821,0.40930173,0.107795715,0.0074953837,0.109383814,0.014340588,0.22708778,0.0098867705,0.0024419634,0.97295344,0.0071322937,0.006022674,0.44626668,0.0006549456,0.042843856,0.083968624,0.0056305216,0.00085596554,0.74968326,0.0031827348,0.000368829
8676,0.034352615,0.083562545,0.22262822,0.027876271,0.37531823,0.00528587,0.2109347,0.14052024,0.084047034,0.6040217,0.0017789715,0.10608853,0.35610285,0.0690859,0.15344146,0.0073858337,0.0009759008,0.08109572,0.080626726,0.08099912,0.0027919195,0.014481011,0.021166468,0.0039923065
8680,0.13842024,0.0058108508,0.0015140034,0.023351708,0.27141622,0.8891128,0.013604329,0.5649717,0.0018926149,0.007091323,0.0817866,0.03172983,0.055529077,0.0041336715,0.005755974,0.21332823,0.0008314533,0.07385734,0.011994696,0.001849578,0.0063798064,0.6832525,0.011005092,0.016027419
8682,0.02211664,0.028024388,0.047461815,0.044109046,0.8614897,0.09565685,0.0045367517,0.48073673,0.25221255,0.023570118,0.015228372,0.009402169,0.017280553,0.02127754,0.08049144,0.014126404,0.00065122603,0.43842572,0.020418227,0.011663362,0.0066009345,0.043831736,0.007833625,0.00769264
8684,0.007979543,0.021019207,0.015929524,0.019826667,0.6691919,0.006605532,0.053776808,0.6341444,0.11109416,0.024141312,0.00077469676,0.010957877,0.008093872,0.066937156,0.01679744,0.004633631,0.00079866714,0.1887043,0.005705564,0.009131805,0.0071250373,0.016535884,0.007983726,0.0018049577
8685,0.80018944,0.79965097,0.11906554,0.05573922,0.20601796,0.083116636,0.028750561,0.42439476,0.20790423,0.1498376,0.0027044923,0.049804762,0.0018617486,0.012368747,0.010260643,0.006322732,0.00084303506,0.085313916,0.039635718,0.019853484,0.53914845,0.08844741,0.0655377,0.07336848
8687,0.03617636,0.008018235,0.0015638482,0.0024862303,0.5868214,0.15862285,0.0018113557,0.51519424,0.009818543,0.0077931876,0.042837523,0.0008703711,0.09710653,0.006043548,0.0059297,0.2206817,0.00064006133,0.30725196,0.029646257,0.00708549,0.0037962478,0.5294749,0.004050162,0.0013681784
8691,0.09301212,0.0132815335,0.0013812536,0.049407307,0.26834735,0.30319852,0.044151153,0.6691801,0.003893835,0.014532622,0.02171654,0.034731004,0.014853355,0.00889994,0.0024490163,0.30965677,0.000941368,0.0890814,0.060441464,0.0012595839,0.0057438896,0.5196625,0.0313575,0.0012404415
8700,0.017705215,0.020654142,0.006624236,0.022037335,0.3097375,0.1079328,0.0054129446,0.8306603,0.020939924,0.04103121,0.016803283,0.031050952,0.066166796,0.008789248,0.010063887,0.05116086,0.0006452986,0.3590796,0.01714936,0.005975077,0.008001007,0.24463521,0.013025258,0.0011198742
8702,0.059206713,0.107286304,0.041686874,0.011602906,0.39258444,0.24094738,0.018477462,0.11681261,0.24207753,0.10256287,0.003624691,0.0130572105,0.8323049,0.011942984,0.011429152,0.11993248,0.0006663405,0.005289933,0.21003073,0.010239817,0.0010181173,0.3243669,0.004621694,0.0037319472
8703,0.0052034776,0.0054708333,0.0039958064,0.18250847,0.24137297,0.04350516,0.18571381,0.78105485,0.009266599,0.009102538,0.0075258305,0.020196965,0.031283576,0.08112369,0.03673795,0.018742282,0.00086645555,0.19967243,0.005358026,0.003101719,0.017036451,0.020966081,0.016094446,0.017909728
8705,0.0020739706,0.004850404,0.005261586,0.31986162,0.12476883,0.06635254,0.037966046,0.7781248,0.008899343,0.073403165,0.014920471,0.021227326,0.1870585,0.008189483,0.009021647,0.29061356,0.00065665686,0.26921156,0.039529018,0.010239285,0.002604379,0.1626938,0.0041086706,0.0017949612
8706,0.12769637,0.004113907,0.00248747,0.025536092,0.37928012,0.77533925,0.0070099332,0.76624554,0.003271945,0.0064460165,0.03696343,0.007405853,0.050326966,0.011336225,0.007435756,0.15837532,0.00063979236,0.09855649,0.038115375,0.004209827,0.009742166,0.5215088,0.0042739105,0.004430468
8707,0.008856538,0.041597527,0.017579872,0.021617526,0.57704616,0.02824036,0.007141507,0.6646705,0.16283572,0.040808894,0.009684644,0.0039503383,0.022729581,0.04892401,0.028822074,0.12093823,0.00058387755,0.46976522,0.084310606,0.0043963273,0.009168903,0.08069161,0.004202166,0.009458378
8708,0.028537301,0.0069655497,0.025243716,0.09944519,0.5863422,0.043028217,0.8525157,0.3062066,0.011082497,0.020384667,0.0021638481,0.009218573,0.021781726,0.85909534,0.055842396,0.008254534,0.0014329923,0.03785509,0.028602406,0.02443034,0.036011204,0.022647083,0.0020696742,0.0027816352
8711,0.038136475,0.02519973,0.018132932,0.0060795853,0.7518324,0.13415053,0.0032579885,0.40350133,0.06270103,0.18464242,0.022920448,0.002377047,0.104608655,0.005148985,0.012486136,0.051026043,0.00058921357,0.08217047,0.07857607,0.008646405,0.0060422677,0.15263519,0.0017753848,0.001326499
8712,0.16185492,0.0078048473,0.0013494581,0.022461822,0.087503076,0.83260155,0.01194613,0.5280712,0.0028471886,0.0073897396,0.043531068,0.015188764,0.16022013,0.0045651845,0.0028978195,0.45151442,0.0007783137,0.108796895,0.015975988,0.0022999046,0.0012611444,0.7991238,0.0019654245,0.0028614209
8714,0.072403505,0.38783365,0.10796978,0.017481117,0.56818634,0.012942463,0.030428052,0.29316604,0.3529661,0.15311958,0.0047233026,0.014379138,0.14315587,0.013130043,0.04603338,0.024199018,0.00085919077,0.15940054,0.41410518,0.02974077,0.0066453074,0.07286179,0.004900934,0.008329143
8716,0.46750674,0.33043328,0.01843137,0.010278556,0.037361443,0.037107248,0.032176588,0.23627557,0.0072596357,0.24928258,0.0033182697,0.0612468,0.82936317,0.0076594856,0.009297627,0.40295658,0.0009561221,0.020262381,0.44529355,0.01640985,0.0006677273,0.7448786,0.05335996,0.0028296974
8717,0.034583718,0.04639466,0.037431255,0.019110562,0.3776845,0.010010598,0.009068697,0.7184581,0.30254734,0.11101493,0.0008315796,0.014054043,0.025886465,0.17238243,0.08079941,0.014988381,0.00077134947,0.60767174,0.058340773,0.0107621765,0.00816961,0.024431977,0.004846582,0.0032532364
8725,0.42373657,0.24864833,0.016980462,0.026717637,0.34400266,0.1562814,0.0073030232,0.55522346,0.032133374,0.013773887,0.022119254,0.21701151,0.04761564,0.0027260026,0.017589897,0.03648525,0.00075909676,0.06646491,0.24425091,0.011841644,0.0022869525,0.20167653,0.8267834,0.0069527114
8734,0.3186293,0.070154056,0.0036341785,0.09878312,0.08021596,0.21248756,0.08756938,0.69483626,0.0061105485,0.0073271436,0.028591057,0.09786296,0.014833622,0.007884849,0.007195314,0.088191904,0.0009860876,0.047735047,0.021113314,0.0075263185,0.010531888,0.600565,0.2895694,0.06930909
8735,0.5268659,0.4425403,0.020609695,0.0043557496,0.31202394,0.011280211,0.007969765,0.28079712,0.13941969,0.04888853,0.007008695,0.012938364,0.23776096,0.004886421,0.010535959,0.09931512,0.0008168681,0.06918802,0.5398008,0.010729892,0.012380035,0.40686235,0.06410723,0.0049676867
8736,0.056117415,0.043623015,0.015102913,0.0034569402,0.2840723,0.033540905,0.001654899,0.2915764,0.05616324,0.17318608,0.01647495,0.0035807618,0.58854216,0.011562345,0.05321947,0.26144573,0.00065183855,0.2959399,0.032096654,0.02599497,0.005713265,0.4156332,0.009381005,0.0018400301
8737,0.66300935,0.052500848,0.0039006989,0.018883009,0.53190404,0.8206699,0.0015220114,0.7543368,0.008395902,0.004166996,0.06757793,0.0094694635,0.002416113,0.012702145,0.052309327,0.032157216,0.00062572764,0.3917283,0.0070138406,0.0050389003,0.026592948,0.59293014,0.013523749,0.022840662
8738,0.16453737,0.053416144,0.022944305,0.0059248256,0.58787984,0.21602975,0.00063606113,0.20505007,0.17747024,0.13616689,0.030942198,0.0036227799,0.31746888,0.010526161,0.04344345,0.063159466,0.0005331595,0.1649428,0.05979959,0.02298804,0.0035465288,0.4123163,0.0035363885,0.004836164
8742,0.04351243,0.16817302,0.035571657,0.03405003,0.055861607,0.08457718,0.074833766,0.24682748,0.030858956,0.08627696,0.005945867,0.05086718,0.35340488,0.040688004,0.03564933,0.18509403,0.0008101488,0.09482633,0.04700522,0.03675925,0.0012451718,0.33197168,0.015925257,0.0042415466
8752,0.053653147,0.050235666,0.031707626,0.016379785,0.18670975,0.5582112,0.07127892,0.17366044,0.026698742,0.07627161,0.022254663,0.007299505,0.8747312,0.0044345143,0.0048407763,0.26535308,0.00087678287,0.013707052,0.060251895,0.017503308,0.00073696946,0.54210746,0.004141399,0.0032825212
8754,0.017642414,0.100986265,0.009854792,0.09912677,0.19790979,0.01979791,0.0037976147,0.8746813,0.051672515,0.0711211,0.009167019,0.03269944,0.022115398,0.009589233,0.024570946,0.045365587,0.0004965847,0.6259215,0.011910044,0.0025058673,0.008828813,0.0461916,0.19021495,0.010254267
8755,0.0066445107,0.037709653,0.007963257,0.35973632,0.14216384,0.017642496,0.05413199,0.7970337,0.018717103,0.059775073,0.010844187,0.29304817,0.023704065,0.0071394825,0.013697123,0.047398973,0.00093453197,0.23442851,0.020730307,0.010884242,0.005334004,0.045207173,0.06596735,0.04067145
8766,0.062581114,0.008706379,0.0033501496,0.12738636,0.45814657,0.3658749,0.09144323,0.6495612,0.001492845,0.007288163,0.021781253,0.080321744,0.009475737,0.022306839,0.0076580723,0.04245067,0.0009990009,0.06586953,0.018195935,0.0092542535,0.011840098,0.24083698,0.020024521,0.04393917
8778,0.025910873,0.025603283,0.014028378,0.009658597,0.7663651,0.2339892,0.0027329104,0.48040956,0.07926849,0.039580543,0.034767367,0.0049421787,0.018466245,0.009583176,0.018055111,0.096631594,0.0006366713,0.42236865,0.057954002,0.0038548585,0.004141293,0.2186914,0.0064326236,0.0031633738
8780,0.13692135,0.006505878,0.0026381474,0.042865135,0.1280704,0.72561365,0.0059799133,0.8356531,0.0034604326,0.00352675,0.0760604,0.01614575,0.021902831,0.013950251,0.008876787,0.08188632,0.0006300498,0.11159307,0.025370786,0.0018325408,0.004098985,0.5557798,0.007801355,0.02352102
8782,0.03747639,0.055899505,0.040538512,0.3119045,0.084131874,0.044911288,0.102204055,0.8671397,0.055167675,0.01847256,0.006939013,0.14245643,0.0011159887,0.054697026,0.042955846,0.0028379315,0.0008302768,0.1857457,0.0072892574,0.022573726,0.70455605,0.03830804,0.03896532,0.024895879
8783,0.13702348,0.07822422,0.0010452997,0.14740886,0.17343715,0.33177337,0.0074807825,0.86542946,0.0054670135,0.012892486,0.04362123,0.12727483,0.01101754,0.0033378964,0.006143397,0.21265183,0.0007414398,0.17385134,0.019577928,0.0023774507,0.0049076965,0.5395301,0.16076365,0.013564695
8785,0.020435922,0.08089481,0.037469517,0.011344475,0.7516888,0.03880858,0.00222732,0.5371762,0.15698446,0.086200684,0.018426733,0.009590483,0.031660616,0.0063913087,0.050172545,0.030236777,0.0005924883,0.4780167,0.0046067596,0.011643486,0.0044419775,0.060367193,0.024331016,0.01583338
8787,0.15722048,0.28851753,0.15629247,0.10982657,0.50838697,0.0067024752,0.43728775,0.32530567,0.1991155,0.061013114,0.00031992779,0.0384651,0.0033546456,0.18163548,0.018388767,0.0069692843,0.0011308258,0.09847251,0.25137135,0.021093557,0.15016828,0.0273377,0.027169174,0.00079278235
8789,0.010064438,0.01443415,0.002632515,0.025334548,0.45651612,0.03227258,0.009161408,0.7324096,0.031148719,0.017266024,0.00527922,0.0030730814,0.0716874,0.048406307,0.06683109,0.03204709,0.0005816849,0.41840014,0.006358378,0.0031108253,0.0029213894,0.05662519,0.008538641,0.03298318
8792,0.6072913,0.24999553,0.0068992563,0.13076092,0.041072566,0.034548428,0.12789133,0.7455588,0.014557508,0.002648597,0.0053277584,0.4373231,0.0019434163,0.024988173,0.03052367,0.0061795576,0.0012234073,0.07580756,0.044866014,0.008023257,0.012622989,0.12634994,0.9539415,0.08231491
8795,0.04312089,0.031822495,0.0051487572,0.32884955,0.1819224,0.03300677,0.04703818,0.9689942,0.008269904,0.010760146,0.0036861259,0.14305903,0.0016522274,0.01612038,0.0064415378,0.004575771,0.00092279987,0.28729078,0.0040412736,0.007786826,0.028867833,0.026462961,0.4749499,0.060969625
8800,0.23441721,0.4017798,0.016479116,0.015379054,0.13604775,0.21501389,0.0052927993,0.49114367,0.06165023,0.034264855,0.023351384,0.0314682,0.26577887,0.0024063245,0.014218795,0.05951034,0.00064349483,0.041515388,0.031058973,0.018708216,0.002499128,0.26801205,0.042315334,0.27330884
8801,0.59556395,0.51880944,0.020115335,0.018509468,0.13548511,0.08212816,0.0066494597,0.7719859,0.16967477,0.02057605,0.007269984,0.059307657,0.0014453812,0.013152434,0.016074749,0.011191849,0.0008212559,0.23430085,0.02027351,0.017510615,0.14546606,0.08349428,0.25172922,0.119856186
8808,0.035893332,0.029695738,0.0056594624,0.31090054,0.6421849,0.10042734,0.08550084,0.26296976,0.007891193,0.030797789,0.0057997983,0.024597136,0.013996951,0.123754986,0.100819275,0.012913639,0.0008035544,0.45210218,0.0052107517,0.0051798946,0.04033733,0.034655,0.008727817,0.0065400708
8813,0.40674546,0.05798349,0.014269915,0.016797204,0.14096524,0.6803706,0.0034276454,0.4495012,0.012630925,0.011558225,0.108321965,0.011711605,0.1854511,0.017935712,0.045508116,0.19229886,0.00056507986,0.21965899,0.062079463,0.010254369,0.001843297,0.72422546,0.042026665,0.0025128115
8815,0.04666685,0.052661993,0.008888591,0.008132975,0.8463709,0.074040085,0.00077861635,0.63116735,0.097017266,0.04394127,0.007872501,0.0050115897,0.012574697,0.00926431,0.03772969,0.014766804,0.0005316072,0.6488401,0.008204019,0.005572152,0.01756359,0.085274324,0.0042662104,0.003618438
8820,0.5763084,0.27905348,0.091781065,0.033603154,0.057561077,0.08658184,0.26825824,0.20154803,0.11690035,0.0459619,0.0025957415,0.02202781,0.029454302,0.01469255,0.011255026,0.03528183,0.0011442237,0.022621308,0.40343618,0.025324984,0.009424218,0.33829272,0.033326674,0.0024088442
8822,0.0816205,0.037767574,0.0063417032,0.021350667,0.21346171,0.3200541,0.0014093677,0.5430312,0.018741295,0.052836962,0.19835266,0.008182715,0.101104155,0.0023399845,0.01695296,0.1847479,0.00051819306,0.27063075,0.02793892,0.010147674,0.005856567,0.39447394,0.022483127,0.006419758
8827,0.2279027,0.10859892,0.00383543,0.0559724,0.07015121,0.03387689,0.08579644,0.66509354,0.021241577,0.008552704,0.0048499526,0.029983835,0.03100525,0.012395162,0.0046815868,0.027008504,0.0010014271,0.047287162,0.14571369,0.008377783,0.044563252,0.25745988,0.02745139,0.11111349
8836,0.009972068,0.004513926,0.0029330966,0.07272227,0.28379455,0.15256274,0.02975664,0.8984531,0.013379838,0.010040612,0.013780872,0.008829802,0.0073110405,0.075829454,0.008921151,0.024142541,0.0006107265,0.25060323,0.0024324467,0.00784993,0.05633236,0.06276511,0.006192418,0.010829957
8837,0.051207002,0.24245474,0.023335924,0.017565755,0.2593037,0.010656864,0.014357854,0.56793183,0.080801815,0.061947696,0.002535263,0.07235967,0.0041843653,0.008080973,0.021869324,0.028845768,0.00098681,0.39365342,0.007695931,0.0068151057,0.0075587435,0.049624372,0.074027754,0.008625099
8838,0.57581717,0.150096,0.011085132,0.0035897186,0.4726711,0.5953962,0.0026363216,0.35148248,0.059270576,0.014209556,0.016830461,0.011341844,0.065609835,0.004462212,0.014367574,0.033706333,0.00075922295,0.06627811,0.014604425,0.011955019,0.006449896,0.32214195,0.0103570605,0.6312318
8841,0.30736035,0.11392953,0.007371183,0.028700193,0.07883425,0.13820942,0.02126774,0.23939988,0.022322237,0.30909148,0.00466557,0.012656062,0.56577325,0.02704948,0.009213566,0.31941426,0.00076569786,0.044690467,0.053369872,0.0035216827,0.001906202,0.5354784,0.013687778,0.02707162
8843,0.28465122,0.16171151,0.010818628,0.059140988,0.41908374,0.25599116,0.015651435,0.66198134,0.021099096,0.012721517,0.019521456,0.027802967,0.025405074,0.0100126015,0.013789281,0.032229472,0.000729787,0.12514675,0.017414981,0.0062470287,0.0047100578,0.52053946,0.03314783,0.02235823
8851,0.479196,0.57506806,0.2349272,0.011461204,0.15517446,0.017760232,0.026136508,0.052697442,0.19019653,0.8123388,0.0025112163,0.011013,0.6364254,0.01976876,0.020300591,0.08531858,0.00073020166,0.045119636,0.8148324,0.0058768187,0.0038571458,0.18044373,0.0037403228,0.0014707253
8853,0.09186147,0.21730407,0.05638644,0.041781098,0.51639324,0.040945143,0.03104097,0.39323136,0.19807206,0.21849614,0.011140169,0.01167178,0.032554448,0.015957542,0.009358989,0.08234976,0.00075319567,0.067141905,0.14865033,0.014639657,0.025305977,0.15055317,0.0035057915,0.007702048
8856,0.08955692,0.2608727,0.061063625,0.020918872,0.17301466,0.015806934,0.004548905,0.46125588,0.12966043,0.14699988,0.006621898,0.016274644,0.074733764,0.034003083,0.080238186,0.035048146,0.00075045734,0.24844088,0.036692236,0.01703999,0.004588581,0.113210216,0.015236067,0.21558361
8859,0.020742595,0.0046813292,0.0011317973,0.013993189,0.23498043,0.24850485,0.004969662,0.7478174,0.0012756943,0.015475819,0.04843319,0.0037369519,0.27781323,0.007246956,0.0054462724,0.26320726,0.0006159434,0.25599325,0.03372168,0.0035319098,0.0013014872,0.55300415,0.0040492327,0.00041381223
8865,0.011086852,0.05111957,0.021737536,0.12281491,0.14534986,0.038932547,0.027498653,0.8032157,0.15013446,0.120112926,0.004621915,0.03205789,0.12441697,0.008471819,0.009114477,0.058658924,0.0007595845,0.058947492,0.011369596,0.019564934,0.0071600224,0.118815795,0.0065805446,0.021136455
8867,0.12535366,0.07225203,0.009433424,0.08997777,0.04599951,0.36070633,0.016170895,0.7938447,0.0042794542,0.0166345,0.093887724,0.10264476,0.2515025,0.011197803,0.011652757,0.14187859,0.0007039862,0.036058743,0.047077257,0.0050517926,0.002516342,0.42141247,0.048450477,0.016248418
8868,0.04705897,0.12756047,0.06571674,0.014665336,0.37889054,0.19380882,0.053751115,0.39821616,0.075644836,0.0208371,0.0152550675,0.011173073,0.10956869,0.0045077167,0.019201998,0.04374103,0.0007751321,0.07276483,0.01990743,0.021006715,0.003841509,0.22302867,0.010706609,0.015939828
8875,0.03204787,0.028751187,0.002791269,0.11605864,0.21213056,0.033531044,0.34551254,0.5507156,0.016304245,0.0033848705,0.0015303137,0.16942298,0.0068208333,0.011785171,0.007522405,0.009873142,0.0010966621,0.051959176,0.011560852,0.005258088,0.04013976,0.04749634,0.079160556,0.01615204
8877,0.038809307,0.012102449,0.0041361675,0.0049849655,0.4800026,0.07094985,0.0014548787,0.7124845,0.019922104,0.031902537,0.039478216,0.0069330875,0.034533627,0.007804921,0.028436277,0.075771414,0.00074830104,0.64613926,0.006757044,0.0044947937,0.010957406,0.4500664,0.00932241,0.0061114198
8884,0.3434042,0.29375654,0.018041413,0.07283233,0.08631981,0.10941851,0.010147338,0.7353094,0.031442072,0.13747089,0.0046970304,0.037371103,0.0058057373,0.043804184,0.012546315,0.05012195,0.0008488209,0.16075625,0.02101425,0.007626983,0.030656474,0.25558028,0.025103591,0.038226586
8890,0.11354892,0.2405943,0.015477352,0.009565984,0.27813843,0.0375657,0.009949774,0.41171324,0.11933364,0.13685492,0.0074879304,0.0034074618,0.30342528,0.05989374,0.025792059,0.089535825,0.0005833697,0.23902856,0.054790407,0.008242063,0.058083735,0.17637259,0.007963664,0.033687375
8891,0.024584085,0.013766719,0.0021843393,0.07134496,0.3920523,0.07170424,0.026625633,0.87115496,0.0072898543,0.028288884,0.00684288,0.0053340215,0.03952664,0.11201955,0.019501388,0.018217431,0.00061792874,0.21552022,0.024498234,0.0039825216,0.0071518985,0.070409186,0.011714641,0.0015247385
8894,0.046101913,0.4257253,0.019667944,0.19684248,0.035165783,0.014755285,0.34118867,0.6222422,0.1252637,0.1265008,0.0018170531,0.12961428,0.019603929,0.024704501,0.011040981,0.06112401,0.0010803182,0.112013794,0.093991354,0.01683454,0.011144822,0.06448422,0.44930947,0.0063408953
8896,0.018414805,0.33652505,0.2607607,0.056669667,0.7562255,0.015561811,0.022878805,0.43079308,0.6642716,0.39768234,0.005515885,0.045657717,0.032628052,0.015000926,0.09730203,0.01816604,0.0006600268,0.18574932,0.021531044,0.025647478,0.008252325,0.009274776,0.036157835,0.07203301
8897,0.47108528,0.05333405,0.0045777257,0.057242617,0.09976202,0.90205586,0.0069700005,0.50402117,0.0066913357,0.012323198,0.13689446,0.057749137,0.058388717,0.007920724,0.012284009,0.25349408,0.00066813093,0.050000682,0.022377698,0.008996437,0.0037757163,0.6979784,0.026114082,0.034406997
8898,0.50380075,0.28033322,0.016405242,0.015374427,0.2591743,0.065055236,0.014134269,0.503637,0.018400092,0.030548321,0.0060534696,0.041856624,0.07002508,0.015313233,0.015919235,0.03299522,0.0007873039,0.12467819,0.11906621,0.0130588375,0.011984394,0.16836397,0.49336344,0.048843287
8899,0.26430726,0.008482283,0.001161291,0.020216152,0.08337224,0.54860157,0.01891926,0.57515806,0.0019257326,0.0035744861,0.08385016,0.0382348,0.20670691,0.0024672905,0.0019817913,0.3418203,0.0008807162,0.019279331,0.11227332,0.007550542,0.00706431,0.88594675,0.010729462,0.00692559
8901,0.65966475,0.7691431,0.3192002,0.0027883134,0.33249784,0.029609406,0.0077684117,0.054512702,0.5548019,0.41619796,0.006344246,0.0019602291,0.5909572,0.004539496,0.027518643,0.086685486,0.00076152716,0.094397165,0.8932383,0.025362069,0.006024672,0.3728203,0.0036731914,0.002077307
8905,0.015944278,0.015760984,0.023964355,0.06441348,0.47021323,0.092405856,0.015368408,0.7797396,0.03688819,0.02634165,0.0113437055,0.012560229,0.015726995,0.012869101,0.01226079,0.010044253,0.0007272692,0.26299885,0.0068059517,0.011756412,0.013021894,0.0451492,0.012729615,0.043867443
8906,0.06472674,0.035617653,0.008752559,0.014024064,0.6841827,0.13891767,0.013370545,0.44328943,0.068173826,0.013305414,0.01049953,0.006431274,0.020437187,0.0285762,0.028151533,0.021717329,0.00070927246,0.4021003,0.015683062,0.0030953696,0.0049490165,0.082354985,0.005309873,0.008444117
8907,0.42395827,0.035028152,0.004851569,0.0067967847,0.081822634,0.300844,0.029116686,0.34525904,0.009992887,0.026727231,0.032737676,0.0080562355,0.18949942,0.0032601508,0.0022796167,0.33074605,0.0008918538,0.019527102,0.17050642,0.0177286,0.0021321531,0.8995444,0.0061948686,0.0027772617
8914,0.03959207,0.028379027,0.0051254747,0.005268244,0.65278995,0.25774246,0.0010704767,0.81966597,0.10914128,0.037506305,0.022165291,0.0019990592,0.015320628,0.013511484,0.017991109,0.036895867,0.00046721514,0.35466677,0.0068832203,0.0026522938,0.011276234,0.17331253,0.0045757922,0.0056936922
8915,0.015952399,0.013508656,0.010237986,0.007773876,0.7565221,0.061236195,0.0023698742,0.5905093,0.091207,0.02557958,0.011138419,0.0022246481,0.09508187,0.008113227,0.019342033,0.058597237,0.00057583133,0.57136196,0.019381516,0.010003881,0.011444694,0.13672055,0.0010245382,0.007243519
8920,0.015126097,0.029314768,0.009276932,0.010294975,0.71402836,0.09084582,0.013380392,0.45950568,0.0454577,0.028689852,0.01135218,0.004688898,0.02300942,0.0061125816,0.0077164597,0.08172475,0.00080776756,0.18354754,0.009519689,0.011394503,0.005749756,0.09305368,0.0036670452,0.0055892547
8921,0.1404979,0.33724296,0.026407186,0.01716636,0.2595295,0.122791894,0.0071279323,0.7759609,0.047376513,0.07174826,0.012720893,0.023889419,0.022807056,0.0063821343,0.039336298,0.023820389,0.0006632288,0.37340677,0.090244934,0.015166242,0.00726709,0.101773016,0.11263091,0.039384883
8924,0.0974288,0.075309835,0.07977095,0.025504535,0.83716387,0.043822076,0.017678646,0.19552031,0.25324273,0.03599175,0.0024329938,0.013657741,0.039725263,0.4592943,0.13035224,0.0057371785,0.000767687,0.15544568,0.08618031,0.01791398,0.025968637,0.03309878,0.011544391,0.003377991
8927,0.107411236,0.04766657,0.02851865,0.019028345,0.7628111,0.15625978,0.022705331,0.26735008,0.026747253,0.22588482,0.0035497772,0.0055491487,0.10669037,0.0423998,0.011379945,0.028734306,0.00074282737,0.0980549,0.08005749,0.010935718,0.008416897,0.12259347,0.0037482453,0.008259215
8929,0.069524094,0.048110515,0.004969431,0.025817111,0.21984997,0.17808796,0.0037223627,0.52480763,0.010630191,0.12147492,0.01857279,0.01174263,0.6260272,0.009478248,0.024698367,0.20673862,0.0005794557,0.2512567,0.021737436,0.0035840776,0.005606643,0.3715859,0.0082068015,0.027538449
8930,0.6614424,0.25059152,0.09060909,0.045683634,0.31821993,0.46422556,0.027465632,0.3345194,0.14234677,0.04555444,0.0063295667,0.0390038,0.041236307,0.042286336,0.0226692,0.057804234,0.00079055916,0.02566127,0.084207185,0.011544707,0.030228814,0.17102377,0.011658224,0.03707311
8932,0.32718542,0.018470295,0.0045138747,0.005550696,0.26732564,0.8206569,0.0017553929,0.6425167,0.006219571,0.006937051,0.033946007,0.0052537997,0.068657786,0.023292042,0.02165049,0.15749973,0.000677744,0.44420823,0.018172065,0.007548245,0.0016156236,0.77519184,0.014506007,0.0084373215
8938,0.036055226,0.027482744,0.0053543267,0.10150439,0.31278834,0.16441503,0.0071741473,0.75277185,0.033053655,0.01943309,0.018893609,0.047616474,0.025886549,0.024631228,0.022664513,0.027360907,0.0006601061,0.37182003,0.005622094,0.006219839,0.023920473,0.13212185,0.024799475,0.21947357
8941,0.021516643,0.027501823,0.02586593,0.012909119,0.43569204,0.027281757,0.0060405694,0.55514175,0.14196965,0.06493722,0.0030998413,0.0024059033,0.13518669,0.25994736,0.084597975,0.02573993,0.0005753006,0.56826293,0.013976086,0.011781617,0.019704262,0.04571081,0.00286612,0.0052878936
8942,0.025997192,0.03617559,0.0073385667,0.0056479736,0.74602425,0.06263345,0.003053864,0.59490436,0.073278785,0.048641134,0.016680777,0.0028803002,0.022941569,0.004140581,0.029843878,0.05363692,0.0007134247,0.5368327,0.0367174,0.0026170288,0.005605811,0.19060707,0.00985021,0.0018821455
8945,0.028479122,0.079155795,0.02132831,0.016115343,0.41604042,0.043968674,0.009594801,0.059001695,0.06101313,0.27107087,0.007322858,0.0046925936,0.901029,0.009019858,0.023014765,0.49001387,0.00074094965,0.07376327,0.10671655,0.009532583,0.0022586756,0.47946277,0.0015225086,0.0008893442
8946,0.1216482,0.44272512,0.027992157,0.037910573,0.12884925,0.049026772,0.009569834,0.38289955,0.082779095,0.10656793,0.012341778,0.020312,0.13651267,0.009407665,0.013306328,0.149668,0.00075126305,0.15943806,0.1620181,0.0062930267,0.0071016783,0.28769553,0.019127762,0.017754277
8954,0.1989858,0.85986906,0.26507205,0.010360053,0.59169024,0.07316521,0.0033152953,0.086823724,0.88995034,0.25274763,0.0038198412,0.0055443565,0.15733507,0.00782856,0.06520438,0.02647509,0.000702419,0.08437793,0.13036044,0.011859406,0.058639787,0.11061605,0.010504187,0.12945612
8957,0.15495059,0.01911275,0.0056739068,0.2550702,0.1785881,0.14475948,0.20559157,0.5297599,0.0070430124,0.017453307,0.0069486303,0.053034004,0.023267655,0.12460782,0.025235515,0.12312505,0.00088911457,0.07599962,0.026201528,0.0066684764,0.021417031,0.25984013,0.014983652,0.006429315
8958,0.37774545,0.6609104,0.05145148,0.14522676,0.026357457,0.05760011,0.2340457,0.35151714,0.046250373,0.084593065,0.0034969554,0.121225156,0.34414235,0.0073552313,0.011720837,0.09206845,0.0009981585,0.0065247957,0.07987631,0.014170994,0.0064942846,0.49794006,0.0392906,0.026788581
8964,0.009848568,0.20729749,0.20398569,0.029305333,0.7826128,0.008516938,0.037316155,0.24894944,0.8426145,0.506688,0.0011070879,0.019103091,0.02487301,0.013875126,0.025097756,0.017135879,0.00073980243,0.069211885,0.027994536,0.05704404,0.0079900315,0.017310677,0.0074246014,0.0062928237
8966,0.045263685,0.11589021,0.011213726,0.095585816,0.069717444,0.03316073,0.10743108,0.6727666,0.031337034,0.027976843,0.0016364075,0.07319185,0.019196268,0.008752476,0.018890796,0.03430415,0.0008537978,0.23203205,0.015177156,0.009074427,0.0038307891,0.051038828,0.044762813,0.021862878
8967,0.74944764,0.08455583,0.0042552133,0.03025277,0.4654094,0.90322,0.01151871,0.4503321,0.0070030224,0.0064963955,0.040110823,0.006637578,0.03155995,0.008918681,0.0070315576,0.12799333,0.0006507675,0.042730954,0.05473565,0.0031449236,0.014852594,0.7836016,0.004930477,0.012016524
8980,0.20685224,0.120213255,0.007241322,0.033727728,0.15201999,0.10966903,0.013528973,0.18073289,0.029335799,0.08238247,0.009124982,0.13287744,0.31780535,0.0050258213,0.0063290508,0.44401282,0.00084343675,0.042588044,0.116869725,0.0050414233,0.00079927355,0.5541149,0.14550848,0.030440617
8984,0.07219,0.036691606,0.0033834227,0.050531853,0.16839354,0.75815916,0.0066626417,0.57950723,0.015902584,0.04082213,0.052512288,0.037577946,0.03339415,0.009060871,0.019423077,0.54917264,0.0006966813,0.32755417,0.026281439,0.002829408,0.0008595384,0.7331878,0.004105659,0.0060140453
8987,0.6230514,0.7145837,0.0071768444,0.016831683,0.26711065,0.015740974,0.011695312,0.28330037,0.051055226,0.027603086,0.011198373,0.04003932,0.04017854,0.008225861,0.009750385,0.036976926,0.00070852163,0.056160573,0.60723764,0.0032863205,0.025895853,0.26734996,0.06920333,0.018131983
8988,0.19056131,0.11841773,0.0083762705,0.023551436,0.23040836,0.053108416,0.013404857,0.4911819,0.03748061,0.14860626,0.0035878532,0.013202194,0.1532737,0.031209406,0.0067656003,0.21991582,0.0008413586,0.14045957,0.5433611,0.0025833787,0.0048718075,0.5726829,0.03847122,0.004725489
8989,0.44558045,0.20937756,0.0055440776,0.026176348,0.29208502,0.04420805,0.010410299,0.38420162,0.021818988,0.05085442,0.010532057,0.023893679,0.023322491,0.007033095,0.004877146,0.07904669,0.0009641952,0.12188634,0.1210797,0.0048314547,0.009053125,0.2829053,0.072083674,0.023874635
8993,0.039902754,0.014951348,0.0051131956,0.023719572,0.14644581,0.13768916,0.0024327822,0.8118516,0.0063298997,0.033529244,0.04453786,0.0036126736,0.12971191,0.007884227,0.01141589,0.16937324,0.00050895853,0.2926805,0.02577684,0.0080469735,0.00652636,0.446064,0.0061286394,0.0053739776
8996,0.15579459,0.01929748,0.0031136998,0.03604168,0.4048229,0.6146514,0.025610046,0.70998204,0.0027859993,0.008693745,0.03656818,0.02006935,0.012709633,0.16005133,0.05834757,0.051826246,0.0006598375,0.3315876,0.0086211655,0.0023432663,0.037660204,0.2056721,0.012146844,0.014627775
9004,0.13619879,0.014744045,0.0019045405,0.0085034035,0.25310585,0.5149767,0.002625868,0.36986378,0.0054220245,0.011591143,0.09129045,0.00678628,0.12540552,0.0015251625,0.0045005544,0.43122455,0.0006172042,0.07847218,0.044860773,0.010037773,0.0014966205,0.79526305,0.006276775,0.009218376
9005,0.26181117,0.03652854,0.0056266864,0.022775028,0.34773514,0.46522522,0.0048057507,0.52710557,0.008901804,0.017439298,0.03340986,0.01244238,0.06858759,0.0032998272,0.0070309285,0.2196684,0.00064910774,0.15051456,0.010165785,0.0058323857,0.011982666,0.4984604,0.0112318965,0.08868435
9007,0.025887074,0.18843573,0.014333244,0.027162597,0.05803379,0.018456748,0.05086528,0.19475506,0.080876395,0.4048364,0.007582005,0.014380368,0.8647012,0.015262619,0.012602406,0.69992805,0.0008520704,0.041988585,0.024539934,0.007818885,0.0023304194,0.40636912,0.010382521,0.02883288
9011,0.029048983,0.007420091,0.0032568616,0.056268264,0.3068543,0.22652161,0.034996375,0.8663993,0.0046693957,0.00443823,0.023067236,0.08786396,0.009113762,0.015950572,0.01439833,0.03397522,0.0008340393,0.48609886,0.0059336503,0.010919334,0.0056983433,0.20271619,0.03508607,0.0042574806
9012,0.050496094,0.18840747,0.15917885,0.045734175,0.68834877,0.052053034,0.017895868,0.44148952,0.6326026,0.040665507,0.007623793,0.014148151,0.010072926,0.035548124,0.122030996,0.010998446,0.0006646408,0.12321084,0.019562656,0.036118872,0.35044912,0.018886322,0.017696021,0.05628855
9013,0.18741602,0.29038873,0.014571331,0.0070503764,0.13207093,0.048548862,0.0072532403,0.5335779,0.03647507,0.043126106,0.014455622,0.001659944,0.11964315,0.005590251,0.003279524,0.14175993,0.00070072245,0.04342443,0.08501559,0.0048296256,0.0348352,0.5661398,0.007878652,0.095614634
9016,0.63564134,0.1957292,0.03714612,0.008372001,0.12365766,0.15573442,0.002747434,0.40146324,0.05576785,0.40144026,0.013936688,0.034563188,0.08802037,0.012151205,0.029521922,0.0813911,0.00068251556,0.1382206,0.055589642,0.012725902,0.0025134198,0.48410824,0.023742592,0.014084284
9017,0.3611343,0.23742454,0.0058789277,0.013329066,0.14130838,0.26137424,0.00063238875,0.6712291,0.030523112,0.020461295,0.046669863,0.026353084,0.021817228,0.012069706,0.026535267,0.070998184,0.0005397026,0.3123337,0.048069783,0.015505439,0.009416734,0.46506473,0.07537057,0.37077755
9018,0.025098221,0.029571623,0.013096719,0.016608864,0.45448157,0.038735513,0.01659145,0.66892433,0.020056192,0.06567497,0.022277573,0.0050662267,0.05962477,0.015835438,0.007733584,0.17288786,0.0007425121,0.3136149,0.030230178,0.0036457097,0.026164036,0.22542281,0.008224877,0.0018058755
9041,0.27612835,0.052162785,0.003738493,0.01739514,0.38614026,0.75844526,0.0038037281,0.5359584,0.022176968,0.011588783,0.031315308,0.006817384,0.06692332,0.009645543,0.0077356114,0.06539602,0.00055045605,0.10234901,0.008384885,0.0031603049,0.00404031,0.51932544,0.0065308693,0.03797072
9042,0.31050324,0.12579566,0.027340207,0.009860018,0.23886755,0.027349198,0.13509382,0.27298453,0.02735655,0.029215602,0.0045376755,0.012674016,0.1047488,0.024634223,0.004724345,0.026667293,0.0010606858,0.016962746,0.14816904,0.015059701,0.40409636,0.26408783,0.0033985402,0.006881727
9045,0.12226492,0.036399245,0.006727321,0.05780086,0.28335997,0.3325128,0.02366185,0.5052662,0.006160692,0.006477717,0.06472495,0.13307942,0.053829215,0.0064588343,0.01530205,0.1928888,0.0007103548,0.067792386,0.054098684,0.019504327,0.002617569,0.3947751,0.52314323,0.0049024457
9047,0.046349447,0.021979388,0.0069349855,0.01383584,0.29813963,0.15467818,0.002118635,0.638573,0.026329193,0.049469683,0.032249436,0.009550247,0.04870776,0.0040942268,0.017542614,0.063857414,0.00056422467,0.5243945,0.020129856,0.0035673399,0.0077214492,0.20194928,0.0071822456,0.0015510899
9055,0.032947227,0.014672752,0.0066371155,0.20958945,0.08864322,0.022204872,0.9143811,0.36270094,0.0056405202,0.004251699,0.0023915332,0.24614763,0.010341233,0.030888556,0.006528583,0.026800873,0.0023175394,0.047996,0.02080921,0.026212167,0.0109133115,0.04848078,0.11513289,0.009507472
9062,0.021610836,0.034756333,0.009209788,0.55444205,0.22155155,0.050270144,0.41921,0.6623683,0.0460177,0.0392857,0.0048351544,0.0925633,0.0021866506,0.07662764,0.024251487,0.03432903,0.0009797586,0.10658534,0.07201621,0.012132599,0.03683843,0.038786065,0.007381245,0.007767167
9064,0.15481155,0.08779088,0.015880877,0.011779186,0.5157978,0.60611504,0.0020239372,0.6438818,0.2803641,0.028370364,0.033464663,0.00412048,0.045921355,0.0069628824,0.009088313,0.047291096,0.00057708926,0.018866228,0.016898327,0.0055782557,0.015020645,0.26780504,0.0013744772,0.082535855
9067,0.033866182,0.013513003,0.0044926396,0.18111913,0.16627967,0.0719351,0.5386897,0.4441851,0.0013001139,0.011026319,0.0035953785,0.073532104,0.15061875,0.052391168,0.004564248,0.023179324,0.0012214384,0.022544743,0.051046126,0.01071292,0.0031599172,0.17870706,0.0209011,0.004456606
9068,0.4152278,0.033604763,0.0043011988,0.029903086,0.14537898,0.74012077,0.008553809,0.59268695,0.011300406,0.011523646,0.060265496,0.013211378,0.04599637,0.05049829,0.018115046,0.18571882,0.0007041824,0.037652843,0.014216384,0.0036120315,0.025441136,0.6374352,0.008486784,0.1779374
9069,0.040873557,0.034672026,0.003681236,0.03777824,0.4408661,0.25673363,0.003475937,0.3380364,0.06275755,0.049527157,0.017581413,0.0075609796,0.19335386,0.011365989,0.014409107,0.4209294,0.00069960713,0.07841491,0.066433646,0.0019830065,0.0034901393,0.55956227,0.005468896,0.0058455253
9072,0.18414867,0.11197753,0.0071948473,0.0020617319,0.36028197,0.09864346,0.0047805915,0.44811553,0.014319602,0.028019167,0.0066496367,0.003604853,0.41286576,0.00680709,0.0054334304,0.08591906,0.0007474693,0.11319191,0.08130802,0.0040208166,0.0048293364,0.48915905,0.025695877,0.0042757657
9074,0.017904479,0.0065003266,0.006759774,0.014889295,0.79720324,0.09662487,0.0015408597,0.7304664,0.039030835,0.013052296,0.036699265,0.0166584,0.01402065,0.0124283265,0.03806457,0.03253987,0.0005780094,0.78674066,0.0058597466,0.007298752,0.0050569433,0.07370027,0.012801211,0.0031668865
9076,0.30524707,0.092240185,0.018542217,0.032654148,0.41458195,0.19604635,0.03550762,0.61621106,0.072345175,0.0070711304,0.015525649,0.04978337,0.0037226316,0.007899601,0.015779946,0.06140104,0.00086917105,0.064404435,0.073456466,0.020413416,0.05828535,0.24700274,0.24626002,0.032535944
9077,0.35016805,0.15981354,0.007392713,0.0357082,0.07819261,0.056976903,0.24268879,0.40671614,0.0090496605,0.0077863615,0.0038084688,0.18205309,0.05520757,0.0029199505,0.0010797591,0.10378215,0.0014789581,0.012972596,0.38832855,0.0047765914,0.0016591682,0.46719038,0.28572443,0.0075673615
9078,0.74346435,0.12594807,0.0027364788,0.020586213,0.13188341,0.036708284,0.016300566,0.43005013,0.017945996,0.011575382,0.0058688815,0.037786614,0.08735795,0.009466137,0.0076289317,0.0238317,0.00083471433,0.07148982,0.14291458,0.0069304877,0.05833209,0.27851796,0.4075202,0.13592279
9081,0.015352072,0.0036962198,0.0031840876,0.09898271,0.5733037,0.10104927,0.014073218,0.6900815,0.005440212,0.009240479,0.018732479,0.032289628,0.024116995,0.04930326,0.040659796,0.054683737,0.0006158398,0.7110575,0.0104060555,0.0040615415,0.004607586,0.07084011,0.0114464,0.006275767
9086,0.7716609,0.10700704,0.009947364,0.0074277716,0.36623582,0.36754328,0.0019420405,0.39031333,0.03531165,0.024942208,0.024615545,0.020626374,0.040643133,0.0043754973,0.0066472935,0.043753583,0.0005343767,0.17162563,0.037566718,0.00721201,0.01532495,0.5714628,0.17018797,0.005857758
9087,0.042141456,0.07246252,0.00892563,0.077082664,0.17858273,0.026003337,0.06897326,0.81711906,0.008496194,0.012571577,0.012194151,0.059318688,0.016881974,0.009878083,0.0035005745,0.0510323,0.0007439779,0.42027533,0.0431112,0.008381198,0.003497359,0.07761257,0.1058222,0.009765474
9089,0.026649168,0.02882359,0.008035039,0.06423109,0.4407566,0.12405769,0.034941055,0.64234334,0.011737529,0.028489813,0.0065944022,0.028900629,0.03473521,0.0331773,0.0057866047,0.0828659,0.00083656603,0.09818174,0.016667133,0.011208155,0.016991863,0.30263504,0.010554671,0.013199746
9091,0.16440393,0.14696468,0.006751548,0.005792132,0.34927404,0.46228963,0.0018447523,0.4588809,0.06683581,0.03799115,0.045188613,0.010217234,0.06418195,0.0027810307,0.014373612,0.1853979,0.00062748825,0.3243892,0.01675781,0.0070365397,0.0019661486,0.638718,0.012218315,0.0060765804
9092,0.09244168,0.011565801,0.000988839,0.036627263,0.06682117,0.46083555,0.018273275,0.5774696,0.0028239042,0.018415317,0.027451651,0.026117641,0.56023186,0.010024132,0.004738462,0.3456822,0.000712297,0.0805445,0.01621624,0.0030824537,0.0026023188,0.7811067,0.008246067,0.036801845
9093,0.0724638,0.1296193,0.04139781,0.013431736,0.17576101,0.018080676,0.017702306,0.19787183,0.07165236,0.078557946,0.015781183,0.020092823,0.3223618,0.05157379,0.04041859,0.09220627,0.00067295827,0.070127346,0.07437739,0.020851705,0.0033244179,0.31812704,0.01105729,0.0060185133
9094,0.7282237,0.12218605,0.0026874347,0.014700269,0.14100713,0.3742099,0.0011096388,0.78650546,0.0063392883,0.0051992983,0.056588802,0.03167191,0.019618047,0.0036359867,0.005522386,0.036234308,0.0005920045,0.13540135,0.08302916,0.0060023954,0.016230403,0.5750267,0.22217038,0.046292502
9095,0.06920941,0.036983676,0.009302842,0.010839442,0.82306737,0.18845029,0.0031229982,0.5686956,0.041747548,0.017081995,0.0313672,0.005790765,0.0061993087,0.01902477,0.022187749,0.0412036,0.00062246603,0.51414096,0.012137029,0.007838096,0.36652437,0.10999371,0.0046493914,0.01972581
9098,0.64770997,0.1659882,0.0065305843,0.016952792,0.2802616,0.861223,0.012362836,0.53141785,0.017032092,0.00601561,0.03639688,0.021047808,0.015123112,0.01581915,0.03268983,0.022966951,0.0006559901,0.06153082,0.010494136,0.006465208,0.029606232,0.528172,0.0070534316,0.32091492
9103,0.005962238,0.054088864,0.32459423,0.062611386,0.39638108,0.0054393657,0.055502452,0.6968822,0.4265406,0.34435105,0.0018778712,0.04448888,0.028802102,0.071318425,0.21084164,0.009473902,0.0010004629,0.40180302,0.0052764313,0.105580084,0.0038433746,0.017076416,0.013036763,0.007107901
9105,0.11981061,0.38259736,0.089436136,0.03316113,0.5448713,0.010146414,0.02350619,0.28762883,0.14914687,0.060476143,0.0070671774,0.011075502,0.04065081,0.010828281,0.029533705,0.022162078,0.0008613593,0.20880024,0.030801417,0.04234225,0.036823023,0.060816348,0.03263267,0.091109954
9106,0.19169459,0.027420422,0.0015055428,0.009396145,0.2431451,0.55743116,0.0051373444,0.56235313,0.0043222127,0.017987413,0.08370551,0.0065632914,0.11880391,0.013579761,0.006472078,0.15500294,0.0005630237,0.14734092,0.04190415,0.002874203,0.0052864216,0.4876918,0.0053010047,0.016464962
9108,0.018464176,0.016909957,0.0012655677,0.4596857,0.33195516,0.13727471,0.23441783,0.62774503,0.012634225,0.015644794,0.0065867384,0.06278903,0.0081993295,0.030049818,0.037826084,0.020847566,0.0008143651,0.1981907,0.0053444444,0.0023124886,0.030992582,0.028051535,0.023551086,0.022311723
9109,0.011063685,0.027297108,0.006776632,0.062124733,0.5997402,0.02201574,0.008336232,0.6400798,0.13671216,0.02853848,0.005746611,0.009967616,0.050610438,0.026491145,0.027706336,0.023602447,0.0006469107,0.20485698,0.0133903865,0.0047378596,0.19936721,0.04219216,0.006349906,0.020112384
9110,0.038606532,0.066874325,0.031979617,0.11279144,0.8218764,0.11345529,0.22027206,0.3110746,0.020228438,0.027275452,0.012938705,0.020526718,0.017162684,0.035121076,0.043174557,0.051487114,0.0009611744,0.21158062,0.044540703,0.017639471,0.011210629,0.051595163,0.0154703045,0.00735857
9111,0.28853568,0.14398086,0.032050107,0.0130144,0.4863596,0.34973297,0.00392972,0.5026127,0.05210282,0.06549239,0.00885933,0.0069989515,0.044341348,0.025108315,0.025971461,0.02007988,0.00065129617,0.19303639,0.03013486,0.005621326,0.010496805,0.26342297,0.032984458,0.024372553
9112,0.104727484,0.11598409,0.0029412403,0.034183796,0.087345235,0.113654554,0.011800987,0.61287713,0.008686754,0.054923628,0.042238656,0.016410435,0.24130876,0.011424983,0.0029324158,0.35860276,0.00062088604,0.12622039,0.08752019,0.006501793,0.0042710644,0.58900154,0.028107125,0.0034257388
9120,0.02147299,0.0538513,0.014728814,0.028917983,0.7087536,0.04534168,0.11533659,0.30102393,0.027720066,0.013714494,0.015349825,0.061501503,0.012054154,0.009225587,0.016149554,0.04188928,0.0011511369,0.07662616,0.013903235,0.022602487,0.0066006966,0.08356641,0.053200252,0.0072531514
9121,0.35013482,0.21354829,0.0056481585,0.007891268,0.17996643,0.38443524,0.005247036,0.6388214,0.026812635,0.01077079,0.06211559,0.038460337,0.048384346,0.0047790334,0.014956616,0.07348985,0.00071804377,0.161804,0.056804374,0.005230253,0.005380823,0.50352323,0.14097379,0.017814482
9122,0.008594126,0.018493978,0.010352937,0.018824859,0.7595016,0.026656138,0.002476683,0.70416003,0.03010542,0.0647394,0.037853125,0.0038041836,0.022697663,0.014198765,0.041319203,0.1043375,0.0005421258,0.6175761,0.0076437145,0.0151600605,0.006249131,0.0927326,0.008068892,0.00475462
9126,0.05035509,0.13272843,0.009807075,0.1989341,0.34314653,0.026686503,0.055270478,0.74841547,0.023362888,0.010727438,0.0035549253,0.11389156,0.0057653007,0.026191248,0.03271207,0.0038449357,0.0010006522,0.18268186,0.023610834,0.004697955,0.008922601,0.023456808,0.016643627,0.4228792
9127,0.086693585,0.03216814,0.018541262,0.02322368,0.73344165,0.48795784,0.0065603354,0.6254687,0.04604206,0.046114106,0.03379206,0.016292708,0.01712481,0.024498018,0.06343294,0.02235935,0.00065946096,0.083815016,0.005172396,0.018704055,0.012604844,0.18464969,0.0067491727,0.024037775
9130,0.4085803,0.36987948,0.010703302,0.16675,0.04731451,0.04991762,0.064148314,0.7434338,0.019457312,0.014884093,0.0115733035,0.5267633,0.00977268,0.006121925,0.01606476,0.008964773,0.0009537248,0.09461974,0.022857286,0.013301252,0.03843253,0.060600933,0.8916252,0.039406747
9131,0.14291833,0.70364594,0.109708965,0.064697914,0.22529246,0.01785623,0.011930959,0.5195732,0.31008184,0.42311037,0.0029924817,0.12137066,0.026146287,0.02010441,0.04967978,0.0334224,0.000978378,0.22010985,0.04540019,0.0074836477,0.006880186,0.100758016,0.027634883,0.012997311
9132,0.063839346,0.022709517,0.007190182,0.021075862,0.12052722,0.17036287,0.010209454,0.8481381,0.016800433,0.024779625,0.014390415,0.008377117,0.14955106,0.010443047,0.0047895154,0.047840435,0.0006003544,0.15165576,0.027027177,0.009707706,0.014732697,0.33053306,0.065264255,0.018991154
9135,0.062085725,0.030230762,0.011424105,0.026203161,0.48467302,0.16303319,0.013203126,0.6292708,0.065595806,0.01854183,0.013900659,0.012594766,0.01346666,0.03648607,0.044988442,0.018247828,0.0006185127,0.4494723,0.009715539,0.010851862,0.031114314,0.085615166,0.012455823,0.005698416
9138,0.6734252,0.15729569,0.016535046,0.01212656,0.395403,0.32962638,0.012080401,0.091538474,0.049293492,0.15679562,0.012593745,0.01569858,0.2722675,0.012711824,0.0041076327,0.093830295,0.0005655293,0.043899704,0.51159894,0.0025614165,0.023165742,0.47049418,0.0020273977,0.0034242854
9146,0.008248828,0.013354161,0.014992261,0.15016155,0.5940128,0.019320916,0.026958354,0.7613295,0.020322593,0.033384446,0.0075673615,0.015439758,0.0053672986,0.188836,0.05631878,0.008495202,0.0006917623,0.62291884,0.009253134,0.0025510313,0.010890307,0.015567335,0.011038576,0.0039464077
9148,0.018348789,0.012678163,0.0023197797,0.0069585345,0.54002035,0.029176004,0.011147598,0.6593749,0.0072894194,0.011148218,0.0065928935,0.0055641173,0.066010885,0.02868943,0.005863348,0.034253426,0.000644257,0.679823,0.017337296,0.0028010227,0.0072067752,0.09205982,0.003445634,0.008389485
9151,0.18426023,0.06442472,0.009154468,0.050531644,0.1361772,0.10764873,0.08285338,0.6872652,0.01053487,0.010828174,0.013698481,0.24210463,0.055679806,0.010293546,0.007339355,0.053983714,0.0010038419,0.052457668,0.019836035,0.03368638,0.009203042,0.30763617,0.29089484,0.010811878
9153,0.6960847,0.4358361,0.009094671,0.03914996,0.10489636,0.093553744,0.022564031,0.2118561,0.01733528,0.023888374,0.014808709,0.14338009,0.04794554,0.0087934695,0.011049883,0.12685093,0.00084961386,0.07688574,0.09188227,0.018437611,0.0083071515,0.55798215,0.41064185,0.013966469
9155,0.579419,0.28836334,0.004653871,0.014676531,0.41671282,0.09277433,0.00488459,0.43958732,0.107056215,0.010016142,0.007534947,0.013493248,0.008497689,0.0095777195,0.018025225,0.008127841,0.00072986976,0.2414947,0.030170472,0.0029030074,0.15232943,0.14104754,0.20471641,0.025920298
9158,0.03122649,0.02258561,0.006887452,0.06435021,0.6546534,0.22374716,0.008598873,0.7498146,0.03738748,0.031269576,0.008196484,0.021162922,0.030174304,0.015270548,0.02746769,0.019550906,0.0006083762,0.1634976,0.019226246,0.0043278225,0.00679282,0.057654995,0.013358077,0.008822018
9160,0.094643295,0.43236503,0.2750456,0.03357707,0.3738125,0.026199998,0.017708384,0.21118216,0.5072411,0.4494543,0.0051709386,0.015645625,0.09345486,0.011961544,0.052091528,0.033557564,0.0007940491,0.15164348,0.27408135,0.017432012,0.0074426252,0.06746572,0.020442605,0.0056789694
9163,0.5087488,0.10897755,0.028118124,0.0070108594,0.22549903,0.0629672,0.042062666,0.1310712,0.016130148,0.06785232,0.005561345,0.0077265943,0.8980095,0.02088563,0.0095272185,0.09998017,0.00082030334,0.016812552,0.41115034,0.024835313,0.0020899582,0.60696495,0.025168194,0.0030367537
9167,0.36679128,0.15325466,0.0034942913,0.016607065,0.8208581,0.5745208,0.0060405266,0.18831834,0.022485938,0.06965241,0.027951684,0.00916889,0.02353523,0.007838952,0.011620834,0.15608712,0.0007493379,0.21830533,0.036987964,0.0040523647,0.0024233484,0.43176585,0.010176433,0.009949417
9170,0.07135875,0.09302125,0.0038796435,0.09155231,0.18372767,0.06102247,0.020015635,0.83259296,0.00693852,0.019648215,0.011820933,0.022086104,0.013469137,0.0063629043,0.002953347,0.020060021,0.000764755,0.094529785,0.0293224,0.011804691,0.017520085,0.14387263,0.023107065,0.002748035
9175,0.03512943,0.06527767,0.027674299,0.08800688,0.5868114,0.17118245,0.03138466,0.25781345,0.071069814,0.100435615,0.017788053,0.010279322,0.055220082,0.053849768,0.084825404,0.06969738,0.0007615428,0.2530268,0.008478983,0.008214291,0.028528806,0.16165662,0.0024055715,0.041653834
9179,0.016138518,0.0094461,0.004845244,0.05673178,0.44558588,0.041590713,0.008645351,0.7830125,0.029406808,0.019297512,0.010062832,0.012288517,0.0065133506,0.0619763,0.046756722,0.06010661,0.0008207537,0.5352456,0.0067072674,0.0050765243,0.0026048,0.09527825,0.0059389547,0.0042423024
9181,0.055048965,0.059271976,0.005171753,0.007787821,0.5761867,0.4832319,0.0021476042,0.76562005,0.06993973,0.011462415,0.03719627,0.0020840652,0.053376917,0.019618198,0.01972856,0.11503814,0.0005434787,0.5215338,0.0144336475,0.0017740367,0.00809522,0.2960191,0.0022122546,0.007692778
9183,0.040337253,0.14649038,0.010096118,0.024917245,0.4742548,0.06818249,0.004973434,0.63483137,0.08523133,0.08162482,0.010881035,0.011763388,0.062283065,0.006848988,0.027137263,0.06507621,0.00057230954,0.50003254,0.010522615,0.002668473,0.0040159156,0.12598847,0.026849195,0.0068496107
9184,0.6818846,0.6801836,0.019624826,0.02326663,0.071077324,0.041662175,0.02161122,0.51773393,0.027444117,0.009886808,0.0072015603,0.05109332,0.037513357,0.003012461,0.010469471,0.04335206,0.0009659924,0.13891475,0.21740413,0.016145743,0.0075140013,0.39234036,0.49898592,0.015955655
9196,0.46368557,0.03279623,0.0014350148,0.021439942,0.13900968,0.44391963,0.018469278,0.25732645,0.004457118,0.0042482223,0.03656856,0.05838063,0.06257011,0.0013380871,0.0035798298,0.44439933,0.001104825,0.018462805,0.08530714,0.0056560105,0.0005902872,0.88650006,0.0352334,0.0025884088
9198,0.03459805,0.047885746,0.035492647,0.30294254,0.56222606,0.012464864,0.21702589,0.44320977,0.042670283,0.045087118,0.0005262746,0.022429341,0.005746543,0.8596508,0.11961188,0.0014878021,0.00090245827,0.23571755,0.016362514,0.0031256955,0.25935242,0.008135052,0.0017320111,0.018482177
9200,0.2794272,0.011765212,0.0012661054,0.010419897,0.060589995,0.7211314,0.015667267,0.6792291,0.0018243819,0.0034008035,0.05644202,0.025168428,0.06354713,0.0038810538,0.0014752222,0.20633219,0.0007092397,0.039537475,0.02763304,0.0036925722,0.0028133714,0.7512912,0.047417656,0.04136208
9201,0.020698553,0.011371225,0.0070376494,0.095232144,0.45257685,0.19118093,0.012286896,0.65004706,0.012261922,0.067210674,0.01223505,0.007983401,0.059937906,0.059028506,0.032665826,0.02766696,0.00056450174,0.2751882,0.006459048,0.0027158533,0.012391526,0.13933934,0.0045404746,0.022793615
9204,0.20526789,0.006391412,0.00068627537,0.015692612,0.05798296,0.8245814,0.01208816,0.49365172,0.0012050978,0.010528252,0.16718102,0.011903361,0.3049183,0.00455122,0.003050605,0.7485829,0.0006866634,0.118783,0.035305105,0.003015269,0.0009830554,0.8787984,0.0029834004,0.00442021
9206,0.25570714,0.064747326,0.0038773536,0.023059962,0.558067,0.2058585,0.004795083,0.6495874,0.04608705,0.022215301,0.017418621,0.022326991,0.005258487,0.009507584,0.009867768,0.0460191,0.000697126,0.10770825,0.018782023,0.0042070094,0.17834097,0.33786243,0.016703466,0.011213636
9207,0.3724105,0.13054687,0.0040163468,0.062011264,0.14653273,0.11639925,0.013832801,0.4478231,0.0027469115,0.01671561,0.04172581,0.13531399,0.06884469,0.015660891,0.008545074,0.2749988,0.0007202482,0.29872316,0.030209264,0.0045952722,0.0060153254,0.4809236,0.63014305,0.010627764
9208,0.28507414,0.04794772,0.012977445,0.009865751,0.5012863,0.55425495,0.005231722,0.5571354,0.02637435,0.025975244,0.03998345,0.0049518775,0.031899128,0.04063525,0.019786967,0.039067265,0.0005765606,0.23889925,0.05054662,0.0073117916,0.011798752,0.39339885,0.0089076655,0.018633805
9218,0.3551516,0.103736766,0.0036339383,0.027751356,0.32377425,0.6879136,0.0020426123,0.6689277,0.040846013,0.038036097,0.069789864,0.01375683,0.013652564,0.0047997865,0.0066881804,0.09362518,0.0006028693,0.13105702,0.036720708,0.0014340715,0.008697552,0.559535,0.006018987,0.118286446
9222,0.38448453,0.09055237,0.0019278501,0.017287923,0.22627802,0.12732202,0.0035476054,0.47466606,0.003520289,0.022420386,0.048893966,0.048367262,0.026981384,0.003517664,0.053532824,0.08951929,0.0006160796,0.5004564,0.023557572,0.0069855195,0.0027695785,0.30349097,0.07136012,0.054008
9223,0.038530167,0.018736903,0.0026585602,0.004558433,0.5233515,0.028912334,0.0007911493,0.83218205,0.010074876,0.029028874,0.017556919,0.0049877097,0.028159289,0.007510773,0.016274393,0.046446815,0.0005513913,0.8863471,0.037617438,0.0050887954,0.011979822,0.10404523,0.015139712,0.03453842
9227,0.056296546,0.029078754,0.0044783545,0.017405005,0.7773967,0.16768323,0.017786862,0.48401716,0.059588093,0.014717782,0.02072993,0.016604058,0.0064116567,0.0073729483,0.01009092,0.01905828,0.0007661194,0.10483464,0.024424681,0.0019890536,0.11378712,0.15934324,0.013282585,0.037491485
9228,0.5030898,0.30451268,0.0132629,0.016006323,0.09875765,0.070691235,0.0046337214,0.6240357,0.02225515,0.023224892,0.026969919,0.07360972,0.052118283,0.0017624206,0.0070975577,0.13582939,0.00073966215,0.17776757,0.06351903,0.016026877,0.0073474054,0.37881425,0.5843116,0.02622173
9233,0.023897292,0.046751153,0.009429099,0.04109148,0.109110065,0.044282496,0.003709263,0.77338904,0.043200668,0.08622007,0.021991482,0.020487823,0.1170099,0.00997883,0.0051611704,0.39852974,0.000536755,0.33996725,0.030605499,0.0021890418,0.005047047,0.24158229,0.021990629,0.00693202
9235,0.012885103,0.007041412,0.0037524677,0.022232966,0.7070378,0.050865326,0.03073896,0.47512448,0.018095396,0.024203235,0.020856606,0.019857263,0.008476118,0.05165599,0.105898924,0.03331226,0.0008427214,0.69168353,0.0039961934,0.0024829404,0.010024174,0.018573798,0.002555143,0.006313946
9239,0.08918401,0.0036726138,0.0015982967,0.046059906,0.0765079,0.6677994,0.019613829,0.58220416,0.00067202357,0.008322544,0.029608727,0.011378797,0.44801435,0.010521061,0.0017345151,0.57026565,0.00071644096,0.037046548,0.06302302,0.00884804,0.0013825749,0.8611436,0.008520667,0.013367701
9240,0.097884096,0.080463655,0.003190816,0.011728572,0.53279775,0.2544029,0.006690943,0.7013646,0.014745431,0.029044094,0.014067958,0.0054794876,0.060690142,0.023198389,0.00743508,0.07005165,0.00061308144,0.24881631,0.039077967,0.0017912759,0.008454869,0.48228946,0.0060745017,0.002463729
9244,0.6497364,0.6261791,0.062719315,0.015303652,0.19981052,0.03329582,0.011159073,0.24382529,0.109526224,0.13281181,0.0075787907,0.025131414,0.04033297,0.009980319,0.02206528,0.0121348975,0.00079509895,0.09265288,0.8016742,0.003779837,0.017870134,0.13977759,0.014666734,0.0102641685
9263,0.007971379,0.18892664,0.09093849,0.009692581,0.7270066,0.021424811,0.01160541,0.40679488,0.6531744,0.20979144,0.0033518807,0.0046528615,0.11769676,0.014538599,0.050496973,0.037380856,0.0006753111,0.21979226,0.061261367,0.012529743,0.0021549002,0.028879238,0.008704486,0.006548593
9268,0.41984382,0.110653944,0.012347655,0.025888173,0.3485184,0.79960334,0.004958644,0.46742386,0.058257483,0.016905693,0.056057036,0.022413768,0.06666012,0.0090677235,0.040647093,0.04912269,0.00053750945,0.10657095,0.023207456,0.0041669426,0.0041118795,0.39725435,0.013877383,0.0674566
9269,0.08172947,0.00649306,0.0022731102,0.019629166,0.34774354,0.31428814,0.006255044,0.70719695,0.0013873541,0.008284407,0.04768048,0.012292303,0.05069467,0.010738383,0.013736661,0.07861031,0.000596187,0.58777577,0.026839629,0.0018609707,0.0024299556,0.24873406,0.0075200237,0.0109969005
9270,0.31478944,0.014791042,0.0037556456,0.038491007,0.104898356,0.86508006,0.0042647664,0.62606055,0.002867528,0.007953028,0.13415457,0.019463614,0.036518876,0.01178947,0.009099993,0.31853193,0.00059980195,0.2238105,0.031048348,0.004478939,0.010714147,0.72014457,0.00987021,0.01285802
9273,0.13939576,0.19905771,0.01899508,0.0062540127,0.1054084,0.101436906,0.004557483,0.3302302,0.05396622,0.22204,0.012112316,0.010281273,0.66033036,0.0035894697,0.006779996,0.27510735,0.0005858556,0.0482895,0.18854223,0.011973981,0.0061258753,0.6689784,0.014283801,0.006520643
9274,0.074745886,0.024138335,0.0047170976,0.0075994334,0.5515085,0.18741737,0.003438674,0.31619644,0.015954936,0.11120385,0.021695562,0.004943112,0.38458762,0.015223352,0.010638087,0.11726732,0.0005199143,0.24919371,0.012901373,0.0038234845,0.013279779,0.3934631,0.0018610178,0.007212751
9277,0.0552835,0.2888178,0.034372203,0.0036586558,0.45545477,0.014284505,0.0061357454,0.3369309,0.29499683,0.26749,0.0036210231,0.012968421,0.6724724,0.0022937874,0.0065966737,0.102940254,0.00068799144,0.043418013,0.17415594,0.016192324,0.0028913717,0.25469512,0.014230985,0.012560997
9281,0.042932358,0.004949998,0.009327106,0.2420754,0.050715867,0.32095015,0.5256969,0.41981038,0.0047349664,0.0064752437,0.03185615,0.06690392,0.048711006,0.06640032,0.007361016,0.089682,0.0011379102,0.054211736,0.03367774,0.074496,0.009087833,0.372856,0.02646422,0.009708266
9287,0.4310929,0.842502,0.069783285,0.030998688,0.252748,0.026180444,0.017154312,0.36359853,0.24573407,0.31275144,0.0061044265,0.011644145,0.049603056,0.033794433,0.024908043,0.016578207,0.000715306,0.12665765,0.5710465,0.004554933,0.0391783,0.06858629,0.012224924,0.02448011
9289,0.044674274,0.0914757,0.008668713,0.04144954,0.5558886,0.04627822,0.0073311785,0.73099434,0.075885914,0.05133213,0.005657072,0.017402405,0.028041655,0.13586757,0.037671078,0.0315595,0.00057674473,0.43262807,0.006620816,0.00909324,0.023327041,0.061809395,0.009319095,0.049603857
9290,0.024519164,0.01740712,0.039352443,0.022312356,0.8531052,0.02441633,0.003938487,0.43339944,0.15066883,0.04694696,0.0066369674,0.007819173,0.037600774,0.030146092,0.063239746,0.02875265,0.0006472289,0.6468351,0.029733408,0.00655407,0.051351342,0.050943,0.00222348,0.0017563041
9298,0.5481944,0.17047253,0.013724894,0.06102101,0.20646764,0.36603513,0.015203085,0.3163105,0.026446855,0.21208002,0.011419868,0.05493557,0.069868796,0.007842024,0.0076346914,0.10998573,0.0008135302,0.019247383,0.053442515,0.01599284,0.007974818,0.5765036,0.05234506,0.012885704
9299,0.32916203,0.24813892,0.013252932,0.022887489,0.22609629,0.75664526,0.008690623,0.45238683,0.046223845,0.015100657,0.091382235,0.019304316,0.039546937,0.004812458,0.023380606,0.21507725,0.00068323046,0.07059475,0.05636463,0.0036509407,0.008879475,0.73142046,0.008905191,0.08882008
9303,0.01787796,0.021246817,0.005593894,0.012525891,0.6311475,0.0690609,0.010007787,0.6065859,0.0074138422,0.031588845,0.0064837313,0.032406967,0.056806367,0.033037603,0.01931769,0.037467282,0.0006367781,0.79472166,0.006977827,0.005231434,0.005008126,0.08574613,0.0071868096,0.0030566207
9304,0.086475894,0.68422574,0.54910886,0.14128973,0.22105646,0.0021840855,0.10869899,0.23163569,0.6241517,0.28456217,0.0013434003,0.03730079,0.041151825,0.04207186,0.026108826,0.016875241,0.0009175316,0.12487485,0.56600523,0.018140996,0.01234855,0.025324214,0.01814464,0.0028584688
9306,0.1377603,0.009226755,0.0015114293,0.019122453,0.20810036,0.8262032,0.014819468,0.61716676,0.0027142046,0.0045758383,0.08877918,0.014695085,0.02173657,0.005252796,0.0058097546,0.15231127,0.00085624895,0.059744317,0.009347369,0.0019778325,0.009974384,0.7883815,0.0037174397,0.016999925
9310,0.016151395,0.009568424,0.005032244,0.032339975,0.7259978,0.46246234,0.012666906,0.6396551,0.07457226,0.008881591,0.0125921685,0.008201901,0.049912702,0.0062428154,0.0076109637,0.04775365,0.00080717664,0.042952836,0.006623325,0.005490532,0.001822418,0.1776423,0.0023042941,0.011101264
9313,0.8428499,0.13728066,0.005867741,0.017235322,0.3298939,0.68327427,0.0062775514,0.38704103,0.011491129,0.006734628,0.03280029,0.026920548,0.008399217,0.005427175,0.0063834405,0.09098632,0.0008158657,0.035789628,0.09788778,0.0049466784,0.008090244,0.7878708,0.06682377,0.016965376
9318,0.007593861,0.025167674,0.015128844,0.008229292,0.71982735,0.012993004,0.08137117,0.55286455,0.029538581,0.011802837,0.0023936841,0.0059378315,0.07273689,0.024522392,0.01982077,0.017122881,0.00086733897,0.3261501,0.012036553,0.013891774,0.024640491,0.07402418,0.010463427,0.00081418746
9322,0.023655614,0.13224907,0.037163403,0.045110434,0.476903,0.040763244,0.01744747,0.31308407,0.06360396,0.095780134,0.007759119,0.027717784,0.084964804,0.013368311,0.045189742,0.032193713,0.0007703604,0.28223994,0.0506935,0.012769198,0.0048626014,0.031740583,0.008511227,0.14284623
9323,0.24452728,0.6517873,0.24661206,0.019898612,0.3784311,0.027079796,0.072021745,0.102085866,0.32981506,0.1894832,0.0030471643,0.009459754,0.5523835,0.007796075,0.02890455,0.1040433,0.00090095855,0.02532498,0.23894876,0.020740474,0.008139301,0.09566208,0.007211621,0.049443774
9328,0.1716998,0.044164006,0.004233903,0.021753848,0.3864336,0.72844607,0.0020773644,0.60027105,0.01858521,0.013384598,0.19091494,0.008474875,0.017339008,0.00906952,0.01887472,0.05883256,0.00053252716,0.17260925,0.01749215,0.0018743969,0.025081288,0.5088133,0.00786755,0.035617605
9331,0.41220656,0.013065655,0.0014272655,0.0050009415,0.13908428,0.9131942,0.0018245694,0.58108056,0.0024450284,0.00912885,0.18405348,0.0053899717,0.09416198,0.00359865,0.0026574982,0.49722233,0.0005792406,0.1187578,0.030237392,0.0051645576,0.0023678716,0.94015676,0.004826345,0.0054193716
9333,0.063403256,0.018235179,0.031655297,0.26457572,0.51490456,0.04875168,0.1698155,0.46998888,0.06823217,0.011589444,0.005467078,0.020777803,0.0014517902,0.16234481,0.019449316,0.0125221,0.0007983164,0.10620382,0.013914092,0.0057634315,0.42020214,0.03563361,0.0070819953,0.015867691
9337,0.2382818,0.00730377,0.0031251651,0.0032768473,0.1633374,0.6396964,0.0030072867,0.5111743,0.0039710323,0.0059383046,0.040116765,0.0036424152,0.13439323,0.030922543,0.008231083,0.14717785,0.0005124564,0.22211593,0.029464182,0.004519872,0.019761989,0.8485387,0.007952126,0.0054809717
9339,0.51142424,0.20573905,0.019916935,0.0411578,0.083273575,0.02346091,0.0466924,0.55167085,0.028481347,0.005910842,0.0038643766,0.2633448,0.038283374,0.008304645,0.007244514,0.013463917,0.0010952381,0.040120702,0.38102785,0.01960727,0.008256162,0.30743337,0.6460905,0.0038109825
9341,0.17491332,0.0286837,0.004733349,0.030127103,0.42520493,0.5117056,0.008446833,0.34857807,0.017465996,0.040106803,0.04209705,0.0030047928,0.08299415,0.006271665,0.0040852344,0.27872258,0.0006116574,0.050577536,0.20189792,0.0076109706,0.009706803,0.5006681,0.0051673753,0.0025570772
9342,0.112963036,0.07638171,0.016911527,0.103436545,0.4371922,0.11729631,0.007857056,0.7455466,0.15133192,0.048243232,0.011173183,0.021277584,0.0048631,0.053607017,0.07813102,0.0097182235,0.000691385,0.1955027,0.015058583,0.0039683175,0.2166086,0.07353607,0.017850662,0.0785909
9347,0.23915291,0.09403408,0.035168,0.03742653,0.27712184,0.15152863,0.060497265,0.31285033,0.024665296,0.018727407,0.002672054,0.015257696,0.02602581,0.57210904,0.15788406,0.010290729,0.00072589755,0.20967981,0.018405592,0.004277845,0.008953926,0.08046295,0.010091573,0.015582032
9348,0.10399012,0.041176405,0.01416845,0.0045985496,0.7485796,0.08335741,0.0055738403,0.5896787,0.17795597,0.015911184,0.008831843,0.0040749805,0.016486999,0.020961173,0.02034301,0.0065524,0.00062886975,0.24803376,0.025124738,0.0060993456,0.679274,0.07805155,0.0022460597,0.010721569
9350,0.3187671,0.11203723,0.03167662,0.0038449245,0.1460939,0.03562949,0.0048626433,0.39733717,0.053018596,0.048492458,0.01576256,0.010564964,0.4754291,0.010172423,0.018257337,0.14211012,0.0007798638,0.14604124,0.19081196,0.009926526,0.005199545,0.44460273,0.02000023,0.003081781
9351,0.3861037,0.039583035,0.010410456,0.006512172,0.72059625,0.13645682,0.001589916,0.66818357,0.044843145,0.034154266,0.021848349,0.00948673,0.008680519,0.040223323,0.041571938,0.011263577,0.0006156476,0.27916998,0.09226574,0.008012979,0.011694288,0.13923497,0.02570202,0.005413705
9352,0.19045812,0.23947981,0.029546201,0.024982126,0.12864412,0.009943852,0.03964178,0.37132293,0.054494496,0.10142049,0.003229223,0.018633569,0.29498708,0.010558596,0.0025913122,0.06966169,0.0007690331,0.05719424,0.96356136,0.005327842,0.010293459,0.23548278,0.021841144,0.0046045296
9358,0.04290046,0.14736663,0.03618226,0.0067896517,0.2755302,0.008513182,0.008041993,0.19493736,0.11268649,0.254592,0.0023801925,0.01970027,0.81884366,0.0043042023,0.010262198,0.07678997,0.00076714327,0.015580978,0.07297895,0.023647837,0.0010917915,0.14485161,0.016808651,0.07264514
9361,0.0070808423,0.038211953,0.011656921,0.0105637135,0.9011653,0.03044725,0.0068917326,0.44809163,0.1428465,0.10371212,0.022606116,0.004448625,0.034102876,0.019878246,0.04362535,0.05685973,0.0005936544,0.5890886,0.0067740297,0.002569988,0.005906055,0.07830728,0.0025837682,0.0024454703
9363,0.014628793,0.017667795,0.0029847114,0.008447568,0.58287954,0.06268275,0.0039729453,0.75985986,0.04724686,0.06573651,0.014766139,0.0025605394,0.024678847,0.031370882,0.013386984,0.054660864,0.0006049103,0.31227046,0.034814555,0.002049967,0.0051362137,0.14078277,0.0016892649,0.004113753
9370,0.041696656,0.012058466,0.0022826055,0.09828075,0.1725286,0.099979654,0.086682715,0.7940169,0.011531269,0.02411212,0.00693781,0.009347925,0.054721437,0.03763663,0.0037815736,0.13013838,0.0008380588,0.063771166,0.028603124,0.0033504935,0.010867674,0.41071415,0.009979537,0.012578202
9374,0.38504854,0.30518243,0.017376771,0.04427287,0.2635324,0.021494508,0.007938062,0.5725017,0.047009837,0.007339862,0.009481342,0.13373886,0.008659007,0.0052944566,0.055736814,0.016268346,0.00074040896,0.29762667,0.112405226,0.013150992,0.02247596,0.09915077,0.63225216,0.023051359
9397,0.25291416,0.6670752,0.04242093,0.015026516,0.115248166,0.023805657,0.015157675,0.6330015,0.061679978,0.22775096,0.0038047237,0.037452333,0.04351009,0.033099864,0.049656376,0.017350094,0.000745907,0.23615816,0.053437628,0.006198228,0.009864484,0.09505084,0.02904086,0.039323244
9399,0.0756056,0.20083061,0.0725759,0.021533791,0.7366788,0.06262016,0.0025274279,0.2945264,0.3524123,0.110012695,0.009532043,0.018378776,0.020627769,0.049762603,0.30568627,0.017694678,0.0007513368,0.6091173,0.011118699,0.014708657,0.014496255,0.035077337,0.0131030185,0.17401186
9400,0.21139278,0.01869991,0.0058462843,0.02371914,0.4544605,0.72408307,0.030809049,0.10156051,0.008859904,0.012994583,0.023358665,0.014506675,0.068320885,0.078360304,0.036471456,0.06854815,0.0007633232,0.061470624,0.032123588,0.008591685,0.00643838,0.45553342,0.0046528173,0.03243313
9401,0.05017168,0.018186184,0.0051325453,0.015511545,0.37220615,0.13490444,0.05304138,0.31410402,0.02811082,0.005743378,0.0051384163,0.040906925,0.046371587,0.007418851,0.0049964637,0.032110725,0.00084241753,0.024307348,0.07148176,0.013077861,0.003650816,0.17584231,0.04582291,0.006562838
9408,0.12199559,0.02198458,0.023099698,0.011247636,0.10865665,0.18235794,0.038852323,0.12954083,0.0153728025,0.09985443,0.008148484,0.023581544,0.8531048,0.030345816,0.0101641435,0.14812808,0.0007928118,0.012989598,0.15716152,0.08478978,0.0015118122,0.672948,0.009057771,0.0041630566
9409,0.2105839,0.20775907,0.0122372685,0.18191254,0.0919561,0.1971798,0.015793957,0.7690243,0.014168835,0.08822272,0.01852167,0.17610636,0.020954005,0.026549837,0.03428706,0.09624517,0.0007020951,0.32995483,0.0062104296,0.013982633,0.004773387,0.17467865,0.2356162,0.046778556
9410,0.40642482,0.047211476,0.0067280694,0.035734233,0.2839217,0.50974596,0.0018552868,0.5748977,0.01775017,0.010964876,0.03757727,0.03368683,0.023954207,0.010097587,0.02311466,0.046888858,0.0005904073,0.24929565,0.008562964,0.004726424,0.0037353705,0.4193197,0.034173943,0.5945247
9411,0.0072019864,0.030697424,0.0034009088,0.018389467,0.39519897,0.015507229,0.0047061495,0.7641593,0.026522528,0.021585196,0.009340545,0.017443016,0.0857112,0.004394587,0.0055994433,0.07753967,0.000682726,0.2580572,0.008447344,0.0076195225,0.0052469266,0.0775015,0.043532725,0.023454253
9412,0.0045067067,0.02988784,0.010228891,0.11625451,0.390357,0.04488033,0.044875674,0.8564658,0.061141245,0.045661665,0.011145952,0.01528862,0.028460065,0.019797036,0.02267032,0.023744041,0.00072433724,0.17058054,0.0060887835,0.006933547,0.005156105,0.023358557,0.0078050247,0.01470485
9419,0.14515904,0.00792925,0.001954436,0.09905564,0.113515295,0.06704656,0.12945388,0.8262009,0.006076641,0.0018042739,0.017494733,0.04266195,0.006252188,0.010644057,0.002965811,0.053359848,0.0012002261,0.09170977,0.021070752,0.0056357114,0.048312355,0.24289235,0.09665515,0.0055830427
9421,0.09349531,0.016047124,0.0014213354,0.009021106,0.25084755,0.47790712,0.0013440511,0.57706386,0.011696692,0.018364055,0.25317222,0.0028940027,0.21709931,0.0030216374,0.008446042,0.15852976,0.0004798433,0.11016973,0.022243248,0.008844896,0.0055424846,0.6891337,0.005472201,0.004352353
9428,0.15066506,0.20176812,0.025045628,0.19296208,0.0555858,0.022151276,0.003045684,0.88137126,0.037522953,0.13978349,0.025921967,0.47473395,0.0066181263,0.020756945,0.039633445,0.039531365,0.00058644864,0.784564,0.011836539,0.006244608,0.0039781774,0.106833585,0.18240319,0.0066686063
9432,0.17236607,0.21753037,0.0047465307,0.0168429,0.7471958,0.21302198,0.0072197607,0.4408029,0.042276137,0.016978623,0.01781293,0.02466602,0.0028789788,0.0099905245,0.033880085,0.015461913,0.0008238095,0.1649899,0.0027543565,0.0052174423,0.09320069,0.10398953,0.009627781,0.48376355
9435,0.11443959,0.15839943,0.02757748,0.02365408,0.45190132,0.10477688,0.004682518,0.46252874,0.12603876,0.20342396,0.0108450055,0.007938857,0.0503675,0.016827945,0.020662677,0.06587119,0.00051983306,0.21108039,0.044505212,0.015185589,0.04016929,0.19021162,0.0022391812,0.006072072
9437,0.6541984,0.75432795,0.017490184,0.012837979,0.19283868,0.2511214,0.0041394955,0.3849566,0.05210781,0.015122999,0.029039904,0.08965719,0.06101493,0.0037607532,0.023020308,0.07440571,0.0007620655,0.08927889,0.08226298,0.01580049,0.0029463852,0.5671223,0.055395402,0.07681737
9439,0.7996726,0.361341,0.0123845665,0.010231474,0.36061528,0.5594442,0.0020880199,0.63907313,0.060787108,0.016103245,0.04258399,0.018702019,0.0120935645,0.0045098593,0.0045549655,0.06232112,0.0005801409,0.07263918,0.024217581,0.0039564893,0.073476784,0.49943358,0.045392793,0.11967925
9440,0.17599732,0.6540323,0.5318483,0.008334769,0.7171473,0.021184301,0.0032439865,0.14884278,0.7002219,0.30770606,0.014376754,0.0037101423,0.060787775,0.029947411,0.081210956,0.014266368,0.00055320136,0.27422485,0.23126258,0.017447773,0.059681065,0.054404963,0.0036590344,0.016952809
9442,0.004240365,0.0043900786,0.0051250444,0.082186066,0.4971608,0.026728336,0.020262659,0.86934227,0.013902999,0.029241478,0.0029810907,0.010054571,0.010473715,0.7395549,0.06628088,0.050466232,0.000704212,0.49537095,0.01026665,0.0027217618,0.010011982,0.046663508,0.0071383812,0.0010350257
9444,0.024368014,0.012170452,0.008426968,0.012464077,0.8124357,0.3856625,0.009673555,0.63725066,0.024060784,0.02639023,0.029010246,0.005033083,0.008097314,0.0060796314,0.008129763,0.043386612,0.00073420367,0.3646356,0.033268712,0.004734407,0.008190656,0.16119178,0.0026437188,0.012187823
9446,0.013190718,0.004953208,0.018804299,0.06327061,0.74627554,0.048897102,0.006736306,0.63762397,0.027167259,0.0131186405,0.008587816,0.015491439,0.006620026,0.14164627,0.21248943,0.004871727,0.00066924776,0.817436,0.012623178,0.027619833,0.012293634,0.042468246,0.009911101,0.011721986
9454,0.043015007,0.19735181,0.03363644,0.05371121,0.4101222,0.08250441,0.01516565,0.5063806,0.39483613,0.02706609,0.00593969,0.02766728,0.030050056,0.020351714,0.039022546,0.010714137,0.00079449156,0.08528119,0.012514525,0.011758434,0.14487593,0.03500019,0.012157656,0.4428744
9456,0.008270898,0.014812041,0.025858343,0.18870245,0.56293774,0.014214921,0.107154116,0.62780714,0.022884242,0.028465776,0.0023306322,0.015586464,0.0339502,0.32793602,0.07298333,0.008294665,0.0008021665,0.17237143,0.03793089,0.014395901,0.042727903,0.03246436,0.019145507,0.0026320245
9457,0.12210037,0.020643424,0.015765853,0.0059192004,0.60444933,0.569231,0.004886565,0.25651893,0.03856941,0.026603455,0.11526873,0.0020643224,0.11577524,0.05391496,0.06232794,0.08155413,0.0005965275,0.088135675,0.01674976,0.01501994,0.04546554,0.32008198,0.0039277473,0.021498585
9461,0.014805349,0.057280455,0.014216758,0.02948061,0.6436344,0.10134864,0.005221535,0.58285296,0.5213775,0.047575794,0.012268796,0.0077913143,0.016324455,0.018482037,0.012781287,0.15051083,0.0007100885,0.08351,0.020673182,0.0060177553,0.019608796,0.12951984,0.0021626442,0.005699802
9465,0.1713928,0.17111528,0.016192174,0.026688688,0.60268265,0.15615867,0.008154593,0.52984154,0.027794462,0.022013512,0.012512451,0.014434727,0.021593139,0.025849853,0.0276641,0.011075822,0.00066191284,0.112982266,0.08442485,0.005369753,0.02922069,0.10529759,0.017487079,0.123049915
9467,0.023501376,0.17548072,0.007091672,0.032408956,0.76874876,0.050042637,0.030406537,0.61602783,0.074267656,0.029263798,0.007876587,0.025934666,0.014036743,0.024101676,0.044303436,0.012840711,0.000691082,0.4244407,0.008136784,0.008881419,0.028969329,0.029205665,0.026650384,0.019427672
9472,0.017690219,0.017063942,0.009163906,0.026002051,0.5038258,0.034228347,0.0047291187,0.56028545,0.06494546,0.0643622,0.0048691155,0.0013155751,0.19640015,0.018518273,0.016780304,0.047382385,0.0006573923,0.25199768,0.12063424,0.009409731,0.018381108,0.12220488,0.0009295921,0.0035963422
9474,0.80779517,0.17525595,0.0065905084,0.025835939,0.08193203,0.4448124,0.012363832,0.5467845,0.034189206,0.023799319,0.016420506,0.054016013,0.011917846,0.008304539,0.017636862,0.014815967,0.0006780231,0.035817046,0.038220152,0.0060304264,0.025214018,0.34533596,0.09276222,0.21813694
9476,0.3455766,0.5167835,0.023283618,0.021417424,0.057934456,0.004356901,0.16120367,0.3686405,0.021830563,0.06304363,0.0013406689,0.06493665,0.16814293,0.011850368,0.0029577734,0.036062818,0.0011134131,0.017716289,0.9410763,0.0074352496,0.009094327,0.210688,0.08903877,0.004335154
9477,0.016305009,0.01506265,0.023312103,0.02471173,0.15846081,0.008228102,0.059171192,0.4209175,0.015158295,0.20917188,0.0017927557,0.0083961915,0.7722791,0.022070419,0.00829893,0.094973266,0.00081165903,0.062422596,0.33497378,0.04248276,0.0011348061,0.24324524,0.010189169,0.003934482
9479,0.112095326,0.027799297,0.004170961,0.014969681,0.22465554,0.16492169,0.0040467745,0.65878147,0.016038775,0.051486034,0.038119398,0.00484272,0.069130726,0.02623928,0.01685075,0.119959876,0.0006820337,0.09708906,0.038469877,0.003939048,0.019100348,0.47914094,0.0018535357,0.009081797
9484,0.16163954,0.33664426,0.0043449,0.09904719,0.1266773,0.021515513,0.011064457,0.7350756,0.041391063,0.011306045,0.0058916886,0.025612867,0.011181131,0.009582425,0.037400223,0.09528055,0.00082710205,0.26276207,0.022641396,0.013343428,0.018056683,0.09553958,0.18855001,0.011005238
9492,0.64115906,0.19737697,0.054787997,0.03335639,0.21913162,0.07261358,0.060772724,0.18002191,0.08779021,0.2843728,0.0032580858,0.031585984,0.064341724,0.020272924,0.029199237,0.02726704,0.0010073277,0.07746484,0.08081154,0.021085639,0.10020822,0.23054585,0.016394487,0.02841772
9494,0.06289475,0.009678947,0.0025123549,0.01092866,0.5158889,0.75586015,0.0014280812,0.6078258,0.028195689,0.009221744,0.11722929,0.0026851401,0.040361606,0.0063520875,0.02302595,0.11449958,0.0005171413,0.12325345,0.011352329,0.0039501954,0.00694421,0.5351171,0.0023029768,0.005859258
9495,0.52574944,0.11704388,0.020410376,0.010797628,0.1523379,0.82944167,0.0016402899,0.33519626,0.02287727,0.03981438,0.066170774,0.012977677,0.18929839,0.006687464,0.009266818,0.1161751,0.00053536065,0.039751153,0.05225938,0.019250605,0.0025054691,0.88613427,0.0073207263,0.0071095475
9501,0.16462342,0.012479083,0.0024467923,0.0072203525,0.1376747,0.8822917,0.019959895,0.22976503,0.0054149223,0.006622281,0.090302385,0.020255083,0.33992946,0.0024449786,0.0031933284,0.4266217,0.0007097069,0.0237324,0.020090727,0.02590005,0.0005428528,0.8835737,0.009247313,0.004259064
9503,0.38237673,0.27550486,0.018390255,0.0242442,0.13182071,0.3417794,0.010342228,0.47409454,0.020276276,0.045500845,0.01786856,0.06442002,0.03541519,0.01748689,0.01304231,0.056814257,0.0008678726,0.12361755,0.07712342,0.011049534,0.017131705,0.3711254,0.033407383,0.08619434
9504,0.021369677,0.0033475456,0.00094638247,0.029793305,0.10496134,0.49914756,0.008987569,0.8128368,0.00044645002,0.009207735,0.045682803,0.0103960335,0.29441705,0.002390241,0.0040865596,0.24381232,0.00060515536,0.25938827,0.011835134,0.0036942745,0.0007465805,0.658609,0.0026439151,0.0015620474
9506,0.16270196,0.012312401,0.0024690668,0.028140657,0.2521744,0.94082665,0.014435446,0.4939745,0.0037297371,0.004952423,0.0608777,0.010704791,0.15366168,0.009158663,0.0038844177,0.555349,0.0007324252,0.022793034,0.010613224,0.0073599676,0.0010066504,0.84069544,0.0023103775,0.0036545664
9510,0.034822814,0.008847932,0.0038295903,0.119285434,0.14289136,0.22532766,0.009226694,0.8516379,0.0060148546,0.033633716,0.03793243,0.041566078,0.063801356,0.032426417,0.022205416,0.12908523,0.0006988861,0.22959448,0.011592662,0.005376129,0.0097221155,0.38100627,0.038659364,0.0032302407
9513,0.049645945,0.015701512,0.0015011223,0.015893066,0.14115725,0.34592158,0.0031138018,0.8070254,0.014777373,0.012168261,0.025375782,0.006953469,0.25446776,0.0036318258,0.0025258774,0.18738927,0.00058386754,0.10385363,0.015184022,0.002962488,0.007022853,0.652105,0.015242371,0.0051276437
9516,0.29505196,0.3509354,0.0463528,0.012904039,0.17040925,0.31619385,0.0011802241,0.40473777,0.07320255,0.30053037,0.036982004,0.028279377,0.5437735,0.0031303985,0.014313458,0.1618744,0.0004742095,0.17521426,0.100551695,0.0073367464,0.002593392,0.44542637,0.018648718,0.0033784101
9521,0.025718581,0.122659035,0.021294203,0.0099222055,0.51504374,0.04795081,0.0026182611,0.50237465,0.14435515,0.4256576,0.02149644,0.031896926,0.07706735,0.0026770784,0.019108407,0.19862087,0.0006716525,0.33936745,0.01300772,0.014373821,0.0062406263,0.13927215,0.0125764785,0.009557124
9524,0.02661589,0.049384903,0.022926684,0.013544713,0.8076887,0.036256976,0.007981117,0.33934453,0.12338168,0.09652234,0.0037059954,0.0066716387,0.04883444,0.03395338,0.024107313,0.029441824,0.0006949807,0.56248105,0.014069406,0.0055021336,0.0867969,0.060210433,0.0021762685,0.006188129
9530,0.20853962,0.064077444,0.0024635226,0.030451048,0.08229092,0.32778028,0.027660593,0.8443875,0.0044892645,0.0057318932,0.042874027,0.07956974,0.017103048,0.011213103,0.004813029,0.04534834,0.0007925761,0.12665994,0.038846347,0.0030439356,0.008862735,0.3680288,0.06410255,0.004908442
9533,0.012634963,0.013880961,0.005935296,0.031035792,0.7307553,0.057957456,0.056784302,0.7385538,0.016462514,0.018812645,0.0032946027,0.003220846,0.00956261,0.0501192,0.007943963,0.025849396,0.00066833023,0.6925505,0.0125798965,0.0024826948,0.016409935,0.043354917,0.00338868,0.0015993904
9539,0.041479588,0.03843534,0.0120675005,0.035637364,0.5627023,0.075950645,0.012354985,0.519425,0.027602319,0.085737385,0.004890833,0.009796385,0.026079008,0.1043367,0.1670384,0.021855477,0.00064720085,0.6703864,0.010999805,0.0051807673,0.024752514,0.057176527,0.0024550252,0.006110105
9540,0.014693986,0.014247001,0.009333237,0.003923811,0.7989059,0.060534704,0.0030937926,0.62645125,0.037201315,0.043117173,0.010533767,0.002458358,0.015211533,0.016078385,0.011782317,0.055532493,0.00068216276,0.65066284,0.03689201,0.0031789476,0.013289196,0.09624409,0.002841103,0.0012542754
9547,0.020831157,0.01109023,0.006460958,0.0057662604,0.785555,0.041867606,0.035964172,0.25094223,0.009359068,0.028976478,0.004915856,0.0043576066,0.09628516,0.02121998,0.018582528,0.016278492,0.0008091253,0.33504662,0.013912286,0.016489405,0.0042987247,0.1291522,0.0027698576,0.0017096284
9550,0.49513653,0.1259377,0.016022801,0.009940979,0.122382365,0.05201213,0.005600038,0.3001335,0.036588356,0.064249456,0.007321313,0.0032029615,0.3830369,0.0052900286,0.004496422,0.05238274,0.00073644466,0.08336283,0.9340788,0.0044957413,0.004956111,0.4779865,0.006009318,0.00055486005
9551,0.483362,0.33280283,0.021461956,0.0071174987,0.3789156,0.63145036,0.0027269388,0.2633042,0.096853204,0.02829414,0.024415206,0.0081193,0.021669865,0.0028043212,0.012542038,0.093601994,0.0007503776,0.06416151,0.036944635,0.010640973,0.00766466,0.50546235,0.005250462,0.03822882
9554,0.3842022,0.32055905,0.02399934,0.038472276,0.30814624,0.068236254,0.0033842688,0.65918833,0.1207596,0.06113143,0.014417616,0.07315397,0.00842558,0.0069206953,0.024704358,0.014149846,0.0006570723,0.3402061,0.037428353,0.024537612,0.17119054,0.08292612,0.10149071,0.14954327
9555,0.00536222,0.00090767245,0.0023715668,0.020971427,0.25912917,0.20497778,0.0021869412,0.8998406,0.0188674,0.018030219,0.035047017,0.00858379,0.07938718,0.017900169,0.0089613,0.421064,0.00054670335,0.28950888,0.008445084,0.0051710736,0.008639186,0.4175012,0.006124485,0.00093111285
9556,0.01824027,0.26833805,0.14232977,0.03607885,0.80263555,0.018373456,0.003282799,0.22526245,0.7016605,0.8135263,0.00588111,0.01543381,0.0745008,0.11548864,0.4923019,0.02999139,0.00061510917,0.3361854,0.015636705,0.031624448,0.013511172,0.01871311,0.00343141,0.012177602
9561,0.15472026,0.072976016,0.0023451017,0.059749622,0.5716818,0.30327603,0.007843548,0.6091012,0.01752712,0.009470716,0.017432852,0.02578605,0.005334874,0.035600416,0.006747731,0.059673157,0.0006321137,0.4106954,0.011046189,0.0023463047,0.038943972,0.21038261,0.017459253,0.019808022
9565,0.33184108,0.5786884,0.39678943,0.01487393,0.6257034,0.038980927,0.01656269,0.067350894,0.57624483,0.22496296,0.004850779,0.013955349,0.09582039,0.009813778,0.041136403,0.021855686,0.00084192,0.049260948,0.5327944,0.024027033,0.0080716945,0.15387242,0.008275287,0.006671199
9570,0.056428425,0.035255257,0.011682913,0.008798566,0.5352083,0.116582796,0.0023283153,0.42285445,0.171987,0.044428952,0.0242624,0.0033185284,0.027246749,0.005680593,0.037672874,0.12629713,0.00076882984,0.2319085,0.032957282,0.0072527323,0.024738308,0.314551,0.004040527,0.009798179
9575,0.0795339,0.41285157,0.083338395,0.06515406,0.2693925,0.051312882,0.016450321,0.6173722,0.15462741,0.19158655,0.0035203293,0.16211589,0.011783432,0.029387122,0.07466234,0.014191812,0.00076683296,0.53026295,0.0050531398,0.014508284,0.0110775605,0.017098214,0.09071114,0.036956828
9576,0.042218033,0.18352807,0.06448308,0.095242865,0.5143504,0.0505035,0.01322006,0.6742971,0.123861,0.15217227,0.008498649,0.12717696,0.010472268,0.022678308,0.11982474,0.09601626,0.0008066369,0.6596495,0.0027215832,0.009680044,0.008813666,0.04736372,0.01782226,0.005281815
9580,0.33642855,0.19640942,0.0100044375,0.0538408,0.08476168,0.032057934,0.02778692,0.5473222,0.017631946,0.015383229,0.010472816,0.36872327,0.0445062,0.004545115,0.007930678,0.078344814,0.0009770497,0.09956281,0.043311756,0.018181298,0.0049265344,0.41711575,0.8651711,0.012424991
9588,0.0522583,0.021630822,0.024180526,0.04612766,0.5020016,0.41863197,0.0033386424,0.6606742,0.031651758,0.095146105,0.017168773,0.032857142,0.19746493,0.015908035,0.089753926,0.06936504,0.0005740605,0.25577945,0.03855961,0.0049427086,0.0009039871,0.29577458,0.004011137,0.01321292
9595,0.23606145,0.43525565,0.20041096,0.005648482,0.25064832,0.0086536715,0.0029239557,0.40851656,0.5088693,0.8370909,0.0023310804,0.02351807,0.09563752,0.013718706,0.072337,0.035349265,0.0006808193,0.49114648,0.22126457,0.01389998,0.007728716,0.10244089,0.0035619014,0.0044028396
9596,0.00760547,0.00793781,0.015578937,0.07626642,0.82051957,0.04841373,0.008561046,0.678169,0.011282088,0.028083773,0.011730541,0.0077689127,0.0054935035,0.034156203,0.030646862,0.067927636,0.00066443527,0.78075075,0.03589992,0.005140172,0.0067926208,0.07026713,0.0040727556,0.0012006836
9600,0.03625627,0.01595674,0.004299939,0.21987711,0.096246995,0.27086762,0.92324847,0.18056746,0.005313667,0.003363635,0.002987207,0.07178633,0.101843454,0.029041175,0.0072407597,0.13584717,0.00180326,0.014439748,0.013873886,0.013361922,0.0020402195,0.2436387,0.041195285,0.017383441
9603,0.45024452,0.6552594,0.24325624,0.05690734,0.355966,0.032756925,0.07620311,0.12954585,0.45975915,0.2530575,0.0016583753,0.042477697,0.046230655,0.019833911,0.017718954,0.0352984,0.00082321034,0.022175675,0.33424616,0.020072201,0.009933553,0.054820284,0.034527056,0.0073766797
9607,0.011950272,0.02756242,0.007246246,0.0090506915,0.45555955,0.017312162,0.015471382,0.51267207,0.0066357735,0.030108253,0.004877815,0.0036519018,0.6387522,0.013378038,0.0046845498,0.050333507,0.0006879,0.06667184,0.03759785,0.006612222,0.009686743,0.13458347,0.015040185,0.004133599
9610,0.06997562,0.2849224,0.10416018,0.004820659,0.66514164,0.00992937,0.0020879752,0.48140797,0.41724354,0.059340645,0.002842019,0.009899143,0.029029237,0.0076423045,0.04852781,0.0073474054,0.0007416833,0.60795623,0.033564486,0.011975116,0.025327386,0.02895864,0.024372503,0.06838283
9619,0.09319199,0.30614883,0.02821775,0.11831405,0.22316214,0.09126858,0.007998358,0.5698304,0.07963895,0.14133304,0.016413052,0.21414872,0.04107651,0.01649878,0.04571709,0.07283416,0.0005779127,0.3518637,0.008488241,0.010891616,0.0025903017,0.07513229,0.0500046,0.0154235745
9633,0.1417633,0.02605283,0.007687775,0.03660367,0.37884283,0.15937945,0.011048236,0.651537,0.013310348,0.008569647,0.014452579,0.05522946,0.05542338,0.010339774,0.00911396,0.01239386,0.0007861239,0.06870046,0.077271625,0.010347481,0.01362452,0.15443741,0.16084453,0.016237363
9637,0.039888345,0.0066502756,0.0010500556,0.01017932,0.13319992,0.23358777,0.008563228,0.5049829,0.002090212,0.017929733,0.15743871,0.007479172,0.47412637,0.013847099,0.007440973,0.44183496,0.0004968951,0.16427718,0.065069854,0.0021127237,0.0009806061,0.7012791,0.0070855236,0.0007532326
9638,0.5733661,0.05136809,0.008379553,0.016398849,0.2012309,0.21498255,0.01784496,0.31534055,0.0074193883,0.03389031,0.014504752,0.010417571,0.29771605,0.022794621,0.0065334495,0.069300115,0.00063738285,0.04258117,0.06752845,0.021270484,0.047581337,0.49675933,0.010433442,0.0037825527
9639,0.16373935,0.2649203,0.023945674,0.041896086,0.6490324,0.034457102,0.0064681736,0.48864195,0.31084192,0.027376322,0.008796416,0.016123217,0.002698371,0.011834721,0.025197703,0.008321727,0.0006291521,0.28444064,0.011942303,0.007864218,0.88097835,0.029644849,0.01535947,0.07910551
9643,0.69491,0.024099085,0.004019465,0.025190081,0.21545169,0.90133435,0.010055188,0.38746458,0.0074176537,0.0046872585,0.050349575,0.008234929,0.043426886,0.0067892503,0.0025960836,0.13420004,0.00068760733,0.02371863,0.058062956,0.008775192,0.03233408,0.83637565,0.013228895,0.011093608
9645,0.16148163,0.18662855,0.067609414,0.023006184,0.7086121,0.04932657,0.016207851,0.13703828,0.23774274,0.11283011,0.009370091,0.0038915165,0.039279096,0.012151731,0.012920181,0.027503246,0.00074217713,0.09180541,0.47504088,0.033720236,0.15550785,0.14281222,0.0069500026,0.003979143
9647,0.24513967,0.070463635,0.003110438,0.02944129,0.33480358,0.2673645,0.0138463965,0.56140894,0.01176065,0.011216169,0.0044681425,0.024220077,0.078326344,0.030283209,0.00641883,0.06720615,0.00088609447,0.050760526,0.065303236,0.006094896,0.009717452,0.48145965,0.072551325,0.060349107
9650,0.28496423,0.30439538,0.39786416,0.027488332,0.42153186,0.097273216,0.008237999,0.10098154,0.34652478,0.82388973,0.008631691,0.015005174,0.43978027,0.030064588,0.11479783,0.019461315,0.0007084392,0.031695537,0.1803552,0.07895218,0.0041284417,0.12782203,0.007924764,0.007840851
9651,0.2900164,0.121874355,0.01879465,0.025509965,0.54783624,0.26000106,0.051825218,0.12924643,0.03389794,0.013667476,0.018568216,0.0069258586,0.06957876,0.04604543,0.019805497,0.021349879,0.0008608129,0.021951187,0.07974596,0.004286429,0.011206474,0.12396183,0.024540039,0.15878844
9653,0.039767846,0.09611126,0.008023675,0.063364536,0.10011047,0.018204963,0.010134109,0.8903059,0.029254273,0.012091144,0.003460875,0.08598179,0.011507536,0.006414103,0.004210039,0.016075293,0.0007727555,0.2043046,0.06553606,0.0058579776,0.008953428,0.07073313,0.37844333,0.01567911
9655,0.033599675,0.032424584,0.0015963156,0.19929555,0.08082841,0.023940397,0.40795568,0.4698105,0.0049395366,0.006201377,0.0029382594,0.08318425,0.058207016,0.008101125,0.006186812,0.059323348,0.0015874994,0.02620657,0.032722905,0.0037202945,0.007035684,0.15543373,0.060064595,0.10306665
9660,0.72980666,0.18441355,0.013765082,0.021493625,0.16465583,0.2820478,0.017623797,0.70754117,0.006724604,0.046554852,0.016810454,0.025646841,0.019130921,0.01736454,0.006868938,0.054510377,0.00064630155,0.1726952,0.07033739,0.011309637,0.03532108,0.47297078,0.043659505,0.0067059146
9662,0.10089069,0.09156269,0.018948475,0.05001305,0.03140769,0.1457559,0.016628524,0.27761078,0.07941502,0.3080531,0.0134093035,0.012212584,0.90827835,0.027673304,0.00719898,0.45056748,0.00051816914,0.016263425,0.20768006,0.0048204027,0.004849304,0.40880993,0.0053974027,0.016709983
9663,0.1306506,0.23521775,0.041344196,0.012717151,0.2595506,0.00284088,0.21245643,0.026936827,0.104247585,0.07779888,0.0011597123,0.011769699,0.5385613,0.017002476,0.0055292435,0.06612163,0.0013547745,0.008819941,0.8973348,0.012964862,0.008052669,0.17442988,0.006844008,0.0026042229
9665,0.100226216,0.067417875,0.014928197,0.018475248,0.66696805,0.1468673,0.0055195037,0.4218986,0.07676545,0.18543816,0.03971924,0.010796967,0.15859367,0.010328621,0.01347905,0.08129942,0.0006017275,0.10733644,0.32780573,0.013116845,0.012937452,0.17008707,0.007954756,0.002076723
9670,0.039794046,0.05298907,0.00468852,0.16520022,0.27555484,0.018717257,0.04762972,0.6775861,0.005407395,0.0041279206,0.0085404655,0.079394184,0.0028264243,0.013434169,0.02090886,0.0053480477,0.00084330584,0.39093813,0.015497077,0.00774944,0.017013159,0.026534392,0.07793317,0.48545128
9674,0.17727076,0.04993205,0.0043037585,0.04826146,0.21843104,0.60114074,0.009394481,0.45356062,0.013083554,0.053802203,0.03298887,0.0115437545,0.22332966,0.010993607,0.009062447,0.22186713,0.000587145,0.061727244,0.03020696,0.0033970529,0.022776365,0.6421851,0.0064949924,0.004889898
9676,0.051331226,0.064689256,0.039812043,0.48076716,0.097945586,0.026530378,0.8463071,0.3198575,0.03203321,0.08814322,0.0020323908,0.061966438,0.045258645,0.7044015,0.11199057,0.024171982,0.0013382044,0.06834666,0.022524597,0.011497782,0.023931114,0.024216319,0.024546545,0.008299479
9685,0.048968814,0.13452268,0.009213021,0.0118680475,0.30666023,0.08031079,0.009954514,0.5718706,0.14104614,0.14350422,0.0018093409,0.017978521,0.27488357,0.007412628,0.004281698,0.034400646,0.00066030206,0.035272226,0.046213463,0.0014853905,0.0075589223,0.11047776,0.027418347,0.015870098
9686,0.13735706,0.074032515,0.017425757,0.024296876,0.505496,0.043721415,0.003420104,0.8461305,0.034577176,0.012189585,0.0037261455,0.034537338,0.003938717,0.0055716047,0.011709177,0.007146043,0.00074742833,0.45909753,0.015724942,0.009560438,0.022998495,0.049974367,0.54337937,0.042523
9687,0.12880675,0.124694586,0.02718634,0.013786823,0.63585716,0.09543203,0.012397597,0.52153707,0.1994589,0.06800857,0.012261206,0.0035295526,0.050317936,0.033258785,0.061623096,0.04444417,0.00067029527,0.16326314,0.025723357,0.014287621,0.022742236,0.2045451,0.0035388123,0.010915731
9689,0.5826706,0.09369343,0.006925573,0.016822865,0.49035358,0.3688851,0.01481692,0.37551343,0.02571719,0.008576078,0.020055795,0.013303836,0.015284486,0.01507318,0.0030122087,0.052001234,0.0008181784,0.08462849,0.07392681,0.0040527517,0.03826192,0.3857228,0.06244269,0.0036225496
9691,0.0030584405,0.005763989,0.005756629,0.014388238,0.7304583,0.072761364,0.0022568388,0.943689,0.006789231,0.022756658,0.024582576,0.011439496,0.0060514873,0.009292775,0.02080411,0.024255004,0.0005757287,0.93485487,0.011516153,0.0039444533,0.0040597906,0.043642294,0.012844295,0.0021514723
9692,0.09900214,0.07327528,0.01482625,0.009796865,0.14457227,0.15362756,0.02342242,0.34093568,0.025707873,0.072095454,0.015604742,0.009979141,0.36908546,0.0051071737,0.007995729,0.1761681,0.00082212663,0.045208707,0.27186817,0.015994838,0.0010917219,0.673357,0.006271611,0.0006922919
9693,0.092278965,0.006544983,0.0019231234,0.025845787,0.30868757,0.514124,0.018120525,0.39776105,0.00409299,0.014859956,0.07109407,0.012050145,0.21099102,0.0029444247,0.0038257665,0.49832875,0.0007761602,0.03275943,0.08488848,0.0045212256,0.0008739387,0.7454187,0.0030316461,0.0040713074
9698,0.037632942,0.011991251,0.015343656,0.083410054,0.59628505,0.15868835,0.05937025,0.508301,0.02438887,0.01762761,0.0051923697,0.011447846,0.0065696156,0.5572707,0.07226898,0.01794807,0.00079906266,0.24915771,0.029408455,0.004708446,0.084849596,0.030264292,0.0035214636,0.01309434
9703,0.023506945,0.024127733,0.009070728,0.0077709486,0.71857387,0.016266156,0.0059105167,0.56702095,0.053581335,0.10341545,0.014171612,0.008604086,0.060445435,0.012492381,0.04349607,0.027376654,0.0006358478,0.5937554,0.010759157,0.008448322,0.018013561,0.08303747,0.012903936,0.0035936642
9708,0.022344867,0.036403954,0.06133583,0.051955372,0.7533512,0.21662399,0.0069131157,0.35994607,0.06348851,0.08636892,0.018861443,0.009475343,0.029583111,0.028402207,0.017696757,0.09032753,0.00054842746,0.5676657,0.020103617,0.020676034,0.009706176,0.12855807,0.002471586,0.0032649874
9719,0.3268538,0.06419406,0.0035717564,0.011564219,0.1798599,0.52835286,0.0007329059,0.6118874,0.024475599,0.02967093,0.068267636,0.008512655,0.108865246,0.006738086,0.020273203,0.08546194,0.00062951766,0.15414132,0.010044035,0.0037452928,0.016787749,0.5482819,0.008442245,0.109419726
9721,0.2981776,0.54594374,0.1107471,0.01688511,0.17640905,0.048024114,0.0043375315,0.22883877,0.29548296,0.6692056,0.0032368293,0.068781406,0.10039043,0.00933609,0.050186627,0.020609172,0.0007276772,0.22815761,0.079415776,0.011503513,0.0075005856,0.048241224,0.03797904,0.028339196
9725,0.15079309,0.009482291,0.00374858,0.006821767,0.41310576,0.47838172,0.002449813,0.53899264,0.0030727016,0.015740722,0.05243345,0.0027989831,0.3186596,0.006102069,0.0057673897,0.26970994,0.0004902238,0.33340243,0.025662072,0.0037151973,0.008525229,0.77287287,0.0025178408,0.0038330262
9729,0.02745246,0.13254905,0.0384956,0.060674094,0.21273911,0.027861571,0.055382002,0.7154286,0.2301467,0.025202863,0.0032156666,0.006414197,0.051850952,0.008524032,0.010105119,0.03848935,0.0009306281,0.042143553,0.011098286,0.017790845,0.011610482,0.05732526,0.020596866,0.12131053
9733,0.20572077,0.040538095,0.0046726833,0.019532582,0.17918128,0.4641907,0.0019483198,0.6472781,0.011649107,0.03221438,0.075983696,0.0076916507,0.090649605,0.003723201,0.02977738,0.12030832,0.000568703,0.15928783,0.01330132,0.0065267496,0.0048809173,0.4213202,0.011239378,0.20781492
9737,0.090607025,0.032716125,0.0029475875,0.07437527,0.3792135,0.40965793,0.007136674,0.45911744,0.007685833,0.09706926,0.029019192,0.02156021,0.41952932,0.0068183504,0.010059892,0.3254571,0.0006870381,0.12746522,0.072365694,0.003253003,0.0008628515,0.64547145,0.006978448,0.0023159415
9738,0.46893796,0.03518599,0.0047012004,0.050632905,0.22907767,0.51955575,0.022228008,0.43443158,0.0053071785,0.0067770164,0.061969265,0.033895247,0.02060308,0.007434229,0.0047261887,0.08862458,0.00073804334,0.061810393,0.023976527,0.0031000476,0.07148064,0.58979964,0.008886059,0.020187115
9739,0.014907639,0.03805341,0.009711274,0.064628534,0.5463427,0.035908673,0.0107259145,0.70994705,0.030501466,0.036418326,0.012047194,0.006624982,0.0147569,0.17899604,0.09328715,0.029456517,0.00065623276,0.76643354,0.006799061,0.004507092,0.024746925,0.038584016,0.022339735,0.03417555
9741,0.064355105,0.018743312,0.002496704,0.07622676,0.18139909,0.31860787,0.006669484,0.87637067,0.0059378766,0.0035777448,0.049664386,0.015593269,0.026931753,0.0137529755,0.01581275,0.04998843,0.0005572171,0.34920284,0.006730674,0.0020049154,0.016056674,0.15944028,0.0268004,0.26222122
9745,0.18646353,0.14495087,0.02309546,0.030051237,0.32093543,0.26862732,0.037669934,0.15139742,0.0796717,0.20188509,0.0029461135,0.005502162,0.4938719,0.04113881,0.02033649,0.1790943,0.0009300675,0.052324884,0.029954648,0.00754926,0.0040985276,0.34660172,0.00696098,0.027409684
9747,0.10308085,0.05722071,0.012743683,0.09133151,0.36558673,0.071474165,0.0031294657,0.8578236,0.050686453,0.013273001,0.013833653,0.026357789,0.004353401,0.01366585,0.035415974,0.0047931513,0.00056089007,0.5584018,0.0057013673,0.00519022,0.05090618,0.028538415,0.5150435,0.023392413
9750,0.014673807,0.063879155,0.0577889,0.050975766,0.053630166,0.007995192,0.4983288,0.34656382,0.08044966,0.09955644,0.002076642,0.0180972,0.22568314,0.020395622,0.008753147,0.043944348,0.0011549416,0.047191113,0.04209285,0.05477584,0.005766897,0.06841689,0.036972743,0.017454624
9752,0.015690433,0.18146329,0.5542075,0.0860073,0.72540075,0.0035263158,0.40364677,0.09698569,0.8357057,0.50285494,0.0010620134,0.046274632,0.017596293,0.16932009,0.28964803,0.0038510317,0.001275992,0.099636234,0.03659444,0.20141609,0.015885752,0.012213481,0.0038985186,0.004252432
9754,0.4183471,0.5338279,0.015113621,0.048340533,0.036617797,0.10945967,0.008383977,0.5399718,0.03212634,0.2518591,0.013369758,0.27047142,0.015327773,0.0048013628,0.022868974,0.032508664,0.0007334823,0.24296315,0.04483322,0.009594407,0.004107738,0.18426512,0.14442113,0.06793545
9760,0.06017175,0.07871182,0.022279657,0.012925752,0.6027341,0.057638895,0.0069999592,0.4503641,0.07581577,0.04386628,0.03344479,0.017232228,0.01531675,0.016090844,0.079152405,0.016260069,0.0005954675,0.60130674,0.008446709,0.020080235,0.017086415,0.09889358,0.010074453,0.008543184
9762,0.09125911,0.011851797,0.0050668903,0.025935646,0.21581073,0.35115954,0.06142171,0.2916666,0.00963914,0.029121643,0.016847346,0.008561661,0.33410832,0.113569885,0.011127904,0.40584514,0.0007883974,0.06887914,0.040532965,0.009450354,0.001887924,0.792473,0.0074768686,0.0053037615
9765,0.07086859,0.25235337,0.17800412,0.04057067,0.45771515,0.11894977,0.0037332117,0.23238532,0.6839632,0.30039778,0.013630499,0.009478508,0.27193543,0.0067414637,0.047171406,0.16084379,0.0006012847,0.07579999,0.15919204,0.03668891,0.00647911,0.16441602,0.0061077485,0.0045107324
9766,0.030478388,0.0067939595,0.0025830555,0.01157919,0.40537816,0.10345706,0.0023228475,0.7532074,0.004317524,0.0121422615,0.03483002,0.014799446,0.039733957,0.009122154,0.01309211,0.12784228,0.0005705949,0.91162723,0.013060652,0.0048680594,0.0037719912,0.22527559,0.009209888,0.0025183954
9772,0.18382998,0.051126115,0.009910928,0.044060443,0.5179039,0.62551045,0.02338178,0.70757705,0.01664692,0.027859291,0.035732154,0.020916842,0.007874121,0.028702606,0.012861127,0.026465278,0.0007241605,0.16168413,0.014352665,0.0037726203,0.031088455,0.18907043,0.01178054,0.021953873
9778,0.83087087,0.3371474,0.006044015,0.012767538,0.1351411,0.052294105,0.013848786,0.52534544,0.017562537,0.019751599,0.010623683,0.044961087,0.023227489,0.00482974,0.0069344863,0.029376917,0.0008413478,0.09483533,0.12852752,0.0061267987,0.03353376,0.20146899,0.7123356,0.111533366
9786,0.013152743,0.010602719,0.006439213,0.09432767,0.3021117,0.09436857,0.22477436,0.70745265,0.024498917,0.00524081,0.0043449327,0.02114141,0.017860528,0.3813509,0.048087154,0.019714598,0.00092294056,0.13198985,0.0030387626,0.009799942,0.018224442,0.03885758,0.013198684,0.010768092
9788,0.30093107,0.4983705,0.013926207,0.037789855,0.06845983,0.06670418,0.0017581409,0.68784535,0.027516358,0.221626,0.018761901,0.26306623,0.070378534,0.0069117933,0.0437586,0.049236923,0.00055547594,0.4341451,0.021838842,0.0037522553,0.0023549083,0.11977177,0.20026113,0.010384364
9789,0.14406523,0.08551933,0.0042117764,0.012464242,0.23677985,0.13331157,0.004860588,0.76764625,0.0102407355,0.023872385,0.049091976,0.01873666,0.017696884,0.0059847427,0.06298646,0.032961156,0.00067799306,0.80925244,0.010177744,0.0019486303,0.003227581,0.19649251,0.063810624,0.011618287
9795,0.1632243,0.09718365,0.00825275,0.037920896,0.46692926,0.28148016,0.0014953455,0.5170866,0.067326285,0.11317408,0.023157543,0.014542466,0.0937707,0.008349483,0.0126083465,0.061686937,0.00064254005,0.102476515,0.007608649,0.007218883,0.028042326,0.21494117,0.010228992,0.2689935
9796,0.1589563,0.084264345,0.00985301,0.015909288,0.112660244,0.040136985,0.0045692227,0.3442413,0.048775923,0.25071824,0.00748736,0.004164915,0.81715393,0.024494752,0.035296492,0.1024911,0.00056664884,0.12265324,0.3390902,0.0035611028,0.0034671712,0.48248336,0.004161218,0.004912037
9798,0.044421613,0.039938852,0.006281068,0.0064953864,0.5885255,0.10080611,0.001381164,0.4448806,0.039544884,0.032699924,0.057622645,0.009461095,0.035053812,0.002690414,0.0379066,0.19801854,0.0005918127,0.53090703,0.02115826,0.010514263,0.008809976,0.24475,0.017742539,0.016689649
9811,0.24873424,0.45634046,0.055774294,0.050613657,0.764235,0.10054136,0.028000686,0.24873261,0.2688721,0.15408224,0.0027847968,0.012512792,0.026076643,0.021985462,0.0057437727,0.015234622,0.0007336858,0.038683433,0.7522632,0.003720351,0.015477032,0.12997928,0.0076866,0.0044571646
9812,0.5991594,0.66511035,0.1404609,0.022671957,0.13274194,0.014504145,0.015303078,0.19004637,0.19736445,0.06709889,0.004953259,0.035241522,0.08442848,0.0140330475,0.029602489,0.014875677,0.000781877,0.14011872,0.8936368,0.014109176,0.010637657,0.16801438,0.034943298,0.004407859
9817,0.32921574,0.1515924,0.007942396,0.016947955,0.55863184,0.37743315,0.0126537625,0.29885322,0.035420537,0.021116279,0.023206137,0.009026189,0.029383814,0.0064024655,0.023649119,0.099540986,0.0007117707,0.11229638,0.11455213,0.00282435,0.009933665,0.4362696,0.02424707,0.010602593
9819,0.02465782,0.17113501,0.06546251,0.052159864,0.69661665,0.014964135,0.088106185,0.34947973,0.19674021,0.0238025,0.0033378953,0.01188759,0.03622559,0.1628622,0.10230906,0.013849073,0.00084158673,0.21505277,0.065573104,0.009597175,0.0030161066,0.01889451,0.067951076,0.008628117
9823,0.16912664,0.55021185,0.08044711,0.20573387,0.10490835,0.005702916,0.58299536,0.091748126,0.14342396,0.037168894,0.0023115934,0.12969969,0.04974486,0.02595136,0.011706446,0.04071392,0.0014661603,0.0290102,0.42364675,0.008454433,0.021275965,0.049396243,0.10261759,0.034792386
9827,0.0036600933,0.015091116,0.010313959,0.08505328,0.44182938,0.03911798,0.040412463,0.92996377,0.013940954,0.020759692,0.0024311533,0.016304206,0.013255276,0.031902146,0.011644715,0.030697528,0.0007467534,0.5874582,0.0059795533,0.005191882,0.0062129726,0.048625678,0.0094912965,0.0067383256
9828,0.013320748,0.016505172,0.006147265,0.03499277,0.32220823,0.07711836,0.10149435,0.32308465,0.044861704,0.020051213,0.0054989043,0.0043271896,0.20340458,0.04220281,0.00920049,0.3861969,0.0010445293,0.07169931,0.041106015,0.008378381,0.0042308783,0.14652619,0.010952178,0.0051705022
9831,0.008502427,0.046892904,0.007744745,0.008954671,0.6979696,0.08845336,0.0019543495,0.8414977,0.072153695,0.05134472,0.02394266,0.005202609,0.014270003,0.012092369,0.020894833,0.17839105,0.0006149905,0.7649906,0.015496088,0.0025064,0.0037721489,0.15117715,0.0047382507,0.0061415345
9832,0.0057092356,0.038450163,0.02696776,0.025214875,0.63104403,0.0059902933,0.09335289,0.44328883,0.16498314,0.022100352,0.00033482365,0.01424352,0.0691152,0.06734055,0.0105466265,0.0044095335,0.0008224146,0.04374662,0.018695977,0.0073033273,0.031500254,0.020901704,0.00615953,0.0034068986
9840,0.009090229,0.019671725,0.0036301007,0.015817767,0.8917603,0.022273872,0.007578844,0.63060987,0.08165538,0.012197235,0.0070869466,0.014635433,0.0012834461,0.012871536,0.0052021625,0.023350911,0.000655058,0.7450194,0.0032478725,0.004930124,0.20771341,0.037191737,0.018574137,0.0054515596
9841,0.62003744,0.32127824,0.031051721,0.037245207,0.34020254,0.027804006,0.050906587,0.47357243,0.12485301,0.011805374,0.0009662888,0.057398845,0.0006496601,0.05950121,0.01897145,0.0018071481,0.0010924939,0.19460048,0.02832853,0.018324114,0.74559385,0.035981487,0.13350031,0.010906657
9845,0.08169773,0.14163017,0.01996946,0.03315298,0.54808724,0.08592919,0.020977546,0.44745028,0.031553846,0.13493052,0.01873529,0.018784571,0.06930195,0.021712525,0.049191896,0.015596301,0.0006934901,0.23964962,0.013163536,0.006298002,0.009985182,0.12550382,0.012521645,0.031516157
9849,0.12521282,0.036487896,0.0049179303,0.024655743,0.66551715,0.22620314,0.011138215,0.4597887,0.022596246,0.028669808,0.018819632,0.010552595,0.05896582,0.014560449,0.033784494,0.02003499,0.0005685087,0.17798416,0.08400736,0.0046385312,0.023079585,0.21346655,0.0081811985,0.013188125
9852,0.04759212,0.026768979,0.03255679,0.052530646,0.20114073,0.045695413,0.5327113,0.16450302,0.17174493,0.0202149,0.00084834505,0.039089613,0.0870263,0.01813224,0.0019015372,0.018889643,0.0014704199,0.008579578,0.02287534,0.020223886,0.052507345,0.10001257,0.009053309,0.010350367
9858,0.040189706,0.014456946,0.0054364693,0.010889367,0.7322587,0.30156684,0.0018758829,0.7295489,0.02762732,0.038044795,0.032378167,0.0027682197,0.031927854,0.016673855,0.016078778,0.10084528,0.0005426544,0.6657865,0.019697027,0.0053512016,0.010069256,0.28503948,0.00173937,0.0019344995
9860,0.035800047,0.037812427,0.0071415985,0.01023727,0.079769485,0.15627411,0.004503219,0.64796335,0.014559252,0.059767768,0.0136713395,0.010116917,0.6083951,0.0040310305,0.0026929446,0.2838988,0.000690627,0.06235637,0.034720287,0.011716557,0.00053727994,0.73215705,0.01272375,0.010607592
9863,0.03614026,0.020314254,0.017890062,0.014997953,0.48885152,0.056451775,0.0076872837,0.54238945,0.031163996,0.019228684,0.017402649,0.0021209316,0.040566564,0.120689034,0.04387099,0.03080161,0.0007105877,0.48505953,0.10710236,0.014708561,0.0105991075,0.21091221,0.0009522227,0.0016097901
9865,0.21396925,0.03847793,0.0095950635,0.51870185,0.33837327,0.75793326,0.14009194,0.5710536,0.008293395,0.015321756,0.006308255,0.04565142,0.0032488902,0.2432029,0.018698324,0.0061422912,0.00081024563,0.065177515,0.010117792,0.00741844,0.030045267,0.118875846,0.0057299854,0.06284215
9872,0.076434486,0.016404571,0.0048921956,0.0037802102,0.5569512,0.15635929,0.00084420986,0.47992054,0.020087054,0.07045839,0.02033581,0.0021113127,0.28470412,0.004453123,0.019883841,0.09316652,0.0005148042,0.6708307,0.030892966,0.008284419,0.003554346,0.3958971,0.0014681491,0.0040675965
9874,0.6236352,0.31234825,0.012928235,0.06298879,0.37284327,0.22956876,0.027595095,0.38027397,0.109754264,0.027087593,0.0036879932,0.0124520045,0.0036687737,0.0388622,0.011424939,0.008359623,0.00080606097,0.057492565,0.022482505,0.016454056,0.38899764,0.114478014,0.021594504,0.115871385
9879,0.038110342,0.041775238,0.012021495,0.0400654,0.4294147,0.04921832,0.008930528,0.6418192,0.03720328,0.02983263,0.006160523,0.009058688,0.030020103,0.030693877,0.04190599,0.02473217,0.0006267232,0.4424097,0.014160952,0.008543834,0.010461951,0.07704076,0.009700722,0.006230846
9880,0.0038310292,0.008667767,0.0019180394,0.012102564,0.26499778,0.028443411,0.0065424065,0.94758534,0.01649242,0.006049979,0.015008374,0.0061973524,0.05095253,0.030768747,0.009377097,0.027830647,0.00056799554,0.50524414,0.0118646035,0.0017686952,0.018878883,0.06745283,0.027348138,0.0058641764
9882,0.022248678,0.043029338,0.006038881,0.15962924,0.11228037,0.0711944,0.051628232,0.7837897,0.04427073,0.114432335,0.0063566184,0.07005212,0.14596877,0.023045903,0.008085637,0.045404386,0.0008072824,0.037072532,0.020658271,0.0046394407,0.013421579,0.08367121,0.009119542,0.01866671
9888,0.64572537,0.41613024,0.007468868,0.03994856,0.09664171,0.017029634,0.028155798,0.54206663,0.027177602,0.011454987,0.007617659,0.15968138,0.006757018,0.013542559,0.011610717,0.018761614,0.0009308232,0.15265165,0.024321923,0.0117571205,0.0140195815,0.16314675,0.92015606,0.07735782
9891,0.14878298,0.08252818,0.020934654,0.027799184,0.55666196,0.30217502,0.0054814056,0.5162239,0.04859511,0.1566565,0.0153114,0.005801256,0.0705717,0.01955632,0.038422488,0.028788058,0.0006533658,0.10985767,0.017501103,0.008637463,0.0021599445,0.17912649,0.0041808323,0.010731234
9896,0.25288442,0.0735375,0.0020279111,0.01853943,0.10883285,0.5097921,0.0041747675,0.6511139,0.0360836,0.010770861,0.029295243,0.022337096,0.061183553,0.0050747665,0.0023774111,0.08780562,0.0005752265,0.045692064,0.026891327,0.004478977,0.03512055,0.72356695,0.01932007,0.0075805765
9900,0.01930425,0.0013705048,0.000666628,0.019862728,0.36648336,0.60598505,0.023725672,0.8465396,0.0015625644,0.0028774533,0.03878107,0.0065238434,0.09176674,0.01464161,0.006403248,0.33982286,0.00069824496,0.21439673,0.0025574772,0.0029371392,0.0035910613,0.61547273,0.006266383,0.005625931
9907,0.09216555,0.063461855,0.004298802,0.07883565,0.27789265,0.5758368,0.0058736103,0.41362435,0.035771467,0.02605711,0.04822282,0.035686616,0.03633012,0.008370545,0.030085633,0.08112443,0.00069370854,0.19473581,0.019079788,0.004435258,0.01104082,0.33854663,0.01431895,0.29602516
9911,0.5088457,0.047078505,0.006239035,0.009414679,0.16753766,0.17163517,0.0075071626,0.4444581,0.010527532,0.029740695,0.04665212,0.011856914,0.40659973,0.012063562,0.014647026,0.18204412,0.00061600737,0.05888874,0.29549474,0.0035480252,0.0057159523,0.6875163,0.05903566,0.0045777387
9912,0.23584709,0.027952649,0.001988285,0.05556434,0.120103076,0.71834433,0.008770408,0.77154666,0.0033456467,0.0029540043,0.15704341,0.036316942,0.014548426,0.004090872,0.0075319447,0.19464332,0.000759007,0.110511474,0.06377003,0.0033451698,0.0027897286,0.8395796,0.039468978,0.0062220413
9914,0.1880942,0.3507298,0.023413157,0.10106576,0.060546137,0.28942922,0.03352227,0.64852315,0.048247684,0.01253084,0.024364777,0.09966847,0.014381938,0.014657028,0.0062902654,0.08889505,0.0007425496,0.07729284,0.04593222,0.007433201,0.019939665,0.3082862,0.05862011,0.14249517
9916,0.076580286,0.009450055,0.0014884142,0.042012565,0.6164795,0.7686539,0.015889248,0.6328498,0.0024189996,0.0053837886,0.06814902,0.013496454,0.023414295,0.00978602,0.015508517,0.078186594,0.00062017667,0.38321477,0.008723161,0.0020563703,0.0050505395,0.44231153,0.004770083,0.010099979
9921,0.83967227,0.3371416,0.018625671,0.011886246,0.057982035,0.19782661,0.046131898,0.19298695,0.017479084,0.06643678,0.009731475,0.030362124,0.13085873,0.012597404,0.0031739695,0.09230081,0.0008759767,0.018576898,0.9128798,0.0038636425,0.0019849213,0.7987757,0.011853316,0.004350785
9925,0.055423938,0.19624777,0.059889786,0.039752282,0.41337487,0.029504629,0.0070576207,0.8589598,0.17234677,0.07511205,0.00790332,0.007460453,0.011551527,0.011919054,0.017391026,0.015615476,0.00058860285,0.2965799,0.013771415,0.012582852,0.05448545,0.048721503,0.016300742,0.06126738
9934,0.23892285,0.11257398,0.006521745,0.006603883,0.61707324,0.60278517,0.013129239,0.40685043,0.028801547,0.008354411,0.04107572,0.015062113,0.015870642,0.012408787,0.023972377,0.08371544,0.00066366664,0.20194593,0.01526196,0.0067913854,0.021555057,0.5097123,0.022301594,0.01019677
9936,0.0034680644,0.042049084,0.022815347,0.19838952,0.1212531,0.023765033,0.042769708,0.9624948,0.21986982,0.097834416,0.0028498662,0.022595592,0.012072988,0.018241378,0.0044536707,0.01664276,0.00071596215,0.072025165,0.008835692,0.014546615,0.035332285,0.030936023,0.010022873,0.013464259
9940,0.013034438,0.008530874,0.0028030267,0.106046356,0.18343253,0.08558571,0.056934394,0.82531834,0.0039003303,0.014420733,0.010706023,0.024475817,0.055087425,0.01912818,0.007982023,0.057176135,0.000732362,0.27549458,0.017672604,0.011358897,0.0035940686,0.14600956,0.028487306,0.004182355
9941,0.3721188,0.4155505,0.11948846,0.019562803,0.73474497,0.0064024474,0.036471523,0.15866727,0.27957276,0.26726055,0.0029514886,0.034156602,0.044556532,0.04760468,0.06724236,0.006205899,0.00086195575,0.25680557,0.18958807,0.030419316,0.01573395,0.025426837,0.036806487,0.004135405
9945,0.194675,0.2441017,0.06635455,0.012150856,0.43498656,0.06362194,0.001961315,0.15895319,0.29978898,0.39739308,0.0027848606,0.0052113873,0.34555838,0.0049225083,0.007103326,0.027545517,0.00063901447,0.06125067,0.304193,0.006054936,0.023448447,0.19992845,0.0032949238,0.124632016
9949,0.021625938,0.03323617,0.006458228,0.01263914,0.5800028,0.04885166,0.010274376,0.26240858,0.024585467,0.12324925,0.026900506,0.0075492165,0.098762214,0.0047493405,0.019274963,0.121839136,0.00059379503,0.52763754,0.09609898,0.0057372707,0.005383554,0.114728495,0.0037041546,0.0015311226
9951,0.08207954,0.05318015,0.004002889,0.0064604073,0.60897213,0.3347166,0.004750096,0.711473,0.010641922,0.03079833,0.016872741,0.0049673854,0.02467249,0.008007584,0.01337062,0.112468064,0.00058119,0.52295566,0.014176251,0.0046118633,0.0020041552,0.28132892,0.0036517337,0.010975735
9952,0.04076319,0.06258695,0.008429048,0.0148718,0.57124,0.24564098,0.00016169899,0.57242143,0.011993709,0.044831984,0.08195382,0.012929038,0.123245396,0.07328977,0.2243205,0.11728398,0.00043618007,0.7764003,0.014335488,0.014039679,0.0012684229,0.33016574,0.044043347,0.0076435665
9961,0.030334411,0.05375263,0.0072020204,0.009243736,0.15272576,0.15869538,0.0063953833,0.5952064,0.022967534,0.045350805,0.040951453,0.0076398524,0.13590348,0.009820226,0.014574776,0.09393227,0.0006296692,0.13527471,0.01636716,0.0031437175,0.008289344,0.2697839,0.0032814012,0.02861132
9965,0.29934418,0.17315537,0.018035876,0.031512022,0.10780218,0.27337843,0.013898025,0.5522461,0.01402525,0.021983882,0.037046656,0.0660212,0.06752975,0.020371465,0.012146747,0.04486776,0.00073444407,0.043764047,0.09639967,0.005371531,0.0016490795,0.39454302,0.19965297,0.019985279
9967,0.099219,0.0726998,0.004403492,0.0024257286,0.19642831,0.38521266,0.0009374173,0.67451894,0.02767922,0.0624632,0.042139936,0.0033909916,0.2726986,0.0021898793,0.0028379168,0.511768,0.00064080814,0.11628438,0.12711635,0.0017419328,0.0027644772,0.7737433,0.005842965,0.0033151568
9968,0.14448461,0.3952239,0.048592854,0.07188557,0.33224085,0.064928345,0.028882595,0.34122977,0.19024217,0.061745454,0.014093961,0.055474047,0.009319804,0.05042932,0.12947536,0.04309774,0.0007694323,0.17101425,0.027042875,0.014107868,0.011200616,0.06052249,0.026879339,0.21437389
9975,0.043248318,0.099782385,0.027155392,0.137498,0.23820694,0.09556504,0.008695537,0.79809004,0.17136613,0.0952207,0.013231012,0.050564647,0.060890935,0.04006663,0.029804176,0.07964999,0.00047642188,0.12800473,0.026035124,0.007540048,0.01436214,0.0938839,0.004697487,0.0043909834
9977,0.057508912,0.01854614,0.011918553,0.031199994,0.111730665,0.09532212,0.15247953,0.22818132,0.0074447603,0.15488797,0.008224825,0.025169492,0.9199093,0.013658543,0.007673133,0.17323083,0.00076438347,0.01978907,0.044288922,0.018765962,0.0026686976,0.43860874,0.0066310763,0.0038184172
9983,0.46801358,0.32154715,0.04178729,0.009237074,0.411383,0.15822665,0.010829609,0.13602212,0.23065506,0.4427707,0.0034779944,0.011257504,0.42910588,0.022314094,0.03668458,0.049278166,0.00077660446,0.036784746,0.10252114,0.0073512592,0.008410639,0.16387957,0.012412756,0.021293523
9984,0.08629994,0.027515762,0.011243261,0.083473675,0.081948265,0.17472394,0.046505116,0.39938337,0.007196605,0.046901613,0.0312777,0.12746865,0.44310507,0.013814009,0.0042662993,0.054535415,0.00073315034,0.028705297,0.015608407,0.019144835,0.0015502513,0.3886547,0.096266285,0.005905582
9986,0.02741463,0.0078078574,0.0020671978,0.01683773,0.13292678,0.07504946,0.0062184213,0.7188955,0.0062251263,0.055067334,0.02117299,0.010711959,0.1953353,0.011654571,0.008707786,0.15793703,0.00068634603,0.25181383,0.030749971,0.002533407,0.006299823,0.4425519,0.0023709724,0.0026105335
9993,0.041253887,0.089144096,0.04552179,0.015544815,0.3714738,0.035871435,0.011925131,0.44278556,0.087471075,0.18177725,0.008462599,0.135644,0.021449748,0.023106473,0.08132325,0.06608854,0.0008587614,0.40437898,0.013230621,0.015997441,0.0035232443,0.044538908,0.017531497,0.018133285
9998,0.2453606,0.11360101,0.0045977468,0.050823722,0.12806003,0.063020214,0.029129652,0.5371034,0.009296077,0.016085636,0.007128141,0.021812435,0.23978646,0.013071597,0.0067467624,0.13630626,0.0007617435,0.057465717,0.12162461,0.006635135,0.004336218,0.5210237,0.018973878,0.008970876
10002,0.28809375,0.745625,0.013641179,0.19909279,0.060303397,0.06892982,0.010485687,0.56209004,0.082878344,0.14869505,0.004763292,0.40024698,0.022284722,0.008464227,0.009794789,0.044649813,0.00087518705,0.11432065,0.036130957,0.0137476465,0.0075222915,0.21170844,0.038890876,0.116706096
10003,0.60010153,0.31210592,0.009916952,0.0030713286,0.09642971,0.022888156,0.006802916,0.33755133,0.06639039,0.031437404,0.0046418705,0.014216109,0.6050827,0.009162745,0.004320969,0.15007283,0.0007760097,0.026582833,0.21793635,0.008995723,0.008242982,0.41458142,0.38730744,0.016105527
10009,0.11577763,0.036852546,0.006665009,0.021956054,0.3662241,0.44920832,0.005121583,0.78647083,0.009106664,0.008716006,0.14285159,0.023908101,0.025137922,0.01032751,0.022258176,0.016613513,0.0005597149,0.27720743,0.01826627,0.0039022407,0.019350216,0.21786858,0.07043115,0.038421642
10011,0.3430005,0.47994536,0.02275878,0.08156322,0.10996659,0.026201533,0.0037887336,0.6454388,0.041090917,0.28847367,0.0033856377,0.040122494,0.054990605,0.02218475,0.044217993,0.06334334,0.00064989115,0.5500327,0.11347913,0.0019604082,0.011622554,0.13196197,0.025748279,0.036123056
10013,0.02348886,0.07054434,0.02424285,0.13274968,0.19836938,0.02866811,0.21573508,0.7453703,0.22655103,0.0066462513,0.0020631824,0.06341416,0.009518421,0.06489341,0.016864328,0.0032132585,0.00091650843,0.040566992,0.007720978,0.011244359,0.4989246,0.020171365,0.02723294,0.074403316
10015,0.054530684,0.28542638,0.26987252,0.0038957144,0.7765819,0.022644877,0.010446028,0.08831332,0.66093737,0.56655407,0.006738584,0.006405208,0.48764265,0.0061721415,0.02225819,0.094833255,0.00069498504,0.06556096,0.33662033,0.07307634,0.004821236,0.097960055,0.008299962,0.0024631172
10016,0.019738853,0.019507438,0.0034863984,0.09113795,0.08345343,0.161749,0.010487127,0.9067441,0.027197622,0.028893074,0.02444034,0.019354993,0.054707803,0.01632545,0.0070786434,0.12041149,0.0007359472,0.23929648,0.014172213,0.005007993,0.014928176,0.29737055,0.009627513,0.044545703
10019,0.09287456,0.041617647,0.0060064564,0.008547118,0.25701368,0.3303438,0.003369671,0.666123,0.019384453,0.052130923,0.02121258,0.016056169,0.093074426,0.007915623,0.0099671725,0.08484062,0.0005335746,0.29337242,0.03730724,0.0017857916,0.0036976736,0.28480655,0.009276025,0.010023237
10026,0.1328888,0.029074773,0.0013828487,0.02819365,0.096633755,0.5698247,0.006752616,0.51370317,0.0030929013,0.03452806,0.062102977,0.0066973856,0.4540324,0.0053226263,0.0045778826,0.39326826,0.0006539025,0.12243368,0.09666927,0.0029014426,0.0024082656,0.87605816,0.0035641175,0.005749464
10033,0.1601127,0.6785845,0.044257052,0.062293537,0.40674034,0.0025718966,0.23938298,0.21469495,0.04701072,0.042737294,0.0009559346,0.08726322,0.012654311,0.033348214,0.022952382,0.0031684178,0.0011889905,0.14087617,0.0783123,0.025758848,0.024636274,0.018857552,0.37567604,0.008694538
10036,0.07566716,0.0070942314,0.0027275535,0.057221234,0.59060746,0.3739515,0.06188807,0.49986044,0.008932436,0.008186566,0.019600721,0.0057167523,0.026638279,0.019900799,0.01725817,0.11726433,0.00080598,0.08690114,0.007895976,0.0044655832,0.020776605,0.24580555,0.0023027577,0.0153867975
10040,0.015341812,0.053545706,0.07669734,0.68398786,0.21871684,0.010082817,0.52834684,0.65976197,0.05119513,0.059204172,0.0012647338,0.18526518,0.0013516145,0.81533736,0.11665107,0.007905938,0.0011702374,0.26598388,0.010045054,0.012370711,0.03279853,0.0052353465,0.040866066,0.03553946
10043,0.24054752,0.38617083,0.07000052,0.0052905907,0.28921935,0.044167325,0.0027206256,0.43978855,0.2776757,0.03891711,0.011118043,0.004372681,0.11320065,0.013423644,0.071579635,0.040786147,0.00059081265,0.2812795,0.04049293,0.009068178,0.008973115,0.17768446,0.014172407,0.026249586
10047,0.012472485,0.019614058,0.0057569733,0.014258834,0.55745006,0.026948042,0.0012526207,0.64242357,0.02952196,0.07803849,0.025221245,0.011002223,0.052590113,0.019771358,0.03864989,0.13837454,0.00055859174,0.7990387,0.02190746,0.007134313,0.013697651,0.08209329,0.010446471,0.0068818997
10048,0.023695637,0.02978594,0.032670856,0.1349021,0.21267515,0.042116787,0.01724613,0.90414417,0.097690724,0.08407358,0.006397626,0.015400977,0.012703849,0.121515475,0.051759977,0.043717526,0.0006715421,0.44656223,0.022142509,0.014769344,0.03298989,0.050816525,0.010139162,0.010258812
10049,0.003987268,0.005013014,0.0077066114,0.08703126,0.7444391,0.04639411,0.013424844,0.80089813,0.0076652435,0.057672992,0.0037557187,0.009687155,0.027056409,0.04788931,0.057715666,0.007859848,0.00071789324,0.6003315,0.0034791927,0.0046105767,0.00395131,0.027246015,0.0033542262,0.0048978166
10055,0.13933197,0.03520963,0.012124669,0.005094769,0.24243268,0.36281082,0.0015800981,0.621695,0.043797374,0.017579386,0.049928058,0.0031421473,0.16197473,0.033963937,0.027629215,0.0905745,0.00048102206,0.11653539,0.02194225,0.007120593,0.008327107,0.3656434,0.010288549,0.04257552
10059,0.13616475,0.011799874,0.004534999,0.05310071,0.54492253,0.581789,0.021818012,0.61811316,0.016535573,0.006631387,0.028423956,0.01706731,0.012747121,0.06068474,0.027702143,0.018419985,0.00063896546,0.22633967,0.0022773512,0.0042816,0.086524144,0.11476774,0.014879144,0.0066496334
10060,0.14370237,0.016533285,0.0047906386,0.00878169,0.39408353,0.47203195,0.0052910573,0.51202697,0.005399899,0.027639003,0.050931416,0.002499425,0.080403835,0.02038273,0.029737722,0.063002914,0.0005642825,0.2662452,0.016301064,0.0030161866,0.012089373,0.3357105,0.0017803496,0.06554593
10070,0.06567734,0.01657463,0.009263173,0.032409795,0.2653249,0.16571882,0.10824277,0.3691506,0.007358539,0.015423646,0.0076877605,0.013706337,0.124983355,0.3235318,0.04176031,0.028355869,0.00091748347,0.044164043,0.01642193,0.007897804,0.021260813,0.30315152,0.010470736,0.011254198
10076,0.6383796,0.15549971,0.006586779,0.01057429,0.37531576,0.365162,0.00685121,0.31121522,0.05939847,0.047130745,0.023262452,0.010184972,0.04853741,0.011282051,0.017681496,0.10246207,0.0006780289,0.13568175,0.13553166,0.003976088,0.006901563,0.6663208,0.053513743,0.013938155
10080,0.5632097,0.09220524,0.0025682356,0.036511894,0.17074944,0.5853502,0.007701271,0.64804566,0.0049116453,0.005224468,0.082073584,0.06734499,0.041591804,0.006465211,0.007894729,0.15948766,0.00063178607,0.1465834,0.027852375,0.0045003085,0.010038134,0.7631932,0.06088141,0.0041556223
10082,0.8818862,0.71045285,0.019488482,0.012878955,0.15909138,0.39379552,0.0022472774,0.18415214,0.10029042,0.09517164,0.02579624,0.015714437,0.28836727,0.0043235263,0.014734317,0.25418463,0.0006727659,0.019666638,0.2578964,0.018295689,0.0020337512,0.8785713,0.08957113,0.0139329
10084,0.36126864,0.07820617,0.011980064,0.0041862256,0.62462664,0.16654362,0.006243226,0.28636226,0.062421612,0.04844643,0.042337872,0.004238696,0.03240027,0.015914,0.017032731,0.08849754,0.0006407804,0.07392356,0.18461332,0.0058129695,0.012336169,0.545472,0.0058767516,0.01263855
10088,0.076934606,0.11813611,0.014794281,0.034593605,0.11235757,0.013199653,0.006223389,0.6211462,0.0141899055,0.4121831,0.009630696,0.19818084,0.30240467,0.004816964,0.017589685,0.05537543,0.00070397375,0.16434062,0.08362719,0.014332099,0.0021818017,0.19767994,0.02357114,0.012155212
10093,0.0118349055,0.01970527,0.0067756753,0.05872212,0.5311201,0.14241387,0.105735414,0.51272446,0.031372316,0.026588239,0.010040598,0.032154597,0.04457502,0.009885095,0.009552823,0.080410786,0.0007530026,0.24147573,0.0141397985,0.008385313,0.0047822115,0.063716516,0.025443254,0.009807237
10094,0.13669656,0.091187224,0.0039857007,0.07743404,0.2896367,0.58759993,0.03207396,0.70005184,0.017300744,0.0042344374,0.025859881,0.025805032,0.0017348356,0.0030836628,0.010978267,0.023830475,0.00090157986,0.117993295,0.0042665587,0.005837187,0.018183885,0.18964611,0.0035105124,0.05170489
10096,0.02159868,0.052985683,0.009329326,0.061715864,0.4093782,0.106778815,0.0034892072,0.8474756,0.11777081,0.03627265,0.009278247,0.015692001,0.020960782,0.020700166,0.008117388,0.019215517,0.00059137825,0.34703127,0.008798417,0.0037004116,0.02531486,0.08135517,0.017661588,0.009563996
10098,0.035514887,0.015202685,0.004825488,0.018523809,0.56875473,0.06866096,0.042755596,0.3834276,0.026241077,0.040549047,0.014910202,0.006998448,0.035302352,0.020593574,0.0071046646,0.20748729,0.0008341033,0.17414986,0.022706214,0.003467524,0.00668652,0.29352626,0.009038879,0.0025309476
10102,0.009088708,0.0033532716,0.0127246315,0.15496418,0.07272692,0.021201454,0.6153321,0.43148488,0.011411613,0.005444519,0.004474621,0.041115828,0.08993594,0.36238396,0.044087537,0.027900847,0.00092674454,0.07419804,0.031280693,0.061729454,0.026116809,0.0756823,0.012827257,0.0059824134
10107,0.8791846,0.31295055,0.05042623,0.00871192,0.09392129,0.14503735,0.027894987,0.07024847,0.090726875,0.08808076,0.0072535696,0.012650617,0.5262397,0.0034636622,0.0043951795,0.042293582,0.00079831143,0.009098041,0.8743547,0.019544126,0.0075720227,0.48369667,0.01088259,0.002478195
10108,0.069976375,0.15188885,0.03377444,0.05016256,0.043759387,0.11293661,0.014789853,0.47815436,0.040592585,0.36520422,0.011942381,0.04320725,0.62484866,0.015703613,0.019400008,0.26371068,0.0006734157,0.13408794,0.027978588,0.020715933,0.0034473832,0.387437,0.014446827,0.008773977
10112,0.6675535,0.046613198,0.0023611137,0.021553457,0.20460899,0.8148714,0.010352106,0.42154056,0.0028043108,0.007983685,0.050118934,0.012486329,0.047173094,0.005896427,0.0032953385,0.13265479,0.0007479481,0.044614382,0.02320124,0.012269165,0.0067566535,0.8098686,0.022165265,0.02508829
10116,0.10950776,0.04344093,0.0039501376,0.02627809,0.110326864,0.29887193,0.007023029,0.8181877,0.007915308,0.020842565,0.062916234,0.09088826,0.05151726,0.014224284,0.0061357305,0.19348222,0.0007146761,0.13637942,0.027949579,0.0060962792,0.010125368,0.59922326,0.1300584,0.0026049723
10122,0.01667123,0.05984907,0.015298185,0.008259039,0.75156033,0.010195321,0.007115383,0.28558356,0.030306226,0.044622045,0.008261797,0.011226153,0.06785647,0.0038936278,0.026659342,0.006403739,0.00074570876,0.7504587,0.021569196,0.02103742,0.006754548,0.05129916,0.006218272,0.006057195
10123,0.4910316,0.11625012,0.031920243,0.018161247,0.14668703,0.34427303,0.008980454,0.2940997,0.06931977,0.06841695,0.0066968435,0.004752556,0.2581172,0.1275791,0.030021368,0.042424686,0.00065374514,0.018168977,0.110065736,0.01692605,0.0054024914,0.6252323,0.0019632557,0.002892132
10128,0.4327372,0.027089788,0.0011484453,0.009915322,0.11467339,0.27953252,0.0016499229,0.7673095,0.0020405166,0.0021962947,0.112846404,0.03257839,0.009102083,0.0035212175,0.003918358,0.06499422,0.0006767758,0.16191041,0.017622821,0.013112402,0.0032342474,0.5827023,0.5601338,0.03148562
10130,0.11038874,0.110085964,0.041311536,0.022663448,0.08190345,0.026714694,0.11401578,0.17295602,0.01576705,0.07571517,0.0045177094,0.01756824,0.9141789,0.0054379776,0.009756777,0.08025541,0.0009016125,0.030325318,0.5860914,0.010197073,0.0069291196,0.2582338,0.00986439,0.01057914
10133,0.50760794,0.10025899,0.025130508,0.027572915,0.6355223,0.78665173,0.005621132,0.3974332,0.029807286,0.056017973,0.009970523,0.010524994,0.02049045,0.02111022,0.020158,0.022436894,0.0005924098,0.09293863,0.018262936,0.005457416,0.010624385,0.24648273,0.010251156,0.044633307
10134,0.50261325,0.09280911,0.010341472,0.002846145,0.27852386,0.33529466,0.0029918302,0.14513677,0.036073763,0.059483737,0.023258049,0.0022708715,0.7897531,0.01225141,0.015757138,0.16148314,0.00055047416,0.044112906,0.2141789,0.012508115,0.009151813,0.67777354,0.009288009,0.013290849
10136,0.09292049,0.02327845,0.0023442986,0.0070192763,0.6657969,0.23074803,0.002494468,0.488867,0.011142049,0.010368461,0.021368846,0.002401211,0.13928613,0.01216044,0.0062064044,0.08628328,0.0006071369,0.16312052,0.013872334,0.0068601966,0.0129728895,0.44022855,0.004231441,0.0070858733
10137,0.1287968,0.6537688,0.35904974,0.14286491,0.118614726,0.015274184,0.106977426,0.15577006,0.30058315,0.1350847,0.0027373065,0.03374669,0.08778193,0.012586887,0.031618606,0.03812271,0.0009836415,0.0502915,0.13116412,0.06434281,0.012477914,0.057644542,0.012946265,0.009179419
10140,0.31591102,0.649152,0.066788055,0.022134287,0.6794683,0.06510231,0.0010029074,0.27574044,0.26936504,0.5819199,0.009222711,0.038106147,0.045464113,0.008383667,0.088416345,0.026680687,0.0005164827,0.5268041,0.029176407,0.0043060393,0.018112956,0.08067952,0.013638246,0.022833008
10142,0.35531268,0.5294612,0.050475407,0.0111605255,0.3529947,0.34968844,0.0031504596,0.29367185,0.19406092,0.067664504,0.025809005,0.046768326,0.028241003,0.0034452917,0.06366236,0.07307558,0.0006454493,0.1544238,0.053122867,0.009877836,0.0036963355,0.22259729,0.066222504,0.03587603
10147,0.008917838,0.00483842,0.0028873892,0.028319584,0.23779634,0.024385734,0.0064912704,0.75594157,0.006879297,0.029499307,0.020477295,0.0021529347,0.13309991,0.03178082,0.010916101,0.1425782,0.0005507085,0.539839,0.110350765,0.0031775816,0.0057050255,0.12715043,0.0059793377,0.0017550396
10150,0.26482743,0.34424642,0.055042118,0.0086588925,0.19208057,0.04523641,0.019393468,0.3556793,0.16516912,0.048842367,0.005433206,0.02007409,0.12333585,0.010689753,0.03215858,0.043674186,0.0008062215,0.08842141,0.040803593,0.026254954,0.2073304,0.19693726,0.015395201,0.064108536
10156,0.20190266,0.16500437,0.01035515,0.015506917,0.35135308,0.09391971,0.0040453966,0.8398015,0.032899566,0.049089238,0.0061469036,0.03504754,0.0341026,0.0062924656,0.0068006874,0.10788421,0.00063849735,0.37078542,0.07828888,0.002644534,0.015043611,0.21356478,0.041977413,0.00385244
10160,0.19648874,0.028550282,0.006825923,0.0070160464,0.3729577,0.06192713,0.023414677,0.17327398,0.00935673,0.08639523,0.0060796947,0.0065533686,0.83053434,0.016031066,0.0072146743,0.11666226,0.00080496067,0.014167923,0.3492398,0.00508512,0.00315244,0.3477902,0.008797714,0.0032974253
10161,0.020978516,0.02181706,0.0070242696,0.024180368,0.13619435,0.04325573,0.15257148,0.77507156,0.013608464,0.020063048,0.011000838,0.0094522685,0.044542752,0.0072560697,0.009485843,0.06437569,0.0009909152,0.22109771,0.010682922,0.022569854,0.008586581,0.10591399,0.02085536,0.089051455
10163,0.1172684,0.23742323,0.07079896,0.011984632,0.5941988,0.017256446,0.04355094,0.046968482,0.20190278,0.437186,0.00427933,0.005254169,0.8887771,0.010884417,0.01675488,0.042833082,0.00082803454,0.022125157,0.7241936,0.016575819,0.0046696747,0.18246934,0.0029017474,0.0029755658
10167,0.087394096,0.032200042,0.008673739,0.06502972,0.636612,0.11510534,0.02658969,0.73860127,0.03473119,0.037814535,0.0035705464,0.0076706354,0.011891041,0.035936557,0.0074697165,0.0064005423,0.00060380175,0.14379257,0.16746251,0.0034459694,0.011547096,0.03167973,0.004801395,0.0019349626
10170,0.012873245,0.03714347,0.013241344,0.024602741,0.8638234,0.12101448,0.011141896,0.6700678,0.025678245,0.024722498,0.0070611164,0.012533112,0.0058932467,0.015200479,0.04687813,0.055488434,0.00069608865,0.668806,0.01573694,0.0031462498,0.014354258,0.04070962,0.0028575284,0.01101716
10173,0.031011509,0.04040027,0.011033284,0.03695704,0.35330307,0.07475669,0.30040962,0.6872526,0.03353929,0.009582859,0.0054832487,0.024855658,0.012105973,0.012816369,0.012751172,0.024230413,0.0010756842,0.04736472,0.01280335,0.0063791415,0.0072834594,0.10122866,0.0070925388,0.008017847
10174,0.8462887,0.20255782,0.038678113,0.0047837007,0.3224952,0.36722323,0.03192913,0.29477426,0.055415828,0.03201421,0.00722503,0.006886363,0.021549078,0.0086357435,0.02142866,0.015140325,0.00076040503,0.06280754,0.07179997,0.017347924,0.050795928,0.30909145,0.03456764,0.021214535
10175,0.49617016,0.10033734,0.013476387,0.01920774,0.49502358,0.7947384,0.0016505419,0.26781714,0.048292834,0.035210934,0.10192223,0.015621101,0.04864181,0.006901847,0.017697388,0.18449761,0.000558316,0.058331344,0.03932728,0.010010337,0.003408084,0.65582114,0.006177854,0.013410748
10176,0.0110783065,0.043051116,0.0065463814,0.050886743,0.10136831,0.010776171,0.071590155,0.6921186,0.025640765,0.08671383,0.00799146,0.01931589,0.30258435,0.22467902,0.059153672,0.37882033,0.0007036166,0.32272068,0.073635615,0.01013939,0.0065107807,0.20122416,0.022328705,0.003555204
10178,0.5751219,0.3771231,0.018534824,0.049781792,0.055066705,0.18574904,0.0049686697,0.64930755,0.018203788,0.20239747,0.008387581,0.05178271,0.12719944,0.011551767,0.014423484,0.07669726,0.00064193376,0.07253749,0.07750199,0.004588398,0.002809787,0.39169046,0.0530829,0.05379981
10179,0.11507858,0.5085733,0.05669849,0.08821255,0.124216095,0.004346474,0.13804817,0.42776367,0.21052659,0.13681497,0.0012768619,0.06876931,0.12133125,0.02258452,0.010778999,0.031793147,0.0008812248,0.026342196,0.04165034,0.020756936,0.281622,0.058892738,0.041215025,0.0103549985
10185,0.0088632675,0.015965668,0.050108995,0.020844093,0.646631,0.019584376,0.11189411,0.6207925,0.067153886,0.0058691124,0.002372149,0.015588974,0.006407782,0.072665684,0.06748988,0.00379314,0.0009096391,0.32590917,0.008068232,0.02150469,0.020589853,0.020682571,0.01610858,0.0027668339
10188,0.8978046,0.44025648,0.010871637,0.015248886,0.100829326,0.16419886,0.0068518915,0.42102364,0.03449261,0.021615187,0.015238958,0.044236828,0.01846376,0.0032434852,0.0057329037,0.084121056,0.0007013548,0.07554108,0.24660197,0.0069978083,0.00990515,0.7719284,0.38612524,0.0024624763
10189,0.23627251,0.022731291,0.0065155234,0.009148691,0.21548587,0.32950985,0.0014716723,0.6194143,0.026349803,0.031537674,0.1154711,0.027365725,0.052905504,0.0030701377,0.014934832,0.12889731,0.0006761505,0.23536056,0.01746458,0.016795337,0.048321903,0.56512374,0.043500517,0.052281056
10191,0.088650696,0.009814186,0.0025284353,0.09612742,0.21995007,0.76033735,0.01885966,0.75484645,0.010934661,0.0215344,0.037632495,0.030999325,0.009902439,0.0070536686,0.0034335617,0.13840091,0.0007705854,0.048649244,0.005853337,0.0015388328,0.016578736,0.43948033,0.0017183911,0.007779005
10202,0.06387068,0.13803561,0.0039230827,0.036043108,0.049308088,0.019313622,0.027619027,0.73499924,0.008453537,0.03857224,0.007266543,0.03654304,0.09894846,0.018112907,0.016992293,0.031333715,0.0008632256,0.5479319,0.04062866,0.005156667,0.0033642247,0.15224522,0.03972909,0.02382768
10209,0.045205627,0.020181032,0.006702596,0.078776024,0.33583272,0.02275593,0.6882615,0.16401277,0.011778504,0.008539783,0.002572847,0.03974197,0.092914015,0.027865257,0.008569829,0.033336964,0.0013661608,0.020238148,0.028261304,0.00929033,0.015772402,0.057819713,0.022348497,0.016081862
10213,0.28939503,0.38557377,0.033515256,0.042531736,0.1458959,0.014413516,0.05575748,0.2439909,0.09165469,0.041641902,0.0035863721,0.053351346,0.038672134,0.009651225,0.005954139,0.06403286,0.00096243585,0.032923948,0.8914126,0.011760113,0.006799109,0.48034343,0.041154113,0.004571527
10217,0.3393576,0.2799964,0.13705443,0.008268567,0.80142444,0.05143128,0.022109361,0.08116678,0.661583,0.20512722,0.0023825103,0.00236026,0.10530408,0.017318264,0.03318935,0.021333557,0.00079803576,0.10026726,0.5166833,0.0064169993,0.06520236,0.061700452,0.009230784,0.010035571
10221,0.065690696,0.020789623,0.0075971754,0.017822836,0.5436044,0.17887445,0.0020186987,0.73146653,0.01977132,0.027673285,0.015340601,0.003372943,0.044332992,0.03447835,0.0485313,0.064077355,0.00051841466,0.43083438,0.011466591,0.0061096735,0.011424266,0.26531523,0.006881897,0.007510503
10227,0.081790164,0.031694066,0.023709591,0.0040874155,0.27319098,0.036706112,0.0034268997,0.41060984,0.0342701,0.05286821,0.011350253,0.0019187935,0.7372253,0.019628303,0.010233561,0.09836848,0.00052971696,0.12034698,0.27949283,0.01338912,0.002461721,0.37398198,0.01572408,0.0024313754
10229,0.006358956,0.008606499,0.017901251,0.037968848,0.63791895,0.15694007,0.16074938,0.71755475,0.02629947,0.0069655827,0.024391549,0.021412801,0.02388958,0.029414112,0.042540867,0.019338423,0.0007970975,0.18628621,0.003351403,0.040874306,0.007020496,0.045669165,0.014394576,0.006318402
10230,0.04696492,0.03691584,0.024395242,0.033427697,0.844689,0.15738341,0.017519157,0.44132084,0.09876541,0.03970129,0.030165814,0.011274661,0.014764516,0.0056641093,0.028058134,0.052025665,0.0008115295,0.3079811,0.007968,0.004142886,0.027704082,0.042601064,0.0037518868,0.009813092
10231,0.07622129,0.09621442,0.019503864,0.15607937,0.3050198,0.034251217,0.5019332,0.40533096,0.26504278,0.010032809,0.00036467088,0.058363523,0.003712586,0.11880834,0.0066897008,0.0041709337,0.0009993379,0.05318735,0.028817663,0.0031755662,0.6645409,0.026559437,0.009246064,0.0046550417
10233,0.10524071,0.044369493,0.0039738985,0.040716156,0.6044867,0.38450715,0.0048435545,0.4956099,0.028483009,0.023391742,0.019139849,0.011755685,0.0067394045,0.015016821,0.017705912,0.03932056,0.00068706955,0.2054757,0.011761432,0.0042804335,0.008211243,0.1048689,0.0009974379,0.015823493
10234,0.011556265,0.07369267,0.16349098,0.017563285,0.80764145,0.011630746,0.013968118,0.47369954,0.3676783,0.26684165,0.0053580357,0.009096493,0.051834475,0.02574726,0.07304945,0.009042655,0.0007708612,0.46295476,0.039496336,0.013459048,0.02218924,0.016181048,0.0040326235,0.015887475
10237,0.43319455,0.8898101,0.038872734,0.071855366,0.032253895,0.008153514,0.16259022,0.404159,0.04874571,0.082454644,0.0020079212,0.2613019,0.083550535,0.0057047633,0.009890407,0.059005525,0.0010224277,0.07969447,0.6450676,0.003774282,0.01401547,0.104473226,0.15207574,0.011389197
10238,0.015678454,0.008588688,0.00655371,0.038745128,0.56011295,0.028051456,0.06253373,0.86363673,0.013993964,0.021732537,0.00461314,0.0062142974,0.009165218,0.17670044,0.04768679,0.034891814,0.0007728733,0.5728762,0.014200115,0.0036470608,0.0041858917,0.054695804,0.00806481,0.00097530114
10241,0.03801983,0.021726917,0.0025944717,0.04226827,0.05333826,0.5218453,0.084665075,0.80645114,0.004156826,0.0048363474,0.13199137,0.15090746,0.014456913,0.003548103,0.00676396,0.15646608,0.0010473217,0.07869009,0.0133371595,0.004463631,0.0028214105,0.35135785,0.37757334,0.00964773
10243,0.4935215,0.63442796,0.015238572,0.0066384077,0.15310206,0.08960545,0.002641506,0.42401376,0.12844405,0.14905824,0.0059893164,0.011603114,0.079931244,0.0054993997,0.013169149,0.113438524,0.00075426337,0.18514988,0.17768803,0.0028123534,0.026831748,0.46746975,0.054652702,0.03306793
10247,0.17684425,0.05270446,0.0058116606,0.008256274,0.64971364,0.52636033,0.005737192,0.41212255,0.02330665,0.009454398,0.03516181,0.008392199,0.039142974,0.0038106039,0.014133917,0.042675007,0.00066907523,0.11501525,0.060256857,0.00672425,0.008674087,0.40040645,0.003978657,0.01924295
10248,0.38165802,0.35629562,0.0743322,0.004047935,0.8493925,0.037452534,0.0017200763,0.15328738,0.4330663,0.06301539,0.011450231,0.0025056002,0.020916412,0.0043083997,0.048682325,0.018828165,0.00062893383,0.42233557,0.531069,0.016603833,0.014610589,0.091383584,0.01809157,0.00332921
10252,0.015000917,0.0570675,0.06362766,0.0198364,0.7320876,0.06350632,0.011685166,0.32898283,0.10429317,0.022560298,0.012172991,0.005928416,0.108975805,0.0056063826,0.017044751,0.02858032,0.0006393276,0.09305358,0.03718576,0.0116657475,0.013603491,0.06135179,0.012295197,0.006560323
10253,0.05473217,0.1268718,0.020506835,0.06102635,0.7337279,0.07044484,0.09679718,0.58495975,0.0731778,0.013147093,0.008617303,0.0121873,0.003500523,0.04069272,0.031201238,0.02323799,0.00087829767,0.23354644,0.012046803,0.0047456995,0.3363904,0.055265933,0.0070981015,0.016696716
10256,0.039858896,0.014364873,0.00453681,0.0061615505,0.3647624,0.083872154,0.0026932622,0.4625115,0.02949558,0.05588675,0.0138037875,0.0015452978,0.53013706,0.006929881,0.01874079,0.24998757,0.0005986656,0.1329141,0.11916557,0.0064093913,0.0042995857,0.57131296,0.005450668,0.0036394172
10257,0.69835675,0.6538166,0.06718608,0.032651093,0.18579318,0.07933552,0.023425503,0.14770219,0.10859019,0.21956629,0.008180896,0.013318817,0.09921521,0.025248105,0.025348442,0.026255643,0.00074003014,0.06033167,0.12506254,0.015102296,0.20758042,0.2198657,0.0060234703,0.10242831
10261,0.12912129,0.08649474,0.014314784,0.10373074,0.16053842,0.18834005,0.07659333,0.6496833,0.028170291,0.006381877,0.0035779625,0.1036523,0.005899097,0.5463443,0.0410724,0.009782102,0.0006866405,0.13891424,0.006780173,0.003940414,0.063589334,0.07179721,0.015376788,0.05431543
10262,0.4150701,0.051914647,0.008975969,0.037012633,0.40700287,0.5552487,0.01976687,0.5670263,0.007076479,0.030558769,0.024469111,0.012657332,0.04090954,0.014102716,0.0106557775,0.05707363,0.0007234632,0.051569406,0.02514074,0.006999774,0.007852028,0.5443914,0.00410541,0.03205558
10266,0.1873548,0.15855497,0.030590756,0.011933781,0.26049486,0.07229118,0.006126775,0.27704662,0.10503813,0.21421596,0.014674992,0.0051983907,0.26542467,0.0061721527,0.009746582,0.20425299,0.00056463113,0.21202624,0.5507526,0.020112619,0.010078558,0.590759,0.003860832,0.00070335413
10267,0.007192937,0.0537558,0.0068207495,0.025010929,0.22091646,0.004025913,0.04350615,0.6111025,0.017259851,0.057507128,0.0044020247,0.12284135,0.08268823,0.01570704,0.014309637,0.07110894,0.0008842507,0.23355553,0.009330005,0.011689682,0.004583899,0.07809969,0.016817817,0.0041737747
10273,0.06850135,0.043376632,0.0037139868,0.03608628,0.28136545,0.09709691,0.004807537,0.84692985,0.015852286,0.014818744,0.008412711,0.0268445,0.019139973,0.027003549,0.014498919,0.10001137,0.00062772183,0.35480782,0.007933287,0.003365635,0.016709028,0.13016352,0.019088227,0.20210887
10279,0.024897803,0.007382132,0.003381081,0.085120335,0.5135509,0.0648958,0.015805153,0.8593727,0.010133401,0.008851998,0.018560145,0.017007697,0.008415011,0.013715351,0.008849362,0.04339194,0.000681028,0.3586655,0.018787146,0.003046721,0.025198335,0.0814535,0.01698746,0.012418415
10282,0.36527497,0.15412748,0.0065521826,0.012062238,0.7342691,0.59826523,0.003168442,0.26006487,0.25198403,0.06309356,0.030029532,0.006836897,0.019555181,0.0125747435,0.027908402,0.08950013,0.0005898651,0.1216794,0.010304044,0.0046696174,0.040809546,0.32858065,0.004448067,0.075952
10284,0.2284169,0.11561915,0.04162719,0.0042487164,0.22956035,0.06193505,0.032081038,0.11572195,0.0810077,0.1252603,0.0031642397,0.002778505,0.937828,0.026025845,0.012722553,0.037403632,0.0008150138,0.011649195,0.17520963,0.009376623,0.0033088287,0.3847599,0.0044067753,0.025901958
10285,0.38337597,0.44993886,0.031615593,0.023729173,0.13542001,0.06419186,0.025098475,0.6722629,0.052257583,0.013312377,0.013306848,0.07151253,0.00832173,0.003773737,0.018341487,0.039105088,0.00080994924,0.335899,0.05204347,0.008417466,0.038588617,0.18659537,0.29727313,0.058713958
10286,0.031669077,0.08150471,0.0020851824,0.13807589,0.12263714,0.051467363,0.0036797149,0.8858581,0.017304083,0.016068868,0.047196925,0.12625654,0.0063972683,0.008595975,0.027928185,0.23987843,0.00072020286,0.68826044,0.0043627755,0.0024577172,0.005497804,0.12024772,0.16424543,0.01624512
10288,0.65127486,0.69837046,0.099632084,0.00592272,0.043346386,0.01262423,0.0047201524,0.21624257,0.10724745,0.8725249,0.0026770437,0.030074773,0.7827278,0.007173818,0.012736635,0.035105255,0.00074700644,0.042040117,0.7092602,0.016364425,0.004130681,0.1989569,0.0408856,0.022526402
10294,0.012613198,0.031376958,0.018581789,0.024637436,0.5417734,0.036001977,0.007196636,0.7673477,0.10351741,0.08922114,0.0035272143,0.004440961,0.019354835,0.034093957,0.03132132,0.021153731,0.0006555039,0.8165235,0.0119854845,0.0048879636,0.021891333,0.039049525,0.005958698,0.0026173275
10295,0.1998583,0.020498347,0.0070061465,0.029523717,0.54035646,0.3117573,0.09953451,0.43408877,0.011099384,0.007430989,0.014548085,0.00930555,0.01225257,0.024899337,0.022362098,0.04933761,0.00085087446,0.13549964,0.024199782,0.0045397566,0.009768684,0.24629909,0.02841865,0.010207291
10297,0.3920986,0.80700135,0.03013718,0.01632003,0.19990152,0.06824303,0.0057956837,0.21735813,0.25662547,0.90866816,0.0060631377,0.029933278,0.12625206,0.004802785,0.024241826,0.13211605,0.00064496964,0.12839091,0.08748809,0.0046299202,0.027815275,0.20338702,0.0057905205,0.010535263
10303,0.34621105,0.5851346,0.14358011,0.09190591,0.42423654,0.04252487,0.01679766,0.1572244,0.3334358,0.25143713,0.008132624,0.055279505,0.01655278,0.013404485,0.03843111,0.04448337,0.0007218001,0.2332736,0.14554778,0.012538135,0.013698694,0.06431839,0.044863984,0.0415515
10304,0.009915696,0.021294158,0.004931235,0.015217436,0.4359174,0.07955919,0.0030179338,0.60530484,0.03505831,0.054285556,0.022366805,0.0030330515,0.45507398,0.010206684,0.01273251,0.15488814,0.0005349551,0.2327707,0.0067680036,0.006238045,0.0031394796,0.31590027,0.005533514,0.0021090957
10309,0.29977933,0.036814533,0.0011209986,0.016011784,0.41574836,0.66477793,0.00580593,0.73382,0.005472702,0.0063174497,0.030175854,0.020595055,0.0026611898,0.003913158,0.0043159416,0.12986173,0.0007957152,0.5250713,0.039259955,0.0013001726,0.013710663,0.52620125,0.011536134,0.0042089415
10312,0.53744197,0.34993038,0.01879509,0.043642752,0.18976644,0.035198648,0.011029189,0.40153295,0.0350201,0.023240924,0.013137409,0.13175672,0.009252142,0.00501403,0.011164273,0.057557665,0.00085659535,0.14953227,0.33426437,0.008711735,0.012002741,0.3287961,0.27551475,0.03433073
10314,0.018510036,0.012723188,0.0071750507,0.01482703,0.2841676,0.03669824,0.0022065844,0.8584721,0.032280825,0.010999602,0.011788109,0.0034131098,0.037742455,0.02438384,0.023823842,0.06611807,0.00053680723,0.7177824,0.015925579,0.004047937,0.014050211,0.14620817,0.011930166,0.006633118
10317,0.11320974,0.03979136,0.0058358232,0.12582722,0.119812965,0.62948436,0.022175107,0.7307866,0.015853766,0.013903889,0.04097191,0.12001285,0.014869102,0.00534354,0.010283495,0.062215216,0.00067795685,0.043015644,0.03665954,0.004439751,0.011798257,0.29866034,0.08291647,0.079890184
10320,0.13375425,0.02817199,0.0058361273,0.025222382,0.25804177,0.58169746,0.00176543,0.71402955,0.0073791314,0.008392246,0.11162033,0.0122407675,0.048260223,0.024367537,0.053098623,0.07496983,0.00043288662,0.36080104,0.00627354,0.021045294,0.02863869,0.48749962,0.0026210544,0.05116497
10325,0.15971069,0.03590898,0.0015406302,0.07775046,0.028445078,0.64602363,0.07593571,0.91459835,0.004599925,0.004645412,0.022996902,0.06365055,0.056152575,0.016966412,0.004836795,0.044020407,0.000700645,0.030553427,0.008802526,0.0027713387,0.015699089,0.47648895,0.087999836,0.060521632
10330,0.44347185,0.6209686,0.15998352,0.016883187,0.55967754,0.17286192,0.0049419,0.14704028,0.4055484,0.15254687,0.042867836,0.01125015,0.033637274,0.014022758,0.020983266,0.02770281,0.00060273916,0.14693801,0.16989103,0.03859895,0.2959483,0.13080274,0.011967518,0.0029439924
10332,0.10990512,0.06961408,0.0099938875,0.020634355,0.44850612,0.03975148,0.032352768,0.41386104,0.016830144,0.08181977,0.0048946035,0.018587071,0.15921007,0.0064108917,0.009164898,0.09876928,0.00079978484,0.092807606,0.04157934,0.0078053866,0.0063227625,0.09859548,0.06405291,0.004817158
10333,0.1404419,0.008838641,0.002917969,0.017327452,0.26642227,0.35720226,0.029804407,0.41329998,0.0042589447,0.024024725,0.011077707,0.010709023,0.22381572,0.008475533,0.005106902,0.090986185,0.00072091975,0.094190165,0.059039686,0.0037597353,0.0061977874,0.49828264,0.006296146,0.007109591
10335,0.016675655,0.021616986,0.0052013528,0.02628456,0.6187338,0.13437895,0.010726871,0.61274314,0.01094015,0.009793721,0.04654087,0.04681937,0.02755821,0.005552665,0.0124443965,0.2343868,0.00088807096,0.21131729,0.0071257553,0.0032287918,0.0011263363,0.33803746,0.01886411,0.013275686
10339,0.022308638,0.005162321,0.0014347737,0.047320183,0.50755465,0.26015145,0.007208071,0.92498136,0.018243253,0.010990207,0.009322547,0.0039362093,0.024262605,0.036689363,0.0030707826,0.09667656,0.00062107696,0.05607494,0.0077455146,0.0035415408,0.035312276,0.26656199,0.0044280565,0.0033629793
10340,0.031549454,0.011657356,0.0021501153,0.026945291,0.58337563,0.23997515,0.004814162,0.6115796,0.008135937,0.0087896045,0.02199321,0.0067767412,0.01368904,0.012441349,0.024149287,0.09644839,0.0006317355,0.56605875,0.0075500957,0.0033389612,0.005783094,0.24435593,0.0038611586,0.019809328
10342,0.07632345,0.106571905,0.008571515,0.02165356,0.4753716,0.10431575,0.0056414376,0.76707804,0.036348928,0.00688753,0.021213965,0.0121899415,0.0025955809,0.009271758,0.020170536,0.013313217,0.00061355816,0.2962456,0.0034690863,0.010079023,0.09616089,0.16095752,0.0077990564,0.065310575
10344,0.5346961,0.13450103,0.14902842,0.002326602,0.65504354,0.1329895,0.0035554606,0.18529539,0.61569756,0.04584756,0.011601981,0.0028745732,0.09434227,0.0051746927,0.02912516,0.046965815,0.0006421755,0.12766397,0.8441523,0.021039331,0.016568258,0.25081274,0.009214336,0.00065680366
10348,0.035007022,0.039413363,0.011029543,0.04316798,0.55345684,0.13398504,0.0030399256,0.65304583,0.049710408,0.045126848,0.009701666,0.007162524,0.0055348943,0.048212904,0.018213809,0.052533872,0.0006150204,0.4389224,0.021628778,0.0017189687,0.018043233,0.11658483,0.006065805,0.002444682
10350,0.5797629,0.1414323,0.0207284,0.00907652,0.50467616,0.8477791,0.0035098318,0.39928058,0.057699885,0.026384626,0.015935468,0.019683655,0.013407601,0.011164347,0.024092868,0.026727466,0.00071610406,0.09472549,0.03899096,0.015598855,0.0034783348,0.46679714,0.0056916843,0.028385922
10352,0.2973513,0.015398482,0.0018322042,0.00820211,0.37282285,0.7527181,0.0013359593,0.6504182,0.008806816,0.007186425,0.14219171,0.005259505,0.01595194,0.003194338,0.011657223,0.1700331,0.00054362125,0.21914361,0.01778293,0.0011855769,0.021137333,0.74568826,0.0041164,0.021658253
10355,0.009460523,0.045896582,0.017789636,0.012497918,0.5522432,0.11969383,0.004589008,0.7424996,0.09085007,0.0309595,0.017769784,0.0056236456,0.055980075,0.01785862,0.021847941,0.084472984,0.000571721,0.3983073,0.008448523,0.011825551,0.0059181396,0.13051227,0.010448236,0.008483154
10357,0.30867743,0.042745393,0.0034642909,0.031994164,0.33200273,0.843942,0.014537219,0.34195703,0.01719496,0.0054725385,0.06908781,0.011167284,0.012091782,0.0047275233,0.008946517,0.030783106,0.0008211268,0.05029212,0.036708675,0.0036450552,0.012464659,0.5903898,0.011892515,0.0983171
10361,0.040285967,0.08229665,0.015492284,0.06413892,0.62462497,0.39026242,0.0013949642,0.7043088,0.054022986,0.100199394,0.025618711,0.011827731,0.008525999,0.028169217,0.106054746,0.07371449,0.00055200205,0.42113677,0.00598054,0.015614018,0.012371701,0.18690288,0.0009788367,0.010878207
10362,0.024903232,0.015726043,0.03341012,0.047432464,0.20247869,0.006705943,0.82992846,0.14643629,0.05629078,0.023862176,0.001473578,0.011543569,0.034281053,0.022120053,0.008008811,0.018753743,0.0016994365,0.13483745,0.36882517,0.049630772,0.0075006955,0.04382099,0.005245279,0.0009966628
10370,0.17969666,0.062833585,0.009958227,0.010781282,0.6896318,0.23767316,0.003890328,0.475097,0.02783566,0.02610457,0.011017186,0.0021438634,0.031283353,0.017883588,0.03189768,0.022539634,0.00063557486,0.19966601,0.009366958,0.009823857,0.041695178,0.15002415,0.00354757,0.13717437
10376,0.031140378,0.010089167,0.008777425,0.016989585,0.55377316,0.12984759,0.0014956025,0.7144934,0.02430275,0.026536817,0.03337163,0.006115592,0.09983348,0.02514227,0.055195566,0.030687597,0.00045703942,0.5939945,0.016263181,0.0056459224,0.009905543,0.14901747,0.024675554,0.0043314365
10379,0.058577955,0.017210197,0.008010478,0.015859429,0.68996173,0.059348032,0.034392294,0.081630714,0.061821602,0.049786225,0.011296677,0.0052364687,0.37741658,0.012562198,0.03295807,0.20320886,0.0007960982,0.09686211,0.057907473,0.012991727,0.009729344,0.13191177,0.0014471366,0.006157642
10380,0.13762894,0.03851654,0.008734461,0.013841846,0.680846,0.1682069,0.025699569,0.2157144,0.07633535,0.083993495,0.0069312,0.0030151573,0.045726694,0.006068554,0.006695324,0.07215582,0.0010063718,0.0601964,0.25189185,0.014436166,0.008459723,0.26726237,0.0016815739,0.0016219513
10381,0.7664859,0.5468563,0.011339465,0.040310577,0.060602482,0.11223328,0.071374245,0.4561847,0.012381289,0.0057041813,0.010295242,0.4922037,0.025726076,0.007379344,0.010831065,0.03359192,0.0010835666,0.033264656,0.10281471,0.013381645,0.0040998473,0.4938461,0.94210494,0.010795336
10382,0.047063332,0.027108738,0.005054904,0.098273315,0.32666197,0.25258747,0.046075027,0.70824677,0.009752185,0.11319043,0.007088577,0.02522958,0.018493628,0.06641129,0.005599754,0.025994267,0.00064476987,0.07536894,0.0468006,0.0046766745,0.0072172014,0.08133732,0.024129812,0.0046146135
10385,0.47420588,0.7806454,0.10517355,0.027611393,0.35114622,0.09474095,0.0077805286,0.35996607,0.1941651,0.14976208,0.019275166,0.03780838,0.02244699,0.011620128,0.030526543,0.020317225,0.00068247295,0.17626525,0.14585464,0.021633487,0.015426718,0.19035725,0.040909026,0.05843515
10388,0.043796938,0.004698816,0.0010717012,0.29465505,0.11981084,0.46733135,0.05750991,0.8215569,0.00078206183,0.010893688,0.070089325,0.08240064,0.031785883,0.021731494,0.011483522,0.19315578,0.0008114695,0.12031999,0.012599451,0.0043841074,0.002106023,0.422909,0.09176056,0.0054488224
10394,0.108236715,0.020189224,0.004946847,0.009406447,0.41297674,0.12792644,0.0054504923,0.53644556,0.011350627,0.160988,0.036117643,0.017039966,0.06060529,0.012194954,0.028279841,0.085347295,0.00057796144,0.48243856,0.011638685,0.0053877938,0.007964997,0.34571424,0.027158167,0.012909865
10405,0.42090467,0.36815935,0.05042547,0.06776486,0.58368623,0.03471229,0.06857023,0.45222265,0.14276451,0.09171729,0.0018095779,0.032341544,0.001980873,0.15328082,0.01706499,0.006247307,0.0010685821,0.11705488,0.09843362,0.020067615,0.027489616,0.032471955,0.008257977,0.016533324
10406,0.27171683,0.27863872,0.014749991,0.081277505,0.31910154,0.40065724,0.0088579655,0.2624378,0.0445834,0.08175651,0.023033926,0.018315237,0.13018696,0.014259075,0.02640762,0.11854636,0.00066694536,0.105255194,0.115141146,0.0054195,0.036607936,0.44563717,0.010868248,0.044228535
10407,0.018305732,0.008420865,0.009394799,0.027440686,0.6551835,0.08815255,0.0030479105,0.29184312,0.017923765,0.09341668,0.021919468,0.008763621,0.36684775,0.042186264,0.051642276,0.18473268,0.00056119706,0.38707703,0.0428731,0.011399821,0.0020368476,0.27119318,0.0029711328,0.0026538696
10410,0.039817195,0.012538117,0.0040467414,0.26561284,0.11833238,0.023057079,0.584376,0.7027208,0.0025905038,0.0064565,0.0037156579,0.19621749,0.0028546304,0.030212693,0.013026129,0.0146574695,0.0012675836,0.13193648,0.013371205,0.008619336,0.0062957793,0.061184775,0.06661984,0.005119985
10412,0.02085145,0.13364743,0.01215089,0.019043162,0.2630257,0.02228764,0.005061696,0.78921914,0.12305692,0.07613726,0.004239469,0.006508298,0.046162594,0.051295575,0.03269814,0.046876915,0.0005491378,0.41048506,0.028794885,0.0017853277,0.006338351,0.044396583,0.0037835555,0.029950062
10414,0.05890596,0.04856232,0.012846431,0.04491992,0.36563095,0.13035788,0.001422336,0.65090495,0.01609912,0.06429717,0.053424593,0.018516894,0.23390505,0.026104862,0.13765796,0.13348666,0.00048586738,0.43976137,0.0042078765,0.013225571,0.015717572,0.20876282,0.0048148204,0.03135609
10415,0.4954612,0.078591965,0.007413477,0.0072557265,0.503949,0.74383146,0.0025910346,0.5068487,0.049158677,0.03592001,0.027564785,0.006322259,0.016134212,0.014356173,0.027086018,0.10631769,0.00065695174,0.19195265,0.0073769554,0.005911035,0.028773244,0.59746957,0.009974041,0.10666078
10416,0.21157336,0.09202375,0.008561985,0.52091324,0.030946545,0.053675137,0.10526417,0.89944,0.00687462,0.013101595,0.0070340214,0.5157497,0.0038525003,0.0042415266,0.005380345,0.008806447,0.0012129806,0.10439149,0.04574387,0.021724796,0.009164148,0.12215172,0.5880518,0.1930447
10417,0.053314526,0.41648436,0.061925963,0.06163763,0.25724882,0.006270791,0.038590897,0.10787371,0.15325381,0.1594276,0.006217517,0.014111046,0.45005754,0.013444329,0.03861378,0.03728053,0.000786759,0.07181464,0.18029922,0.008342301,0.0036464965,0.0484839,0.010915133,0.026323037
10421,0.03658279,0.07971623,0.022660544,0.020585282,0.830174,0.35005116,0.0097212065,0.24993531,0.0785004,0.08118218,0.04242218,0.008874081,0.022669781,0.008382994,0.0919372,0.12569503,0.0006723371,0.31368494,0.013940031,0.011238037,0.0053860694,0.20688477,0.0014343399,0.013326446
10429,0.067754984,0.033465542,0.0048718355,0.049504388,0.41026387,0.051541355,0.005628346,0.61519206,0.021778256,0.022059286,0.0113387965,0.020835359,0.008438139,0.008939598,0.0038347526,0.06971587,0.00065482606,0.3846753,0.054933034,0.0049144076,0.01009975,0.18101107,0.009089336,0.0035392765
10439,0.017411735,0.0645478,0.03792013,0.0041778,0.90025234,0.06411604,0.0029815885,0.3347033,0.24818388,0.028230824,0.0065838806,0.0053832373,0.060088236,0.015723497,0.045907088,0.011861764,0.00057052827,0.24610706,0.016733669,0.018204363,0.0120423315,0.06900733,0.0032908844,0.002461947
10440,0.016432863,0.0062318733,0.0044223,0.04460485,0.49066952,0.25069976,0.021062423,0.7489744,0.00946852,0.013368198,0.018470963,0.016215593,0.029356282,0.033471912,0.02481941,0.02282814,0.00070407713,0.40726793,0.0028230918,0.0123360185,0.005965532,0.1243917,0.0048169773,0.0037652133
10444,0.21304518,0.026600285,0.00924672,0.008198775,0.77701396,0.47770557,0.0091799,0.18002401,0.020199485,0.011490343,0.026489694,0.0061715213,0.09156789,0.0027018907,0.0084153805,0.05252312,0.00068981695,0.03484773,0.04489088,0.0151508935,0.0029102126,0.42225218,0.0041154386,0.008118452
10447,0.12753472,0.2489538,0.013923306,0.16255723,0.13235933,0.040961828,0.008439855,0.78529495,0.0103865005,0.12620902,0.006501082,0.55831516,0.0070727267,0.0092509445,0.020964446,0.02555576,0.00074610155,0.7791768,0.006352807,0.0043068817,0.0027717287,0.087699234,0.09492395,0.04605139
10449,0.09884821,0.012931741,0.0023212072,0.059756663,0.38716507,0.7617868,0.033544693,0.6943101,0.0058461847,0.004490452,0.0227652,0.008895471,0.009827656,0.016590796,0.0052673817,0.1645463,0.000765316,0.123666614,0.009256733,0.0026642974,0.011719219,0.69031054,0.008263333,0.015313076
10450,0.33286738,0.15147975,0.0377729,0.033059474,0.21046549,0.031806864,0.015006781,0.3119909,0.05910534,0.10530356,0.0070375227,0.053986832,0.110686764,0.0075399447,0.0070483238,0.07315139,0.00095439656,0.102774866,0.500269,0.036484797,0.010812715,0.16826136,0.04025396,0.007971519
10454,0.033644296,0.07836764,0.02482764,0.024203042,0.29973617,0.06685095,0.011433943,0.726115,0.014527386,0.03340831,0.0152019635,0.028722173,0.013994254,0.054651532,0.037302118,0.024125868,0.00082275283,0.39741144,0.01323232,0.007011815,0.0027947568,0.124309085,0.01982786,0.0047769314
10455,0.04394588,0.01804466,0.0046635177,0.0138323,0.2606011,0.09796631,0.043636315,0.74998534,0.0036004419,0.050710093,0.0028265358,0.014575768,0.14277259,0.0073508844,0.0029504602,0.04969703,0.00099845,0.020785581,0.012984624,0.007141666,0.004666376,0.29175603,0.015099198,0.027163096
10457,0.018581301,0.26160708,0.03584447,0.012114234,0.5278753,0.014251477,0.001988583,0.58649576,0.3535838,0.17677718,0.006846017,0.016675342,0.074756354,0.006256236,0.042769093,0.0174193,0.00054066465,0.32599038,0.016233228,0.013116838,0.0033794923,0.058019225,0.0123387035,0.00937684
10459,0.005582376,0.01475756,0.00790985,0.15679497,0.34684843,0.023604734,0.0109069925,0.85338664,0.013678774,0.09574894,0.014104539,0.023529952,0.026819354,0.0059879147,0.007477923,0.1727308,0.00067894196,0.7226988,0.0536801,0.00443773,0.0053626196,0.092255756,0.009796865,0.001012069
10460,0.034144264,0.015536601,0.006985999,0.009484557,0.35119486,0.04638913,0.07763297,0.33919033,0.0101834135,0.031979684,0.0062168483,0.013711991,0.09778129,0.025285956,0.025106136,0.03734735,0.0008235478,0.7705562,0.018112777,0.006032719,0.004062622,0.12409862,0.021120962,0.0006811257
10466,0.016577048,0.02077252,0.01075835,0.03738281,0.3062434,0.03279792,0.0060571055,0.73903894,0.05930794,0.024752164,0.009537672,0.012528521,0.05500292,0.0287193,0.025862806,0.030119525,0.00061924406,0.31292355,0.008258926,0.007816041,0.0072954907,0.13607448,0.019783111,0.010945821
10470,0.01933889,0.031870272,0.015484278,0.027452322,0.14525114,0.041251503,0.039581902,0.6376318,0.078916095,0.12401499,0.0062209503,0.0077162627,0.1310311,0.015512478,0.0029543412,0.18867527,0.0008213299,0.060521092,0.042600304,0.0043045697,0.009166421,0.41175002,0.014981864,0.0020661259
10475,0.37473118,0.14442265,0.017801603,0.012668367,0.18751514,0.0901616,0.04640274,0.05674209,0.01976439,0.70951134,0.0017053831,0.02474937,0.8192649,0.02126639,0.010151439,0.10997488,0.00089890667,0.006802208,0.2849335,0.00606104,0.001978292,0.47704884,0.001869898,0.00260297
10483,0.018149545,0.059778854,0.053591687,0.005184939,0.88024926,0.016384149,0.0027348034,0.5492369,0.09479866,0.06315155,0.004725915,0.0042762486,0.07438684,0.011272189,0.03046759,0.010708448,0.0005423224,0.6482899,0.031339757,0.010923239,0.0047673336,0.03084247,0.011141634,0.004690042
10484,0.7030937,0.5006931,0.024384111,0.048330326,0.030709537,0.08868539,0.03677453,0.7355064,0.020362707,0.026853863,0.008476074,0.10032004,0.013218082,0.009180221,0.009498077,0.019522073,0.00093652774,0.04666839,0.093838364,0.01423848,0.010522621,0.3485275,0.60770714,0.05443637
10485,0.38450855,0.061035175,0.0030782379,0.012796964,0.3504795,0.56416875,0.0046325754,0.6349804,0.005960128,0.017770674,0.012964449,0.011339855,0.06384472,0.009884064,0.0038360953,0.04320248,0.0006871249,0.10495357,0.047583885,0.0038251157,0.012315991,0.5034867,0.016610445,0.028049883
10486,0.034664437,0.5257636,0.77698755,0.041809924,0.8425621,0.014927004,0.012016473,0.114953004,0.8361504,0.75985295,0.0027516023,0.008290344,0.16427037,0.05640299,0.14527959,0.014149586,0.00065429806,0.14514843,0.10449084,0.073314,0.02534492,0.022830725,0.0061943196,0.0030791468
10492,0.051278416,0.008460254,0.0024712405,0.09387137,0.43958566,0.24254951,0.017757587,0.7613694,0.0039693597,0.008139621,0.03112652,0.040385984,0.0048558987,0.0043853293,0.0054168017,0.07731078,0.0008705934,0.2627966,0.010243316,0.0037445098,0.013736085,0.20953692,0.022187166,0.013519487
10493,0.23604341,0.60766304,0.021595633,0.011762457,0.11570721,0.03784247,0.0015491217,0.716754,0.17529234,0.08487356,0.009420569,0.01455588,0.16282791,0.0069330847,0.01604494,0.1534322,0.0006089741,0.332726,0.024037328,0.010594308,0.012377687,0.31400302,0.047242675,0.10813309
10494,0.048118796,0.108369015,0.026691161,0.0075070844,0.14171493,0.14633651,0.009140525,0.50572586,0.04524851,0.36857152,0.042417433,0.0038424344,0.47069037,0.021902647,0.010544224,0.5436039,0.0006129219,0.22572555,0.09714839,0.008811904,0.0019877837,0.5268857,0.0071767666,0.0011691505
10495,0.025993062,0.03812402,0.01153259,0.08267543,0.36911702,0.03834945,0.0074978704,0.89165765,0.025804335,0.021831723,0.008449945,0.021506635,0.02804898,0.09187844,0.16146319,0.036853444,0.00064736645,0.75247836,0.0069344137,0.0037930408,0.0021544779,0.026765313,0.13361299,0.015603843
10496,0.057128362,0.015876705,0.0036528336,0.04811104,0.10088222,0.3590357,0.02158082,0.5666951,0.0066608153,0.023105748,0.06325641,0.016914882,0.19859187,0.034560416,0.01575438,0.5258379,0.0006806283,0.15205437,0.0061513097,0.006589672,0.001021493,0.64144564,0.01363327,0.016432755
10497,0.20808056,0.012504458,0.0041870307,0.08537743,0.5673905,0.9487962,0.04041239,0.43322363,0.0071733864,0.0036315792,0.0461024,0.016197901,0.0013319745,0.024154194,0.0050403588,0.04930745,0.0008837525,0.061863825,0.0126501415,0.0062769926,0.005666522,0.62456995,0.0016985347,0.022601644
10500,0.47256026,0.3510594,0.026754018,0.005082308,0.05968283,0.04031055,0.005390337,0.34131,0.14558843,0.19280949,0.018803915,0.06098166,0.089649536,0.0040732548,0.017629484,0.15275636,0.0007517894,0.13146736,0.6603129,0.008307438,0.0039960095,0.6010228,0.11490375,0.0046835802
10501,0.012388918,0.020040687,0.007942355,0.041240886,0.6339118,0.040715538,0.0072696367,0.6855449,0.022649288,0.030913273,0.008943891,0.009190454,0.013215352,0.055634994,0.16804674,0.011006587,0.0006521586,0.8761599,0.0053012185,0.004003764,0.04768236,0.045164343,0.008210089,0.020454086
10507,0.03565323,0.071955755,0.012037839,0.047198243,0.45976573,0.09376595,0.0110229915,0.7433367,0.087502725,0.019656267,0.0039693355,0.007964873,0.03148493,0.17036146,0.039414473,0.01076304,0.0005367098,0.23338501,0.0054440596,0.006648018,0.047034286,0.03484401,0.007086732,0.03037133
10508,0.15079755,0.2628206,0.05875137,0.056752827,0.28558347,0.057498835,0.018019289,0.37948614,0.07676159,0.23741804,0.005576407,0.104783595,0.031937968,0.0073553524,0.19396754,0.01223074,0.00072445185,0.41213235,0.020574002,0.021950629,0.002855247,0.03531689,0.029861597,0.011110549
10510,0.717463,0.051376536,0.004777144,0.014846539,0.2057715,0.70645183,0.0069297366,0.5960162,0.0054377224,0.009529212,0.028763399,0.021478757,0.050959546,0.008575117,0.005135307,0.09521033,0.0007372989,0.022696462,0.13755201,0.0038217017,0.0034828729,0.82404864,0.040705718,0.010794303
10514,0.056473337,0.05774832,0.023057595,0.18028414,0.69773,0.07092151,0.050694786,0.2625203,0.19092682,0.05619683,0.009933698,0.034423683,0.012492005,0.01895644,0.017672984,0.05412641,0.00082431006,0.08759446,0.06433816,0.0053973235,0.038385868,0.041717485,0.018984597,0.0077400417
10518,0.0052513634,0.01754974,0.0057078283,0.04791895,0.42506966,0.024928963,0.013236865,0.62880415,0.020177813,0.013036653,0.016608061,0.09251557,0.029463029,0.015452167,0.030017814,0.055177692,0.0008247961,0.695436,0.0121435765,0.009020731,0.0030757529,0.06189944,0.029039077,0.02852911
10520,0.116162024,0.08268107,0.011996099,0.030446136,0.57315195,0.44045156,0.0032362523,0.6264441,0.04073902,0.051150434,0.045920048,0.021951566,0.025358839,0.014667327,0.046963967,0.010132525,0.0005645832,0.22662792,0.007988762,0.0060117054,0.02095282,0.109868586,0.014248972,0.122204036
10525,0.033294637,0.034446944,0.014153777,0.020918213,0.3354219,0.098907754,0.0069300025,0.86759144,0.072583854,0.071648076,0.046809,0.010779655,0.035071753,0.02736967,0.032067314,0.027448507,0.00045703287,0.30481446,0.022867572,0.0038263043,0.013464442,0.07750796,0.015260168,0.0072677815
10528,0.09228821,0.023831867,0.0038872526,0.18333204,0.5620532,0.09601854,0.023376513,0.5734377,0.013300545,0.023419367,0.003080532,0.08327347,0.003812293,0.07126066,0.027369099,0.006829791,0.0009841298,0.30205467,0.004273403,0.01085071,0.04101332,0.031647544,0.014440502,0.19399817
10529,0.015245227,0.1877682,0.09329237,0.028800586,0.40319362,0.025451891,0.08169863,0.46305373,0.3548109,0.06734446,0.0034612978,0.022721734,0.110153064,0.008847397,0.012907368,0.02088604,0.0009259639,0.04165177,0.024420869,0.047439832,0.001981982,0.038261566,0.011286132,0.011987805
10531,0.012214096,0.0065112864,0.006125698,0.006529461,0.67224336,0.29207057,0.0032201323,0.7314373,0.017098479,0.023650032,0.03271191,0.0011631121,0.018648634,0.03734857,0.05044372,0.043016117,0.00057611376,0.7107906,0.007169689,0.0028954148,0.002591899,0.21606208,0.002125394,0.0021529335
10532,0.3408468,0.07564644,0.003431146,0.024700735,0.31155658,0.5499881,0.002588654,0.6667564,0.010905038,0.031216167,0.04437122,0.008492082,0.034876294,0.010112038,0.006848501,0.091551736,0.00055611617,0.21846457,0.07483326,0.0033349,0.013204094,0.3124311,0.04452715,0.021356625
10534,0.0075772842,0.024547908,0.0074494584,0.030818162,0.7142167,0.06556392,0.0066690166,0.8068118,0.01554613,0.019869942,0.009168085,0.025914725,0.018314594,0.0052547622,0.024936276,0.0077283275,0.00062651833,0.4654763,0.008252113,0.009248502,0.0051882607,0.05753723,0.008643892,0.0017682683
10535,0.27307472,0.83299285,0.09890315,0.020240955,0.19874886,0.13597621,0.008879241,0.23570436,0.54580295,0.19939004,0.008493905,0.013590975,0.09576731,0.010561984,0.036279768,0.019629555,0.00068830856,0.04163962,0.10394457,0.016630702,0.014587437,0.09863973,0.010194162,0.2859139
10536,0.05948109,0.046992682,0.0034113147,0.01863779,0.43684924,0.13165839,0.011420525,0.75656253,0.011215164,0.028144756,0.031662837,0.011669382,0.013498956,0.011610948,0.010147544,0.09696711,0.0007661252,0.26592225,0.010762614,0.0012446679,0.009320706,0.261822,0.023094788,0.0033721158
10539,0.0025142268,0.018034272,0.020641752,0.0260534,0.4768169,0.012643246,0.009037666,0.8242804,0.20645706,0.05273405,0.0033572067,0.010321194,0.06107018,0.032160267,0.1058166,0.012754755,0.00069344154,0.53146154,0.0063539203,0.013373961,0.009333131,0.027826069,0.014176797,0.006429823
10543,0.04613211,0.04381673,0.011594815,0.1641896,0.08951637,0.020906396,0.0033914591,0.9278351,0.0139906285,0.04567454,0.025154592,0.18269084,0.01637976,0.021502277,0.053327236,0.030189183,0.0006369535,0.7162338,0.009578746,0.024625545,0.00818762,0.0754271,0.5118786,0.00949701
10544,0.045262735,0.04633531,0.04527679,0.10091708,0.32523248,0.01963421,0.20046775,0.728938,0.01763891,0.04316598,0.0018933491,0.030743472,0.002222046,0.11528481,0.037227906,0.008520483,0.0011692452,0.4216582,0.15301685,0.017434837,0.0033049,0.030724987,0.040461738,0.0030420811
10552,0.0047912295,0.020516004,0.00795474,0.041216165,0.34680662,0.0069066174,0.009737981,0.804986,0.031063573,0.045355007,0.0047535277,0.01983107,0.024539696,0.052610252,0.012058517,0.05996089,0.0006902592,0.76992404,0.015961016,0.0076474803,0.012465252,0.108191,0.015363329,0.002396023
10554,0.026087191,0.012153225,0.006463964,0.071400546,0.38582617,0.08586152,0.07459194,0.8025639,0.005115367,0.012864414,0.0119098695,0.036348544,0.0071666967,0.024472851,0.009248345,0.018624648,0.00071361684,0.5440019,0.020900818,0.0030531557,0.012509805,0.056273296,0.011968386,0.006792225
10555,0.045617707,0.012104404,0.000820864,0.0077500422,0.21362889,0.091893494,0.004821526,0.86237663,0.017532745,0.007827234,0.013965859,0.0047951196,0.026065268,0.012310813,0.0048101065,0.04505191,0.00069354364,0.32917193,0.019674713,0.00092934334,0.021762598,0.2111533,0.057431526,0.018946538
10566,0.09974539,0.048445046,0.011133761,0.015859481,0.78436,0.06698479,0.012889731,0.60054666,0.034636103,0.019372482,0.016191164,0.0081542665,0.011824515,0.016985627,0.016195174,0.012638152,0.0006556629,0.26264185,0.036571935,0.00951923,0.034481,0.08123372,0.012459977,0.01620139
10567,0.5987481,0.12118875,0.004143602,0.0073354375,0.22728546,0.46850666,0.0117766615,0.23042549,0.02739309,0.027208097,0.0065194224,0.010170416,0.39872488,0.009597361,0.004287683,0.07184842,0.0007684072,0.0074214605,0.15598631,0.0021176995,0.002760325,0.75442815,0.012423926,0.011632802
10571,0.46618932,0.6742582,0.24127981,0.04103516,0.183172,0.020863906,0.043636702,0.20805727,0.31758156,0.35094303,0.004108341,0.021310622,0.11024377,0.008433843,0.043942314,0.04810924,0.00083907886,0.060940664,0.46367562,0.04275147,0.009688526,0.09257155,0.01300955,0.003425221
10578,0.06360592,0.07969373,0.005214696,0.007816118,0.5113145,0.034233462,0.0075870585,0.42064455,0.08720923,0.03549793,0.00761355,0.00494299,0.06089728,0.014646537,0.016658945,0.056241404,0.0007170256,0.42614985,0.01565904,0.006026129,0.021600755,0.09489991,0.009584507,0.004704153
10583,0.73208296,0.4024645,0.043316156,0.038257226,0.22156648,0.2642469,0.061041314,0.41392487,0.04603983,0.042424977,0.0047184182,0.03399883,0.010132463,0.013210234,0.010373667,0.015317534,0.00082827325,0.08571834,0.05738864,0.011984491,0.021745346,0.18079679,0.011717722,0.0063302955
10584,0.084940284,0.049135465,0.013696876,0.10479529,0.19819902,0.55054384,0.11998641,0.6452271,0.024795134,0.022822998,0.012128622,0.014940166,0.060360175,0.02659501,0.023449976,0.039492268,0.0007695386,0.0339258,0.010648797,0.014598223,0.007919263,0.16185258,0.024662739,0.03453635
10586,0.010167148,0.093237735,0.01992665,0.024437087,0.61440617,0.027770756,0.0008191156,0.75553864,0.17062017,0.1859229,0.013981443,0.0048591997,0.051065564,0.014032915,0.02626555,0.07699685,0.00055037945,0.46815675,0.035054456,0.007655584,0.005588409,0.13655849,0.0064273197,0.0021473018
10587,0.11199798,0.10731115,0.030291619,0.0063618612,0.34230313,0.031935945,0.030107215,0.12035096,0.028528454,0.041703265,0.0035846669,0.0032694081,0.904231,0.0044634403,0.0041344315,0.08021948,0.0008192012,0.017611755,0.32526755,0.007146743,0.0018388807,0.35668543,0.0056591677,0.0014533221
10588,0.058673836,0.020474536,0.011864246,0.0015646719,0.89832413,0.12193863,0.0023533336,0.5034389,0.028753536,0.019975292,0.02550194,0.007817079,0.061558563,0.010411601,0.036044326,0.026671885,0.00059883716,0.33711046,0.016609946,0.016368233,0.008838219,0.15225708,0.009468945,0.0032429998
10592,0.27987024,0.025977597,0.0017848603,0.011684295,0.44029325,0.92140305,0.001513679,0.62262267,0.0055711716,0.006125097,0.0967491,0.009570069,0.02308393,0.0020019151,0.009327639,0.059594367,0.00061897235,0.11343711,0.011892835,0.0034993773,0.0033809415,0.55837756,0.0027160393,0.042615913
10594,0.27838963,0.013676413,0.0013732107,0.021265715,0.19841927,0.5656596,0.0034694094,0.5828343,0.0070881676,0.009296064,0.032016847,0.039777543,0.038936548,0.000964725,0.0015502084,0.38079622,0.0006999633,0.14160798,0.03245886,0.007657982,0.0051005078,0.6988767,0.07330372,0.006347048
10595,0.004468766,0.012356114,0.012043591,0.029261652,0.44255504,0.06805781,0.0034923588,0.7708488,0.033084262,0.036844585,0.029811727,0.0052443985,0.079264775,0.047930267,0.02566093,0.08436511,0.0005577538,0.5240055,0.0062905666,0.012335241,0.016905718,0.08929361,0.008449109,0.0033519971
10596,0.66835696,0.13859482,0.001884476,0.011163231,0.28636175,0.77191514,0.0022629404,0.35067526,0.009855267,0.04195158,0.059553217,0.009113314,0.11546714,0.002523519,0.0051715225,0.3218297,0.0007071475,0.028760241,0.12543762,0.001116043,0.0034058236,0.85687566,0.013882756,0.023268493
10599,0.21128105,0.27286398,0.005820859,0.064725935,0.07653036,0.08048066,0.028894836,0.7588552,0.013404769,0.0078004394,0.0059471778,0.096461706,0.009180321,0.003682634,0.010591015,0.011915825,0.0008946826,0.12497773,0.016877258,0.004747173,0.070927955,0.06900986,0.14298707,0.91103065
10602,0.0116128465,0.1867046,0.22144239,0.011809185,0.9465126,0.007310937,0.015052601,0.10756386,0.81163687,0.27941447,0.0016503626,0.010712419,0.2753233,0.024095083,0.053957615,0.007739335,0.00069528713,0.036082666,0.04462164,0.07186823,0.011178632,0.020591656,0.0023958327,0.00351852
10604,0.64693856,0.44149333,0.0072871526,0.020806191,0.043131046,0.22208732,0.035146754,0.3796318,0.01886541,0.028471334,0.03156813,0.05212801,0.07159811,0.00509243,0.0026592491,0.080277145,0.0008230104,0.021950066,0.35853803,0.0021887077,0.0042082565,0.4574462,0.09981621,0.038167953
10610,0.07814698,0.09683781,0.013759134,0.017634498,0.32154414,0.31943327,0.008873305,0.5035275,0.045909304,0.08218547,0.021051675,0.007810729,0.4068423,0.02370326,0.020948295,0.05838793,0.0005769328,0.042832512,0.015807446,0.007758836,0.004864628,0.26512003,0.002347506,0.01181807
10615,0.046610188,0.19040889,0.02032603,0.013795093,0.18227887,0.022452882,0.0019087183,0.51115453,0.15762524,0.1849586,0.01109602,0.00819703,0.54499495,0.005945306,0.04515144,0.11595269,0.0007016449,0.09087892,0.09126535,0.0072867004,0.0030072925,0.19608268,0.008853726,0.050882332
10616,0.008178939,0.021040851,0.031922027,0.023368664,0.9394479,0.00747719,0.0384665,0.39864045,0.12260723,0.03264165,0.0020621733,0.00696558,0.008090488,0.028419038,0.022530349,0.007597283,0.0007786453,0.2287751,0.013060221,0.024312284,0.020431336,0.015732687,0.013468947,0.002188997
10617,0.026798168,0.050817464,0.021258859,0.011936621,0.9094089,0.028541118,0.0058692154,0.34782076,0.17732564,0.07215553,0.0042574545,0.008668631,0.028903197,0.017498659,0.02125319,0.007782955,0.0006670881,0.44312912,0.00908063,0.0033145787,0.077540725,0.01696292,0.0029915501,0.017053036
10622,0.60985214,0.44768515,0.032090947,0.013839327,0.19959329,0.017577838,0.016761836,0.05035623,0.07858336,0.21839501,0.008594517,0.01455856,0.7096633,0.007035207,0.008387986,0.09572159,0.0007099011,0.029723177,0.80713856,0.009492059,0.020828497,0.32358402,0.016111467,0.0101343235
10624,0.58863676,0.078402795,0.0006415298,0.040702578,0.123168044,0.69772804,0.036901116,0.6459902,0.0024428337,0.0019701463,0.024953024,0.045401596,0.009963108,0.005474719,0.0016949114,0.16293448,0.000907436,0.034001555,0.024580318,0.0015776993,0.0064899665,0.8452238,0.07160974,0.049119405
10627,0.5176055,0.23331979,0.01693062,0.008134602,0.22433756,0.14923579,0.0045821955,0.32755554,0.026918842,0.301833,0.009051533,0.013995701,0.36034662,0.017362643,0.009691671,0.038831584,0.00062663713,0.15487783,0.06202162,0.0046092463,0.021051016,0.332446,0.027626647,0.021381611
10630,0.19969454,0.05120503,0.0014006783,0.0068919933,0.22616777,0.36669722,0.0024477327,0.6900473,0.0056726565,0.031314045,0.060756274,0.023740444,0.06058991,0.012627268,0.0121717295,0.21776031,0.0005903066,0.5299329,0.009581136,0.0063367267,0.0008980904,0.6193394,0.04458166,0.010323118
10633,0.039527733,0.08814874,0.00978279,0.018903757,0.5135483,0.026538974,0.005098004,0.65037555,0.02717104,0.039630145,0.00489013,0.008110388,0.004974638,0.0135134915,0.027722238,0.019645551,0.00083136256,0.7732055,0.012316856,0.008145921,0.011832601,0.058189463,0.039763022,0.014599389
10634,0.072091945,0.080563605,0.002986839,0.014680571,0.1335313,0.020140292,0.005530833,0.8445926,0.0069266427,0.065930486,0.0127434,0.008229245,0.040340565,0.01244019,0.00659276,0.08967281,0.0005887123,0.40155432,0.028145937,0.0044386867,0.039051328,0.24408744,0.016342405,0.04644012
10635,0.35484073,0.09122656,0.047386896,0.002080314,0.43253508,0.017359445,0.013917376,0.13758396,0.20387162,0.29562,0.003856873,0.0035767865,0.37266484,0.04389233,0.012846714,0.03653485,0.00077466946,0.09842198,0.81608266,0.024328923,0.0035839651,0.24003273,0.005040624,0.00041759273
10636,0.16010797,0.009836666,0.011154029,0.020671211,0.43303633,0.34988576,0.010325793,0.55187625,0.020245353,0.055233553,0.018075788,0.007079877,0.03516258,0.09876488,0.02415629,0.029432183,0.0006491087,0.08942851,0.022523893,0.012096328,0.029382862,0.15992457,0.007588006,0.022307262
10642,0.007833977,0.005675556,0.0038368513,0.003919892,0.2661908,0.19294752,0.0023636287,0.72975016,0.015688416,0.05038666,0.048280608,0.0031720344,0.4156985,0.015157441,0.014423661,0.5747246,0.0005358242,0.3026133,0.03080825,0.0034818884,0.0007877947,0.49124134,0.005990396,0.00036416523
10646,0.021850849,0.07160486,0.033396974,0.046576023,0.67696923,0.021252302,0.0038544624,0.65187097,0.06474146,0.44451207,0.0073505496,0.01043357,0.021393927,0.016444134,0.029765677,0.025299732,0.000697804,0.5001662,0.056957915,0.009894339,0.006914586,0.08014983,0.0065395283,0.017827677
10647,0.013549875,0.0036590067,0.002366644,0.05566103,0.5573281,0.13148725,0.008222185,0.74959487,0.006794828,0.016912472,0.029945478,0.009907564,0.009992425,0.0147771025,0.010346094,0.066290826,0.00057784026,0.5850909,0.015144561,0.0068687494,0.019157872,0.15427998,0.008209204,0.0025611536
10648,0.047184277,0.10241463,0.02033222,0.04654094,0.19536789,0.0709632,0.01365058,0.62673527,0.020008055,0.05822103,0.008309512,0.032805055,0.02064086,0.01037258,0.014727901,0.026196035,0.00078754924,0.66101736,0.030619917,0.008879115,0.0046575675,0.22698459,0.019110052,0.013454863
10653,0.011925165,0.04862803,0.026318096,0.007489037,0.4785204,0.026550895,0.011679385,0.16436513,0.13435754,0.6275003,0.0020910904,0.012672889,0.7861296,0.021007651,0.035163764,0.08881296,0.00069445634,0.029191628,0.01610512,0.008420973,0.0021671094,0.14152308,0.0053616203,0.0038781604
10655,0.007418068,0.011764962,0.01204829,0.031015558,0.4125916,0.04084551,0.005546828,0.8609631,0.042768788,0.04265063,0.0048225857,0.002408881,0.06967308,0.019570433,0.020505428,0.035633095,0.0006289108,0.48738346,0.03899156,0.003151297,0.0043933857,0.08003881,0.0026973085,0.0041342233
10659,0.0070778057,0.007477986,0.0024414966,0.03585388,0.7090764,0.042179678,0.056017492,0.39870963,0.013232015,0.01995679,0.015045004,0.032241732,0.0407574,0.046059906,0.04689098,0.19909312,0.0010241664,0.59410733,0.0041671325,0.0077737435,0.003798427,0.0588102,0.035365473,0.0040578553
10663,0.014997325,0.010963061,0.020992491,0.26984143,0.2638845,0.014038709,0.6716065,0.6127853,0.01968601,0.03813852,0.004674613,0.06060044,0.01019292,0.085868366,0.021628693,0.02098778,0.0012434361,0.3022379,0.028546175,0.02450852,0.015171455,0.016174704,0.04050253,0.007924937
10665,0.016459921,0.15476368,0.13388923,0.045545235,0.9660394,0.038280223,0.012598063,0.43288124,0.5192737,0.12045323,0.0032824273,0.01921598,0.002414971,0.062447548,0.14587478,0.007841063,0.00068163703,0.7003364,0.008955641,0.027847754,0.0074082613,0.006781929,0.009074076,0.017149424
10671,0.105079345,0.12125644,0.07497892,0.043696232,0.33131444,0.037643705,0.008006307,0.6702033,0.36514345,0.12661842,0.0020613207,0.007977384,0.11766211,0.01417102,0.007935347,0.048403036,0.000643439,0.060215827,0.08841006,0.007311954,0.02083393,0.08728217,0.012200912,0.017728128
10673,0.016650543,0.032297898,0.0062573687,0.009667376,0.26474485,0.08249634,0.004257337,0.70662254,0.021691129,0.039566103,0.012621596,0.0041303025,0.25778997,0.013975948,0.026738359,0.12566498,0.0005426053,0.255393,0.012156953,0.014694676,0.0023628667,0.33859327,0.0049840854,0.0067849364
10674,0.01831586,0.05867663,0.009546937,0.014272633,0.59259003,0.0106588295,0.0070049064,0.6121675,0.040649254,0.038850818,0.0069447123,0.009533511,0.0064255055,0.023575775,0.022010637,0.045104254,0.0005421196,0.8689051,0.018682702,0.0040329127,0.3057123,0.029017339,0.016147077,0.0041197776
10675,0.070210606,0.14117853,0.005170313,0.00805005,0.44780236,0.0695653,0.000977396,0.6125403,0.06015344,0.28926048,0.029820403,0.0022041742,0.1559881,0.007239803,0.009734987,0.2765956,0.00063229655,0.21815315,0.16202106,0.0012366788,0.004597877,0.3574807,0.0048259324,0.018173927
10676,0.39423612,0.059529476,0.003376025,0.012431691,0.21256126,0.30593324,0.003946966,0.8460854,0.011417338,0.0030620482,0.030529669,0.044690255,0.0039019827,0.004725,0.010490809,0.018878525,0.000775982,0.10275546,0.0037717728,0.010951398,0.008986431,0.51855445,0.18722758,0.33795857
10677,0.12001584,0.021540359,0.0077128136,0.0384195,0.23400882,0.32100767,0.0704521,0.12391546,0.039589476,0.033752088,0.008630002,0.00680534,0.7392688,0.016095707,0.004666976,0.41778,0.0008288374,0.011469127,0.18434222,0.006749537,0.0055608544,0.56379515,0.004426472,0.003939222
10681,0.14415935,0.17052326,0.0057844487,0.027097536,0.250138,0.14853851,0.0019571679,0.7541122,0.07664775,0.014665102,0.013205618,0.009144715,0.043765564,0.014452837,0.02816534,0.07030324,0.0005881635,0.17406993,0.02736396,0.004113106,0.0069292346,0.2147475,0.023559004,0.11426018
10683,0.0770958,0.26591772,0.062375028,0.214424,0.45859084,0.06802681,0.060203146,0.6384239,0.20516497,0.14754555,0.0073918304,0.06216221,0.00693852,0.033497654,0.051102955,0.017979255,0.0009051153,0.22276206,0.004218944,0.007828627,0.09738053,0.037724543,0.01293493,0.036662385
10684,0.00880787,0.030040061,0.004884117,0.029828828,0.3926376,0.02270402,0.009372411,0.825242,0.1327387,0.034198757,0.0055948813,0.008138215,0.09202244,0.00778743,0.0038569532,0.031130474,0.000636989,0.14394885,0.083535455,0.0041187466,0.021041417,0.052590683,0.0026686152,0.0014425706
10688,0.069297545,0.41141304,0.015935004,0.1457229,0.12777254,0.029524887,0.019673392,0.5433958,0.035876803,0.047965635,0.007816935,0.05195256,0.032869548,0.006320896,0.022786958,0.017770866,0.00071837165,0.4860596,0.02520987,0.009366508,0.007250655,0.04040893,0.04240801,0.052309755
10689,0.5492045,0.04310603,0.011541334,0.06977956,0.18286188,0.19204843,0.04570833,0.42136496,0.017633557,0.020901345,0.017450798,0.03610006,0.04107469,0.062258895,0.013941669,0.06875904,0.00076784356,0.050951082,0.082538545,0.010040773,0.013171182,0.18111981,0.28002423,0.014478493
10699,0.2747716,0.096472144,0.0040709455,0.013576586,0.6198483,0.23986301,0.01040634,0.5525298,0.022125961,0.012536099,0.04150627,0.024273375,0.01314856,0.0044250516,0.0069413097,0.021206183,0.00070575427,0.15908484,0.0434474,0.007933208,0.008364982,0.37000936,0.118605256,0.015429079
10701,0.14021681,0.0056551523,0.009354534,0.04498504,0.15361209,0.5932179,0.040061027,0.5294483,0.0055679786,0.013382481,0.025546834,0.0072660516,0.12724744,0.18648379,0.028463006,0.09536092,0.00068935595,0.036563974,0.022248728,0.023891877,0.0032711052,0.4925567,0.006688845,0.0070553157
10702,0.12069538,0.019918114,0.0045406856,0.011011483,0.2678223,0.54988205,0.0028567202,0.700584,0.0139153665,0.021605866,0.034271672,0.0029097619,0.13204126,0.024119824,0.019170407,0.12678134,0.00058309006,0.35532343,0.014860362,0.007850116,0.019550638,0.47237772,0.0054057515,0.008467726
10703,0.25871035,0.017277565,0.004307242,0.039320204,0.3184668,0.8403056,0.0042863335,0.7086002,0.0076923817,0.003443367,0.037876204,0.01254055,0.0070603276,0.010043323,0.0054039164,0.054396693,0.000632258,0.13057171,0.0042570704,0.00903521,0.019052122,0.6048406,0.0129780015,0.0735126
10704,0.12198577,0.10577265,0.006601356,0.017286861,0.8160822,0.08798931,0.007245639,0.31985286,0.05405641,0.019802826,0.018716661,0.014804368,0.0064523197,0.005909766,0.036672,0.04286986,0.00090249046,0.25688627,0.026285442,0.0041039167,0.024963874,0.15540925,0.01578122,0.0113339815
10705,0.23428448,0.57592285,0.097233005,0.013548071,0.09013784,0.016670877,0.048523888,0.16795845,0.078007765,0.20798014,0.0066500995,0.021676978,0.65865123,0.0092212865,0.03122817,0.14396441,0.0009970408,0.07313522,0.51507896,0.008937203,0.007990693,0.20342119,0.02078134,0.024619585
10706,0.024523808,0.013034653,0.0019155471,0.017332235,0.13232514,0.15056117,0.011568641,0.8937333,0.008148317,0.04023195,0.013296528,0.0020536047,0.08483686,0.011717231,0.0023713366,0.31595388,0.00072368,0.12681387,0.05881833,0.0024099238,0.0048089013,0.29167965,0.002660031,0.0032570101
10716,0.008884497,0.020772459,0.008195434,0.022805966,0.3116124,0.022015363,0.017545925,0.5452671,0.02383031,0.077416055,0.006004979,0.0068742875,0.6107955,0.022146035,0.014170741,0.17077638,0.00068882795,0.12858038,0.11462904,0.00669164,0.0022987386,0.24155667,0.0069774305,0.00048864644
10720,0.039799836,0.020509169,0.0071638026,0.0072337706,0.20590493,0.065355286,0.0008764421,0.78184056,0.026079688,0.15631662,0.03700735,0.0068390695,0.36308643,0.013488406,0.018588718,0.25425655,0.00048271444,0.34824744,0.0678848,0.008670037,0.0012115153,0.29463577,0.018875338,0.0043102982
10722,0.32552594,0.039492358,0.0010870835,0.119788714,0.042094495,0.47611785,0.086763576,0.591175,0.0017447675,0.0048317667,0.04524644,0.2797942,0.0094653675,0.0046073715,0.0067903306,0.22307892,0.0011175899,0.048196156,0.012171352,0.0030341607,0.00412784,0.6457896,0.23147458,0.023029163
10723,0.00577141,0.007263775,0.007017362,0.03884206,0.21771942,0.025734855,0.020560747,0.919145,0.00909565,0.037704658,0.0069412705,0.012788712,0.021157559,0.013100694,0.018420676,0.022176513,0.00082540297,0.5146231,0.0056283567,0.007331283,0.004429314,0.10004238,0.0054731923,0.0017412066
10727,0.06021468,0.037227187,0.019300621,0.033657417,0.4816871,0.051032625,0.14475659,0.6405603,0.02405072,0.065230705,0.0032989364,0.029328365,0.024974387,0.020958021,0.034017425,0.015097864,0.0010602524,0.10474964,0.018086832,0.021018121,0.011253571,0.07643424,0.013614194,0.006067996
10729,0.26233995,0.23111375,0.057192918,0.063155055,0.3174151,0.03247334,0.019604469,0.3372045,0.023153622,0.33170292,0.0026215594,0.04214511,0.3281251,0.011730794,0.01169032,0.012894944,0.00075328397,0.03570384,0.30244523,0.015260133,0.010685043,0.14785394,0.09667943,0.0050543505
10736,0.13221464,0.105733894,0.010495433,0.0247824,0.42592603,0.47389218,0.0027867733,0.7227449,0.054747716,0.02049536,0.025237488,0.012224278,0.013363602,0.022312252,0.012439153,0.02931308,0.00050044537,0.1448965,0.011862422,0.0024057454,0.23040575,0.24579322,0.0042908965,0.030846588
10738,0.19503602,0.036533296,0.001969837,0.010547393,0.0540304,0.7017569,0.015684254,0.46056548,0.0060210754,0.012204982,0.07527795,0.011018979,0.2889475,0.004181694,0.0023809355,0.7175049,0.0007344643,0.024297893,0.035255548,0.0068413736,0.0028471765,0.9406913,0.0015675873,0.010553441
10740,0.1365531,0.18297312,0.010671806,0.0028689,0.51297307,0.060787044,0.004907168,0.34531623,0.050204054,0.009828288,0.013127675,0.0048795952,0.05551005,0.010887925,0.014664193,0.07691441,0.00066449546,0.46472454,0.046106882,0.007974951,0.019556005,0.16887566,0.027902786,0.006996351
10744,0.076023646,0.022198278,0.015488191,0.024982003,0.90937144,0.08252677,0.017270992,0.34389254,0.054233205,0.010695715,0.0031639603,0.009239043,0.005849309,0.13938361,0.11287727,0.0033740427,0.00075406785,0.7689062,0.01373449,0.013455281,0.11857199,0.0360458,0.0069579477,0.0097598145
10748,0.017574694,0.046687547,0.009103958,0.10075953,0.13464262,0.03088734,0.12818544,0.7235336,0.0062510795,0.075598285,0.017130733,0.06786292,0.10366565,0.01588561,0.0050423536,0.054660376,0.0006826047,0.15073457,0.08927277,0.014341997,0.005380039,0.081021026,0.1719755,0.004100155
10756,0.74412954,0.13516584,0.013668768,0.019230697,0.098062225,0.46323144,0.016304053,0.49912226,0.024150614,0.023862526,0.013547039,0.050112452,0.060082823,0.005930462,0.0020600096,0.3098506,0.0007521477,0.02993933,0.41791195,0.0034334066,0.009331632,0.6065768,0.020167291,0.008847427
10757,0.1435505,0.10148054,0.025061537,0.09634717,0.271692,0.49961513,0.019143699,0.5717806,0.014814366,0.039686278,0.015406756,0.047680695,0.03255489,0.033156358,0.13369851,0.038722172,0.0007568813,0.12507735,0.0032680116,0.016525496,0.005899346,0.25205883,0.0051792976,0.19415654
10761,0.48432735,0.07647223,0.0040648025,0.045999553,0.23197855,0.73461246,0.01553447,0.65071857,0.019942014,0.008501788,0.025190374,0.011255599,0.010026966,0.023782182,0.002705564,0.022753526,0.000642763,0.061856773,0.03668998,0.0018314621,0.018182067,0.48697138,0.014547066,0.01225773
10762,0.026018215,0.054153677,0.0042403527,0.016043488,0.5194407,0.028408684,0.002689649,0.77770025,0.03662033,0.01827204,0.012090989,0.010634716,0.021448497,0.019900184,0.020204388,0.031007664,0.0005779554,0.47318688,0.006038555,0.008429789,0.013123303,0.097466335,0.02590399,0.020664483
10763,0.037261695,0.016979722,0.001619164,0.016792716,0.39103743,0.34127215,0.0063546314,0.79066116,0.0037556705,0.0064785453,0.051150203,0.00310388,0.01930404,0.040306807,0.007842409,0.05025181,0.00063600665,0.57963353,0.0093414495,0.0022928636,0.0062545375,0.24351159,0.004105246,0.015447612
10769,0.059662454,0.02691248,0.0054399353,0.035350688,0.21949475,0.36084795,0.011161925,0.35871592,0.02030129,0.08726149,0.049261246,0.011557496,0.26447818,0.0015087891,0.007866801,0.3386915,0.00073349633,0.16350453,0.11746237,0.013752659,0.0042311535,0.6082949,0.0025498548,0.0014077955
10771,0.17116998,0.039988786,0.026329486,0.034581687,0.84918535,0.20176825,0.1414162,0.16082373,0.026130045,0.037116054,0.0024466992,0.0108244615,0.029202353,0.37535226,0.109943196,0.008508728,0.0010011842,0.066712,0.01840198,0.011311194,0.027145643,0.16317677,0.0011714402,0.0074826633
10777,0.05186859,0.03151812,0.010185962,0.018354231,0.44915378,0.35336196,0.0020370376,0.61220926,0.02558137,0.03121958,0.12844865,0.017552905,0.04371012,0.008020161,0.07602928,0.26443014,0.00045971177,0.3282725,0.0058248285,0.009012806,0.0032817256,0.42723843,0.0036411989,0.016602837
10778,0.20545425,0.10578128,0.004577376,0.053937614,0.097271584,0.20455293,0.041327957,0.50777304,0.004045894,0.17114559,0.023241064,0.048327986,0.6724879,0.036872964,0.009425211,0.29529738,0.0006532933,0.07044002,0.22627363,0.0016113145,0.0027422912,0.6255572,0.013277379,0.002362534
10781,0.10868127,0.07531469,0.0026745624,0.0036179775,0.5374087,0.07370967,0.0037082639,0.38811544,0.03734476,0.02056227,0.024667,0.0033573664,0.067986906,0.0063518793,0.016660282,0.114702694,0.00063296553,0.25448844,0.0923942,0.0022392068,0.011833589,0.27020034,0.005253344,0.0040491004
10782,0.05186203,0.016827209,0.008688126,0.15946966,0.3543133,0.6664295,0.056524057,0.7564933,0.013233534,0.009699235,0.009565943,0.023656426,0.011421434,0.03503831,0.010599619,0.048471298,0.00079132756,0.050872523,0.009332047,0.0068648346,0.0023404898,0.15421242,0.0138115985,0.01797423
10788,0.021675244,0.061610192,0.006763287,0.073868826,0.23601134,0.030132413,0.01274145,0.6822534,0.07818316,0.17410783,0.005441068,0.015494545,0.20949715,0.02973704,0.014887232,0.04543201,0.0005947962,0.18968022,0.013702026,0.0109980265,0.009805862,0.09867916,0.007352631,0.014188844
10792,0.07636571,0.025440684,0.0028469353,0.017181756,0.7193332,0.11293951,0.0077994806,0.42164284,0.018314812,0.009063732,0.021478502,0.009161702,0.01666908,0.010592864,0.0135059105,0.027155183,0.0007455692,0.07538879,0.0064910306,0.012063221,0.10226574,0.16052938,0.023670467,0.067738056
10798,0.2990072,0.2626934,0.0210913,0.20339227,0.0878824,0.23260856,0.163452,0.15813729,0.028624747,0.06593844,0.0039483667,0.3062098,0.12403075,0.023536472,0.02459566,0.133442,0.0011390559,0.014692909,0.037920285,0.0115406485,0.0028103965,0.39879707,0.16186383,0.05145561
10805,0.008338262,0.016400555,0.0026398117,0.023037286,0.59799516,0.14906587,0.00841289,0.8508465,0.0015900166,0.021372598,0.04349012,0.019931396,0.011974473,0.019831788,0.011135978,0.07909945,0.00057510374,0.7999466,0.004279574,0.0034297016,0.0059559145,0.14964989,0.019952001,0.0063014138
10806,0.104259856,0.2506791,0.020175532,0.17964993,0.3744646,0.14761056,0.036431562,0.42360395,0.03142712,0.085661724,0.005793582,0.032280505,0.01224868,0.017178552,0.07559599,0.045715347,0.0008623628,0.14095467,0.021906398,0.010471956,0.02905786,0.12457632,0.011747035,0.64453554
10807,0.030901285,0.013377918,0.008012679,0.023755798,0.57379377,0.031790853,0.0096294815,0.66996133,0.04541539,0.0073047318,0.011028971,0.051931772,0.0025532842,0.011738171,0.017271064,0.011897744,0.00083612656,0.41887337,0.026781118,0.014232283,0.014005213,0.056625955,0.02133389,0.012160343
10809,0.13166758,0.0081476085,0.0017567989,0.023708217,0.3550132,0.69145834,0.004999599,0.65095145,0.0051037464,0.01269943,0.11279212,0.02049536,0.048699442,0.009864306,0.026890298,0.4400179,0.00058355706,0.3912944,0.011273321,0.0041788337,0.007781663,0.47493446,0.0070262128,0.0058268667
10811,0.12594983,0.09677075,0.020997027,0.01696755,0.62577987,0.2855885,0.002115186,0.60400486,0.12470219,0.04694548,0.01580281,0.004027831,0.01532303,0.02605723,0.101780094,0.017624803,0.0004519825,0.26240984,0.009101025,0.007035644,0.020607669,0.09018646,0.0056687766,0.009312182
10814,0.032339077,0.014743263,0.008671623,0.01677273,0.3618348,0.3256412,0.0026748397,0.33845893,0.012419024,0.03735242,0.05921312,0.007951532,0.5555695,0.004143419,0.055043567,0.21837229,0.00058445573,0.27287063,0.02765427,0.008010967,0.0011775633,0.47418112,0.0045781997,0.00836147
10817,0.05336503,0.009228926,0.010064984,0.09495237,0.17189425,0.06336863,0.14034386,0.4200489,0.013766422,0.028840974,0.0074348203,0.025536852,0.059601814,0.025266876,0.013363954,0.06994499,0.0010525429,0.084040225,0.024029415,0.026523,0.019209912,0.18217663,0.018453388,0.03199091
10818,0.041410822,0.12316881,0.035434555,0.023986313,0.751007,0.03301824,0.0042756563,0.55239445,0.09052414,0.040335547,0.0068395045,0.009047086,0.013443361,0.09737692,0.41444474,0.005222018,0.00060358393,0.81688005,0.01189029,0.0087206215,0.019621724,0.021470034,0.0018948079,0.022814013
10819,0.09467075,0.06626209,0.0057878173,0.034011595,0.57515585,0.06257665,0.005264609,0.47183493,0.057758696,0.09340333,0.0058121043,0.013548632,0.018204387,0.028724687,0.059370507,0.022077594,0.0007149217,0.41160998,0.008655966,0.0031786482,0.012520814,0.037313808,0.0044936887,0.008886386
10831,0.045605127,0.036900505,0.003525299,0.11498174,0.5815964,0.02983067,0.0089535415,0.70143473,0.060110874,0.013722493,0.0030421666,0.04139837,0.0023869844,0.017079897,0.0066709057,0.009531345,0.0007646126,0.2631868,0.01355683,0.0026456208,0.02111182,0.03294414,0.029422292,0.022303056
10846,0.7259133,0.5967887,0.08896735,0.038061928,0.16269925,0.065212406,0.07547372,0.0626038,0.2913481,0.3214482,0.0034631651,0.039569475,0.17305195,0.00873582,0.016679972,0.10930851,0.0011255243,0.019058254,0.9271417,0.014123954,0.0036550888,0.32702032,0.0041929535,0.00095327554
10852,0.049607553,0.027270537,0.021913944,0.03329909,0.690352,0.06518244,0.00432398,0.6528114,0.079582684,0.060097285,0.010332461,0.012001384,0.018398972,0.04635791,0.056678493,0.03577814,0.00073107897,0.29986662,0.0146224005,0.009141182,0.015458682,0.10027551,0.004584432,0.02111563
10858,0.020884693,0.004007053,0.0056850845,0.030375617,0.6454649,0.23285656,0.16007654,0.5075062,0.0076952325,0.0020779378,0.029433051,0.02532225,0.008644468,0.019594155,0.0046364404,0.07903869,0.0011111182,0.08249578,0.036228873,0.007870579,0.042627543,0.14199011,0.008761868,0.0026245797
10860,0.15800692,0.13199402,0.022017637,0.005894228,0.15821604,0.27492964,0.0073481183,0.2586492,0.087961055,0.070497714,0.025264123,0.003137561,0.54129106,0.013232507,0.0077788136,0.19860809,0.0006732252,0.050148886,0.034471866,0.011576774,0.005381586,0.44758666,0.005043167,0.16634445
10861,0.33276027,0.036574565,0.004610148,0.010616524,0.07281373,0.12062453,0.013881234,0.29064733,0.0067206807,0.04159019,0.033963595,0.03133251,0.75715685,0.009095539,0.006348197,0.40082827,0.000765126,0.016899362,0.21114376,0.013657362,0.0009138742,0.753222,0.45527038,0.0019123335
10867,0.5490118,0.41927108,0.028110698,0.023585191,0.04644009,0.0625247,0.05644843,0.31055462,0.03078573,0.027822578,0.021365622,0.022283496,0.33159557,0.0034011852,0.0048967595,0.12954554,0.0008877771,0.034570854,0.34629726,0.01259109,0.015761672,0.5606207,0.09878473,0.0049107317
10871,0.5373969,0.14206107,0.017466724,0.03180764,0.7281112,0.6748878,0.013130018,0.2201372,0.06263855,0.030046476,0.010624651,0.0111064585,0.005114013,0.013887359,0.010683632,0.03997304,0.0006880492,0.08583338,0.059659142,0.003924812,0.061678156,0.39202818,0.0058240662,0.032027762
10877,0.11021679,0.28047556,0.05354244,0.0046558524,0.23765932,0.148705,0.0015990295,0.13772443,0.17839468,0.7236888,0.020183414,0.0031670507,0.9203264,0.011021073,0.027908653,0.40689835,0.0004850784,0.060965847,0.08846831,0.014858217,0.0017974055,0.39889595,0.0066397353,0.0025351415
10879,0.07722027,0.027891085,0.009168982,0.041874863,0.40641615,0.13569647,0.0021628898,0.5083768,0.027539866,0.043927923,0.043456282,0.02698127,0.04910308,0.006221375,0.021651644,0.20780692,0.0006269547,0.34996092,0.02381529,0.008790195,0.006524669,0.3326382,0.009040173,0.010012625
10882,0.56236964,0.06420006,0.006056733,0.019839728,0.10890582,0.46644706,0.014657049,0.33406523,0.008159135,0.044216916,0.050619535,0.03178,0.2744491,0.012107992,0.0038489029,0.18456765,0.0006686115,0.02042665,0.045095935,0.009401334,0.005416684,0.5865751,0.05095464,0.03938832
10884,0.033947155,0.035239544,0.028496094,0.5137425,0.17686436,0.03502771,0.82301575,0.2714085,0.023755932,0.13192919,0.0016150445,0.052924298,0.013864313,0.8186003,0.064547025,0.010837918,0.001128467,0.034471575,0.019385342,0.009678654,0.03731642,0.031585377,0.014045708,0.002992506
10888,0.0070044193,0.010105539,0.007951023,0.028835587,0.890082,0.27924412,0.012307399,0.5406909,0.031546846,0.009816553,0.029060481,0.0043248073,0.011497489,0.091295116,0.09291661,0.027617976,0.00071407604,0.5457008,0.004444346,0.008443798,0.0052448665,0.058688562,0.001051438,0.024268627
10890,0.098479904,0.059329677,0.0025600353,0.03916047,0.10222547,0.36708087,0.014504909,0.738176,0.021742603,0.007148919,0.023800738,0.039369192,0.029554263,0.011150164,0.010708377,0.0777433,0.00080791925,0.06190115,0.020380316,0.002667732,0.02190848,0.26958108,0.09197704,0.575477
10891,0.56873393,0.41121224,0.02244869,0.010109328,0.56521964,0.17325501,0.014074633,0.086283915,0.45734224,0.19872607,0.0033669695,0.0014689462,0.10201958,0.008874425,0.0043339827,0.058898706,0.0008746448,0.015719976,0.4432019,0.0031317067,0.06815554,0.66083103,0.00076949823,0.007958436
10892,0.06310634,0.77005464,0.4750771,0.011381082,0.67683595,0.011847748,0.0149798095,0.1779632,0.8464764,0.5903953,0.0012408138,0.0032007077,0.13225529,0.008792663,0.024439802,0.020552525,0.00078085694,0.099050514,0.077793755,0.018141441,0.011684879,0.04918199,0.0036697062,0.07319298
10895,0.082025066,0.0133452,0.00083778653,0.014591133,0.24661963,0.4601167,0.0058628027,0.77518356,0.008762129,0.008688709,0.085463054,0.006722015,0.012630473,0.008327506,0.009438702,0.24136528,0.0006349694,0.29495847,0.014681441,0.0017752022,0.008543115,0.3935534,0.007651853,0.014733265
10899,0.050433658,0.021675395,0.01051332,0.0032753774,0.6881753,0.0935765,0.008430953,0.5165312,0.04769219,0.023196083,0.008934601,0.0022048748,0.10435477,0.22743784,0.04724571,0.05393029,0.0005953412,0.32514498,0.022301074,0.005253277,0.0104281455,0.1487814,0.0025744678,0.006695911
10902,0.17128484,0.21984951,0.015334855,0.0377306,0.5647604,0.093603134,0.0016894845,0.38397554,0.08907687,0.0768995,0.0123486845,0.007853392,0.028794145,0.014447037,0.11971277,0.023949888,0.00059718965,0.29648122,0.015504099,0.0060592624,0.06627312,0.124038756,0.013868427,0.19138996
10904,0.081438445,0.0038910839,0.0012712181,0.06710228,0.3778955,0.72557,0.004794189,0.694066,0.002809067,0.006970595,0.085403614,0.01823014,0.022254705,0.0195098,0.045382217,0.08446852,0.00068235624,0.22017267,0.0018687379,0.002692503,0.014065684,0.3835774,0.0042127525,0.026171966
10906,0.018846752,0.06439932,0.013812007,0.008425302,0.36597908,0.021058593,0.005808994,0.8096649,0.059544336,0.29197425,0.01084163,0.017595056,0.032913912,0.0058891363,0.00485176,0.09078196,0.00058905326,0.2763309,0.01230963,0.010238252,0.0067530125,0.10432329,0.020368144,0.0056083556
10909,0.07016902,0.27341807,0.11671033,0.0045680194,0.3005382,0.014155335,0.058833826,0.06378379,0.26383507,0.16397633,0.0022577893,0.0033983174,0.9593213,0.013642083,0.015218056,0.015108717,0.00082939083,0.004367476,0.80516684,0.015267149,0.001694016,0.20020835,0.002595549,0.0054694926
10910,0.2151762,0.16418007,0.013596493,0.038169205,0.45315853,0.45030066,0.010085392,0.20442075,0.09022299,0.022472335,0.039047908,0.0053992793,0.042915255,0.013589608,0.0074235965,0.19680102,0.0007341159,0.12755121,0.016907144,0.004876579,0.0064062034,0.35531616,0.005823125,0.0329072
10913,0.29961383,0.2449814,0.033166405,0.034434013,0.42594954,0.09251923,0.020215534,0.11688697,0.13747011,0.3638414,0.00597557,0.0059159296,0.1859982,0.004103874,0.0038663854,0.05908963,0.00071477075,0.02834978,0.38515478,0.0031231914,0.021949518,0.14012621,0.0057334425,0.003180787
10919,0.024589282,0.024511911,0.021952016,0.29533747,0.12686673,0.047291372,0.94610083,0.435597,0.029552443,0.035489637,0.0028504287,0.08974179,0.007539466,0.11603607,0.047477555,0.021742206,0.0019558084,0.037673306,0.006499797,0.025876746,0.010349903,0.04914108,0.046321742,0.005063329
10920,0.022864295,0.028501831,0.014679062,0.026919978,0.35410336,0.13502634,0.018829843,0.36637366,0.06431245,0.03632102,0.024795301,0.017102808,0.22067386,0.013088782,0.016457142,0.11234764,0.0007794244,0.09963228,0.06074836,0.013255507,0.0052287993,0.13606746,0.0064928234,0.038584866
10921,0.053247698,0.033438854,0.008117907,0.041993793,0.34410444,0.07623923,0.036410987,0.73228717,0.02709103,0.019842586,0.0030623642,0.008451147,0.090619974,0.021039689,0.0070086317,0.02210125,0.00073901465,0.08884918,0.055179197,0.0073010777,0.0060976255,0.12955979,0.0119784,0.0059681567
10927,0.024119899,0.0558384,0.017189166,0.023426635,0.74100333,0.13687384,0.024676139,0.7583345,0.089436285,0.03961787,0.008239815,0.010619249,0.018480731,0.014442734,0.024898717,0.0183965,0.0007144769,0.13695338,0.0073109646,0.01291119,0.051524296,0.06434456,0.025182787,0.14347939
10938,0.21728133,0.057722557,0.02053289,0.009093528,0.6390519,0.11296401,0.0037546055,0.4636219,0.22664598,0.020013155,0.010840019,0.011014594,0.009403271,0.012132405,0.008279523,0.010902728,0.00061945006,0.12983793,0.022611493,0.0056752358,0.6706594,0.13624771,0.006372885,0.011961189
10940,0.024069399,0.025247788,0.019289657,0.0548523,0.21616654,0.04821155,0.05780694,0.7965824,0.050715532,0.03688248,0.008156044,0.091883965,0.0054800827,0.009167383,0.0071333605,0.034088906,0.0010214901,0.1389171,0.010195244,0.019524816,0.009752263,0.10267337,0.009532898,0.01768051
10941,0.5329424,0.046101157,0.0011887567,0.014816419,0.0766198,0.66662824,0.0034280363,0.58676076,0.0042872694,0.015677271,0.13474333,0.063241,0.07728441,0.0024577642,0.0043502003,0.20009816,0.0006430939,0.1023412,0.006091355,0.0031636911,0.024673402,0.58629334,0.08196282,0.28645083
10949,0.006374676,0.0074260207,0.001555037,0.029340435,0.7077617,0.116246834,0.034678522,0.6660824,0.009798106,0.004990673,0.012726339,0.0069210688,0.024459792,0.005964285,0.004113524,0.050000615,0.00072885223,0.28564894,0.010590251,0.0023442407,0.015175174,0.065271184,0.007540433,0.0025725402
10951,0.10306187,0.5745571,0.1303966,0.16585049,0.30651832,0.02773287,0.13950315,0.271044,0.59187955,0.14956035,0.0035070528,0.09055223,0.004696573,0.007454636,0.035415374,0.025040966,0.0010042327,0.13818258,0.039571732,0.038370565,0.52739966,0.025792556,0.008960945,0.072307535
10952,0.021574525,0.010371597,0.009160893,0.010099274,0.6707095,0.08415105,0.022439511,0.72180605,0.039249778,0.02591635,0.0097499015,0.0017277513,0.03276676,0.034069717,0.0057289316,0.048903536,0.0006968716,0.33075464,0.020809712,0.0047745765,0.1014434,0.08886459,0.0023748002,0.0020156223
10956,0.25068656,0.02717585,0.00376411,0.0033085272,0.8796345,0.71305263,0.010144306,0.09559351,0.01941356,0.013404535,0.04398933,0.0032956803,0.039367814,0.005099298,0.00854236,0.0421146,0.00076195947,0.08394466,0.01789617,0.013906904,0.0063712937,0.33552092,0.004064922,0.007790662
10963,0.28009254,0.061389163,0.0056937085,0.007255462,0.07235347,0.18461749,0.0038648522,0.20616654,0.005950618,0.044010334,0.027948149,0.0032783893,0.6181425,0.003439782,0.0029503973,0.44293025,0.000679018,0.0432163,0.62672174,0.009073587,0.0007767192,0.8477278,0.0019758323,0.0010363202
10965,0.055624846,0.0077697434,0.0064807558,0.09888787,0.37983006,0.7504153,0.029505612,0.8001477,0.008823762,0.018753184,0.018053466,0.028806943,0.015903952,0.017643282,0.005317075,0.031132065,0.0007943871,0.0673414,0.028679451,0.005481317,0.0025039348,0.20496085,0.0038532654,0.007224243
10967,0.042643618,0.013938739,0.0023648862,0.0107272705,0.3433808,0.07207667,0.005882468,0.5593024,0.010143282,0.018513585,0.029384783,0.0025785337,0.053631663,0.025589697,0.018796783,0.14203285,0.00065981207,0.51655847,0.059590004,0.0019193206,0.002322063,0.2937739,0.0054270253,0.0048080664
10969,0.035530988,0.02538441,0.0080449525,0.037454527,0.5106196,0.12612706,0.0069345515,0.6731052,0.109893836,0.09948617,0.012599422,0.011219808,0.013623399,0.018374618,0.015099574,0.019468382,0.00065935095,0.14819361,0.021652445,0.0012137792,0.014613465,0.101560906,0.019435108,0.0039488506
10972,0.29393795,0.40191612,0.04226372,0.009880947,0.40847448,0.3960069,0.00050404563,0.4450069,0.2862631,0.099444464,0.055680864,0.034743533,0.028649552,0.0008733951,0.012897105,0.17808674,0.00058859,0.2939325,0.021537524,0.017776143,0.0036562248,0.39950144,0.04540752,0.01090761
10973,0.025540233,0.08402435,0.017915271,0.030234642,0.44206202,0.026010029,0.008627734,0.6040214,0.030385038,0.04253161,0.003407198,0.030518653,0.04488168,0.009068127,0.009979942,0.0074487743,0.0006985628,0.29476684,0.025534235,0.01562608,0.025939038,0.03944381,0.06742919,0.070197456
10977,0.02102648,0.21632224,0.08982559,0.029384892,0.5793061,0.05273748,0.0016325434,0.43438092,0.3268875,0.19417867,0.009706313,0.044329286,0.09196543,0.0033976536,0.15364963,0.030892253,0.00058855576,0.4228269,0.04915841,0.013342098,0.011452877,0.07691257,0.020863317,0.03154353
10979,0.01972005,0.031215461,0.029309472,0.06918675,0.3275056,0.06122252,0.092598915,0.44641912,0.019016106,0.055908702,0.014291725,0.0559835,0.09598489,0.017035231,0.04465218,0.014554601,0.00088375877,0.3905403,0.028486915,0.020200754,0.0035938553,0.03175946,0.018368615,0.011460155
10982,0.030619238,0.20740992,0.028427381,0.008272799,0.29461613,0.06884052,0.0049515627,0.4685725,0.5159802,0.14900544,0.00952805,0.0074681896,0.10367558,0.017335061,0.017739125,0.0891274,0.00063829107,0.17417483,0.06803658,0.0049065324,0.036267225,0.241722,0.012312443,0.0018392148
10983,0.068650045,0.055220105,0.0034696336,0.007165136,0.38684613,0.195432,0.0047521363,0.66155666,0.01655882,0.0045570633,0.052837044,0.006993532,0.047219604,0.0069808043,0.02793971,0.062479846,0.0005545658,0.39432973,0.012382781,0.002986082,0.021160787,0.21996446,0.0075813015,0.010566869
10985,0.17065595,0.10136334,0.007481533,0.079673976,0.2081404,0.34748164,0.01886534,0.47676134,0.057627764,0.0041212277,0.005639261,0.0716617,0.021096567,0.008173648,0.0079265945,0.0257486,0.0006720959,0.035892557,0.06672841,0.0063900766,0.027605679,0.16801205,0.012757668,0.12629533
10987,0.010602954,0.008367063,0.03282093,0.23689245,0.34912297,0.032561418,0.16629468,0.6290477,0.030384038,0.06887046,0.00981991,0.06726134,0.0047669443,0.63250434,0.13295877,0.028125826,0.00094758027,0.29947668,0.008276023,0.014475207,0.011247965,0.020751556,0.019380324,0.004306559
10994,0.03667666,0.06584938,0.005819816,0.005887004,0.81808984,0.056600407,0.0017165118,0.6008292,0.061933666,0.03208234,0.005881175,0.0044976133,0.036656413,0.00785412,0.041350257,0.037131224,0.00060537976,0.77195346,0.012083252,0.0022203932,0.0060029584,0.067147344,0.0031938732,0.008323501
10999,0.19513275,0.020472504,0.0034407435,0.0077180592,0.18865697,0.5720519,0.0019495405,0.6611396,0.008041088,0.038739987,0.098392524,0.016615711,0.18146773,0.0035414565,0.010732468,0.13006902,0.0005732029,0.10760896,0.021334736,0.010010909,0.0030121973,0.6901301,0.014814185,0.0027074302
11003,0.24169542,0.05617569,0.005911772,0.08550652,0.21387696,0.13309771,0.014016576,0.56203747,0.014218836,0.008713571,0.021191057,0.1008946,0.008979418,0.024434391,0.07185849,0.030344365,0.0007132408,0.40202793,0.025077112,0.0075157937,0.0068657836,0.21136929,0.5282608,0.0041278303
11006,0.43463182,0.075168945,0.022569016,0.011883211,0.6438806,0.5578972,0.0012180471,0.52784395,0.08384492,0.026839355,0.0696076,0.03336907,0.008002256,0.001812569,0.010964819,0.029932905,0.0006598557,0.0648028,0.05779947,0.0076293647,0.005034441,0.3099746,0.04922729,0.06314462
11007,0.091665186,0.019416261,0.0023496198,0.015258034,0.630419,0.22545496,0.008287459,0.44666842,0.00578858,0.027837079,0.016385939,0.007964986,0.12868439,0.0045375205,0.004583786,0.09190468,0.0007490841,0.10201881,0.106814176,0.0041528367,0.0071694925,0.39552155,0.0072482876,0.007735879
11008,0.71559364,0.20945188,0.014306793,0.0021273305,0.24598292,0.32165042,0.024439296,0.18934192,0.014129327,0.011523945,0.010897911,0.01975917,0.51398474,0.003109285,0.0048555094,0.08164035,0.000880913,0.0105752675,0.48095226,0.0148471035,0.0002929815,0.780747,0.010741808,0.01737998
11009,0.06064455,0.56689143,0.15988867,0.029046858,0.18524377,0.0030034976,0.039954357,0.6313954,0.19358748,0.07291112,0.003425042,0.05012822,0.048824884,0.038504932,0.03759061,0.041052766,0.0009660163,0.19532591,0.28506267,0.015487207,0.006719417,0.09004573,0.07336315,0.005503678
11014,0.10332211,0.14212178,0.07218101,0.017591283,0.7562632,0.038915426,0.0068431552,0.31379288,0.22696446,0.16974585,0.009174771,0.016591864,0.045069218,0.105019234,0.25779337,0.017767154,0.00067600195,0.64176387,0.021624941,0.020838905,0.0052539143,0.050710827,0.04596213,0.010583158
11016,0.33217418,0.112071656,0.042891975,0.022341924,0.7087874,0.37691796,0.011387641,0.34981278,0.09256495,0.030558791,0.011582029,0.0049974876,0.053937025,0.0239962,0.018608779,0.0170302,0.00062919373,0.035471123,0.026875235,0.031433634,0.035910003,0.26325226,0.004887778,0.01503027
11017,0.015529762,0.020030348,0.011008072,0.26318803,0.25351998,0.026135992,0.7115087,0.3549466,0.015413489,0.01312636,0.00089304644,0.032986335,0.0128912,0.92817724,0.26151565,0.010949622,0.0010687094,0.106987245,0.0073749586,0.006145564,0.10097802,0.015656644,0.007525019,0.063237585
11023,0.29175475,0.07302148,0.026319679,0.034006048,0.40792194,0.274743,0.008987135,0.27525488,0.017764634,0.18855222,0.020786192,0.02302042,0.24986233,0.0062541612,0.0061702346,0.045971166,0.0006839696,0.06455363,0.34637123,0.021536369,0.015251172,0.36925375,0.01478515,0.009361252
11027,0.30036336,0.064298764,0.012474212,0.009404493,0.4533249,0.2851143,0.013082882,0.5185246,0.017165974,0.04823382,0.024597667,0.0033310573,0.07503748,0.036341373,0.014126132,0.013416567,0.0005260575,0.14905286,0.04333831,0.008275271,0.10344618,0.26073128,0.011629638,0.0065717907
11032,0.010880419,0.012006886,0.0059318817,0.02539033,0.6334981,0.2989836,0.0014658684,0.8988944,0.014548767,0.017070262,0.055993784,0.009845491,0.0014898479,0.0059535294,0.10550572,0.030223781,0.0006181988,0.92445326,0.0014455594,0.0026706327,0.008222107,0.068314105,0.0036026253,0.007864483
11038,0.13360162,0.08298359,0.005276151,0.15323043,0.056419764,0.34143212,0.18186101,0.75277215,0.0042398456,0.009062562,0.038303077,0.11288822,0.03461304,0.0030984152,0.007886737,0.31495214,0.001120333,0.08753756,0.02639746,0.0050631273,0.0014668914,0.58332306,0.25466684,0.0052376515
11042,0.031805005,0.0736223,0.010612884,0.014791437,0.56289595,0.062456504,0.0031713438,0.73019594,0.036102723,0.060632892,0.016479995,0.01765766,0.04982634,0.026700854,0.056166574,0.047320817,0.0005510324,0.65376735,0.010917589,0.0022645665,0.007016598,0.11484728,0.009131758,0.005388673
11046,0.04563974,0.0932201,0.018437568,0.03286374,0.6997358,0.05925198,0.018140877,0.4394244,0.052284032,0.4049422,0.013944272,0.015111669,0.042379383,0.046283238,0.048321467,0.071508065,0.00057903555,0.19238132,0.018357754,0.007368106,0.0077830846,0.08759389,0.007136492,0.0072920383
11047,0.13434523,0.49272063,0.22970979,0.00980916,0.57328194,0.02556396,0.0013190937,0.16403238,0.56500506,0.61668855,0.0035683603,0.016534565,0.2388398,0.020148436,0.124873854,0.07314701,0.00054959545,0.3428917,0.15085232,0.03120429,0.00238815,0.09473414,0.005039223,0.009186621
11048,0.12846546,0.04182757,0.0056413147,0.038963925,0.1410325,0.022499053,0.010021156,0.5515242,0.009089713,0.18969636,0.013737068,0.0071457215,0.46806836,0.017912563,0.014506326,0.14637385,0.0005570504,0.14230072,0.121933766,0.003158956,0.030911604,0.19721003,0.0021045823,0.011187401
11051,0.18629798,0.3280664,0.010189385,0.024519963,0.16115603,0.07662643,0.013201001,0.40662012,0.05534849,0.13182949,0.013754903,0.06931623,0.19219927,0.0034003542,0.009327441,0.09558975,0.00074880145,0.04679817,0.103173114,0.015052226,0.008649656,0.30657476,0.12485619,0.01899377
11054,0.0385327,0.059258603,0.012835175,0.06152835,0.25606027,0.037339594,0.007839883,0.5251635,0.031793334,0.18308632,0.03672806,0.024163367,0.27304682,0.007592244,0.01632434,0.114712566,0.000613125,0.24588592,0.08714005,0.0062686903,0.004208322,0.17551892,0.036694393,0.0043125213
11055,0.16387011,0.15240195,0.007076472,0.01998307,0.40308222,0.26315013,0.003179402,0.58094513,0.023784148,0.028618874,0.015972592,0.010912286,0.089397684,0.010513583,0.042528912,0.07801726,0.00063637435,0.23255792,0.011670967,0.0038063254,0.0064538238,0.21935222,0.020787226,0.22333673
11061,0.5408097,0.74990606,0.031962603,0.017398149,0.03636561,0.08848343,0.010706417,0.16369161,0.055081632,0.8041211,0.021445606,0.04767119,0.60415685,0.010883508,0.027597224,0.2813785,0.00067314145,0.07925661,0.096261404,0.0061304844,0.0023315705,0.53913146,0.0071334117,0.017798794
11063,0.21601279,0.037211537,0.0070492676,0.022381838,0.42573246,0.44867048,0.0030222365,0.5446336,0.022301158,0.029469064,0.026523253,0.004544006,0.056847893,0.0143092545,0.018696735,0.12529518,0.0005668236,0.21617325,0.013644592,0.005002961,0.018453289,0.41115153,0.015477743,0.005794088
11064,0.1468522,0.26676112,0.016574522,0.003772511,0.34785786,0.06859177,0.006882842,0.3732511,0.11348932,0.018759979,0.006851181,0.00691827,0.17390168,0.0061408537,0.0127527565,0.03282913,0.000723958,0.097846605,0.40273193,0.0028439183,0.011825072,0.14756134,0.022142619,0.018452935
11068,0.16667512,0.46023917,0.009372783,0.025309524,0.24657431,0.120675534,0.0040576085,0.66529155,0.02422377,0.035435006,0.020126093,0.06322612,0.043290168,0.0034149822,0.025838172,0.043083306,0.0006075195,0.22731163,0.01721514,0.0050186133,0.002288865,0.07750951,0.0638042,0.32438514
11071,0.009153727,0.028585374,0.039333384,0.38354102,0.25993901,0.042639725,0.16263644,0.628379,0.13859722,0.047465697,0.003339461,0.08496564,0.019435517,0.026410317,0.03616436,0.07830627,0.0010076094,0.12355722,0.008244558,0.056057144,0.015959803,0.07878177,0.03790583,0.008085829
11074,0.02182906,0.013966706,0.02199711,0.009553992,0.48787722,0.06435401,0.024239795,0.41163847,0.065081485,0.05247355,0.03549689,0.006011603,0.07236123,0.0153269945,0.05633695,0.042933036,0.00065834634,0.389896,0.041239366,0.020166127,0.0183649,0.14246222,0.005084946,0.006201436
11076,0.017745098,0.10957232,0.010323026,0.02608105,0.19237128,0.007974358,0.01775441,0.76938945,0.030025464,0.09073556,0.007208222,0.020710729,0.17358126,0.0076389085,0.015904019,0.069863915,0.0007030623,0.16205348,0.0404501,0.0094186785,0.0061936122,0.10254983,0.051585313,0.0091651315
11080,0.05289934,0.06175019,0.005679761,0.071506865,0.42660165,0.23374389,0.007630733,0.63234335,0.03225837,0.043717507,0.010365241,0.03407349,0.013523469,0.013199783,0.02296365,0.04661375,0.0008615486,0.23312517,0.0017338506,0.0055896067,0.009532818,0.25724468,0.007459782,0.07761749
11085,0.29210886,0.71913,0.024371058,0.08554344,0.08504599,0.022944609,0.07524463,0.48932225,0.0863664,0.024236795,0.0014949612,0.18626761,0.02541106,0.005182822,0.014343339,0.010517344,0.0012449737,0.043932177,0.021305524,0.012075069,0.010077012,0.06866567,0.10324858,0.6811465
11090,0.017456016,0.011176145,0.006187147,0.01930963,0.3849746,0.028890492,0.0062781465,0.5639285,0.008937528,0.060561046,0.03889264,0.0037478714,0.22856764,0.09652382,0.08856819,0.18730378,0.00065595884,0.7791955,0.010398923,0.004262562,0.007619789,0.18684392,0.003681042,0.0040371036
11091,0.028629176,0.039768785,0.022573289,0.011468651,0.63602257,0.020977981,0.0064901942,0.6871925,0.07224286,0.058228273,0.009463454,0.019951684,0.011623304,0.010319641,0.022140428,0.023101045,0.0007898897,0.53281844,0.008302581,0.015726626,0.015087899,0.08715367,0.019404983,0.0023662455
11092,0.048339814,0.0340497,0.00438473,0.1218153,0.08809565,0.09581563,0.1584062,0.4873395,0.003937099,0.04093405,0.019140579,0.07753583,0.48497742,0.058106836,0.01687983,0.3588409,0.0007755351,0.026605288,0.0068879933,0.009066601,0.002450917,0.30378374,0.04406645,0.04243298
11095,0.038255148,0.01821965,0.0051855147,0.008191101,0.5302655,0.1460474,0.00067556597,0.5027915,0.041423477,0.06630534,0.035107255,0.0024442866,0.22671859,0.004453639,0.0122641055,0.15673025,0.0005876536,0.2892828,0.106401704,0.007270882,0.002002548,0.4812841,0.0029398731,0.0018511219
11096,0.08595699,0.05423098,0.014709216,0.07844032,0.42521468,0.17349488,0.3320225,0.35913372,0.01760716,0.016005347,0.0019222394,0.04138644,0.010468919,0.50668174,0.025978832,0.007957988,0.0010505634,0.042472046,0.003256244,0.0047140317,0.090497606,0.03862069,0.023406556,0.03090621
11100,0.030623268,0.011844645,0.003633716,0.03132653,0.7463941,0.22655146,0.012363274,0.60396314,0.009982962,0.024128934,0.013820499,0.0065810117,0.008200919,0.16766742,0.049104776,0.047972385,0.00055064994,0.4137847,0.009936565,0.0011983499,0.0014767373,0.06739841,0.0032188932,0.007911673
11103,0.24519989,0.083584204,0.0007841413,0.16772875,0.08945573,0.5101322,0.17060187,0.5835465,0.0019663882,0.0045485916,0.009652095,0.038814805,0.012958696,0.009960122,0.0019490978,0.10434244,0.0010800337,0.022559647,0.042488195,0.0015997774,0.012958701,0.46774188,0.051084217,0.050524175
11104,0.16558738,0.009128622,0.0020193944,0.020179618,0.51350236,0.60539615,0.021570364,0.5271402,0.0037189496,0.008973687,0.019286022,0.014663213,0.011888795,0.032920104,0.0075495243,0.06247861,0.0007827724,0.040541537,0.042775538,0.0031745294,0.0040125204,0.45990428,0.0051421816,0.015557541
11105,0.34801257,0.050629698,0.0088251745,0.020944465,0.58768785,0.37753707,0.0029645097,0.6402898,0.016561858,0.017720181,0.040908203,0.019489316,0.012312466,0.0047239484,0.014565342,0.1610682,0.00071129884,0.106810994,0.079199076,0.006234907,0.018229598,0.52035844,0.02611892,0.009745166
11106,0.018969111,0.022691127,0.014627995,0.00651866,0.8288666,0.03281592,0.00230849,0.5360316,0.04834113,0.039703567,0.008522634,0.003487913,0.031796776,0.015235224,0.0308459,0.042123877,0.0006354804,0.6170986,0.027159125,0.014675847,0.057382762,0.11430799,0.025942395,0.016981933
11109,0.043181982,0.09147778,0.02930308,0.2183405,0.2835184,0.014718487,0.64434695,0.20210743,0.06321956,0.018771036,0.0010743937,0.22181578,0.018703368,0.02864596,0.026635243,0.009210597,0.0013088214,0.08093114,0.028194925,0.017970577,0.016070595,0.01466907,0.10712239,0.02382295
11111,0.085384056,0.013217006,0.0027572159,0.010782492,0.46126613,0.3960395,0.0063685984,0.36908212,0.004470523,0.010752485,0.038044915,0.0074450136,0.08293357,0.0114017995,0.025946183,0.27553445,0.00073983835,0.29628205,0.007314108,0.019593488,0.0010211373,0.56660265,0.0076873493,0.003477662
11112,0.24596971,0.44081327,0.08314206,0.009827628,0.28767028,0.06985036,0.0077733765,0.28287795,0.1918899,0.5618403,0.0040850462,0.0044820057,0.37686738,0.007322165,0.024500815,0.0818413,0.0007606746,0.08893459,0.10732348,0.007365473,0.004480457,0.24514812,0.007279244,0.010055098
11118,0.045150008,0.017352136,0.0046475246,0.057515077,0.7382145,0.24502869,0.0050659818,0.51145136,0.006374014,0.006713971,0.035915848,0.007884177,0.0041782022,0.026596224,0.04673078,0.009052736,0.00068886275,0.6689921,0.010494661,0.0037084082,0.016380414,0.09779773,0.0028053094,0.122308165
11119,0.022427825,0.021512171,0.0075155376,0.01658389,0.83360666,0.037727088,0.005338213,0.4812507,0.067498066,0.053475905,0.0065393513,0.0041196547,0.034782458,0.12178729,0.06817092,0.021049129,0.00059129286,0.57153064,0.01795579,0.004635063,0.010590066,0.053778455,0.0041148136,0.003099504
11122,0.3237211,0.11197239,0.010797318,0.0064915777,0.31963837,0.27738148,0.020998469,0.45287797,0.011904556,0.031859502,0.010200886,0.012147616,0.069589846,0.009580732,0.0036448142,0.043673582,0.00095835666,0.16664034,0.39094913,0.001606909,0.0020328176,0.34598634,0.016094543,0.008815566
11125,0.102255106,0.11253925,0.016974095,0.011065626,0.5524555,0.05995674,0.0019513922,0.45596108,0.053027727,0.086445935,0.043469056,0.015952062,0.05654648,0.0075097918,0.107507326,0.15104073,0.00059952046,0.758006,0.038129434,0.010760689,0.006125228,0.19946428,0.029064618,0.0039719245
11127,0.20123507,0.036508683,0.011576403,0.03502791,0.08265828,0.615692,0.027576534,0.8199477,0.020812035,0.027807582,0.009684479,0.0122531,0.044734642,0.011553846,0.0010467487,0.116806924,0.0007923885,0.03957696,0.16148275,0.009469589,0.0062923166,0.7206572,0.0061488263,0.0019595332
11129,0.16905978,0.056119654,0.0152330855,0.0057057883,0.29858267,0.1691614,0.0060441266,0.31526855,0.02843876,0.024998806,0.01741836,0.008673894,0.4691948,0.05593547,0.012358936,0.12725505,0.0006911182,0.030305034,0.10081822,0.0108640045,0.0014377588,0.5292213,0.016445693,0.0049691033
11139,0.03880349,0.029759329,0.022004941,0.008345319,0.7921286,0.14031512,0.0013795091,0.62646586,0.06938298,0.04365381,0.039022706,0.0060687144,0.02330208,0.023363622,0.04767777,0.077587925,0.00049856986,0.74447274,0.022584628,0.017197683,0.017218264,0.13360655,0.0056281914,0.0065890225
11143,0.043500137,0.03588242,0.0062528867,0.02422557,0.3767307,0.091745496,0.003737092,0.7068843,0.049402703,0.09576781,0.00817673,0.0011836495,0.09892172,0.018836232,0.013608125,0.15159513,0.00053808256,0.3569715,0.032212023,0.0007889351,0.0075739287,0.17906882,0.0016884095,0.0040921974
11145,0.42449918,0.1920357,0.004475394,0.02738091,0.2330708,0.032425363,0.0041031446,0.7941924,0.011628028,0.003011012,0.016236762,0.13983028,0.0032239184,0.005745372,0.011302633,0.01071713,0.00076548307,0.35434395,0.07267137,0.0050204257,0.022636363,0.19249956,0.72797745,0.079494864
11153,0.01241168,0.019728707,0.0053410567,0.01756809,0.8132991,0.052729145,0.0014994629,0.698208,0.16828088,0.05238631,0.0060893493,0.007128735,0.03205373,0.011295085,0.01514888,0.040727366,0.0005395419,0.2173758,0.007576707,0.0027812053,0.049431924,0.09361537,0.015186531,0.003703829
11155,0.026180955,0.04502112,0.023720123,0.13679747,0.3330554,0.21903536,0.006847661,0.8377641,0.02394806,0.017488923,0.016610857,0.029918037,0.0042123403,0.008996747,0.033459798,0.013360804,0.00073980587,0.74983424,0.0048158094,0.027089171,0.0063916114,0.1317758,0.08092117,0.06576675
11157,0.13340965,0.03920264,0.016899101,0.03382052,0.8609031,0.5261244,0.017212147,0.34864724,0.020209886,0.012680027,0.008128748,0.008950144,0.017655285,0.12506288,0.07580625,0.0162351,0.00074426114,0.049806807,0.01161317,0.011653301,0.0061983047,0.25856492,0.0027402109,0.008554682
11158,0.04311495,0.010915489,0.0048284065,0.04250253,0.39614686,0.63490075,0.011758578,0.6943471,0.011885748,0.007894233,0.07447094,0.024240736,0.0561163,0.0023229336,0.0055084275,0.34663674,0.00090862345,0.08777142,0.019917024,0.0055535706,0.009033571,0.56530964,0.0059789866,0.005146623
11165,0.1805977,0.05974597,0.0033021553,0.5541978,0.19339377,0.6545372,0.26826,0.51755524,0.0033536733,0.020694813,0.030995542,0.11332034,0.0063941167,0.028073415,0.0042687613,0.09548812,0.0010313675,0.024553644,0.079720594,0.00589404,0.008288697,0.5474267,0.030540876,0.016954748
11166,0.016624408,0.032496937,0.010793494,0.010865194,0.6121765,0.028302498,0.004488711,0.5576754,0.10076962,0.03744966,0.011597733,0.0053572734,0.030020798,0.012662303,0.021915466,0.020192515,0.0005564216,0.47707027,0.013514592,0.006459296,0.024605483,0.053639628,0.001082176,0.019364545
11172,0.3139366,0.049474042,0.015512063,0.03616185,0.594982,0.83577335,0.009057849,0.5256946,0.028576517,0.02404982,0.04960374,0.006354294,0.02794688,0.011196424,0.0069325953,0.22504368,0.00062305864,0.01993405,0.021150826,0.0049786423,0.024626233,0.60097736,0.0013902639,0.033651616
11175,0.009478753,0.003697642,0.001653088,0.026674962,0.62700814,0.0719431,0.030471398,0.7635825,0.0026927115,0.0103249755,0.018811027,0.018097043,0.0033407947,0.029422034,0.03434146,0.013496778,0.000734902,0.7881862,0.0024043669,0.0054965084,0.011216461,0.037316248,0.017258864,0.0078070266
11180,0.23381831,0.032119203,0.0026825594,0.020878358,0.43316162,0.18869288,0.034109585,0.58800393,0.008515336,0.015194505,0.006486447,0.04652253,0.0062192148,0.0061497185,0.0038596364,0.058155727,0.0009835084,0.04394671,0.11811699,0.003385961,0.0013104654,0.44614264,0.0157041,0.004091035
11182,0.43492755,0.02730939,0.0031891083,0.0048103486,0.11407662,0.6293864,0.004176461,0.30930087,0.00908766,0.010803345,0.1246776,0.0041941446,0.58739394,0.0037390972,0.0028787423,0.49305344,0.0006610558,0.026216537,0.67242134,0.007123506,0.0023691403,0.91067797,0.0045420867,0.002184174
11193,0.13870564,0.018264871,0.005929734,0.26810324,0.14602728,0.39899385,0.21589951,0.71876633,0.004821883,0.004879308,0.03219229,0.12640533,0.004796995,0.02226586,0.010530993,0.018908042,0.0011204686,0.13807271,0.016567364,0.007507081,0.0029975234,0.20839635,0.10658586,0.04142431
11197,0.025191773,0.043249533,0.0055730185,0.03607457,0.06270259,0.38055184,0.038196646,0.5242348,0.09272193,0.059486315,0.015610407,0.017950535,0.36740103,0.0052171503,0.0046275523,0.3644892,0.0007753855,0.03307524,0.060674895,0.006075829,0.0033224374,0.5258171,0.005247947,0.0015341663
11199,0.087008394,0.10211201,0.015372492,0.014861645,0.47232482,0.19267899,0.0041055502,0.66509527,0.0321564,0.016982006,0.024714712,0.0061688432,0.038535032,0.0043184343,0.018050402,0.017613126,0.0005794849,0.18448566,0.009219461,0.007899399,0.121876284,0.15374193,0.013091185,0.43720087
11201,0.48971733,0.3462781,0.014940094,0.04685536,0.14644016,0.13799065,0.007952502,0.7616867,0.034704093,0.023960752,0.033958618,0.21702993,0.005468639,0.009244736,0.013948868,0.023359107,0.00066002173,0.20699048,0.07380873,0.0046228715,0.039006095,0.184647,0.120832615,0.07886917
11202,0.24969651,0.44305086,0.05190938,0.013708381,0.20919794,0.048325825,0.012850832,0.35148016,0.20636562,0.1703117,0.0066796606,0.013931832,0.1332159,0.0062155463,0.0100759035,0.01996911,0.0008036175,0.027130622,0.056682173,0.041382544,0.020538846,0.19556992,0.009318667,0.017544553
11204,0.042573497,0.16712178,0.20464256,0.048971046,0.3668037,0.010102267,0.09849741,0.36880875,0.1898654,0.12272188,0.0020129527,0.037861828,0.086218625,0.40082413,0.15311295,0.041490678,0.0009019013,0.24006169,0.2661777,0.049618527,0.010759166,0.041118417,0.021297835,0.0017770046
11213,0.26199788,0.016631441,0.0020113038,0.04685748,0.2810725,0.9001205,0.010256658,0.5890862,0.00457261,0.0037504968,0.07800757,0.011715999,0.048964787,0.011639339,0.0081468765,0.39986727,0.0007925013,0.071076,0.016026651,0.002153698,0.0077315094,0.75695384,0.0034886054,0.014102518
11216,0.08678466,0.0046097427,0.0010666344,0.017240984,0.12929337,0.49522954,0.06802571,0.6885377,0.0010126227,0.004743725,0.03503688,0.023570059,0.0669317,0.0026286282,0.0006115906,0.52792186,0.001223387,0.042550117,0.07325588,0.0015738058,0.0006017551,0.82314354,0.02196858,0.0015925925
11217,0.3666123,0.1041656,0.0121295415,0.047050737,0.62564164,0.7682369,0.0066501973,0.5010047,0.08633498,0.02400398,0.020497475,0.014012452,0.0047837733,0.012918041,0.010405903,0.040175404,0.00059875665,0.18680301,0.050489843,0.0041548014,0.05738694,0.18578418,0.0022590347,0.013193997
11218,0.07944156,0.05983705,0.019400153,0.0060388492,0.64644146,0.058927547,0.0029738813,0.5769051,0.14394586,0.09082203,0.003428007,0.0031961256,0.052340183,0.017220683,0.005721006,0.029788028,0.0006036225,0.34182233,0.04373971,0.0045942236,0.050086927,0.12842661,0.0051520583,0.009034202
11219,0.019494852,0.021899879,0.005553595,0.031000484,0.6716492,0.07817415,0.0122632105,0.6313081,0.0412791,0.018650645,0.011095303,0.009323476,0.005825196,0.028459854,0.0059221243,0.020082943,0.00069640786,0.3364825,0.012392431,0.00328843,0.06008274,0.042671006,0.009552143,0.0041596023
11220,0.51391613,0.1727406,0.0020537789,0.017209826,0.08472239,0.39599487,0.0037571196,0.64295506,0.0055784276,0.015623836,0.041420836,0.0074164886,0.23174644,0.0023891884,0.0013157229,0.4078643,0.00063378375,0.037656885,0.2487746,0.001886567,0.0054075667,0.86061615,0.03182421,0.0493935
11222,0.03511078,0.5238274,0.25147817,0.040471595,0.35998482,0.012437336,0.0057176626,0.36804944,0.46700796,0.38094118,0.011752108,0.15742688,0.04758571,0.0059073963,0.13382013,0.023631321,0.00071514514,0.485333,0.013940082,0.054342233,0.02310388,0.030145098,0.09408298,0.03395224
11223,0.061785635,0.07681368,0.013120734,0.010553765,0.8334279,0.20097901,0.008742115,0.18524754,0.03536775,0.052540373,0.02785262,0.00955939,0.08337943,0.0052020564,0.036189582,0.08885792,0.00081625883,0.179707,0.010957975,0.0105550345,0.011760677,0.1423827,0.0044915946,0.011827691
11226,0.64446187,0.06422966,0.0065303924,0.014536712,0.21127266,0.5753339,0.0034480465,0.45578885,0.009552769,0.052911203,0.017397987,0.009389374,0.12466055,0.0071694516,0.012723961,0.19328801,0.0006518333,0.21343832,0.29686287,0.0057436964,0.0033877285,0.66686684,0.009968142,0.0022605548
11228,0.121623695,0.13304554,0.07797154,0.037689067,0.3824225,0.08044957,0.013105313,0.31033012,0.14483549,0.14718464,0.00997437,0.011419464,0.40355378,0.0042478573,0.0116595365,0.052942142,0.0007368898,0.029278785,0.55740935,0.018435782,0.008250201,0.19237848,0.0076233344,0.010070093
11230,0.17795122,0.4280514,0.06498236,0.033496756,0.36443505,0.043903816,0.030481527,0.27249864,0.31738856,0.349016,0.0038906995,0.06577821,0.06226531,0.012675651,0.03352938,0.013632179,0.00079000375,0.06956405,0.030342791,0.0190361,0.014275571,0.10965728,0.013986355,0.0318091
11232,0.043297205,0.10925845,0.0088496385,0.058301985,0.35348865,0.017804673,0.018285237,0.5997477,0.016086934,0.043234214,0.0028623107,0.17501087,0.009011073,0.016062656,0.017817995,0.01767748,0.00076436705,0.591245,0.0030449822,0.0058297818,0.004872552,0.030694107,0.1346011,0.027870074
11242,0.007941885,0.011532449,0.005066979,0.07081222,0.7637729,0.046554133,0.028017778,0.6579057,0.0524287,0.0042103548,0.0022943793,0.02335165,0.0022741356,0.026292589,0.007975437,0.0031247297,0.0008223957,0.36126107,0.005663339,0.0045953817,0.18663463,0.011263503,0.0075346543,0.020701123
11244,0.006613939,0.020685354,0.0029496287,0.026457556,0.6217295,0.04671025,0.0018701401,0.6819456,0.020596594,0.04570862,0.012704884,0.0070659798,0.0421526,0.0076617585,0.018260665,0.090282485,0.0005713756,0.8675657,0.039895695,0.0020071818,0.009596831,0.06614192,0.0013025984,0.0036875305
11246,0.045489304,0.13686685,0.014598505,0.008357257,0.42629546,0.05773161,0.03252567,0.5113616,0.023800371,0.02147733,0.00712241,0.00829239,0.13044438,0.021965021,0.022321627,0.0425407,0.00082036667,0.37356138,0.025712093,0.0058787325,0.0057320883,0.16345876,0.03625288,0.011055371
11247,0.1905764,0.32014182,0.035867088,0.016545912,0.64587194,0.37475073,0.005865394,0.3419229,0.38876554,0.15571156,0.013980168,0.0053726826,0.014173372,0.008837818,0.039538473,0.030002793,0.0006999159,0.1450836,0.01775416,0.0111930035,0.034261927,0.11674372,0.0052339905,0.025715642
11252,0.14230277,0.1209759,0.0324444,0.5438975,0.13767323,0.10803856,0.49004868,0.5916083,0.043124814,0.017541232,0.0016696227,0.20329975,0.00021445361,0.065161556,0.019632084,0.008890957,0.000927975,0.2245417,0.025843784,0.008266999,0.5952338,0.038162895,0.018625166,0.0047717406
11253,0.050357115,0.06380781,0.01912838,0.01762804,0.24892786,0.07039739,0.002204167,0.78723675,0.077374324,0.03005639,0.016344428,0.0121357655,0.021113945,0.012491699,0.031534612,0.06280289,0.0005791037,0.42630517,0.02804443,0.006989136,0.008668447,0.14862713,0.02065623,0.022428326
11254,0.07208043,0.026720565,0.005380504,0.019206865,0.41981813,0.074156255,0.0057912865,0.69145995,0.04405208,0.011599713,0.007290982,0.006324719,0.031092498,0.036495026,0.020200234,0.018958285,0.00061395596,0.1770421,0.017272562,0.012695586,0.006633303,0.16446786,0.007913417,0.011623952
11257,0.2276551,0.02044311,0.0035313845,0.018013826,0.03655885,0.53981894,0.031440772,0.47633478,0.019321766,0.008935789,0.03816181,0.0038570818,0.35939795,0.019714106,0.0022327492,0.4689861,0.0007164113,0.040647335,0.053361043,0.0037094972,0.015989201,0.9234917,0.002278462,0.0012948945
11258,0.052694034,0.073531635,0.016044023,0.009533673,0.22736828,0.079111055,0.001417124,0.38511792,0.059436217,0.17326796,0.06497799,0.020592345,0.5950732,0.006878436,0.048729196,0.29404405,0.0005055537,0.28460452,0.059585873,0.0068609896,0.0019936687,0.31707835,0.014042314,0.00612528
11259,0.07396966,0.013869288,0.0030862072,0.08224527,0.30439594,0.7407093,0.01431064,0.7263518,0.007302083,0.010886126,0.046325617,0.029052397,0.009802682,0.048759244,0.013324358,0.064659715,0.0007698562,0.24336578,0.0023455615,0.0023267693,0.01727971,0.37278485,0.005470631,0.019443398
11260,0.026635708,0.052330915,0.0029435751,0.1092122,0.045295727,0.060065594,0.15849638,0.5274112,0.0024389927,0.007930323,0.004377128,0.11428664,0.37161875,0.006517298,0.010914577,0.056172855,0.0011237352,0.05444081,0.015051455,0.010500832,0.0021921708,0.16115639,0.056547906,0.3124793
11262,0.14352544,0.108877756,0.01925051,0.020469459,0.663877,0.043524746,0.005285865,0.42707074,0.17599072,0.055202547,0.013649284,0.008772933,0.012775042,0.10281747,0.10882325,0.0287073,0.0006345913,0.5520424,0.007968951,0.0045917057,0.35148197,0.08259782,0.0033292372,0.006380302
11263,0.7074518,0.06891277,0.0047998414,0.02393571,0.17344557,0.71488416,0.0036206874,0.72560304,0.0040236134,0.02718919,0.024881113,0.040533848,0.052061073,0.0076361806,0.006947782,0.16660674,0.00068717235,0.026993472,0.032642253,0.006966009,0.0020302942,0.7819931,0.009745276,0.0130443005
11265,0.0068670847,0.013208445,0.012203694,0.04914107,0.49244004,0.026655303,0.154443,0.6815672,0.012213171,0.017852768,0.0015484566,0.013069419,0.0069625457,0.20023836,0.01495474,0.028459866,0.0008572792,0.30862212,0.06673406,0.015047329,0.003899389,0.022778168,0.0077368454,0.0020779497
11269,0.058639515,0.018368315,0.0416496,0.018417954,0.78963757,0.035859417,0.0054210066,0.2666383,0.100376844,0.06260316,0.0063221785,0.0053074453,0.0632833,0.12823577,0.15083092,0.021974692,0.0006087538,0.64496267,0.029566929,0.007882283,0.010494686,0.031386185,0.008143813,0.013558775
11270,0.119638674,0.6443159,0.3881556,0.029170094,0.6815458,0.012221837,0.027889894,0.15321982,0.56870085,0.16922906,0.0031046488,0.021792086,0.07361141,0.053312965,0.1294286,0.018378638,0.0008495471,0.20393567,0.05214452,0.078356914,0.0054463735,0.044311017,0.01755349,0.036268067
11275,0.5683643,0.1942137,0.03919834,0.03753133,0.19174172,0.2897518,0.023008917,0.23637882,0.23522635,0.09299356,0.004782114,0.0037653458,0.19227123,0.008295414,0.015391898,0.05970771,0.0008384797,0.02851583,0.6211758,0.004706614,0.022328118,0.3208145,0.003095792,0.006917307
