ID,p_Action,p_Adventure,p_Animation,p_Biography,p_Comedy,p_Crime,p_Documentary,p_Drama,p_Family,p_Fantasy,p_Film-Noir,p_History,p_Horror,p_Music,p_Musical,p_Mystery,p_News,p_Romance,p_Sci-Fi,p_Short,p_Sport,p_Thriller,p_War,p_Western
1,0.13582136,0.05994424,6.132886e-05,0.3340023,0.18106374,4.210571e-13,0.019863704,1.0,0.0046493006,0.046305083,0.7391916,2.1457223e-05,0.07631681,0.00012349144,0.0010585983,0.0049434197,0.00016375893,1.0,0.0019824235,0.0007234348,2.422184e-06,1.0954658e-05,2.2864113e-13,0.03144261
4,0.09390064,0.05994424,0.012176019,0.9990023,0.4221894,0.84736544,0.1584589,0.3784997,0.2662358,0.046305083,3.8102453e-35,0.008012741,0.07631681,0.015294579,0.006130043,7.3297116e-07,0.0001898146,1.59802e-11,0.011657234,0.7778228,0.004143602,0.6875265,2.5549659e-28,0.001348323
5,0.5995769,0.05994424,2.7446005e-05,4.5406137e-05,2.7765947e-05,1.0,1.9814765e-05,1.0,0.007959859,0.046305083,1.0,3.5671424e-06,0.1270951,6.2078422e-15,9.486712e-06,1.0,0.00074948714,1.0,0.012423,6.2153926e-10,3.4916302e-05,1.0,1.6625274e-15,8.175418e-07
6,0.11815516,0.10609732,2.9715093e-06,0.8621284,0.0019124374,0.9999919,1.8584717e-23,2.2538735e-12,0.08587819,0.046305083,0.999998,4.9101474e-09,0.25576898,3.1996252e-09,0.1043219,1.0,0.00075505866,1.0,0.10617509,2.940232e-13,1.0,1.0,6.5322304e-20,0.00012999598
7,0.5176871,0.6140455,1.4168685e-05,2.2209241e-09,0.011417376,5.9511827e-12,4.9557564e-26,3.8146525e-27,0.41978028,0.68413407,0.998574,2.7883965e-08,0.8631244,1.8094996e-05,0.092223875,1.0,0.0005812177,1.0,1.0,9.2986435e-10,2.7759252e-16,1.0,3.573645e-08,2.6618402e-05
9,0.13582136,0.05994424,0.0064270217,0.21574031,0.18106374,4.181713e-08,0.1584589,0.99995244,0.013874356,0.046305083,1.9148428e-11,0.00035175317,0.07631681,2.9989398e-05,0.00046402414,4.997634e-08,0.00016375893,6.4757544e-22,0.011657234,0.10385899,0.0004116012,7.9706797e-07,3.9021664e-12,0.06757083
11,1.0,1.0,0.98078054,0.16729636,0.15951541,0.00094586506,1.0,1.0,0.975513,0.30965918,3.9671448e-25,0.008954616,0.07631681,0.00062157295,0.013147068,1.442429e-09,0.0075171636,1.0,0.0025632665,4.329677e-07,5.179028e-06,0.08315826,4.4520273e-28,9.548264e-07
13,0.46289632,0.10609732,0.12858741,1.7525259e-11,0.014708463,3.6103485e-18,3.56255e-24,5.195512e-18,0.08937813,0.046305083,1.0,9.687643e-15,0.09646739,5.8597897e-07,0.7544202,1.0,0.00068339525,1.0,0.020424785,2.3021914e-13,3.1057456e-25,1.0,0.99985564,2.6394702e-07
16,0.33664554,0.05994424,0.0001877881,0.0039263167,0.5261966,5.585647e-10,0.0011088443,1.0,0.2662358,0.046305083,6.801857e-20,4.658209e-12,0.07631681,8.939713e-06,0.27398035,5.2586435e-13,0.00016375893,1.0,0.0019824235,3.4885683e-10,3.9565964e-07,1.0,6.0338755e-31,0.008313773
21,0.09390064,0.05994424,0.00028984208,0.087141156,0.44864616,0.053447388,0.019863704,3.6418787e-05,0.37259588,0.046305083,4.1522205e-26,0.00041761724,0.07631681,0.030343775,0.015264354,6.589982e-13,0.00020639747,1.0,0.0019824235,0.76454717,0.017469972,9.238112e-18,6.0338755e-31,0.0025105642
22,0.6657762,0.6140455,0.9689187,0.00031858185,0.0052004424,0.006203053,2.2773513e-23,1.1754527e-19,0.6058759,0.83897054,0.9691892,1.3974219e-15,1.0,1.8723978e-05,0.22724822,4.0265546e-05,0.00029457547,1.0,0.2307694,7.638825e-10,1.0222959e-11,4.885668e-18,1.49066e-16,0.00924054
24,1.0,0.05994424,0.00017374613,5.232875e-06,0.44864616,2.4198306e-07,0.019863704,6.37146e-39,0.8859775,0.046305083,2.5594486e-24,3.089377e-08,0.24536146,6.9512697e-07,0.012644282,0.99977547,0.00055844,1.0,0.016348407,4.6421243e-05,2.3461353e-27,1.7813757e-13,6.0338755e-31,2.7561157e-08
25,0.5900513,0.10609732,0.01173722,0.004906623,0.0057238033,0.036925647,2.4070327e-23,0.0057944884,0.2471739,0.046305083,1.7659285e-10,5.746178e-08,0.2081817,6.8681506e-23,0.031783104,4.107086e-08,0.00034034025,2.1699798e-05,0.15428965,6.279071e-13,2.728941e-08,0.9648515,6.890853e-15,0.0026798856
32,0.09390064,0.10609732,0.04106601,4.656173e-09,0.02301306,0.7707827,3.56255e-24,8.726399e-27,0.10870308,0.046305083,5.331975e-05,2.9019063e-09,0.07631681,0.00055885536,0.115829505,0.00017639932,0.00020411126,0.2377918,0.035931535,2.578877e-10,1.2259921e-08,3.7480326e-09,5.1076648e-20,0.00092637073
38,0.09390064,0.10609732,0.004989508,1.0863132e-09,0.011417376,1.4834052e-08,3.56255e-24,1.0,0.19009706,0.046305083,1.1047344e-31,1.7320465e-10,0.07631681,5.0298318e-06,0.04092625,1.0,0.00028824786,6.009335e-11,0.035931535,2.5817856e-10,2.0282113e-13,1.0,5.2630525e-19,2.0327774e-05
40,0.09390064,0.05994424,0.011864815,0.004620174,0.44864616,0.15883738,0.018350748,0.10561978,0.34321278,0.046305083,3.006636e-39,1.0600555e-05,0.07631681,0.0016987651,0.06285104,0.005281431,0.00025718904,1.0,0.011657234,0.0062841857,0.0017170894,0.09982016,6.696311e-32,0.0009291747
54,0.09390064,0.10609732,0.81357515,6.8171063e-12,0.029057212,0.6817539,3.915353e-24,4.190046e-24,0.89828175,0.046305083,0.00025257294,3.650697e-15,0.07631681,7.0832016e-07,0.9055304,0.022535183,0.00020411126,5.4407446e-12,0.021866366,3.7005264e-12,1.7172666e-14,0.78939784,1.0647812e-18,0.0046092677
55,0.09390064,0.05994424,0.33874837,2.2240754e-07,0.574614,0.10501985,0.1584589,3.4160377e-15,0.5677263,1.0,5.4069922e-18,5.202156e-14,0.09646739,0.010856378,7.2079456e-07,2.484371e-10,0.00017858997,0.0009953475,0.011657234,1.0964026e-09,1.771227e-11,2.717024e-25,6.0338755e-31,0.00034628116
60,0.11815516,0.10609732,0.9000379,4.201799e-11,0.023973111,0.022795605,3.56255e-24,1.0,0.14662814,0.07390926,2.8159749e-12,5.171044e-14,0.14227797,3.672051e-08,0.08176587,0.9588606,0.005099356,3.952739e-15,0.05317309,1.6008442e-12,7.4237296e-13,4.620792e-06,1.8598049e-23,0.001176984
64,0.09390064,0.05994424,0.00031136122,1.7752681e-08,0.47554386,0.008560827,0.003642777,1.0,0.37259588,0.046305083,0.9997665,5.698552e-10,0.09646739,1.17317974e-07,0.00022793656,1.175591e-09,0.004488576,6.283989e-15,0.028777288,1.8700139e-06,2.9726388e-09,2.1729804e-16,8.414572e-26,1.7769961e-06
72,0.13582136,0.05994424,3.720861e-07,0.062313117,0.26848677,0.00043263394,0.9999962,1.0,0.014510826,0.046305083,0.00011813664,5.433149e-07,0.07631681,3.1382008e-06,4.416602e-05,6.0738306e-15,0.00020356434,4.043395e-27,0.011657234,3.5534814e-10,1.9206163e-13,2.515145e-12,1.3375324e-12,0.0063386275
74,0.09390064,0.10609732,0.00016772884,9.50718e-06,0.011785531,4.582e-17,8.23045e-24,5.4145425e-12,0.3144528,0.046305083,0.9954672,7.850691e-20,0.07631681,1.9241143e-07,0.03337137,1.0,0.00030942584,1.0,0.021866366,3.7716995e-12,6.0272764e-15,1.0,1.330154e-09,1.5723226e-09
77,0.24247748,0.05994424,0.006665615,0.00936903,0.07115741,1.0,0.09830792,0.7280262,0.092225924,0.046305083,6.028577e-33,0.00018149456,0.07631681,0.01713625,0.0011525638,1.0,0.00016375893,4.9432174e-27,0.011657234,0.003592462,3.2961778e-09,1.0,2.2458944e-32,0.00026468365
78,0.13582136,0.05994424,0.0038171331,0.0005552833,0.26110107,0.9885133,0.09377149,0.9981856,0.014632692,0.046305083,1.0,6.242149e-13,0.07631681,3.0255398e-05,0.012707911,5.1330545e-07,0.0003792356,1.0,0.0019824235,6.270975e-11,9.2899345e-06,6.3596043e-26,4.5185625e-15,0.00013660452
89,0.22645177,0.18197545,1.0,0.018931007,0.014578631,7.3895194e-08,0.017410161,1.05856435e-11,0.01661716,0.30965918,0.00424701,1.0,0.07631681,9.373384e-09,0.6675575,3.5750626e-12,0.00028660614,1.0,0.0025632665,4.6033094e-11,9.830186e-07,4.7939847e-11,1.0,0.9966667
94,0.09390064,0.05994424,0.00070198305,0.2066953,0.6379284,2.896412e-15,0.0027203087,1.9217826e-27,0.69982034,0.046305083,7.3047777e-31,9.706264e-06,0.537438,8.761781e-05,0.15509143,0.0010343598,0.00016375893,1.0,0.020650532,0.016817968,1.042194e-08,1.074318e-22,6.0338755e-31,1.2704949e-05
97,1.0,0.10609732,0.06894007,2.6205477e-10,0.8979711,1.0,3.4334443e-27,0.010146122,0.9628148,1.0,0.006393051,1.1454078e-16,1.0,3.16688e-25,0.010093721,1.0,0.00041070167,1.4221096e-17,0.021866366,1.782284e-12,3.0198374e-20,0.9999995,0.0005707137,8.611773e-06
98,0.09390064,0.05994424,0.0054006977,0.022644054,0.31678307,0.00094586506,0.025539387,1.0,0.3350658,0.046305083,9.004728e-38,0.0002567182,0.07631681,0.016408473,0.021908533,2.778858e-10,0.00025064658,1.3074092e-11,0.0025632665,7.020885e-07,0.0046616895,0.19857523,1.2709429e-27,0.00076506956
105,1.0,1.0,3.188199e-07,9.001623e-11,0.019517543,1.0,4.9557564e-26,3.006636e-39,0.050610077,0.046305083,1.0,3.1460745e-09,0.07631681,2.8735976e-06,0.022829894,1.0,0.00020411126,1.0,0.03344825,6.1068766e-07,1.0200227e-15,1.0,1.5175182e-07,7.2971496e-05
115,0.09390064,0.10609732,0.38990682,1.3161451e-09,0.015478964,2.5637903e-05,3.5368608e-25,1.0,0.24016015,0.091239415,3.3564182e-19,5.0863898e-14,1.0,2.4297458e-08,0.017428892,8.3987656e-10,0.0003186438,5.665052e-11,0.09863405,3.360804e-13,1.48565915e-08,0.9997968,8.723573e-19,3.7581322e-06
116,0.09390064,0.05994424,0.041889712,0.00022082396,0.18937553,2.9343308e-05,0.01297383,1.0,0.2662358,0.046305083,7.701606e-35,9.973825e-06,0.19388974,2.7008214e-06,0.030009817,4.629529e-12,0.00067178404,1.0,0.0025632665,9.03534e-07,0.0011054091,8.413707e-07,4.4520273e-28,0.011347257
117,0.13777927,0.10609732,0.9839102,3.298143e-11,0.011417376,0.9939942,3.56255e-24,1.0,0.59315556,0.046305083,1.0,2.7665396e-11,0.29585013,1.0994514e-05,0.0027428546,1.0,0.00027920134,3.37076e-21,0.99953616,4.9115595e-10,2.9799152e-10,0.9999993,3.21729e-18,1.1515696e-07
125,0.43491995,0.10609732,2.809575e-06,9.518745e-08,0.0031282369,0.99991906,1.7472936e-21,1.0,0.08964106,0.046305083,0.999033,2.9248781e-09,0.24673085,6.169222e-06,0.0079596825,0.041900113,0.00059781066,1.0,0.03261185,2.9264338e-10,5.060112e-13,3.1220077e-07,4.531099e-09,5.499387e-06
126,0.9967104,0.05994424,0.0021986314,0.22408228,0.08145779,2.5591643e-10,0.02285768,5.5753583e-16,0.004391559,0.046305083,2.6666374e-14,0.00035161473,0.07631681,0.00026103898,2.6969326e-06,1.0761394e-14,0.00039853263,3.006636e-39,0.0025632665,1.3598201e-06,5.0695067e-05,1.4993964e-17,8.7913406e-11,0.009975693
130,0.09390064,0.10609732,5.7811085e-06,3.2037947e-10,0.011832501,2.2739288e-10,3.56255e-24,3.9785273e-17,0.04935128,0.046305083,2.6006666e-09,2.4595027e-12,0.07631681,9.526173e-05,0.0699827,0.000139825,0.00022414413,1.1808567e-16,0.035931535,9.618972e-10,2.0513476e-10,1.0,8.7735876e-14,0.00015760779
133,0.09390064,0.05994424,3.8095203e-07,0.0014350394,0.44864616,0.10501985,0.1584589,3.827447e-10,0.14585476,0.046305083,3.2298483e-16,0.0004980222,0.07631681,5.934186e-06,0.00065734127,0.00020664578,0.00018132574,2.1940408e-20,0.011657234,0.006878352,3.7598755e-09,0.81899184,2.2606795e-24,0.00044780393
137,0.09390064,0.05994424,2.3221585e-06,0.0018406512,0.6310193,0.0009877562,0.1584589,4.0118288e-05,0.97773427,0.046305083,1.4848911e-27,6.843615e-09,0.07631681,0.01395957,0.010666128,1.3473016e-06,0.00019444495,2.4632564e-25,0.011657234,0.00017882357,0.9622777,0.7283052,6.0338755e-31,4.2742577e-05
138,0.34981948,0.10276631,0.0022927194,0.020403663,0.13302772,1.0,0.018350748,0.3784997,0.0042371973,0.046305083,0.97633886,7.8598094e-07,0.40027294,0.0013067207,0.15313299,1.0,0.0011372719,5.394758e-13,0.03622963,0.002234845,0.030426208,0.9999838,2.4422514e-32,0.00011675735
140,0.13582136,0.05994424,0.006722814,0.63577175,0.26766345,3.1677387e-13,0.010708074,0.99947006,0.0046493006,0.046305083,2.1573925e-18,4.4220784e-16,0.07631681,1.6843577e-06,0.00022658361,4.8025777e-15,0.0075081466,2.9262183e-16,0.028777288,2.2972325e-11,1.8160161e-08,5.136e-11,9.691954e-14,0.00042738632
141,0.7685323,0.10609732,0.000620328,4.2468198e-08,0.4672399,7.907349e-08,9.304735e-20,0.89670366,0.19762008,0.046305083,1.0,8.78477e-11,0.470089,1.0957542e-21,0.043373384,1.0,0.00056806154,1.0,0.035931535,3.9994263e-10,4.714511e-20,1.0,0.99999726,2.0043635e-06
145,0.09390064,0.05994424,0.011602851,0.19688697,0.15951541,1.3785277e-08,0.019226326,1.0,0.8346446,0.046305083,4.37863e-19,4.1084593e-05,0.07631681,4.6044028e-05,0.0036268546,1.2140869e-12,0.00036994374,1.0,0.971159,2.3164366e-06,0.0021236348,0.0356171,1.1928283e-29,3.8993284e-10
147,0.09390064,0.05994424,0.0061368323,0.013750336,0.33317786,0.00094586506,0.02285768,1.0,0.2662358,0.046305083,1.0486173e-33,6.758491e-10,0.24536146,0.62698835,0.99999976,4.3278465e-06,0.0014976813,1.0,0.0064144097,5.0753473e-12,0.00016282813,1.0155741e-10,4.4520273e-28,0.0013496425
148,0.13582136,0.05994424,0.009923574,0.21574031,1.0,1.0,0.1584589,0.5253843,0.007587252,0.046305083,2.6439822e-15,3.3851131e-06,0.07631681,2.6212554e-05,0.0014749075,0.0053309253,0.00016375893,8.246988e-15,0.011657234,0.0056342874,3.925297e-07,0.7637968,3.9021664e-12,0.83308667
153,0.09390064,0.05994424,0.009123456,0.0453099,0.44864616,0.00011257946,0.1584589,0.8556653,0.2662358,0.046305083,9.141677e-32,6.8531995e-07,0.07631681,0.0507753,0.010381846,3.132669e-06,0.00020689992,0.9999999,0.011657234,0.0013688887,0.4730969,0.4519825,2.4422514e-32,0.0025105642
154,0.09390064,0.05994424,0.006665615,0.0072835446,0.40084127,1.0985403e-06,0.09830792,6.6265145e-15,0.2662358,0.046305083,3.006636e-39,1.00687295e-07,0.07631681,0.0019207041,0.005722585,0.0013869064,0.00018304498,7.0613955e-16,0.011657234,0.003592462,9.536316e-05,1.0,8.414572e-26,0.0012561434
155,0.09390064,0.05994424,0.0059091165,1.0,0.63516456,0.10501985,0.998836,2.0376953e-10,0.2662358,0.046305083,9.141677e-32,0.030726885,0.07631681,0.0621799,4.4177057e-05,1.2347955e-05,0.00026057544,2.3009756e-09,0.011657234,0.00015344558,0.004143602,5.798169e-14,6.0338755e-31,0.0007702399
158,0.9227622,0.1250053,0.0036493663,0.0001926587,0.7505106,1.6067434e-14,0.056838457,1.0,0.45270395,0.046305083,0.9378001,1.4787355e-08,0.3911157,9.183622e-24,0.04690529,6.487586e-05,0.00037869622,1.0,1.0,7.498138e-10,0.01651588,0.00034704772,1.6570894e-29,0.039369848
159,1.0,0.05994424,0.0012064104,3.1205185e-05,0.058850635,1.3016263e-08,0.00020453265,5.3261276e-19,0.6522179,0.046305083,1.5274063e-18,7.8598094e-07,0.35515404,7.20064e-24,3.0101517e-05,0.04156023,0.000516448,3.2716805e-09,0.0016283505,2.8029754e-05,0.0056340303,0.99999976,2.4422514e-32,0.1015708
161,0.25400883,0.17572631,0.009217001,2.3650804e-10,0.011417376,0.026904063,3.56255e-24,0.9999987,0.10870308,0.046305083,1.0369779e-18,8.278659e-09,0.07631681,3.065246e-05,0.009806862,0.99586856,0.00022814856,0.89780194,0.035931535,5.921842e-09,2.3964486e-10,0.99997365,2.1906059e-18,0.0026660669
162,0.09390064,0.10609732,0.074183084,1.5669539e-10,0.009406016,5.767755e-08,7.8235034e-23,0.00059543375,0.14503387,0.046305083,9.360239e-08,3.271367e-10,0.24536146,0.00023660754,0.0037092718,1.0,0.00020411126,0.00035441658,0.053770196,2.8755406e-10,5.112381e-13,0.9876325,2.6510323e-22,6.535778e-05
163,0.09390064,0.05994424,0.012176019,0.4560118,0.4221894,0.39868677,0.1584589,1.0,0.2662358,0.046305083,2.4785629e-33,0.007106609,0.07631681,0.027400892,0.042264868,7.3297116e-07,0.0001898146,6.180248e-10,0.011657234,0.04290338,0.004143602,0.28068012,6.0338755e-31,4.0021307e-05
182,0.13582136,0.10609732,0.005409965,5.9813672e-05,0.00096416817,6.902184e-17,7.454824e-23,1.0,0.60689735,1.0,1.0,2.8852e-13,0.2309254,1.7368324e-06,0.040317092,1.0,0.00035785994,1.0,0.14164153,4.8041773e-13,9.870809e-14,3.858858e-32,1.0,0.00048211688
187,0.612231,0.05994424,0.0036887135,0.015907638,0.20758253,5.368543e-09,0.019717736,1.0,0.65086055,0.046305083,1.7023265e-11,5.6182882e-14,0.5176541,1.5582511e-25,3.1205454e-05,1.3315277e-12,0.0003618775,9.679211e-32,0.0025632665,1.3372372e-11,4.1666618e-07,3.006636e-39,1.9441854e-14,0.07049742
189,0.13582136,0.05994424,0.015211434,0.02397034,0.18106374,4.5528637e-07,0.018350748,0.99999094,0.0050841863,0.046305083,8.768786e-14,1.6257127e-08,0.15469666,5.8531954e-05,3.8285114e-05,9.164872e-11,0.00022095728,1.0,0.03779956,0.16480346,3.5142916e-06,0.9994228,1.7302781e-16,0.008170051
190,0.09390064,0.10609732,0.002755555,0.00011877732,0.0059796385,0.9992176,1.4849508e-23,1.0,0.1448456,0.046305083,0.99999964,7.9317727e-16,0.07631681,1.6768264e-07,0.37922573,1.0,0.00042676931,1.0,0.024655819,5.0519143e-13,3.0991856e-12,1.0,0.99984014,0.003930493
193,0.09390064,0.05994424,0.6676004,0.13940796,0.13497634,9.794519e-10,0.064063884,0.99998975,0.2662358,0.046305083,3.006636e-39,2.4660217e-06,0.13686801,0.0010493542,9.291298e-06,2.4793705e-15,0.00020639747,1.7041547e-16,0.0025632665,5.601377e-08,1.4915946e-05,3.006636e-39,4.7305952e-29,1.6731728e-05
194,0.27928856,0.4697083,0.14480908,1.2729487e-09,0.011417376,1.576392e-16,3.137432e-25,4.074229e-31,0.81004196,0.9584493,4.203383e-16,7.7215906e-10,0.9523056,2.2195516e-07,0.12540679,1.0,0.0007952596,1.0,0.85958767,1.8630661e-10,5.8193097e-21,1.0,1.4188157e-16,0.3100689
197,0.13582136,0.05994424,0.0074314573,0.04005981,0.25021818,4.5528637e-07,0.1584589,1.0,0.008294653,0.046305083,8.207154e-17,4.6407175e-07,0.07631681,0.00048924977,4.7260684e-05,0.001567385,0.00020689992,1.0,0.011657234,0.00026851098,8.290699e-06,6.663393e-07,1.7302781e-16,0.45681763
201,0.09390064,0.10609732,0.038109705,2.3650804e-10,0.011417376,1.0,3.56255e-24,1.0,0.10870308,0.046305083,2.2791478e-14,1.7377381e-10,0.07631681,9.236796e-06,0.11430971,1.0,0.00020411126,0.01826943,0.035931535,2.2170545e-10,4.2804137e-12,0.017462878,8.719405e-21,5.1108636e-05
202,0.13582136,0.05994424,0.0025600425,0.5497711,0.18106374,4.5528637e-07,0.018350748,1.0,0.0073059932,0.046305083,0.022883132,1.1910415e-06,0.07631681,0.00045163726,0.0734461,0.031324025,0.0003155479,1.0,0.0016283505,0.0029472373,1.8659788e-05,3.2497824e-09,1.7302781e-16,0.83180016
204,0.52118206,0.10609732,6.866847e-06,4.746405e-09,0.2226459,1.0,3.8986717e-26,2.9933824e-05,0.056746874,0.046305083,0.9999999,6.223325e-11,0.1839583,2.7978488e-22,0.15742797,1.0,0.00020411126,7.18169e-30,0.035931535,3.0231234e-08,6.3652564e-12,1.0,5.4635053e-05,1.0
206,0.09390064,0.05994424,9.941062e-05,0.45797175,0.5261966,5.8181048e-08,0.19515392,3.006636e-39,0.1337816,0.046305083,9.001134e-13,3.9424214e-16,0.07631681,0.0011578188,0.27322233,1.5190616e-11,0.0002564124,1.0,0.006572451,3.5771056e-10,6.970581e-06,0.7172561,2.2458944e-32,0.0001385394
207,0.09390064,0.05994424,0.029014962,0.002481467,0.6653214,0.10501985,0.998836,0.3784997,0.5085588,0.046305083,7.0079237e-28,0.0080826925,0.07631681,0.011379784,0.0010283235,5.3081963e-05,0.0044321637,3.6806072e-11,0.028777288,0.0011821255,1.8482015e-05,0.24799511,6.0338755e-31,0.027553413
213,0.09390064,0.05994424,0.06202185,0.0044660172,0.39369252,0.0005934666,0.021147469,1.0,0.5085588,0.07390926,1.2123483e-28,1.07523964e-16,0.14227797,0.011158757,0.00024830466,3.0516405e-14,0.0002663674,0.9937664,0.0025632665,3.081297e-12,0.0012004977,3.49092e-20,5.144188e-29,7.374997e-05
224,0.22409727,0.17572631,0.0068366053,0.00059497816,0.0015134945,3.5137768e-05,1.8606282e-23,1.377018e-10,0.3830943,0.046305083,2.0393631e-10,2.1511709e-11,0.07631681,5.542393e-05,0.0025999362,1.0,0.00036383801,1.6680028e-08,0.8421542,1.5029048e-12,2.4704472e-09,4.4946394e-27,0.9998324,4.533479e-07
225,0.09390064,0.1086178,0.1343489,0.050039023,0.5141287,4.086995e-08,0.1584589,1.0,0.2662358,0.046305083,3.006636e-39,1.0,0.07631681,7.043144e-08,0.1935,1.1332386e-16,0.0006720748,0.9999999,0.054583166,0.00014171912,2.2146283e-10,6.758202e-19,1.0,4.0625248e-10
226,0.09390064,0.18197545,6.745536e-06,0.01352198,0.44864616,0.10501985,0.1584589,4.9881635e-07,0.14585476,0.30965918,1.4237204e-07,0.00015773905,0.07631681,0.015294579,0.0086855795,2.6264859e-06,0.00016375893,2.1940408e-20,0.011657234,0.007070742,0.004143602,0.6875265,6.0338755e-31,0.0051977867
232,0.09390064,0.05994424,0.99998,0.20487179,0.574614,0.10501985,1.2791237e-06,1.7883447e-09,0.9079209,1.0,2.4770898e-17,3.046046e-14,0.07631681,0.00037325683,0.009687338,4.5600375e-21,0.00016375893,0.9998648,0.011657234,1.0674483e-12,6.169259e-07,1.9331133e-06,2.2606795e-24,0.0346904
234,0.17848936,0.05994424,0.00012705309,0.13814019,0.18106374,2.6972439e-05,0.019863704,1.6699071e-22,0.0069186734,0.046305083,0.99997854,2.3957242e-08,0.07631681,0.00013821374,0.08927246,2.0303443e-09,0.00048703657,1.0,0.006572451,0.9993555,5.909112e-10,3.4726637e-09,3.106166e-10,0.077228524
235,0.09390064,0.05994424,2.3286202e-07,0.01352198,0.44864616,0.10501985,0.1584589,0.98898554,0.14585476,0.046305083,5.947937e-08,0.0021039026,0.07631681,0.015294579,0.0014066938,0.010527382,0.00016375893,2.1940408e-20,0.011657234,0.004475015,0.004143602,0.6875265,6.0338755e-31,0.0025105642
236,0.6028089,0.05994424,0.6106795,0.5277428,0.043646276,1.628426e-05,0.1584589,1.1136928e-15,0.017734813,0.046305083,0.009853717,1.0,0.07631681,4.6667768e-14,0.06511813,6.3108123e-06,0.0008841669,3.006975e-06,0.91200167,0.027062848,9.865824e-17,1.0,1.0,0.028384583
249,0.1233277,0.05994424,0.076650515,1.6160661e-06,0.1452876,0.7789002,0.42576036,0.9999126,0.48461762,0.046305083,6.738119e-09,1.0,0.07631681,1.9034507e-09,0.0001172582,5.3208585e-15,0.0049714856,9.630721e-10,0.06738012,3.0110394e-07,1.0,6.668451e-09,1.0,7.973886e-11
255,0.09390064,0.05994424,0.03135669,0.0034451901,0.14249693,9.849357e-07,0.021331128,1.0,0.6880238,0.046305083,1.9092226e-07,2.3795302e-08,0.07631681,0.003473796,0.04841926,1.0981686e-06,0.005694165,1.0,0.1386583,2.2600402e-10,3.0578182e-09,0.17930008,1.2709429e-27,0.0927391
258,0.25729927,0.17572631,0.015971147,6.796852e-12,0.0026766695,1.0,3.56255e-24,3.9105172e-24,0.05422198,0.046305083,1.0,5.832398e-14,0.07631681,8.5084463e-07,0.12732045,1.0,0.0003878895,1.1495701e-32,0.021866366,2.769953e-13,1.6402392e-16,0.9999999,3.728516e-21,0.011580997
260,0.09390064,0.05994424,0.09053132,0.10151448,0.574614,0.10501985,0.9991604,0.0001732259,0.2662358,0.046305083,2.805753e-33,1.3857226e-06,0.07631681,0.304499,0.0045719193,9.792912e-21,0.00025897025,1.5143079e-12,0.011657234,1.13710854e-07,5.475142e-06,7.15158e-07,6.0338755e-31,0.010409041
262,1.0,1.0,0.46576747,0.926985,0.15951541,9.047642e-13,0.02530303,1.0,0.94763863,0.046305083,3.006636e-39,3.037738e-06,0.07631681,0.03852864,0.5718226,2.8946582e-07,0.00034077858,2.3662563e-11,0.0025632665,1.201377e-06,2.6516649e-05,1.0292285e-13,1.642621e-28,1.8710058e-08
264,0.09390064,0.05994424,0.05187921,0.99998367,0.4221894,0.10501985,0.1584589,0.41962862,0.2662358,0.046305083,2.1750503e-34,0.008012741,0.07631681,0.026147138,0.0020286255,7.3297116e-07,0.00023595196,2.3009756e-09,0.011657234,0.06942257,1.0,0.28068012,2.5549659e-28,2.4306011e-05
269,0.09390064,0.05994424,3.6357713e-05,2.1395333e-07,0.55134195,3.0956795e-25,0.019863704,4.0693845e-08,0.15280591,0.046305083,0.053387523,4.9972e-10,0.07631681,5.584679e-06,0.049693663,2.5998597e-19,0.0005213299,1.0,0.0019824235,8.933579e-08,7.3977385e-16,5.529866e-14,4.762982e-32,0.00201128
271,0.13582136,0.9866833,0.39703485,1.3332146e-09,0.007120779,0.9999918,3.56255e-24,3.006636e-39,1.0,0.046305083,1.2445095e-07,8.9930824e-10,0.24536146,1.8510182e-05,0.253558,1.0,0.00041075633,2.5094367e-24,0.15428965,2.2083675e-11,4.6694546e-15,1.0,0.81174535,5.3679816e-08
276,1.0,1.0,1.0,7.098887e-05,0.12133858,3.3850477e-15,0.010872191,2.5603085e-16,0.6395603,0.30965918,0.99722666,1.0,0.07631681,2.5745544e-08,0.99439067,1.741337e-06,0.004491933,1.0,0.004965229,0.003592462,1.8058117e-07,1.8674707e-21,1.0,5.210111e-05
277,0.09390064,0.05994424,0.038002357,0.062341794,0.5808024,0.10501985,0.1584589,1.0,0.5085588,0.046305083,8.361498e-31,8.633514e-14,0.07631681,0.036246948,0.00025215236,1.0294946e-15,0.00028062615,1.5482074e-11,0.011657234,1.367091e-07,5.923579e-07,2.4132404e-14,6.0338755e-31,0.008458098
281,0.09390064,0.10609732,0.07097972,0.0011813545,0.00705426,2.0772065e-26,4.2792795e-23,1.0,0.28514415,0.046305083,4.4885402e-07,2.296732e-12,0.07631681,0.6902864,0.9735478,1.0,0.004491933,1.0,0.17428917,2.1815882e-13,3.6439718e-10,0.9999769,1.5712996e-10,4.1626066e-05
282,0.13582136,0.05994424,0.0002941189,0.04277338,0.1538164,1.0,0.016013617,1.0,0.004121889,0.046305083,1.0,2.5231245e-07,0.37135705,1.7037346e-06,0.0009813504,3.347573e-07,0.00018304498,1.0,0.0019824235,0.00972826,3.6808493e-13,1.0,9.691954e-14,0.0002663148
285,0.09390064,0.17155504,0.075733386,1.142427e-09,0.011417376,0.60190594,5.430106e-24,0.99946636,0.060353868,0.046305083,0.025206922,2.6079675e-10,0.07631681,3.1609143e-06,0.23095202,0.4583753,0.00025788002,3.2054297e-05,0.035931535,4.113034e-09,0.00013249995,1.0,1.8263424e-20,2.461673e-05
294,0.22409727,0.10276631,0.011031124,0.0039198846,0.12832409,1.0,0.02285768,0.00061494333,0.005227596,0.046305083,0.99909973,2.427891e-07,0.07631681,6.118609e-05,1.7409005e-09,5.347773e-10,0.00033574854,2.22585e-06,0.0025632665,4.621333e-12,0.13503513,0.9999995,3.4255425e-08,4.0608315e-06
301,0.09390064,0.18197545,0.15771538,0.030114954,0.40084127,1.0985403e-06,0.034891997,0.8806341,0.52219325,0.30965918,6.222019e-30,0.00130096,0.07631681,0.00937873,0.000608442,5.175695e-06,0.00031800804,6.8873555e-06,0.011657234,0.02096037,0.71490306,0.5935925,6.0338755e-31,1.0432093e-06
302,0.17583634,0.05994424,7.765928e-07,0.0017732134,0.035572328,0.50577,0.99993265,1.0,0.024805939,0.046305083,2.4834473e-10,1.0,0.07631681,1.965485e-08,0.014741379,0.9940752,0.0002496849,1.0,0.03779956,7.142059e-07,5.85134e-14,0.945614,1.0,0.99993765
306,0.5116465,0.10609732,0.046433132,5.284323e-09,0.21863207,1.0,3.7554194e-23,0.03082418,0.14503387,0.046305083,0.99981624,1.13066525e-08,0.2081817,1.7348133e-22,0.002205711,1.0,0.000274712,1.4302204e-33,0.035931535,5.45695e-11,2.2516487e-11,1.0,2.9614934e-22,4.9314032e-05
317,1.0,0.05994424,0.10973198,0.893102,0.44864616,0.4614908,0.1584589,0.3784997,0.38020793,0.046305083,2.6902614e-32,0.0021039026,0.07631681,0.017737012,0.15099308,5.7366555e-07,0.00022369089,4.3978808e-08,0.054583166,0.027062848,0.18599203,0.6875265,2.0707957e-28,3.0406757e-11
329,0.09390064,0.10609732,0.13229519,2.7230473e-05,0.007859509,0.9986753,1.5053866e-23,0.7035907,0.16640143,0.046305083,3.8553003e-06,2.795445e-17,0.07631681,4.9220862e-08,0.8657595,9.991667e-06,0.00048284855,1.0,0.030676428,3.13207e-13,1.21108136e-14,0.0005036682,1.1225573e-09,0.021136554
331,0.7153599,0.10276631,0.102305956,0.01352198,0.09697449,0.23402533,0.0020563675,5.3508415e-06,0.2662358,0.07617714,1.2245589e-20,0.00018355883,0.1839583,3.2381485e-25,2.5748392e-08,0.01203192,0.00018083367,6.629393e-31,0.12865655,0.003009685,3.1112148e-08,0.99997723,6.0338755e-31,4.1039755e-05
338,0.09390064,0.10609732,0.061227597,0.0021846748,0.0022097803,1.1678025e-05,8.6644544e-23,0.9999994,0.10870308,0.046305083,3.6173935e-14,2.3145414e-09,0.13686801,4.0812683e-06,0.04140347,1.6244272e-11,0.00057045656,0.9999999,0.035931535,3.0716005e-10,9.187274e-05,3.562705e-21,4.2831492e-16,2.414388e-05
340,0.09390064,0.10609732,0.014205007,1.3469299e-09,0.011417376,7.419965e-09,3.56255e-24,1.0,0.10870308,0.046305083,8.524539e-21,8.115473e-12,0.07631681,0.000100358804,0.6126897,0.9990652,0.00025788002,7.07487e-18,0.035931535,1.4827907e-09,1.1909627e-09,1.0,5.222448e-21,0.0004994789
341,0.09390064,0.05994424,0.0024341666,0.0007091467,0.5024368,6.86832e-07,0.046730883,1.0,0.7185702,0.046305083,2.54921e-07,6.931662e-06,0.09646739,0.00049236463,0.00019366581,1.07191696e-07,0.00024888583,4.3382334e-17,0.0016283505,4.5242464e-06,3.0726902e-10,0.4543008,2.2458944e-32,6.9252064e-07
342,0.09390064,0.05994424,0.017809153,0.047362532,0.4993081,1.0615755e-10,0.42576036,1.0,0.33540437,0.046305083,3.006636e-39,3.2433417e-07,0.07631681,0.0013251138,0.00057353463,1.1192032e-16,0.00026649158,0.015645735,0.011657234,9.504768e-10,5.6832636e-05,0.68009627,6.0338755e-31,0.012897432
345,0.09390064,0.32243612,0.85217977,0.7939034,0.40084127,1.0005407e-05,0.041894794,2.5712773e-06,0.9216043,0.57735074,1.521589e-35,0.004383912,0.51877743,0.00019230468,1.3547742e-05,0.00038300763,0.00020107432,7.48451e-13,0.03779956,0.104214855,7.86101e-10,1.0,7.171499e-32,0.9993031
352,0.09390064,0.05994424,0.051804163,0.00013226453,0.44864616,0.10501985,0.1584589,1.0,0.37259588,0.046305083,1.7224245e-35,0.0021039026,0.07631681,0.0012322788,0.0075167823,0.0013869064,0.00016375893,2.3009756e-09,0.011657234,0.027062848,7.2962496e-07,0.6875265,6.0338755e-31,0.5935833
355,0.13582136,0.05994424,1.01813946e-07,0.69273925,0.11745237,7.70845e-06,0.9993838,3.006636e-39,0.00534449,0.046305083,0.92345226,1.0,0.07631681,7.022028e-09,0.0010488809,0.00034742363,0.0002702116,1.0,0.0019824235,0.0071014967,1.5471652e-06,0.88190556,1.0,0.28476518
358,0.5529831,0.05994424,0.006521594,0.9401983,0.0015765011,1.0,1.0,1.0,0.0042371973,0.046305083,5.2426974e-10,0.0031615486,0.1839583,5.949969e-23,5.239262e-06,1.0,0.07654155,1.1208785e-30,0.0025632665,1.4810255e-06,0.003545755,1.0,3.1538081e-27,0.9999989
359,0.38877898,0.10609732,9.49338e-08,2.98843e-10,0.031625472,2.2901036e-17,3.4657534e-25,1.0,0.054282483,0.046305083,1.0,2.8719843e-13,0.41527018,1.7432694e-06,0.20570596,1.0,0.000528846,1.0,0.8434414,1.33626e-12,1.0,1.0,1.7974014e-15,7.470682e-05
362,0.8233553,0.10276631,0.00015030333,0.08177897,0.16564564,8.483476e-08,0.03709459,0.00095614535,0.0069186734,0.046305083,0.9888721,0.00042941325,0.07631681,0.00012349144,0.0026930023,2.6094983e-06,0.0001898146,1.0,0.0019824235,0.12632626,1.5313271e-10,0.0006504017,3.106166e-10,0.20120944
364,0.09827416,0.05994424,0.0107743675,0.0027833711,0.66333956,6.236466e-05,0.018350748,0.1462678,0.2662358,0.046305083,1.7973267e-29,8.455607e-09,0.07631681,0.0028035506,0.9861833,1.0040928e-05,0.0053511127,2.975943e-11,0.028777288,0.002533601,1.765587e-05,1.7681698e-10,2.4422514e-32,1.0
365,0.09390064,0.05994424,0.059534747,0.009366547,0.574614,0.0027922993,8.505562e-06,1.2888412e-20,0.99815553,0.046305083,3.2121272e-33,1.7432236e-16,0.07631681,0.00039991454,0.0033992848,7.027373e-13,0.00067797943,0.08457945,0.011657234,9.170814e-08,0.9999981,0.00031617153,1.03412786e-29,0.0017831646
374,0.13582136,0.10609732,0.0057186657,3.9454386e-12,0.00012628827,1.0,2.821179e-23,1.0,0.4621969,0.046305083,1.0,1.0,0.20869869,6.4483233e-13,1.0,1.0,0.0006889573,3.006636e-39,0.09223186,3.529249e-12,4.765644e-21,6.447546e-05,1.0,5.5406833e-08
382,0.13582136,0.05994424,0.013394903,0.9949255,0.08145779,0.0003852849,0.017781299,1.0,0.015566853,0.046305083,1.439298e-36,1.4750433e-06,0.07631681,5.9526377e-05,1.9854448e-05,2.8840024e-19,0.00020639747,1.3523539e-09,0.42127234,4.9295558e-08,0.008741776,1.3829455e-21,8.7913406e-11,0.013366273
384,0.21586333,0.10609732,0.0026264512,0.00037741728,0.00035156694,1.0,1.6505016e-23,1.995242e-15,0.053557195,0.046305083,1.0,1.2627841e-14,0.13686801,1.3451136e-05,1.0,1.0,0.00024407149,1.0,0.019819437,3.2870815e-12,8.5065205e-11,1.0,4.5075652e-10,0.0011308431
386,0.13582136,0.05994424,0.053169526,0.121005856,0.06795589,4.6544343e-08,0.09076339,1.0,0.90923387,0.046305083,3.8637737e-34,2.866241e-07,0.07631681,6.977276e-05,6.733561e-08,2.9000026e-13,0.00023251318,3.006636e-39,0.0025632665,1.4221722e-07,0.000381918,1.188379e-34,6.8695123e-12,0.11158267
390,1.0,1.0,1.0,0.0010732359,0.25021818,0.062419407,0.0026124723,3.3999984e-28,0.9698915,1.0,0.004137403,2.6862105e-07,0.1749142,1.2228934e-07,0.9798741,0.21859674,0.0003066524,1.7269092e-15,1.0,0.027062848,9.117127e-09,1.0,8.210917e-12,0.85095096
391,0.9988049,0.10609732,0.017011764,8.250832e-10,0.0013024744,1.0,3.915353e-24,0.017373607,0.053557195,0.046305083,1.0,8.278659e-09,0.07631681,1.4136399e-06,0.066260554,1.0,0.00026125804,4.9065975e-21,0.035931535,2.0713242e-10,0.00014185162,1.0,9.403044e-19,2.2671291e-05
392,0.81875,0.17572631,0.004090864,5.0073624e-05,0.00041396456,0.9991672,8.730746e-23,1.0,0.05422198,0.046305083,1.0,2.8808946e-09,0.07631681,2.1080149e-07,0.006652869,1.0,0.00037341542,1.0,0.053770196,9.392909e-13,1.7154033e-11,1.0,6.580993e-06,5.096659e-06
395,0.9487394,0.17572631,0.0008367223,3.598092e-10,0.0031282369,6.301708e-14,4.9557564e-26,3.048655e-37,0.90042657,0.046305083,0.004773113,1.0699922e-12,0.07631681,2.6678403e-05,0.2959551,1.0,0.0010022866,1.0,0.12492097,4.295434e-10,3.248398e-14,1.0,1.0,2.3751122e-07
396,0.09390064,0.87148964,0.042055614,0.50744665,0.15951541,1.634966e-17,0.016948503,1.0,0.98891246,0.046305083,3.006636e-39,5.800287e-05,0.07631681,9.248593e-05,0.031184675,8.7900204e-10,0.0003019897,1.0,1.0,4.795123e-09,1.706801e-10,0.99999607,2.8187328e-26,0.00016627563
404,0.793878,0.05994424,1.4914447e-06,0.00025572345,0.7436109,1.0,0.0020563675,1.0,0.005227596,0.046305083,1.0,2.7537617e-08,0.3937441,8.64714e-26,3.5157996e-07,0.9969304,0.00024170753,3.006636e-39,0.03779956,0.0414201,4.5853662e-06,1.0,2.7625175e-14,3.6564634e-05
405,1.0,1.0,0.008248406,0.010412436,0.13497634,9.1750255e-05,3.8611586e-05,1.0,0.6434368,0.046305083,1.1989106e-27,2.687174e-07,0.07631681,0.0005439413,0.0020188391,5.69671e-08,0.0006103296,1.0,0.07655751,2.5509e-07,8.706529e-09,2.6888306e-20,1.6570894e-29,0.0028849766
406,0.09390064,0.05994424,0.8283754,0.3288779,0.08209635,0.9999995,0.3741789,0.6089967,0.81899035,0.046305083,4.260175e-15,6.1569104e-08,1.0,0.028246367,0.0001695431,1.0,0.00067986,1.0,0.03779956,0.00017630296,4.7754835e-08,0.9999349,2.2458944e-32,0.9991819
412,0.62955636,0.05994424,0.0045365235,0.25128078,0.008845172,0.0005404495,0.0020563675,1.5204636e-05,0.2662358,0.046305083,1.845983e-12,0.00081993407,0.1839583,7.902656e-24,6.827114e-06,2.9068696e-13,0.00016375893,4.011437e-36,0.96742636,0.104263395,0.0001222775,1.0,6.0338755e-31,0.0026142197
417,0.09390064,0.05994424,0.01475308,0.30953565,0.44864616,0.05084429,0.0026124723,1.0,0.6370757,0.046305083,3.006636e-39,0.0021039026,0.07631681,0.0034961677,0.14016527,1.5201653e-08,0.00016375893,3.349935e-18,0.011657234,0.05658786,1.5571655e-05,1.0,6.0338755e-31,0.007945561
419,0.09390064,0.10609732,0.0054797786,1.978766e-09,0.011417376,1.0,3.56255e-24,0.66347206,0.051689018,0.046305083,3.5088043e-08,1.2424528e-10,0.24536146,2.1025056e-07,0.014536147,1.0,0.00030168728,1.0127875e-23,0.035931535,1.1540389e-09,8.286988e-12,1.0,8.352486e-21,0.035201985
423,1.0,1.0,0.00717232,1.8683934e-10,0.011417376,1.0,3.56255e-24,4.836946e-13,0.37028387,0.046305083,0.9999987,4.147416e-11,0.09646739,3.182171e-06,0.23768933,1.0,0.00029457547,1.0,0.035931535,2.0393086e-10,8.644091e-07,1.0,2.7678713e-21,0.7943457
436,0.09390064,0.45155433,1.0,2.3650804e-10,0.011417376,0.011185149,3.56255e-24,1.0,0.37360153,0.30965918,2.2689225e-12,2.9875593e-09,0.07631681,3.7242e-05,0.5957669,0.121525474,0.004491933,0.9999844,0.0856132,2.132943e-09,4.2804137e-12,6.321557e-05,2.1906059e-18,0.00023910028
441,0.09390064,0.10609732,8.880055e-06,4.7812665e-10,0.011832501,0.0011527828,3.8343667e-25,1.0,0.14643174,0.046305083,1.0,2.9406344e-10,0.07631681,2.006448e-06,0.12487611,9.372932e-10,0.00037268814,1.0,0.03261185,2.938106e-10,2.4588657e-15,4.6973014e-10,2.1352698e-18,3.6064157e-05
442,0.8994012,0.05994424,0.0030658045,0.029423472,0.03287377,0.99353796,0.019708652,1.0,0.0060911328,0.046305083,1.0,4.9314558e-08,0.35515404,8.377309e-22,9.999874e-06,1.0,0.00067705906,3.006636e-39,0.0025632665,4.6920142e-08,0.00016634795,1.0,5.144188e-29,0.00021509928
448,0.09390064,0.05994424,1.7848465e-07,0.055809416,0.44864616,0.07090395,0.019863704,1.4840979e-20,0.3188103,0.046305083,0.018841539,3.6379457e-05,0.07631681,0.015294579,0.059400856,2.33033e-08,0.00047472666,1.0,0.0019824235,0.00031368254,0.013845524,1.0,6.0338755e-31,1.4169551e-05
454,0.09390064,0.10609732,3.4268196e-05,0.00013301999,0.0015728665,1.654426e-05,1.0271686e-22,3.3585618e-06,0.3772207,0.046305083,1.2579078e-12,1.4738895e-08,0.07631681,9.460133e-06,0.056666568,1.0,0.00027948152,1.0,0.053770196,3.2240803e-13,8.757713e-12,2.9563878e-13,1.6777702e-11,0.0008813131
458,0.09390064,0.10609732,0.5275662,1.6282566e-09,0.013139184,0.99999857,3.7992354e-24,1.0,0.24016015,0.046305083,1.8805171e-06,4.741765e-12,0.07631681,1.780564e-09,0.0048258635,8.894013e-07,0.0003178698,0.005458785,0.09863405,1.1936268e-11,1.1692207e-08,0.5705872,2.4798136e-16,1.1658314e-08
459,0.09390064,0.10609732,0.0696079,2.1846354e-10,0.0017287567,1.0,8.29023e-23,1.0,0.13220002,0.046305083,1.0,1.1909984e-10,0.07631681,1.6736647e-06,0.00016064274,1.0,0.000407269,6.0082232e-30,0.15428965,4.1847134e-08,1.6356299e-21,1.0,3.5357095e-20,4.187286e-11
460,0.09390064,0.05994424,0.0042658295,0.9786623,0.37528476,5.0098695e-08,0.046730883,1.0,0.37259588,0.046305083,2.5638133e-34,0.05761147,0.07631681,7.88051e-06,0.00019815227,6.499794e-08,0.0001898146,5.645034e-18,0.011657234,0.0042258026,2.8297666e-06,0.6743954,2.2458944e-32,0.00067432417
466,0.22413866,0.10609732,0.017126027,2.487249e-10,0.011417376,0.6817539,3.7992354e-24,0.016158482,0.10870308,0.046305083,2.2272336e-05,2.7883965e-08,0.07631681,2.2386774e-07,0.012008878,0.99998164,0.00020411126,1.46754715e-08,0.035931535,2.0713242e-10,1.4707676e-06,0.9999982,6.187261e-19,0.00029385654
470,0.09390064,0.9905873,0.5127742,0.0008716874,0.829871,1.0985403e-06,0.09830792,3.006636e-39,1.0,0.1314709,2.038662e-11,1.0702597e-12,0.07631681,0.00075460586,2.5346844e-06,4.769548e-16,0.0004759244,3.5278218e-16,0.57857555,1.3646031e-11,6.762822e-05,1.0,2.2458944e-32,2.9219327e-05
475,0.6403316,0.18487613,0.16873647,2.3650804e-10,0.0023782935,0.0014025143,3.56255e-24,3.7111665e-26,0.40602058,0.046305083,2.2090731e-07,1.0,0.07631681,3.4381713e-11,0.051283993,1.0,0.0004275367,1.4716752e-13,0.03344825,1.8912072e-10,1.42886e-14,1.0,1.0,3.7291386e-07
481,0.13582136,0.05994424,0.66194284,0.03677969,0.18106374,7.777166e-06,0.1584589,4.7060552e-32,0.5853626,0.046305083,7.406687e-13,0.0014256537,0.07631681,1.1761876e-07,0.0024092635,2.2001051e-12,0.00027510282,3.9491902e-26,0.054583166,0.014469058,1.8974455e-06,0.9985826,1.274069e-12,2.02738e-05
482,0.76854795,0.05994424,0.016176881,0.023729162,0.07114356,0.9997267,0.051887415,1.0,0.44997975,0.046305083,0.0052164868,7.278994e-08,0.510356,4.942166e-25,0.00682106,0.0027925265,0.0012923281,1.0,0.0064144097,1.6712277e-09,0.043097585,1.0,3.8457751e-19,0.009976564
488,0.09390064,0.05994424,0.008732657,0.01352198,0.65156287,0.053447388,0.03709459,0.08065291,0.2662358,0.046305083,7.4032135e-24,0.00041761724,0.07631681,0.026147138,0.9399618,0.00027955213,0.00017983206,1.0,0.0019824235,0.027062848,7.4890145e-06,0.0001688811,6.0338755e-31,4.5309207e-05
490,0.09390064,0.05994424,0.008886033,0.00043294334,0.44864616,0.032903697,0.0004298939,6.5510446e-09,0.2662358,0.046305083,7.655544e-39,1.8575314e-07,0.07631681,0.00013444424,0.04324513,1.0,0.00036296184,0.9999999,0.68419856,0.0015752091,1.0,0.11414553,9.1502177e-26,0.8028932
502,0.09390064,0.05994424,0.004452151,0.0030300554,0.40084127,7.943233e-07,0.0926618,4.6334744e-06,0.2662358,0.046305083,1.4218685e-20,0.0002796433,0.07631681,0.0008364477,0.0018498835,0.0013869064,0.00016375893,6.8489264e-10,0.0016357065,3.3323127e-07,1.4075609e-14,0.54935336,2.2458944e-32,0.0008504899
504,0.18312137,0.05994424,0.002753864,0.00024770453,0.40084127,9.606468e-10,0.42576036,0.11889299,0.35669348,0.046305083,4.6637816e-35,8.976559e-06,0.07631681,0.009503763,1.0,2.624593e-06,0.00016375893,3.196906e-08,0.011657234,2.6612297e-06,0.0005741515,5.2399158e-11,2.5549659e-28,1.650181e-05
512,0.13582136,0.05994424,7.89466e-08,0.18013488,0.026343051,1.0,2.0074158e-05,5.4554277e-27,0.0042371973,0.046305083,1.0,0.0005707369,0.24536146,1.6735738e-07,5.6401504e-06,1.0,0.00016375893,1.6844696e-36,0.011657234,5.791383e-05,1.029643e-09,0.018652458,1.9550709e-13,0.072432466
514,0.09390064,0.05994424,0.014953974,0.003790903,0.5261966,5.0098695e-08,0.046730883,1.0,0.2662358,0.046305083,8.524318e-08,3.3688536e-12,0.07631681,0.00024794697,0.12836489,0.02627236,0.00020356434,0.9844417,0.0016357065,1.6515493e-09,4.966885e-11,1.5071312e-06,2.2458944e-32,0.0040129703
515,0.09390064,0.05994424,8.25576e-05,0.06790465,0.18937553,9.7867545e-09,8.027536e-06,1.0,0.21197829,0.046305083,0.9999658,2.858292e-07,0.07631681,0.000841634,0.022816643,1.0579288e-14,0.00023251318,1.0,0.0019824235,3.94034e-08,0.00027472587,4.531707e-07,1.2709429e-27,0.13870738
521,1.0,1.0,0.005157707,1.5375412e-09,0.0031282369,0.9850013,4.9557564e-26,8.642469e-16,0.47487307,0.046305083,0.2220314,6.971127e-10,0.24536146,1.3165219e-06,0.92058784,0.00024453548,0.00020411126,1.568806e-20,0.03344825,2.2170545e-10,1.0,1.0,7.807452e-11,0.59565693
522,0.21015628,0.05994424,0.00069230085,0.00019434246,0.22766489,1.7548752e-21,0.018350748,6.9016494e-08,0.011879965,0.046305083,1.5112352e-08,1.5438694e-15,0.07631681,9.533238e-06,5.8858386e-06,0.00012873003,0.00038429064,1.0,0.054583166,3.2328884e-07,0.02653193,4.770067e-12,1.9086019e-13,2.0252999e-06
523,0.09390064,0.05994424,0.012176019,0.06870721,0.44864616,0.10501985,0.1584589,2.0830923e-13,0.2662358,0.046305083,3.8417615e-32,0.00013836725,0.07631681,0.03716945,0.00067779666,0.013167928,0.00016375893,6.299446e-15,0.011657234,4.1904466e-05,5.808807e-07,0.6875265,6.0338755e-31,0.124815516
525,0.09390064,0.05994424,0.0004197603,0.07524711,1.0,0.055186775,0.02956397,1.0,0.2662358,0.046305083,0.99999964,1.6790983e-08,0.07631681,0.006715701,0.41166547,1.6071839e-15,0.00021813139,1.0,0.0019824235,1.8356018e-11,0.002349233,3.7351822e-07,4.761755e-21,0.00021064251
526,0.11815516,0.10609732,0.053843997,2.109318e-11,0.011417376,1.0,3.137432e-25,1.0,0.0808642,0.046305083,4.0590132e-15,1.2760293e-08,0.13686801,3.2879825e-07,0.039493136,1.0717928e-06,0.00043044155,3.0213087e-15,0.035931535,3.8953812e-10,1.6117565e-07,6.6432645e-13,1.5293768e-18,3.4002863e-07
529,0.5529831,0.05994424,0.64582264,0.076066114,0.0025038263,0.00027622242,9.5791875e-06,1.0,0.2662358,0.046305083,0.018114498,1.4642933e-06,0.1839583,3.65937e-22,0.00028340335,5.3544823e-20,0.00026998477,1.473179e-07,0.0025632665,1.9783206e-09,0.5909383,2.788795e-12,1.2709429e-27,3.303454e-06
536,0.99999976,0.10609732,0.00033618783,6.0750792e-12,0.008334331,1.0,3.4657534e-25,3.006636e-39,0.10870308,0.046305083,1.0,3.3754657e-12,0.08081178,7.655722e-07,0.12456141,1.0,0.0004423051,1.0,0.0856132,6.127231e-10,7.586514e-20,1.0,0.93942493,1.2736066e-05
537,0.9999988,0.10609732,0.0024232862,1.0228117e-09,0.00063633855,6.945926e-09,3.4334443e-27,3.3275657e-28,0.14565161,0.046305083,0.35385546,4.9840385e-09,0.84134984,2.3533917e-23,0.21830507,1.0,0.00022592307,1.0,0.6369204,3.3472103e-09,5.6995313e-21,1.0,1.5131961e-05,2.002011e-05
539,0.22645177,0.05994424,6.3876864e-06,1.7514749e-07,0.09951226,0.05902981,0.1584589,0.9988362,0.023581566,0.046305083,1.0,1.0,0.07631681,2.3669461e-08,1.2272949e-05,1.8135088e-13,0.00048703657,8.3377557e-19,0.011657234,0.00079506513,8.171137e-09,6.0230334e-08,1.0,1.0
541,0.09390064,0.05994424,5.2336156e-07,0.01352198,0.11952317,1.0,0.20706835,0.9999989,0.14409234,0.046305083,0.99996614,1.0,0.07631681,7.4011446e-06,1.9649695e-05,1.0,0.00018083367,3.911851e-36,0.03779956,0.0010622507,5.2481806e-07,1.0,1.0,0.006557011
545,0.09390064,0.05994424,0.00036852376,0.009167418,0.24422984,1.5068776e-08,8.036865e-06,1.0,0.2662358,0.046305083,1.0,5.299715e-13,0.29585013,0.029994482,0.2787634,2.5587553e-13,0.00025924004,1.0,0.0019824235,4.997903e-11,0.0002969265,3.5046072e-05,4.364887e-27,0.013198275
552,0.24247748,0.10609732,0.0118230935,6.01381e-10,0.01617657,1.0,7.8235034e-23,1.0,0.080249615,0.046305083,1.0,3.5811742e-10,0.09646739,1.4793032e-07,4.1190433e-05,1.0,0.00021918798,1.4001721e-27,0.03344825,3.9111417e-10,9.1379256e-14,1.0,2.6510323e-22,4.0960046e-07
556,0.09390064,0.05994424,0.46204922,0.0034054013,0.7706791,7.128285e-06,0.00025997515,0.0049782246,0.5389491,0.085110664,1.2237032e-37,8.289009e-09,0.07631681,1.916902e-05,0.007865126,1.4357719e-10,0.00028267692,1.0,0.054583166,0.00080589886,0.004012307,2.2818747e-06,8.381589e-30,2.8033211e-09
557,0.8668547,0.4860474,0.9576672,0.019564796,0.574614,0.05084429,0.1584589,0.9999528,0.9991571,0.6272927,3.006636e-39,4.8209284e-17,0.15881209,0.002138886,0.9348655,1.8216697e-13,0.00032055425,4.8359043e-24,0.011657234,9.726048e-10,4.091951e-05,3.4507984e-06,6.0338755e-31,0.0040641017
559,0.40809065,0.05994424,0.00686618,0.01352198,0.44864616,0.0073889354,0.1584589,0.23979554,0.2662358,0.046305083,2.7106096e-22,0.0021039026,0.07631681,0.0033869606,0.00017011471,0.0008465491,0.00043637143,7.3701814e-26,0.011657234,0.0056700693,8.129817e-09,0.9955277,4.762982e-32,0.00043867112
560,0.09390064,0.10609732,0.05328261,1.651136e-10,0.010604604,0.3058374,3.4481354e-25,1.2690364e-16,0.16640143,0.046305083,1.7715935e-13,4.8443555e-11,0.13686801,2.2353788e-08,0.06314827,0.8757174,0.00025788002,0.00041497126,0.053770196,1.2996408e-09,0.00014973058,0.99952316,1.8263424e-20,1.0
569,0.6058299,0.05994424,0.0061679715,0.002210712,0.26848677,1.0,0.020347917,1.0,0.011879965,0.046305083,0.40955123,2.0747213e-17,0.07631681,1.0581727e-05,0.3782051,7.041324e-10,0.00037219247,1.0,0.054583166,8.330764e-11,0.00017415483,1.0,4.7154563e-12,4.9100237e-07
571,0.09390064,0.05994424,0.012176019,0.045272175,0.4221894,0.053447388,0.073058285,0.7134505,0.2662358,0.046305083,7.4032135e-24,0.0014163244,0.07631681,0.015294579,0.7410421,1.4757705e-07,0.00020965029,1.0,0.0019824235,0.027062848,0.00012313516,0.0001688811,6.0338755e-31,0.0025105642
572,0.09390064,0.05994424,0.070195355,1.1926913e-07,0.799543,0.10501985,0.00431334,1.0,0.2662358,0.046305083,7.484996e-24,3.5653074e-14,0.07631681,8.026975e-05,0.00051186647,0.0001949285,0.0005356508,1.250801e-10,0.1025287,9.662695e-11,3.0988087e-11,1.8787193e-06,1.7845207e-25,0.00071371504
574,0.09390064,0.05994424,0.038046714,0.99456364,0.44864616,0.071882464,0.29793566,0.3784997,0.2662358,0.046305083,0.0010121043,0.0016930874,0.07631681,0.11527103,0.21153276,0.0001040728,0.00018603037,1.0,0.011657234,0.0007234348,1.2077263e-05,2.3157294e-09,6.0338755e-31,0.00037826647
575,0.09390064,0.05994424,0.012588676,0.00077494193,0.3666133,0.4614908,1.2791237e-06,5.471071e-05,0.2662358,0.046305083,2.5071148e-29,6.35068e-08,0.16950274,0.00088425033,0.016770748,4.418941e-09,0.00055723946,2.3009756e-09,0.62643224,0.027062848,1.893884e-06,0.9994511,7.7585094e-22,8.064741e-11
580,0.09390064,0.10609732,3.4002701e-07,0.019481864,0.0026864838,6.279425e-26,2.4070327e-23,7.3439593e-10,0.059073094,0.091239415,0.73710483,2.7883965e-08,1.0,1.0823287e-05,0.09577505,1.0,0.00045099415,1.0,1.0,1.2347356e-12,2.7742585e-12,1.0,0.00012260079,0.00032116636
581,0.13582136,0.10609732,0.009251013,1.3682187e-10,0.0029180467,1.546709e-17,3.56255e-24,3.006636e-39,0.066007785,0.046305083,0.0016601629,3.4394996e-09,0.07631681,6.6900255e-05,0.1753818,1.0,0.00039964283,1.0,0.035931535,1.4304499e-10,2.9373626e-20,1.0,0.99998355,8.670597e-06
583,0.17665558,0.05994424,0.004399225,0.2927569,0.15951541,0.0007707323,0.017781299,1.0,0.2662358,0.046305083,3.388533e-39,1.9363497e-06,0.07631681,0.0059563634,0.00027701308,1.8798791e-07,0.00058547326,0.0139314,0.0025632665,9.94488e-08,0.00035474685,1.6652685e-12,1.7667042e-28,0.00076506956
587,0.09390064,0.10609732,0.025457226,2.5136536e-12,0.010264092,0.039978426,4.9408118e-24,1.0,0.04935128,0.046305083,2.8066106e-07,1.4294224e-09,0.07631681,1.4111981e-05,0.015999092,0.090620816,0.00023658585,0.00022366573,0.035931535,1.2143765e-08,1.497784e-10,0.99991286,3.7916712e-20,0.0023980776
593,0.09390064,0.05994424,0.00027498006,0.0009203816,0.6653214,0.10501985,0.1584589,8.012773e-06,0.14585476,0.046305083,1.8031617e-09,6.765486e-05,0.07631681,0.000119371274,0.0014266798,2.910052e-14,0.00022758044,2.1940408e-20,0.011657234,2.480069e-05,1.2587104e-06,0.045219783,6.0338755e-31,4.7050585e-06
597,0.19932058,0.10609732,2.3592192e-07,5.7024715e-12,0.012712589,1.6500107e-23,2.7445264e-24,3.4722265e-09,0.06587139,0.046305083,0.9999999,4.6388737e-11,0.07631681,1.4576358e-05,0.23479003,1.0,0.0004948211,1.0,0.15428965,4.935904e-09,7.091741e-15,0.99982065,4.5650282e-07,2.5461097e-11
600,0.09390064,0.4697083,0.00023702996,5.546115e-09,0.011417376,0.9999707,3.8343667e-25,2.7334696e-18,0.40724403,0.63756996,1.0,2.3008798e-12,0.7508202,1.3503394e-07,0.029019596,1.0,0.0010720263,1.0,0.097018756,6.3178124e-10,9.528141e-15,1.0,1.120306e-22,0.10405918
606,1.0,1.0,0.14676398,8.805492e-10,0.0031282369,1.0,3.56255e-24,1.0,0.68854856,0.046305083,0.9948384,4.92292e-09,0.07631681,1.0499239e-07,0.17360543,1.0,0.0010086155,3.5441872e-29,0.035931535,5.3664e-10,8.1179014e-20,0.9999999,5.4635053e-05,1.0
610,0.09390064,0.10609732,0.019012878,1.0706077e-10,0.0023782935,0.93302214,3.5368608e-25,0.0006563935,0.10870308,0.046305083,2.1565681e-27,1.0,0.07631681,2.4023443e-09,0.08544977,0.0013053567,0.00027540012,6.9945804e-07,0.035931535,2.3858493e-10,4.611533e-08,0.9999999,1.0,0.00027503987
612,0.26329687,0.05994424,0.506415,0.7003509,0.16564564,0.9766668,0.1584589,1.0,0.0046493006,0.046305083,2.276011e-06,0.00058849494,0.07631681,7.9434874e-05,3.8994796e-05,2.6375808e-11,0.0001898146,1.0462681e-25,0.011657234,0.06995697,6.30427e-07,6.194657e-07,3.9021664e-12,0.22659878
614,0.9967104,0.10609732,0.010021908,3.723862e-09,0.0105586955,1.0,3.56255e-24,1.0,0.056746874,0.046305083,6.742532e-06,4.6519384e-09,0.07631681,4.3921034e-05,0.027895713,0.0036796292,0.00020411126,1.0421689e-18,0.035931535,2.4270522e-10,1.7997309e-11,1.0,4.894273e-12,6.4317135e-07
619,0.09390064,0.05994424,1.2049013e-07,0.00913619,0.6278004,1.3515515e-17,6.7906267e-06,1.0,0.13953175,0.046305083,1.0,2.112127e-06,0.2309254,1.6404028e-05,0.092745334,0.47204784,0.00043637143,1.0,0.006572451,1.8152066e-05,8.8430787e-13,4.0403345e-16,4.762982e-32,0.35219666
629,0.09390064,0.05994424,9.063811e-05,0.0360758,0.5481135,2.0872883e-09,0.019863704,1.0,0.2662358,0.046305083,0.999907,1.0916466e-10,0.07631681,0.0005145749,0.99953496,6.263566e-14,0.0005207401,1.0,0.0019824235,8.857306e-10,9.860244e-12,1.7691674e-26,2.5549659e-28,3.0896696e-05
630,0.13582136,0.05994424,0.115434796,0.028949743,0.01797641,6.7165024e-06,0.02285768,1.0,0.013835982,0.046305083,4.1956485e-22,1.0,1.0,7.576807e-10,2.7652309e-06,1.9969116e-07,0.00032944718,8.571093e-23,0.012423,4.3214436e-07,0.00013511254,2.2868289e-14,1.0,1.4562491e-05
631,0.6349242,0.05994424,1.4051516e-07,0.0013106844,2.8413077e-05,7.949004e-17,0.08337264,0.99997926,0.0055692014,0.046305083,0.9974572,4.5972487e-10,0.07631681,1.14440185e-11,0.00012167502,6.5021254e-08,0.00075893616,4.9909913e-13,0.0025632665,9.278614e-12,2.2162947e-09,3.006636e-39,5.3675922e-12,0.041139305
632,0.27718407,0.05994424,0.006687261,0.00016399675,0.00039208535,2.7875846e-18,5.780717e-23,1.0,0.039263785,0.046305083,1.0,1.5148478e-20,0.07631681,3.3516439e-09,0.0010877573,1.0,0.0007505996,1.0,0.007920439,5.6647433e-13,5.232734e-15,2.850311e-15,2.597392e-06,7.181626e-10
634,0.40809065,0.05994424,2.178963e-06,0.25019506,0.23803915,1.6167123e-05,0.11188288,0.8739675,0.14585476,0.046305083,1.7696227e-15,8.558503e-07,0.07631681,8.630511e-06,0.8591044,6.8998396e-10,0.00023545664,1.0,0.0084867235,8.4967317e-10,6.9618914e-06,5.413958e-37,2.207545e-31,0.05059538
635,0.13582136,0.05994424,0.14236909,0.6570348,0.019659262,1.0,0.1584589,1.0,0.39962712,0.046305083,0.9999993,0.0014256537,0.07631681,0.00015132708,0.008355652,1.0,0.00020639747,8.112373e-17,0.011657234,0.005966437,8.495631e-06,0.9998684,3.9021664e-12,0.010099131
638,0.48774165,0.05994424,0.00011023391,0.0016506205,0.0065175425,2.793367e-24,3.856904e-23,1.0,0.014953953,0.046305083,1.0,2.9884636e-18,0.07631681,2.3587902e-06,0.14425516,1.0,0.00059506355,1.0,0.0019824235,9.123596e-13,3.254734e-08,1.0,0.00029734292,5.559436e-10
643,0.09390064,0.09818575,0.33628646,0.0012210069,0.08860785,1.0,0.1584589,1.6782747e-20,0.25235036,0.07390926,1.0,6.3045945e-07,0.5526894,1.5739844e-05,2.6042776e-06,1.0,0.00016375893,8.108971e-39,0.1112735,0.11150931,1.2907299e-05,1.0,6.0338755e-31,6.6755297e-07
645,0.19932058,0.10609732,0.009172543,0.0013971154,0.0061329515,1.8111344e-09,2.4042433e-23,1.7494499e-06,0.10870308,0.046305083,6.3853816e-23,2.2461535e-08,0.07631681,1.0772807e-05,0.44247362,0.4696972,0.00024407149,0.9998952,0.035931535,9.165357e-12,5.8279284e-07,0.99996305,1.6600938e-15,0.008241111
646,0.09390064,0.05994424,8.072541e-08,0.18220426,0.118943885,2.9416036e-11,0.02285768,1.0,0.14585476,0.046305083,9.417843e-17,7.2229723e-06,0.07631681,0.026530106,2.4898823e-06,4.5853756e-13,0.00019582067,1.0665386e-38,0.0025632665,2.5593618e-08,0.3272094,5.597262e-17,1.0831343e-26,3.30902e-05
659,0.13582136,0.10609732,3.325283e-05,0.0009926439,0.0013266791,3.5993425e-28,1.0732816e-22,1.0,0.85751086,0.046305083,0.998909,2.7240948e-15,0.07631681,2.1214646e-05,0.1672091,1.0,0.0005300564,1.0,0.07063088,3.1273305e-13,4.248357e-09,3.006636e-39,0.9999988,2.5283011e-06
660,0.09390064,0.05994424,0.0021996954,0.0013455207,0.15951541,0.0011043726,0.016948503,1.0,0.2662358,0.046305083,5.162324e-32,4.8005844e-10,0.07631681,2.0212003e-07,0.9724582,3.132669e-06,0.00020689992,1.0,0.0016357065,9.966328e-10,2.9218374e-14,3.0758012e-23,1.1408924e-27,0.00076506956
661,0.09390064,0.05994424,0.0026591923,0.98583686,0.5004057,0.002905349,0.018350748,0.8851904,0.7797868,0.046305083,2.6941552e-38,2.5223132e-08,0.07631681,0.0019563101,0.02775294,0.008519093,0.0002663674,0.2693509,0.011657234,8.473595e-05,5.5160954e-06,2.267095e-10,2.4422514e-32,0.017881334
663,0.09390064,0.05994424,0.035118602,0.0015994757,0.77540493,0.05084429,4.344928e-05,0.9999989,0.49861002,0.091239415,3.006636e-39,8.471702e-09,1.0,9.784297e-05,0.011510243,3.4210824e-16,0.00018258409,0.012274725,0.011657234,8.4457816e-11,1.4317186e-06,1.4138002e-06,2.2606795e-24,0.03344206
666,0.13582136,0.05994424,0.0009177072,0.0007392344,0.140321,1.3890063e-07,0.09830792,1.0,0.0071062217,0.046305083,0.007643194,9.581559e-07,0.07631681,1.2169106e-06,1.2627945e-07,1.5660956e-06,0.0067916918,4.0696233e-20,0.028777288,3.3323127e-07,1.4598201e-11,0.91225183,9.691954e-14,0.0008396371
667,0.09390064,0.10609732,0.045430228,1.2570336e-10,0.011832501,1.0,3.56255e-24,0.9999888,0.04935128,0.091239415,3.2045045e-13,7.573256e-09,1.0,1.2984894e-05,0.0061278143,1.0,0.00022600578,4.671315e-08,0.035931535,1.8704543e-10,3.565975e-17,1.0,3.728516e-21,2.6678683e-05
669,0.09390064,0.9754944,0.95414186,0.0020572168,0.44864616,1.0,0.00033607855,7.4401743e-09,1.0,0.046305083,1.0,8.373077e-05,0.07631681,0.2726792,1.0,0.009288136,0.0002096101,1.0,0.0019824235,0.01772425,0.00046753924,0.9464424,2.2606795e-24,2.2004147e-09
671,0.09390064,0.05994424,0.64776915,0.01352198,0.44864616,0.10501985,0.1584589,0.3784997,0.9955758,0.046305083,1.6161858e-36,1.1039554e-05,0.07631681,0.0054805996,0.006130043,0.0013869064,0.00016375893,6.810065e-19,0.011657234,0.20779972,0.004143602,0.6875265,6.0338755e-31,0.007374554
674,0.09390064,0.4697083,0.9961494,2.338061e-10,0.013139184,1.3663362e-05,3.7992354e-24,1.0,0.29408142,0.7189429,0.014394691,1.11487134e-13,1.0,6.9038742e-06,0.04731252,1.3019825e-05,0.00021918798,6.726478e-15,1.0,1.0310388e-12,5.0824357e-13,0.032729633,6.3462685e-13,0.0012582953
685,0.40462878,0.96523273,0.01600464,0.014882394,0.40084127,7.943233e-07,0.09764992,1.0,0.2662358,0.13038117,3.006636e-39,0.00011928059,0.07631681,0.009053942,0.00046310545,0.00018481363,0.00016375893,1.8516337e-18,1.0,0.0004586199,2.7075426e-13,1.0,2.2458944e-32,0.0026923006
686,0.41558614,0.17739674,9.226868e-07,0.9593187,0.18106374,0.999169,0.016312161,0.9999527,0.0069186734,0.081119955,1.4630602e-17,0.0002581272,0.19388974,2.6199357e-08,0.0011789112,0.9985049,0.00019966591,3.006636e-39,0.8898714,5.287269e-08,2.799868e-21,1.0,5.924531e-09,0.85442823
687,0.09390064,0.10609732,0.6749329,3.7472424e-11,0.009406016,6.730352e-23,4.018907e-23,1.0,0.36085555,0.046305083,4.4947296e-10,4.5425688e-11,0.07631681,0.0006359763,0.52569747,1.0,0.0002571101,1.0,0.035931535,9.0425156e-10,0.0007723012,1.0,6.690133e-17,3.815297e-06
688,0.4333966,0.05994424,0.003996537,0.01352198,0.23849824,3.0159396e-17,0.0020563675,1.8156056e-10,0.2662358,0.046305083,6.71345e-24,0.00023206181,0.1839583,7.784445e-12,1.3115496e-05,4.804514e-10,0.004491933,6.22314e-36,0.028777288,0.0804826,1.0,1.0,6.0338755e-31,1.0
689,0.09390064,0.10609732,0.024843046,1.3293606e-12,0.02301306,8.3827505e-09,3.56255e-24,0.99967194,0.10870308,0.046305083,1.6127984e-10,2.7883965e-08,0.07631681,4.1974698e-05,0.14567675,0.99955386,0.00020411126,1.0,0.035931535,2.2170545e-10,1.3063886e-20,2.1466379e-11,1.0851563e-19,0.000118285316
695,0.09390064,0.10609732,0.014205007,3.568805e-10,0.011417376,1.5114853e-09,3.5368608e-25,1.0,0.10870308,0.046305083,1.2261363e-13,6.8219386e-10,0.07631681,4.1360316e-05,0.99095225,0.9955154,0.0002843452,0.9993782,0.035931535,2.3715927e-11,1.3637432e-09,0.053771395,2.5339995e-21,0.0018331523
697,0.2824785,0.05994424,0.075464204,0.022749975,0.25041732,2.8768e-06,0.013151709,1.0,0.3350658,0.046305083,3.006636e-39,1.874275e-18,0.07631681,1.0,1.0,0.98703104,0.00067973277,1.0,0.012423,2.3767652e-10,3.7871043e-05,4.186241e-14,8.597036e-21,1.7346159e-06
698,0.95110863,0.10276631,0.057758387,0.007532879,0.0077862404,0.9999994,0.004298641,1.0,0.89441967,0.50017124,0.1597517,0.0001896552,0.6057785,5.3301793e-24,1.2422247e-07,6.495524e-07,0.00026169384,3.006636e-39,0.2564673,6.3283346e-07,0.018018622,1.0,2.2458944e-32,0.00039411904
699,0.13582136,0.10609732,0.020615265,5.093859e-09,0.002573349,0.34706944,6.009413e-23,1.0,0.056746874,0.046305083,6.0871926e-06,1.650272e-08,0.07631681,0.00056325697,0.004798616,0.9999509,0.00020411126,9.604562e-10,0.035931535,3.0495811e-10,4.3893153e-12,0.9999999,7.31064e-14,1.8758423e-06
703,0.09390064,0.05994424,2.3286202e-07,0.01352198,0.44864616,0.7917658,0.1584589,7.756614e-15,0.14585476,0.046305083,7.2783895e-14,0.0021039026,0.07631681,0.0054859254,0.0014066938,0.0013869064,0.00016375893,1.4735778e-19,0.011657234,0.004475015,0.004143602,0.6875265,6.0338755e-31,0.032430302
707,0.35177907,0.17572631,0.99999964,0.00019613831,0.0022097803,0.6126004,9.353298e-23,1.0,0.05671124,0.046305083,4.3608645e-25,1.5113852e-08,0.07631681,7.9362223e-07,0.027719688,0.0075437776,0.001495777,1.0,0.24425335,1.4477713e-12,2.1962695e-19,3.284678e-10,1.4153978e-14,1.1211e-09
716,0.09390064,0.23155656,0.1111064,0.0039657494,0.44864616,0.00012783229,0.018350748,0.014457461,0.42111132,0.046305083,1.4240077e-27,7.8598094e-07,0.07631681,0.0039349063,1.0,4.178231e-11,0.00024406382,1.0,0.011657234,0.0013688887,0.00019298689,3.5502865e-16,2.4422514e-32,0.0009414312
717,0.09390064,0.05994424,0.012176019,0.9999999,0.4221894,0.10501985,1.0,1.0,0.2662358,0.046305083,7.0229617e-10,0.016741006,1.0,0.03636276,1.9653688e-05,3.3291495e-15,0.00042262927,2.3009756e-09,0.011657234,0.04238213,2.304177e-07,0.6527541,6.0338755e-31,0.0006670033
719,0.09390064,0.10609732,0.10237489,2.402453e-10,0.011777294,0.6817539,3.4481354e-25,4.94137e-12,0.10870308,0.046305083,5.0904087e-10,1.6197937e-17,0.13686801,9.450464e-10,0.0024314632,0.0011426526,0.00020411126,5.987853e-32,0.032960944,2.8891098e-13,1.0,0.8747097,1.0998809e-18,0.0035807518
726,0.09390064,0.10609732,0.0020127017,0.0006067389,0.0018127873,2.7303502e-28,2.908657e-23,1.0,0.26866207,0.046305083,4.7055916e-08,1.4525277e-17,0.37135705,8.664438e-08,0.6791713,1.0,0.0006007943,1.0,0.05317309,7.6266576e-13,2.5652817e-11,7.183805e-36,4.9034867e-08,0.08209964
727,0.09390064,0.9754944,0.9975484,0.12967597,0.21566851,9.794519e-10,0.00011373466,1.0,1.0,0.046305083,4.9077133e-09,2.7921512e-06,0.37135705,0.0017701632,0.06966638,2.2333266e-25,0.0006195971,1.6398513e-12,0.0064144097,1.6206014e-08,0.00015414422,3.006636e-39,1.1967817e-26,0.37859592
728,0.71793866,0.05994424,0.035879705,0.9864894,1.0,0.97165686,0.25060531,5.569905e-35,0.032144662,0.046305083,3.8993755e-16,4.2185384e-06,0.07631681,4.5853753e-06,0.0030995095,5.4102026e-07,0.0012166493,1.0,0.007920439,1.4632124e-05,7.2156663e-13,0.99869174,5.791162e-10,2.5702477e-06
739,0.9398291,0.10609732,0.060033645,2.0614005e-05,0.0015780833,0.66681814,1.7719799e-23,0.9999105,0.08763286,0.046305083,1.0,1.0,0.2081817,5.0940043e-28,0.043755777,0.107993804,0.001201545,1.0,0.6386054,3.5526966e-13,1.0,1.0,1.0,3.4034173e-07
760,0.09390064,0.05994424,1.9683059e-05,0.23623602,0.22267772,5.0797517e-09,0.021491352,1.0,0.8054106,0.07617714,1.6321936e-16,2.9578322e-09,0.07631681,6.635854e-05,1.0,2.3141085e-07,0.0005069253,1.0,0.0074105235,2.0516458e-07,1.0397241e-08,5.971103e-05,4.4520273e-28,0.013863634
767,0.09390064,0.05994424,0.015532692,0.0012210069,0.44864616,1.0,0.1584589,0.3784997,0.13688383,0.046305083,0.8582301,0.0021039026,0.07631681,1.0,9.3768364e-07,0.044492144,0.00016375893,4.6915346e-14,0.011657234,0.059066717,0.00010577921,0.9587384,6.0338755e-31,5.142457e-07
768,0.09390064,0.10609732,0.0026005965,2.9201389e-10,0.009406016,1.0,3.7554194e-23,3.006636e-39,0.10870308,0.046305083,0.00044188724,4.504625e-10,0.29585013,1.1464987e-06,0.006927758,1.0,0.000274712,1.7698638e-25,0.035931535,1.954726e-11,1.3129653e-17,1.0,4.3624058e-20,0.01653089
769,0.09390064,0.10609732,0.0331652,9.8331206e-05,0.0024676134,0.02200689,1.7601565e-23,0.9358475,0.19123212,0.046305083,5.532975e-19,8.003542e-14,0.13686801,4.7850004e-09,0.07033973,0.014451532,0.00024407149,1.0,0.24614833,3.8231224e-13,1.944297e-10,3.541591e-11,2.2878393e-08,0.0012535356
770,0.83090603,0.10609732,5.929174e-07,2.9716654e-08,6.0823833e-05,1.0,2.821179e-23,1.0,0.070893176,0.046305083,1.0,5.0781812e-17,0.07631681,1.0093043e-24,0.9509423,1.0,0.00020411126,1.0,0.021866366,2.757786e-13,1.2509406e-23,1.0,0.9994217,0.0004353215
771,0.17320125,0.10276631,0.008538721,0.00044581085,0.13497634,1.8779739e-08,0.09576062,0.9965197,0.9271022,0.046305083,3.006636e-39,8.583894e-10,0.07631681,9.971096e-06,1.232968e-05,5.130434e-09,0.00028667966,2.818285e-31,0.04552639,1.5460162e-07,5.809931e-12,3.006636e-39,1.6246673e-28,7.6753034e-11
775,0.09390064,0.10609732,0.039411172,2.3650804e-10,0.011832501,1.0,3.56255e-24,1.0739285e-15,0.053557195,0.046305083,4.064459e-07,2.7883965e-08,0.07631681,8.6304295e-05,0.027406938,1.0,0.00022617134,6.400554e-22,0.053770196,4.52489e-09,4.912166e-11,0.99999845,6.322855e-20,2.9298344e-05
778,0.27928856,0.10609732,2.415381e-07,1.06639435e-08,0.011832501,2.2955837e-13,3.56255e-24,4.0790476e-25,0.086751975,0.046305083,0.99880946,2.545169e-10,0.07631681,4.4656817e-06,0.010356479,1.0,0.00029873924,1.0,0.035931535,1.5728759e-07,9.926651e-15,1.0,3.573645e-08,4.9653995e-06
780,0.17665558,0.05994424,0.012176019,0.01352198,0.44864616,1.0,0.016312161,1.0,0.2662358,0.046305083,4.5941096e-33,1.2365916e-05,0.13686801,6.5271146e-05,0.045281306,0.059984483,0.00034817433,3.5051173e-09,0.011657234,0.027062848,0.08936693,0.92345864,6.0338755e-31,0.0025105642
781,0.09390064,0.10609732,0.29880258,6.806933e-12,0.0012469331,1.0,3.56255e-24,1.0,0.1646285,0.046305083,1.0,2.7883965e-08,0.36298475,2.0944643e-07,0.0001978321,1.0,0.00025096032,3.660024e-12,0.10617509,6.9287737e-10,1.0601635e-05,0.9997851,7.1223555e-21,1.2328037e-06
784,0.19678396,0.10276631,0.017533641,7.709501e-08,0.07423019,1.0,1.7679023e-06,1.0,0.23123296,0.046305083,1.1659835e-14,3.2445652e-05,1.0,0.00044870167,1.547456e-06,1.0,0.00018132574,6.838568e-27,0.011657234,0.0048107156,2.7909646e-13,1.0,2.2458944e-32,3.210713e-05
785,0.7135815,0.05994424,0.018486924,0.020724947,0.83081025,1.0,0.0020563675,1.0,0.08141972,0.046305083,1.0,5.7286403e-10,0.1839583,9.0518584e-27,9.410631e-08,2.9384928e-10,0.0010653706,2.7483244e-20,0.08982352,2.6404599e-11,0.00032060593,1.0,3.9021664e-12,9.5679134e-05
791,0.09390064,0.05994424,0.018317502,0.06894524,0.23957808,0.00066502375,0.02877183,1.0,0.48325115,0.046305083,3.006636e-39,1.2217732e-09,0.07631681,0.03707511,0.0058739414,1.8914662e-22,0.00026418368,7.8912257e-07,0.0025632665,1.1513473e-10,0.00612391,3.006636e-39,4.364887e-27,0.012637634
793,0.09390064,0.10609732,9.973589e-06,0.026032357,0.005463942,5.637318e-05,1.6485888e-23,1.0,0.054282483,0.07617714,7.46621e-11,5.5273616e-12,0.13686801,2.9656972e-08,0.015010503,1.7249633e-08,0.0003609985,1.0,0.12287176,1.0360834e-12,2.8294693e-14,0.018914763,4.6249716e-17,0.00019656256
804,0.09390064,0.05994424,0.016187724,0.5590667,0.84238875,3.5222538e-09,0.0035764396,1.0,0.2662358,0.046305083,3.006636e-39,3.183824e-11,0.07631681,0.00016297105,0.09393215,2.1902415e-15,0.00023981831,1.0,0.011657234,2.3662441e-10,0.0069674533,0.0018515994,2.4422514e-32,0.12319335
806,0.09390064,0.05994424,0.24959199,0.17138252,0.44864616,8.558972e-06,0.9993956,1.0,0.8109138,0.046305083,4.592753e-36,4.7889764e-05,0.07631681,0.013783032,0.0056875083,5.7366555e-07,0.0002865392,3.4074615e-11,0.054583166,0.17695537,0.00035969669,0.6875265,2.0707957e-28,1.2501711e-06
814,0.1233277,0.10609732,0.17184937,8.438323e-12,0.011417376,1.0,4.9557564e-26,5.1345816e-29,0.39208147,0.046305083,1.1077411e-20,8.7894796e-11,0.24536146,4.6974154e-05,0.09969058,1.0,0.00022814856,3.7203495e-08,0.050118137,2.6282396e-07,8.791445e-14,1.0,3.5468274e-20,0.00031471625
817,0.7273005,0.17572631,0.30435142,3.8293074e-11,0.011832501,0.99999166,3.56255e-24,7.0339534e-14,0.35767373,0.046305083,4.619208e-31,1.3392697e-10,0.16950274,1.0137027e-06,0.04658515,1.0,0.0003127935,3.2019006e-25,0.15428965,5.275056e-10,3.5706498e-14,0.9979596,1.8028792e-17,2.1196541e-08
818,0.09390064,0.05994424,0.015822787,2.1349067e-07,0.6261906,1.1632849e-17,0.0026124723,1.0,0.2662358,0.046305083,5.8250266e-18,1.165759e-10,1.0,1.471824e-06,5.364054e-05,2.484371e-10,0.00016375893,4.8688377e-15,0.0016283505,2.174937e-09,5.160937e-13,1.0,6.0338755e-31,0.023376698
822,0.09390064,0.05994424,0.0024045522,0.00015102306,0.23957808,6.405576e-10,0.019695304,1.0,0.2662358,0.046305083,5.190166e-32,9.639409e-11,0.35193294,0.044623934,0.0040356885,9.6317905e-09,0.000342502,1.0,0.008123963,8.311235e-13,0.0117306,2.0966631e-11,1.2709429e-27,0.00031530584
823,1.0,1.0,0.0041192747,0.00016990658,0.40084127,1.6795599e-15,0.01311329,0.0036783202,0.9908036,0.1314709,6.044977e-17,2.5146187e-06,0.07631681,9.814834e-05,0.39534724,2.5073799e-09,0.000286318,1.0,0.5309058,0.0011636014,8.442194e-10,1.4436882e-06,2.887817e-23,6.240141e-12
824,0.9891403,0.17572631,0.004944299,8.752169e-12,0.07762003,1.0,3.4334443e-27,3.5935086e-06,0.10870308,0.046305083,0.01644281,2.3145414e-09,0.33536997,2.3928611e-23,0.03647484,1.0,0.00020411126,1.3203208e-21,0.035931535,2.9146503e-07,1.7549516e-18,0.42250535,1.190579e-20,0.02244731
825,0.912399,0.05994424,9.823954e-07,0.05699668,0.042052563,0.0046474366,9.5791875e-06,1.0,0.011103526,0.046305083,0.06635159,6.2973147e-09,0.1839583,4.1651424e-22,2.76367e-06,2.6226465e-11,0.00019582067,6.258535e-30,0.104108825,2.476317e-08,0.3584911,0.82494074,1.3672391e-08,0.09205478
827,0.65605986,0.05994424,0.003996537,0.01352198,0.06582954,0.21503769,0.0020563675,0.41644916,0.2662358,0.046305083,3.1481404e-16,0.0021039026,0.1839583,7.607074e-24,1.3115496e-05,0.0034327754,0.00016375893,9.51208e-32,0.011657234,0.027062848,0.0009859322,1.0,6.0338755e-31,0.27197188
830,0.09390064,0.05994424,0.15238738,0.0001787092,0.40084127,1.6626066e-07,0.09764992,1.690777e-38,0.561505,0.046305083,1.2787238e-27,6.624129e-07,0.07631681,0.020626137,5.7911122e-05,6.511821e-11,0.0002363428,4.833676e-15,0.03779956,0.0010625563,7.975948e-09,1.0,2.2458944e-32,6.876132e-07
832,0.95102304,0.10609732,0.0043706847,0.0007203697,0.001127486,3.611907e-17,9.4656815e-23,1.0,0.16698442,0.046305083,1.0,2.0466365e-08,0.1839583,2.2942497e-23,0.0025746662,1.0,0.005099356,1.0,0.0856132,7.560803e-12,1.3480059e-14,1.0,0.9997826,4.4382505e-06
845,1.0,0.05994424,0.4481105,0.00012758533,0.18106374,2.134465e-09,7.710212e-05,0.9978703,0.97437185,0.046305083,0.011589171,2.721233e-08,0.24536146,6.2460394e-06,0.0019737103,5.625622e-05,0.00056795706,3.877679e-21,0.028777288,0.0007533449,4.4567067e-10,0.9794008,3.106166e-10,0.052521337
846,0.09390064,0.05994424,0.00016191066,0.9961754,0.32243758,7.982724e-08,0.99648595,0.18192899,0.2662358,0.046305083,1.6203764e-07,0.0005288808,0.07631681,1.0,1.0,0.0042912406,0.00016375893,1.0,0.0019824235,0.015848573,6.7143956e-06,6.150675e-09,2.2458944e-32,2.5430705e-05
851,0.13582136,0.05994424,0.055952437,0.0038412593,0.26848677,0.062419407,0.0031138612,7.3574097e-31,0.587572,0.39649582,3.006636e-39,3.554328e-14,0.07631681,2.444053e-07,0.0027396844,1.186312e-06,0.0005991851,1.0,0.0040805847,1.0511852e-09,1.2100083e-09,1.0,3.4016802e-12,0.10332923
853,0.09390064,0.05994424,0.0069688554,0.01352198,0.3666133,0.10501985,0.1584589,0.3784997,0.2662358,0.046305083,1.4052994e-33,0.004325961,0.07631681,0.015294579,0.006130043,0.0013869064,0.00016375893,2.3009756e-09,0.011657234,0.027062848,0.004143602,0.6875265,6.0338755e-31,0.0066124136
854,0.09390064,0.05994424,0.0024696176,0.00088440237,0.40084127,1.0985403e-06,0.0926618,3.731342e-24,0.15280591,0.046305083,3.006636e-39,3.211675e-05,0.07631681,0.003158576,2.4309986e-06,0.0015583253,0.00016375893,1.2824734e-38,0.011657234,0.3128411,7.4308366e-05,0.5935925,2.2458944e-32,9.000472e-05
855,0.09390064,0.05994424,0.028408876,0.000121135425,0.574614,8.478749e-09,0.1584589,1.0,0.2662358,0.046305083,3.9811175e-35,1.7646139e-08,0.07631681,0.0063092387,0.038519047,2.1502357e-11,0.0003827868,4.2352774e-05,0.011657234,1.1146386e-11,3.2493734e-09,5.840129e-12,6.0338755e-31,0.00032690418
860,0.09390064,0.05994424,0.0462853,6.113023e-06,0.451603,2.2004654e-09,5.3582357e-06,3.006636e-39,0.2662358,0.046305083,0.9483824,1.3477582e-08,0.19125728,0.00017929959,0.03520307,2.0561289e-05,0.0005246089,1.0,0.0016357065,0.0002862683,9.371635e-12,2.1439981e-15,2.2458944e-32,0.00019474071
863,0.12702176,0.10609732,0.03319675,5.9615385e-10,0.011417376,0.06254483,3.56255e-24,0.9999994,0.23271343,0.046305083,6.326396e-22,7.430006e-09,0.07631681,2.6352363e-05,0.05192994,0.99998486,0.00028407422,1.8995634e-12,0.035931535,1.7193202e-08,2.7432295e-08,0.99991286,1.5293768e-18,0.0030615826
867,0.09390064,0.05994424,9.0728136e-05,0.00014734421,0.20455927,5.102632e-16,5.3476992e-06,1.0,0.15172344,0.046305083,1.0,1.4048823e-07,0.4926948,4.898608e-05,0.019275686,0.14085238,0.00042623648,1.0,0.005171375,2.1229737e-10,2.50992e-07,1.0,6.994658e-26,3.3564038e-06
874,0.86974716,0.05994424,0.014664171,0.0068049594,0.117957406,1.0,0.99683577,1.0,0.013586897,0.046305083,1.0,0.00019689364,0.2081817,5.15874e-25,0.00017254638,1.0,0.00027707912,3.006636e-39,0.011657234,3.3423828e-07,1.0,1.0,6.0338755e-31,3.5276902e-05
876,0.09390064,0.05994424,0.0058805165,0.7300582,0.15951541,0.0014625521,0.02285768,1.0,0.2662358,0.046305083,4.7312616e-37,2.2234306e-05,0.07631681,0.005236064,0.6090196,1.1017706e-18,0.00022665448,1.8888802e-08,0.0025632665,1.8360828e-06,1.0,0.31675434,4.364887e-27,0.010093387
878,0.09390064,0.18197545,0.91777724,0.02330717,0.3666133,0.10501985,0.1584589,1.0,0.7252363,0.30965918,1.4249661e-24,0.01372008,0.07631681,0.0018724333,0.002525123,7.9706047e-07,0.00016375893,2.3009756e-09,0.011657234,0.027062848,0.004143602,0.6875265,6.0338755e-31,0.002629177
882,0.09390064,0.05994424,0.0029698617,7.169804e-05,0.5243949,7.956108e-12,0.0026124723,1.0,0.13953175,0.046305083,9.868113e-26,5.6220945e-10,0.24673085,3.0593586e-05,0.6865225,0.99999976,0.00019444495,9.032733e-23,0.03779956,1.4724965e-06,9.0483575e-15,8.072553e-06,6.0338755e-31,4.31579e-05
888,1.0,1.0,0.34556216,2.187689e-09,0.00064733136,1.0,3.56255e-24,3.006636e-39,0.30409446,0.046305083,0.00026084317,1.0,0.07631681,6.051239e-10,0.76418793,1.0,0.00023658585,9.3120135e-20,0.035931535,3.192479e-10,1.2902773e-13,1.0,1.0,3.3382083e-05
891,0.25372016,0.23155656,0.34450474,5.3116546e-05,0.18106374,0.0012273034,0.0031138612,3.006636e-39,0.016157465,0.046305083,2.2988156e-06,0.00012687645,0.07631681,0.99999964,2.4912788e-05,8.915007e-06,0.00018266402,2.617228e-16,0.03779956,0.010772202,1.8784188e-11,1.0,3.9468012e-12,0.06221882
892,0.09390064,0.10609732,0.008077756,2.374246e-10,0.009381766,1.0,3.56255e-24,1.0,0.10870308,0.046305083,0.001642029,3.92323e-14,0.07631681,2.2386902e-07,0.04664393,1.0,0.00022628436,0.90101546,0.020424785,3.0131624e-13,2.1649854e-18,1.0,1.3359741e-09,0.061433386
894,0.13582136,0.17739674,2.370508e-05,0.8218681,0.18106374,0.00021638718,0.00033607855,0.9912656,0.006455059,0.081119955,0.0091088405,0.00030607436,0.07631681,5.5435163e-07,0.0014364258,5.7991198e-05,0.000248451,1.0,0.29005912,0.05384361,3.053216e-08,3.6229042e-10,3.9021664e-12,0.09734849
899,0.23685901,0.05994424,0.022815118,0.05930217,0.1438104,0.9986791,0.018350748,1.0,0.99697065,0.07617714,3.006636e-39,1.0,0.07631681,2.837853e-06,0.007687713,1.100959e-08,0.00031613928,2.5580984e-19,0.04244934,0.0010446317,0.0051394696,4.239423e-08,1.0,0.45712283
905,0.09390064,0.05994424,0.012176019,0.017362464,0.44864616,0.10501985,0.1584589,0.3784997,0.2662358,0.046305083,5.793072e-33,0.0021039026,0.07631681,1.0,0.16593373,0.0013869064,0.00028061625,2.8238352e-14,0.011657234,0.059066717,0.047055934,0.6875265,6.0338755e-31,0.035993844
910,1.0,1.0,0.0062153754,0.0017860543,0.0026864838,9.339533e-05,1.8584717e-23,3.2969436e-07,0.14479572,0.091239415,6.322027e-30,2.9910302e-10,1.0,2.4831758e-07,0.00072397036,1.0,0.00047160938,2.4326057e-06,0.035931535,4.052767e-13,3.213741e-13,0.018841445,7.5689475e-18,1.0898948e-06
913,0.50010604,0.05994424,0.08832411,0.7876346,0.06106265,0.0003108466,0.036267262,1.0,0.2662358,0.046305083,3.006636e-39,1.0,0.37135705,1.2877982e-06,0.0007930861,5.42634e-23,0.00030915756,0.054883245,0.0025632665,4.892983e-09,0.10850269,5.6408325e-08,1.0,1.0
917,0.09390064,0.05994424,0.002383441,0.012778802,0.028562304,0.99996436,0.09076339,1.0,0.0042371973,0.046305083,7.4408226e-14,1.6512756e-09,0.08953193,0.00095409836,5.9096524e-06,1.0,0.00019582067,9.282457e-23,0.0025632665,2.804341e-10,0.018015299,1.4711383e-29,1.6246673e-28,0.0038112337
918,1.0,1.0,0.070745826,0.01352198,0.1438104,0.10501985,0.1584589,0.029550118,0.2662358,0.046305083,3.006636e-39,1.0,0.07631681,0.000166665,0.15143465,0.00018481363,0.00016375893,2.1617011e-14,1.0,0.027062848,0.004143602,0.58128804,1.0,0.006557011
920,0.09390064,0.073677406,0.007543617,0.010370231,0.18307891,1.0,0.011683816,1.0,0.2662358,0.091239415,2.206133e-29,1.167607e-12,1.0,4.7159943e-09,0.022310603,2.196918e-06,0.00052957033,1.0,0.02655554,3.5348038e-10,2.2772209e-08,1.0,8.336349e-21,1.0021431e-05
922,0.09390064,0.10609732,4.1172836e-05,3.369363e-11,0.0057737306,2.6581151e-06,3.9297757e-25,5.7793945e-06,0.085785694,0.046305083,0.99999917,7.5012874e-17,0.09427853,1.3870181e-07,0.9723175,1.0,0.00057795626,1.0,0.05317309,3.2459061e-12,8.867109e-25,1.0,3.573645e-08,3.0712027e-07
923,0.89018667,0.17572631,3.0692623e-05,1.1456113e-08,0.0031282369,2.5464957e-13,3.9297757e-25,2.8069826e-19,0.08190593,0.046305083,1.0,9.566815e-12,0.12600908,1.2086735e-08,0.0013354314,1.0,0.0010695404,1.0,0.035931535,2.455705e-09,3.342866e-16,1.0,1.0,5.738092e-05
924,0.13582136,0.10609732,0.0070135025,1.0937604e-09,0.002573349,0.05236239,7.8235034e-23,1.0,0.066007785,0.046305083,0.008531571,4.053587e-09,0.07631681,1.5441168e-07,0.016798748,1.0,0.00020411126,4.5179054e-16,0.035931535,1.9664728e-10,3.2850395e-19,1.0,0.5917204,7.363053e-07
928,0.09390064,0.23985733,0.14476785,0.01352198,0.44864616,0.10501985,0.1584589,0.07912487,0.91007644,0.7884466,9.141677e-32,0.0021039026,0.631337,0.0026892766,0.006130043,0.01488587,0.0028662619,8.0831244e-12,0.9121267,0.027062848,0.004143602,0.6875265,6.0338755e-31,0.00011675735
929,0.09390064,0.05994424,0.37443233,0.018593032,0.13497634,8.863344e-09,0.064063884,1.0,0.9079209,1.0,3.006636e-39,4.701201e-06,0.13686801,0.0019098413,1.1100869e-06,4.0724375e-11,0.00042579303,9.651343e-08,0.0025632665,2.5448232e-11,1.3638926e-05,3.386024e-18,4.7305952e-29,1.9486579e-05
933,0.09390064,0.05994424,0.025676394,0.00031493176,0.574614,0.98990226,0.00025997515,1.0,0.6619737,0.046305083,1.8007425e-31,2.6876557e-17,0.07631681,0.00048227567,0.0038919046,4.1243334e-15,0.00047023527,0.9765009,0.007920439,1.0073076e-10,0.0055337343,0.00015717318,8.381589e-30,2.1389656e-08
935,0.09390064,0.10609732,0.41692203,2.487249e-10,0.011417376,0.6817539,3.881773e-24,2.9919974e-08,0.8815882,0.046305083,6.053196e-08,1.3882563e-08,0.07631681,7.950572e-08,0.770296,0.99998164,0.00020411126,0.008822035,0.035931535,2.0589511e-11,1.4707676e-06,0.99999917,6.187261e-19,0.019399064
936,0.09390064,0.10609732,1.0,1.677256e-10,0.010264092,6.229952e-05,5.9588448e-25,1.0313578e-15,0.9506331,0.046305083,0.9913919,1.5883062e-10,0.07631681,5.812492e-08,0.78421646,1.0,0.00023658585,1.0,0.03261185,2.2170545e-10,2.7793852e-12,1.8387548e-23,7.1223555e-21,2.428481e-08
939,0.40896368,0.05994424,2.3286202e-07,0.501203,0.15951541,0.0014625521,0.02285768,1.0,0.14585476,0.046305083,0.96601236,0.0021039026,0.07631681,0.017964376,0.000199445,4.981996e-16,0.0063319667,1.8983125e-21,0.0064144097,1.9628121e-06,3.1930751e-06,3.7857257e-07,4.364887e-27,1.7170223e-05
943,1.0,1.0,0.7407136,0.037150666,0.44864616,0.03710878,7.710212e-05,0.0003382484,0.8205771,0.9778853,2.393668e-20,0.0051672948,0.1749142,0.00012563678,0.0041724527,0.0013869064,0.00030897695,5.0532617e-10,0.3671194,0.05152795,3.632194e-06,1.0,6.0338755e-31,0.104199104
946,0.09390064,0.05994424,0.00014261165,0.087141156,0.5004057,0.053447388,0.019863704,1.0,0.2662358,0.046305083,8.027495e-26,6.30876e-06,0.07631681,0.013511762,0.07964253,2.3826037e-06,0.00020639747,1.0,0.0019824235,0.11194452,0.017469972,9.52938e-05,6.0338755e-31,0.0051977867
948,0.90283304,0.05994424,0.020650053,4.9805076e-05,0.000334154,0.5091034,2.1482529e-05,1.0,0.9605885,0.046305083,0.000104474915,4.6690728e-11,0.2081817,4.635803e-23,2.294061e-06,0.09531099,0.00021530282,3.006636e-39,0.011657234,3.4908028e-06,3.123707e-12,0.9999995,9.691954e-14,0.307405
950,0.09390064,0.05994424,0.012176019,0.01352198,0.44864616,0.10501985,1.0,1.0,0.2662358,0.046305083,9.141677e-32,0.0021039026,0.07631681,0.047905922,0.006130043,0.0013869064,0.08168865,2.3009756e-09,0.011657234,0.027062848,0.004143602,0.6875265,6.0338755e-31,0.0005070558
951,0.4333966,0.05994424,0.003996537,0.0065061683,0.24774283,0.21503769,0.0020563675,0.94997865,0.2662358,0.046305083,1.6834147e-23,0.00068078534,0.1839583,7.607074e-24,7.846254e-06,0.0034327754,0.00016375893,9.51208e-32,0.011657234,0.027062848,0.004143602,1.0,6.0338755e-31,0.046568908
953,0.09390064,0.05994424,0.0058805165,0.021000091,0.15951541,0.00094586506,0.022883628,1.0,0.2662358,0.046305083,3.09892e-38,0.0021039026,0.07631681,0.00016072625,0.00031503267,4.9173387e-08,0.00019582067,2.205479e-08,0.0025632665,1.020987e-06,0.33840883,0.0685118,4.364887e-27,0.003883405
954,0.09390064,0.05994424,3.1292e-07,1.2818055e-06,0.1460688,1.0,0.020347917,1.15147676e-10,0.0042371973,0.046305083,1.0,8.651455e-09,0.07631681,0.0018889155,1.1634212e-08,1.0,0.0004916874,4.495709e-13,0.0016283505,0.025969587,0.15609506,1.0,2.4422514e-32,2.3126333e-06
955,0.17583634,0.10609732,0.0069257473,1.7972421e-09,0.0031282369,0.9997428,3.137432e-25,1.0,0.056746874,0.046305083,0.9997789,3.0548921e-09,0.13686801,3.221959e-07,0.009667294,1.0,0.0055295425,0.7463034,0.0856132,1.6936874e-09,9.642951e-16,1.0,0.0003480414,8.728536e-07
956,0.13582136,0.18197545,0.15781237,0.21574031,0.40641952,0.004367598,0.1584589,1.0,0.0046493006,0.30965918,1.2634486e-22,9.1204354e-05,0.54699314,9.709773e-06,0.0003953961,0.014576528,0.00016375893,9.605771e-10,0.10887084,2.0169155e-06,2.3098806e-16,1.733891e-10,2.2864113e-13,0.017241808
959,0.13582136,0.10609732,3.150267e-06,0.0101750875,0.0014707799,3.6451962e-32,2.4042433e-23,0.009470989,0.22324277,0.046305083,0.99999475,6.1650013e-10,0.07631681,4.872143e-07,0.92862165,1.0,0.00047169862,1.0,0.03359453,3.0372847e-11,4.716828e-14,8.986157e-32,1.0,1.8775211e-06
963,0.09390064,0.10609732,0.93569994,2.3650804e-10,0.0023782935,4.3486853e-11,4.9557564e-26,1.0,0.63673216,0.046305083,4.5248402e-23,1.0,0.07631681,7.218489e-09,0.8075948,7.3469884e-09,0.00020411126,7.438963e-18,0.035931535,9.888141e-11,1.2740271e-07,0.0037152893,1.0,9.205122e-09
966,0.11815516,0.10609732,0.7781757,2.3650804e-10,0.011417376,0.8600173,3.56255e-24,1.0,0.10870308,0.046305083,2.491598e-14,7.2446094e-10,0.07631681,1.8850538e-05,0.07805026,0.31311584,0.00038509906,5.904656e-12,0.26524475,1.0936214e-08,1.7952119e-11,0.99991035,1.5293768e-18,0.0016423801
968,0.09390064,0.05994424,0.017790202,0.0010309976,0.13497634,6.6923976e-06,0.06540002,7.997166e-28,0.9389143,0.046305083,7.048917e-21,1.7798611e-07,0.07631681,0.0002893081,5.989546e-05,8.6413077e-10,0.0049714856,1.8403027e-07,0.31523415,5.1221647e-08,0.4475449,3.006636e-39,1.1928283e-29,3.150596e-13
972,0.55234724,0.10609732,0.0025056838,2.3650804e-10,3.442975e-05,1.0,3.8986717e-26,1.0,0.054282483,0.046305083,1.0,2.7883965e-08,0.12127647,3.9703455e-22,0.01132795,1.0,0.00029457547,3.0331674e-38,0.26615354,1.8435737e-11,3.3327547e-07,0.9999988,9.594347e-21,0.71920127
974,0.13786817,0.1319369,0.24299942,0.18055274,0.1438104,0.10501985,0.1584589,0.47838423,0.2662358,0.07617714,2.7528046e-35,1.0,0.07631681,7.423754e-07,0.00033546364,1.117191e-14,0.00039709578,1.0500765e-29,0.3003979,0.00104139,5.6204725e-11,4.34408e-06,1.0,1.43583e-05
979,0.15975972,0.10609732,0.64699054,3.1456908e-09,0.0023782935,7.3728573e-10,3.5368608e-25,0.20717846,0.90671086,0.046305083,1.256575e-15,1.0,0.07631681,4.6632267e-05,0.012100763,1.0,0.00036295422,0.99999976,0.98666954,6.1133215e-07,0.054003514,1.0,1.0,7.670418e-07
980,0.13582136,0.44046637,0.002654646,0.3340023,0.026710972,1.0,0.019863704,1.0,0.99772245,0.046305083,1.0,6.901945e-06,0.07631681,0.00015514309,0.0063776695,1.0,0.0003827868,1.0,0.0019824235,0.027062848,9.423123e-10,0.18444754,3.9021664e-12,0.029581118
984,0.09390064,0.10609732,0.032356177,3.9537443e-10,0.013139184,0.9996107,3.8343667e-25,3.7081396e-10,0.31228003,0.046305083,1.0,3.3561817e-15,0.07631681,2.9613568e-07,0.9372919,0.00019560101,0.00020411126,1.0,1.0,2.8891098e-13,9.835449e-12,2.0384102e-14,1.2620639e-18,0.050326966
986,0.13582136,0.10609732,0.016435152,7.2564816e-08,0.002573349,0.00012456188,7.6203837e-22,1.0,0.08964106,0.046305083,1.6067657e-09,4.6519384e-09,0.41527018,0.00014491405,0.12974574,0.23167697,0.00020411126,1.432495e-21,0.10617509,6.9763945e-10,8.265649e-11,0.95635015,3.8894505e-09,1.3170669e-06
987,0.7279608,0.10609732,0.00025864877,1.2839302e-11,0.059649456,1.5468672e-07,3.5393325e-24,1.0,0.16640143,0.046305083,1.0,1.0,0.76778716,3.4429945e-26,0.034461733,1.0,0.00020411126,0.999998,0.020424785,1.9036582e-12,1.3261813e-21,1.0,1.0,0.002975528
988,0.2455108,0.05994424,0.0064270217,0.21574031,0.18106374,0.03443907,0.1584589,1.0,0.0046493006,0.046305083,7.132877e-10,0.020908734,0.07631681,8.668056e-05,0.00016590046,0.0053309253,0.00030897695,8.246988e-15,0.011657234,0.031455275,2.422184e-06,0.70889926,3.9021664e-12,0.046418566
989,0.09390064,0.05994424,0.020160686,0.099762246,0.44864616,1.7878901e-10,0.1584589,0.3784997,0.2662358,0.046305083,9.141677e-32,0.0027519318,0.07631681,1.0,0.3793766,2.0773597e-05,0.00017983206,2.3009756e-09,0.011657234,0.031144826,1.0,0.6875265,6.0338755e-31,0.030228252
995,0.13582136,0.05994424,4.9443624e-05,0.6570348,0.34869018,1.0,0.019863704,3.006636e-39,0.0069186734,0.046305083,0.0018701856,9.2983966e-05,0.07631681,0.7404577,1.0,6.251205e-13,0.004491933,1.0,0.18410271,0.64559364,0.00037693803,0.9609349,1.0470191e-09,0.005662544
1000,0.13582136,0.05994424,2.9418385e-07,0.6890086,0.061446615,1.4077303e-10,0.11372552,1.0,0.0046493006,0.046305083,5.5094366e-05,2.4813173e-07,0.07631681,0.0002405768,3.8145794e-05,5.819431e-10,0.0002561114,6.2718636e-14,0.104108825,3.409992e-10,0.0005524231,3.454436e-36,6.7886773e-12,0.019196182
1007,0.25093615,0.10609732,0.021779811,1.1178141e-09,0.0023782935,6.3878545e-08,4.9557564e-26,0.9993955,0.17155215,0.046305083,1.2914813e-13,1.0,0.07631681,0.00016023383,0.7451977,0.9975604,0.00020411126,2.165173e-09,0.03344825,5.366229e-09,1.628578e-11,1.0,1.0,0.9974751
1012,0.09390064,0.05994424,0.008673418,0.031404004,0.048831582,1.0,0.1584589,0.5604045,0.14409234,0.046305083,2.114583e-11,0.0021039026,0.09427853,0.00058402534,0.0025159398,1.0,0.000248451,2.2796245e-19,0.011657234,0.041096326,2.7038574e-05,1.0,6.0338755e-31,0.00010338468
1013,0.9967104,0.10609732,0.10784257,0.0141994795,0.0035534576,0.46945643,1.6485888e-23,1.0,0.13993454,0.046305083,3.2285623e-08,2.5634336e-14,0.13686801,1.3384671e-11,0.31719604,1.0,0.00036398252,1.0,0.09006251,5.0869114e-11,1.4522336e-10,1.7742616e-13,0.013164985,1.6514248e-07
1015,0.13582136,0.05994424,0.005429214,0.41582718,0.34869018,9.091526e-10,0.00027500946,1.0,0.087434545,0.046305083,4.5817894e-25,1.2213741e-06,0.13686801,9.42694e-07,0.0032959948,4.9643154e-06,0.00022369089,4.2751622e-18,0.054583166,2.9253818e-06,1.0370745e-07,0.6269371,9.383719e-10,4.9167706e-06
1016,0.5529831,0.05994424,0.007933834,0.0022144513,0.0009465565,1.0,0.0020563675,0.99993277,0.10480583,0.046305083,0.0134190535,0.00026243666,0.53832465,7.5811145e-25,5.493745e-05,1.0,0.00018258409,3.006636e-39,0.34783295,0.0318347,7.0373e-09,1.0,6.0338755e-31,0.6069378
1019,0.09390064,0.05994424,0.02722897,0.99999964,0.037699096,0.03691532,0.023642795,1.0,0.44997975,0.046305083,1.9854758e-32,1.0,0.07631681,1.0790212e-06,0.0006810991,1.7640014e-08,0.00029068498,3.6289387e-07,0.0025632665,4.3214436e-07,0.020292157,1.1942484e-07,1.0,0.0014649028
1021,0.17665558,0.32243612,0.8738321,0.0037279553,0.44864616,0.9977137,0.00023062211,1.0,0.9947572,0.6053711,3.006636e-39,0.0009275516,0.6172951,7.230583e-07,1.3176072e-05,6.0139875e-08,0.0004613795,1.7033712e-20,0.054583166,0.067619585,1.0,0.92345864,2.0707957e-28,2.9280793e-11
1023,0.09390064,0.05994424,0.0020139941,0.5444737,0.44864616,7.678779e-05,0.020347917,3.879162e-08,0.2662358,0.046305083,3.006636e-39,1.8575314e-07,0.07631681,6.308574e-05,0.02241739,0.008495524,0.0003618775,0.99999976,0.0016283505,0.0030285232,0.051508196,1.0,9.1502177e-26,0.99998796
1028,0.80054367,0.17572631,3.2436492e-05,2.4834814e-13,0.011417376,0.0017495886,3.137432e-25,1.0,0.054282483,0.046305083,0.00014202864,3.134571e-11,0.6822177,1.1272963e-06,0.10777487,0.37067392,0.00020411126,5.374168e-35,1.0,6.4293375e-09,1.15678e-17,3.3348921e-09,1.5293768e-18,3.981874e-06
1037,0.9504874,0.10276631,0.008486828,0.010621264,0.40641952,0.05907681,0.1584589,9.233288e-25,0.0069186734,0.046305083,0.25188422,5.8766633e-05,0.09646739,0.15341058,1.0,2.0889938e-06,0.00043637143,9.626735e-25,0.011657234,0.00015344558,1.5784503e-08,1.0,5.686638e-11,0.9989273
1040,0.09390064,0.05994424,0.0043409057,0.05133834,0.15951541,1.0,0.02285768,1.0,0.13688383,0.046305083,0.8317472,0.0021039026,0.40027294,0.0014478691,3.3621018e-07,1.8475757e-05,0.00019582067,3.0019264e-12,1.0,4.3651853e-06,0.021844761,1.0,1.2709429e-27,7.2580293e-09
1045,0.09390064,0.05994424,0.03451314,0.011925535,0.574614,0.99999976,0.1584589,2.8513952e-25,0.42111132,0.046305083,2.219112e-31,9.404776e-13,0.07631681,0.005666256,0.0009438683,1.3667636e-17,0.00048604593,9.464579e-08,0.011657234,7.413019e-13,1.2122717e-10,0.9999999,6.0338755e-31,0.24629734
1048,0.17583634,0.05994424,0.0005089195,1.8937966e-05,0.16676725,3.1917235e-14,0.09576062,1.0,0.0055978377,0.046305083,8.47988e-28,2.2148344e-11,0.07631681,2.6274622e-08,5.260891e-05,2.5203816e-14,0.00044306845,0.06311321,0.012423,3.78514e-12,2.649381e-07,3.006636e-39,6.7034742e-15,1.174202e-06
1050,0.09390064,0.10609732,0.6368939,6.705649e-11,0.0019561676,1.8430848e-07,7.565435e-23,1.0,0.08068756,0.07617714,1.4001953e-17,1.0,0.07631681,3.592928e-10,0.0055436674,0.999848,0.00041924065,5.815036e-05,0.21949157,2.0703408e-10,2.9825534e-10,2.8659628e-05,1.0,6.047486e-11
1054,0.09390064,0.05994424,0.11679667,0.01352198,0.5243949,0.05084429,0.1584589,8.6184886e-11,0.8371824,0.046305083,3.006636e-39,2.687174e-07,0.07631681,0.015294579,0.53677756,1.5201653e-08,0.0002096101,7.211324e-19,0.0016283505,0.009277414,0.68166465,1.0823767e-14,6.0338755e-31,0.026432317
1058,0.40809065,0.05994424,0.0058805165,0.07246156,0.15951541,0.00143103,0.02285768,1.0,0.2662358,0.046305083,1.0594504e-38,0.0021039026,0.07631681,0.021813901,0.5171512,3.3004115e-09,0.0004995929,0.0025780112,0.0025632665,1.9680097e-06,0.033325225,0.9953135,5.9308445e-30,0.00026077477
1059,0.86417544,0.05994424,0.0064270217,0.24238479,0.18106374,0.0021780771,0.1584589,1.0,0.0046493006,0.046305083,1.9843651e-11,0.0031847109,0.07631681,4.904264e-05,0.00016590046,0.010111537,0.00016375893,2.9532442e-16,0.011657234,0.20959304,5.2400665e-06,0.52362,1.1670956e-11,0.20716815
1060,0.09746524,0.10609732,0.002036577,0.9987379,0.0026864838,0.013538949,2.0147987e-23,1.0,0.14479572,0.046305083,0.00066276663,1.1350886e-08,0.07631681,1.054182e-05,0.04239632,0.9587618,0.00038586213,1.0,0.03261185,7.336028e-12,2.2236066e-13,2.6238324e-11,3.7879348e-16,3.6273177e-05
1062,1.0,1.0,0.002071561,0.000795272,0.021412054,0.99993753,0.0020563675,1.374935e-20,0.16469246,0.07390926,0.82708764,2.1736187e-06,0.22558899,8.307415e-24,3.030172e-08,0.0034327754,0.00018304498,9.51208e-32,0.011657234,0.005078928,0.0008681166,1.0,2.2606795e-24,5.5007753e-05
1063,0.09390064,0.05994424,0.012471828,0.012824195,0.44864616,0.10501985,0.0031138612,1.0,0.2662358,0.07617714,2.5459975e-34,0.00061670056,0.07631681,0.00024957422,0.0020640818,0.7408384,0.00016375893,2.3009756e-09,0.04244934,0.04290338,0.0001889617,1.3324697e-13,2.2606795e-24,0.001760649
1065,0.09390064,0.05994424,9.3809e-08,0.05148279,0.44864616,0.0047160545,0.018350748,1.3252824e-19,0.15280591,0.046305083,1.0,2.643077e-06,0.07631681,0.0022970035,0.00025197788,1.25127755e-11,0.00036112152,0.9996382,0.0016357065,0.0016588611,0.23983294,1.3620055e-11,2.4422514e-32,0.0025105642
1066,0.13582136,0.10609732,0.03319675,4.65596e-09,0.0031282369,1.0,3.56255e-24,1.0,0.056746874,0.046305083,4.034179e-07,5.3140794e-09,0.07631681,2.685663e-05,0.14558445,1.0,0.00022757414,1.9179101e-14,0.035931535,4.497384e-08,8.328381e-11,1.0,3.7329143e-13,4.9220637e-07
1069,0.17665558,0.10946458,0.011385541,0.03781594,0.32243758,1.5045304e-06,0.09764992,0.12682426,0.2662358,0.046305083,4.801074e-16,0.0020175779,0.07631681,0.69423497,0.24892443,0.020956561,0.0003506254,4.647285e-08,0.011657234,0.0041065486,2.9971666e-08,0.8264667,2.2458944e-32,0.9981217
1072,0.09390064,0.10609732,0.016887285,2.6490063e-10,1.0,0.94287467,3.56255e-24,4.3923697e-17,0.10870308,0.046305083,1.4969336e-06,7.0144746e-10,1.0,5.4511844e-07,0.0006131265,0.15442428,0.00039964283,1.8858365e-25,0.035931535,1.8912072e-10,8.128384e-18,0.9999511,1.5293768e-18,9.710209e-08
1077,0.09390064,0.05994424,0.012176019,0.26436067,0.44864616,0.10501985,0.26358315,0.3784997,0.2662358,0.046305083,9.141677e-32,0.0021039026,0.07631681,0.026477952,0.006130043,0.0013869064,0.00016375893,2.3009756e-09,0.011657234,0.027062848,0.004143602,0.6875265,6.0338755e-31,0.0025105642
1080,0.43548942,0.17572631,0.0038340567,0.0013790053,0.0012570944,0.9999188,2.4042433e-23,3.006636e-39,0.05375699,0.046305083,8.3746176e-07,6.439412e-13,0.07631681,1.9122204e-05,0.3348417,8.105889e-14,0.00042573333,0.0041570943,0.035931535,2.5808919e-12,3.648407e-11,0.9992679,0.024847465,4.7120234e-06
1081,0.12702176,0.05994424,0.012176019,0.053241625,0.1438104,0.03710878,1.0,1.0,0.2662358,0.046305083,3.320697e-33,1.0,1.0,0.009429833,0.0021740806,2.3751994e-12,0.1597951,2.3009756e-09,0.011657234,0.08703179,2.0896381e-07,0.6875265,1.0,0.037085224
1088,1.0,1.0,0.9673331,0.006528976,0.6653214,0.10501985,7.710212e-05,5.7743814e-19,0.9052332,0.70710397,4.1940176e-14,1.8536026e-05,0.1749142,0.000841825,0.016720925,1.4383091e-15,0.00035095782,1.5616827e-20,0.011657234,1.1310037e-05,0.00021611195,4.193853e-06,2.2606795e-24,0.028136464
1089,0.09390064,0.05994424,0.0058805165,0.069622256,0.15951541,0.00094586506,0.022883628,1.0,0.2662358,0.046305083,1.2005658e-37,0.0010485782,0.07631681,0.001261759,0.0021279156,2.5462214e-11,0.00019582067,1.13662925e-11,0.0025632665,4.752872e-06,1.0,0.44194716,4.364887e-27,0.00076506956
1098,0.40809065,0.05994424,0.0016054475,0.0065134736,0.40084127,3.9766107e-12,0.005248517,0.9925398,0.5746312,0.046305083,1.0579537e-09,3.8619956e-09,0.07631681,4.5192864e-05,0.10545899,2.1238387e-08,0.0003618775,1.0,0.0019824235,3.0864743e-05,1.0,0.99935704,2.2458944e-32,5.392884e-05
1100,0.5929794,0.05994424,8.612651e-08,0.006195236,0.17327817,1.0,0.00018143833,1.0,0.2184399,0.046305083,1.0,1.0,0.7507458,1.090738e-27,0.00082718325,0.29680213,0.00068714947,1.0,0.0019824235,2.2211756e-05,6.2765294e-18,1.0,1.0,0.0028588085
1102,0.09390064,0.10609732,0.010142618,2.487249e-10,0.025175957,1.6959513e-08,3.137432e-25,1.0,0.10870308,0.046305083,2.4242062e-18,5.1794964e-09,0.13686801,2.025804e-06,0.0035838084,0.9986753,0.00020411126,3.360467e-07,0.03344825,5.3627342e-11,1.1338004e-09,0.99941885,6.322855e-20,0.0029345865
1106,0.13582136,0.10609732,0.006130943,3.5306917e-11,0.002935898,0.20581311,2.1688672e-21,0.0025849936,0.04935128,0.30965918,1.0,1.883358e-08,0.2309254,4.3022705e-05,0.05570619,0.9739048,0.0005490588,1.0,0.03261185,5.1360416e-10,1.3377132e-16,1.1565194e-06,0.00020801871,4.327914e-08
1120,0.67711926,0.14426152,0.14902875,0.0010732823,0.40084127,2.431644e-10,0.068561845,0.017421471,0.6924329,0.20450345,7.806698e-36,7.8598094e-07,0.07631681,0.0050708894,0.020529198,1.25127755e-11,0.00030426992,1.0,0.9999658,0.00015135392,0.8257743,0.0050209644,2.4422514e-32,0.4312125
1122,0.09390064,0.87148964,0.009376521,0.8074029,0.17132996,0.10501985,0.1584589,1.245128e-30,0.37259588,0.046305083,3.006636e-39,1.0,0.07631681,0.0007351692,0.0001057322,0.0013869064,0.00016375893,2.4876323e-22,1.0,3.941095e-06,2.539279e-06,8.4615435e-09,1.0,0.9831466
1124,0.09390064,0.05994424,1.2938807e-06,0.020033756,0.41058952,1.0,0.019226326,1.0,0.3895378,0.046305083,1.0,3.5925891e-12,0.07631681,3.8170318e-05,0.007258351,1.4658071e-08,0.0002188818,1.0,0.0019824235,3.1473543e-12,0.27470997,0.9999994,4.364887e-27,7.358372e-10
1125,0.4233431,0.10609732,3.423204e-05,3.0591367e-09,0.011417376,1.0,3.8343667e-25,1.0,0.10870308,0.046305083,1.0,1.9457624e-10,0.16950274,1.7570825e-05,0.0050698523,1.0,0.0006530807,1.0,0.17101845,1.6212623e-09,4.0630545e-16,0.9999994,3.700904e-05,7.4175595e-09
1130,0.09390064,0.05994424,0.016359491,0.013208918,0.44864616,1.0,0.9343583,1.491022e-07,0.49597648,0.046305083,0.999995,2.8280021e-05,0.07631681,3.35551e-05,9.1836126e-05,7.963399e-11,0.00032639096,0.9998987,0.0016283505,0.107042685,3.9982097e-12,1.4955809e-09,2.2606795e-24,6.813e-06
1136,0.09390064,0.05994424,9.4842187e-07,0.04694963,0.44864616,0.0037705598,0.99037385,9.367153e-06,0.14585476,0.046305083,2.4475744e-08,3.037738e-06,0.07631681,0.001345533,0.012160108,3.0471358e-06,0.00026497475,1.0,0.011657234,0.0008622967,0.00038755964,0.082944006,2.4422514e-32,0.0016159321
1137,0.09390064,0.05994424,0.0058805165,0.16013034,0.15951541,0.00094586506,0.030994583,1.0,0.2662358,0.046305083,4.2059523e-37,0.0021039026,0.07631681,1.0,0.99999917,4.9173387e-08,0.00019582067,5.733614e-10,0.0025632665,8.5912546e-07,0.030895837,0.026472932,4.364887e-27,0.00076506956
1138,0.9999993,0.23985733,0.25263464,0.569194,0.8578054,0.10501985,0.1584589,0.0024864885,0.9148309,0.6736968,5.5090467e-35,0.00040745657,0.1749142,7.235714e-05,0.008099976,7.463016e-16,0.0003506254,1.7767206e-20,0.011657234,0.00022094169,0.030041339,9.779599e-07,6.0338755e-31,0.0030582673
1140,0.09390064,0.10276631,0.012176019,0.01352198,0.44864616,0.10501985,0.1584589,2.0309812e-05,0.2662358,0.046305083,9.141677e-32,0.0021039026,0.12317237,0.015294579,0.006130043,0.017753802,0.00016375893,2.3009756e-09,1.0,0.027062848,0.000675705,0.6875265,6.0338755e-31,0.0025105642
1141,0.9842604,0.05994424,0.0029377718,0.00220189,0.5793464,1.241173e-07,0.011883531,3.3112773e-08,0.94525766,0.046305083,3.718922e-24,9.293535e-18,0.12600908,2.5009935e-05,0.02009701,3.3854894e-07,0.0003180177,1.0,0.2954565,1.7181187e-10,0.00073863653,1.0,2.2458944e-32,1.0
1148,0.89081633,0.31099516,0.006674844,0.01352198,0.03089363,1.0,1.399793e-08,1.0,0.37259588,0.081119955,0.9999999,0.0004980222,0.5926268,3.1787306e-24,2.0258918e-05,0.3759596,0.00036185127,1.0761342e-31,0.99261683,0.00024378706,4.9135647e-06,1.0,1.7845207e-25,0.0008290207
1150,0.09390064,0.05994424,0.00062719046,2.358594e-07,0.44864616,1.7173618e-10,0.016312161,1.0,0.42111132,0.046305083,0.9997874,1.2556588e-09,0.17006275,4.915229e-05,1.0,0.6115194,0.00022357021,1.0,0.0019824235,0.0001483945,2.0194662e-11,2.8758417e-18,6.0338755e-31,9.885956e-06
1154,0.09390064,0.05994424,0.0024765355,0.00068982516,0.40431762,3.4637314e-25,0.019248234,1.0,0.83301306,0.046305083,7.682707e-13,6.2252105e-12,0.07631681,1.5233907e-07,0.68455213,2.4757507e-15,0.000623503,1.0,0.014766242,7.169516e-13,2.7741354e-09,1.8803194e-05,3.289088e-20,1.0664327e-12
1159,0.09390064,0.05994424,8.6867905e-05,0.00017136506,0.44864616,1.5278365e-08,0.019863704,1.0,0.2662358,0.046305083,0.013808255,5.3691714e-05,0.07631681,0.0054859254,0.40386987,0.00086561847,0.00019444495,1.0,0.0019824235,0.6205913,4.043402e-09,4.4991076e-16,6.0338755e-31,0.0021220704
1165,1.0,0.05994424,0.012176019,0.01352198,0.44864616,0.47838297,0.1584589,0.3784997,0.2662358,0.046305083,9.141677e-32,0.005307163,0.07631681,0.0011813083,0.006130043,2.0773597e-05,0.00016375893,2.3009756e-09,0.011657234,0.027062848,1.0,0.8017108,6.0338755e-31,0.015516107
1167,0.41575256,0.10609732,0.7802601,6.13506e-08,0.011417376,4.010778e-10,4.9408118e-24,2.5469824e-31,0.96562874,0.046305083,8.282207e-29,1.7301735e-11,0.07631681,0.00048285475,0.013560899,2.456132e-12,0.00044314895,2.0503212e-19,0.053770196,3.318718e-09,7.1536848e-09,1.0,1.5293768e-18,0.005710324
1169,0.09390064,0.10609732,0.03581128,2.487249e-10,0.011417376,0.6817539,3.56255e-24,6.998959e-25,0.10870308,0.046305083,0.00016746661,1.3882563e-08,0.07631681,2.8753848e-06,0.006469969,0.99996984,0.00020411126,1.46754715e-08,0.050118137,2.2170545e-10,5.5183746e-09,0.9999778,6.187261e-19,7.803562e-05
1171,0.09390064,0.05994424,0.0058805165,0.048293144,0.15951541,0.00094586506,0.025759669,1.0,0.2662358,0.046305083,3.006636e-39,0.0021039026,0.07631681,0.0058578025,0.0059308945,1.7022568e-09,0.00019582067,1.821986e-09,0.0025632665,5.8654365e-07,0.01824969,0.5899589,4.364887e-27,0.00069345866
1177,0.5925877,0.05994424,0.0009640864,0.00055373256,0.007955696,0.00010196619,0.00018143833,3.0035197e-30,0.07844736,0.046305083,1.0,9.46188e-14,0.48861712,1.7214472e-26,0.0015080307,1.0,0.00016375893,8.460796e-14,0.03779956,3.6171735e-10,2.3466719e-06,1.0,3.4016802e-12,0.029572072
1179,1.0,0.87148964,0.31816164,0.0040840143,0.104934394,1.0,0.09764992,1.5106925e-28,0.6617253,0.046305083,0.99957675,1.6019369e-09,0.2081817,6.360926e-15,1.036912e-06,1.4509704e-11,0.0008291,3.006636e-39,1.0,0.0070161857,3.0495081e-12,1.0,2.119749e-10,0.14641114
1184,0.60267085,0.23985733,0.004136224,0.9586478,0.036855794,1.0,0.7047748,8.1969785e-26,0.7792418,0.66472495,1.0,5.725615e-10,0.6237595,1.2947326e-23,4.09968e-05,4.5089808e-05,0.00023077104,3.006636e-39,1.0,0.0005823106,1.0,1.0,1.3166841e-10,0.0017245656
1185,0.58443767,0.05994424,0.75583833,0.044944864,0.44864616,0.9091444,0.1584589,0.44158572,0.45347273,0.046305083,4.2476896e-33,0.002741493,0.07631681,8.799116e-09,0.006130043,9.311192e-05,0.00022373887,1.9183958e-15,1.0,0.027062848,1.0,0.99148154,2.0707957e-28,3.0406757e-11
1191,0.09390064,0.05994424,3.8777493e-05,0.6746338,0.40084127,1.6675948e-09,0.011598362,5.67777e-12,0.1337816,0.046305083,1.2087375e-20,0.000111313326,0.07631681,0.004186975,0.9033827,3.2686443e-16,0.00039610444,1.0,0.0019824235,0.5326321,7.774518e-12,4.1263434e-07,2.2458944e-32,1.0535126e-05
1196,0.17665558,0.05994424,0.019563507,0.04525278,0.3666133,5.656193e-09,0.9993794,0.8556653,0.34321278,0.046305083,1.3340369e-27,0.019679809,0.07631681,0.99999917,1.0,0.020956561,0.000474759,4.6915346e-14,0.011657234,0.041516688,5.345754e-10,0.0006574365,6.0338755e-31,0.0009504737
1198,0.09390064,0.05994424,0.008731242,0.84866303,0.44864616,0.10501985,0.9997415,0.91343856,0.2662358,0.046305083,3.006636e-39,0.020897051,0.07631681,0.0068566143,0.0003840502,1.2197607e-14,0.0006080391,2.3009756e-09,0.95262325,0.45555145,5.836917e-07,0.6875265,6.0338755e-31,0.001204412
1202,0.09390064,0.05994424,5.5713195e-07,0.031404004,0.44864616,0.10501985,0.1584589,0.11481042,0.2184399,0.046305083,0.43491107,0.00035419723,0.07631681,0.0006592753,0.00036486617,2.617721e-07,0.00047472666,4.1353697e-26,0.011657234,0.00013828323,0.0006224809,0.6875265,6.0338755e-31,4.466212e-05
1205,1.0,1.0,0.0031066951,0.0013041253,9.327935e-05,0.36662906,3.0103695e-06,1.0,0.029842982,0.046305083,0.12613249,1.390267e-06,0.20941201,2.5624157e-26,0.00016590046,0.99985135,0.00021726583,6.7479443e-28,0.0016283505,3.2181586e-06,1.0,0.9999999,3.9021664e-12,0.73525566
1207,0.9496916,0.10276631,0.002891582,0.060043924,0.14072752,0.045119304,0.0020563675,1.0,0.0069186734,0.07617714,0.997618,6.0961583e-12,0.1839583,2.1586937e-25,5.878059e-05,1.2511554e-08,0.00035095782,2.3291069e-24,0.04244934,9.7971846e-11,5.3841087e-09,1.0228465e-06,1.0470191e-09,0.9031105
1214,0.09390064,0.10609732,0.65103894,2.8580485e-10,0.011417376,0.01648029,3.56255e-24,1.0,0.10870308,0.046305083,4.907317e-14,2.7883965e-08,0.07631681,7.6471886e-05,0.05192994,1.0,0.00022699576,1.6938941e-06,0.035931535,2.2170545e-10,1.4746818e-09,0.9999993,1.7900041e-23,0.00010925377
1218,0.09390064,0.05994424,0.012176019,0.01352198,0.44864616,0.10501985,0.1584589,0.3784997,0.2662358,0.046305083,9.141677e-32,0.0002567182,0.07631681,0.015294579,0.036945645,2.6264859e-06,0.00016375893,2.3009756e-09,0.011657234,0.042205118,0.004143602,0.6875265,6.0338755e-31,0.0025105642
1227,0.50756395,0.05994424,0.016161824,9.040419e-05,0.047859553,1.0,0.02285768,1.2995239e-36,0.009047796,0.046305083,1.0,1.38369876e-08,0.07631681,3.202533e-05,4.0074352e-05,1.0,0.00025745353,1.0,0.0025632665,5.486059e-10,0.12649645,1.0,2.755759e-11,0.0014330674
1228,0.09390064,0.05994424,0.0009855236,0.087604254,0.15951541,0.045464877,0.019226326,1.0,0.7900357,0.046305083,8.270545e-32,0.0008602208,0.07631681,1.0,0.0015819006,8.250882e-13,0.00042579303,1.0,0.0019824235,3.0332742e-06,0.0021019902,0.00011787975,3.1538081e-27,0.0034167822
1229,0.27623445,0.05994424,0.51424325,1.2271225e-07,0.5004057,0.0020412684,0.1584589,4.5294777e-19,0.2662358,0.046305083,9.173609e-07,0.0028349333,0.07631681,1.0,0.00056004524,3.4265806e-06,0.00020034023,4.6915346e-14,0.011657234,0.008988639,0.00091526133,5.5507768e-05,1.6544041e-30,0.0016613962
1238,0.09390064,0.9866833,0.9999982,1.7846953e-09,0.011417376,9.833017e-05,3.5368608e-25,0.98858184,1.0,0.07617714,1.1094965e-05,2.181455e-13,0.07631681,1.3175269e-05,0.12099055,3.8003035e-19,0.0005455862,6.605863e-17,0.67413163,3.7664158e-08,3.1472645e-08,0.16661142,1.5113896e-21,0.00044951082
1239,0.17665558,0.05994424,0.012176019,0.03685617,0.44864616,1.7878901e-10,0.1584589,0.3784997,0.2662358,0.046305083,1.02163135e-22,0.04361339,0.07631681,0.0038138868,0.5662474,3.204183e-05,0.00035095782,4.9437544e-16,0.011657234,0.027062848,0.004143602,0.0006574365,1.6544041e-30,4.4039723e-05
1240,1.0,1.0,0.19270965,0.00053362874,0.0026864838,4.582928e-09,2.0147987e-23,9.691956e-05,0.463348,0.11936047,0.9999987,1.4602024e-10,0.14227797,7.1094126e-07,0.01990455,1.0,0.0006765866,1.0,1.0,1.260492e-12,1.9004989e-06,3.8371812e-15,1.8481e-16,6.030289e-05
1241,0.09390064,0.05994424,0.004389714,0.010377888,0.8032354,8.16186e-11,0.1584589,1.0909295e-08,0.38329515,0.046305083,3.006636e-39,0.0001938986,0.07631681,4.5987545e-06,0.3815068,3.118344e-12,0.00016375893,1.4326874e-27,0.011657234,0.00039177522,4.100357e-05,6.341124e-07,2.2606795e-24,0.00075256574
1246,0.3170307,0.10609732,0.0066035986,0.00019350668,0.0045999293,0.99999964,2.0649322e-23,1.0,0.57895446,0.046305083,0.9999999,3.2467584e-17,0.07631681,2.9036742e-06,0.92156005,1.0,0.00047503447,1.0,0.016543515,2.395508e-13,1.0349592e-09,1.0,1.0,2.3217822e-06
1248,0.21586333,0.10609732,0.0061422447,0.026605638,0.0054072975,2.5151508e-15,2.4305705e-23,1.9270652e-15,0.19610511,0.046305083,3.9567762e-14,3.2525497e-12,0.07631681,3.6989293e-06,0.0014324792,1.0,0.0007392601,0.9999999,0.035931535,4.6078683e-11,3.9803196e-09,0.9996039,4.5684225e-13,3.8699287e-07
1249,0.3097621,0.10609732,0.29524323,6.427265e-13,0.0023782935,0.9999999,3.56255e-24,1.0,0.17225842,0.046305083,1.8080292e-19,1.0,0.07631681,1.2684619e-10,0.1407948,1.0,0.0002769019,2.8350263e-07,0.15428965,4.7167436e-08,3.182719e-11,1.0,1.0,8.042936e-09
1252,0.09390064,0.05994424,1.2291862e-07,0.022246614,0.30726984,2.0954926e-06,0.019248234,1.0,0.5355425,0.046305083,1.0,1.0672713e-08,0.07631681,1.5353066e-07,0.007355381,9.06682e-20,0.00049140747,1.0,0.009629485,1.0947659e-10,1.7898308e-11,3.545075e-13,3.289088e-20,8.121597e-14
1256,0.09390064,0.05994424,0.025546297,0.28466412,0.4221894,8.478749e-09,0.42273015,2.3487775e-19,0.2662358,0.046305083,6.06544e-33,0.00078737555,0.07631681,0.015294579,0.00078179623,3.5570718e-08,0.0001898146,5.2104226e-16,0.03779956,0.4685788,0.0001385785,0.84382766,6.0338755e-31,0.001348323
1264,0.9999999,0.05994424,0.036625125,0.00033871987,0.13121574,2.7059598e-06,6.0637044e-06,1.0,0.2662358,0.046305083,1.938365e-25,1.0,0.07631681,3.4500847e-09,0.2974328,0.99742234,0.00092421257,1.0,0.0025632665,8.594354e-12,0.4147542,1.0,1.0,0.18951939
1265,0.36096078,0.10609732,0.010608213,4.758177e-10,0.016242925,1.2428427e-08,3.5368608e-25,0.4887764,0.15257373,0.046305083,1.0398109e-24,2.2515142e-16,0.07631681,2.1231192e-06,0.0032929888,1.0,0.00031613928,1.0318954e-18,0.021866366,9.5596156e-11,4.5995617e-11,1.0,2.419905e-22,0.016675163
1266,0.09390064,0.05994424,3.1000938e-05,0.01352198,0.44864616,8.478749e-09,0.1584589,2.3165598e-13,0.90036964,0.046305083,1.2567805e-16,2.8115642e-07,0.07631681,0.0054805996,0.00081510376,7.7162446e-07,0.00017983206,2.581389e-27,0.03779956,0.14725408,0.0001385785,0.84382766,6.0338755e-31,0.0025105642
1267,0.09390064,0.10609732,0.41384935,1.6282566e-09,0.021500064,0.6817539,3.7992354e-24,1.0,0.10870308,0.046305083,6.390087e-06,4.741765e-12,0.07631681,9.527607e-07,0.004374936,0.00042280823,0.0002572538,0.0020629743,0.021866366,3.787648e-11,3.719633e-08,0.005043186,7.237312e-19,0.00033341447
1274,0.3995753,0.17572631,0.01262901,8.8081675e-09,0.0031282369,1.0,6.771941e-24,0.63050777,0.056746874,0.046305083,2.9963949e-06,5.2856337e-09,0.07631681,2.685663e-05,0.30077142,0.009927046,0.0005395594,2.4597736e-13,0.035931535,2.2170545e-10,6.443792e-15,1.0,6.350486e-12,0.022372492
1276,0.09390064,0.17739674,0.009306838,0.024340969,0.3666133,0.35010326,0.9999988,1.0,0.2662358,0.081119955,1.812127e-38,0.0049222,0.07631681,0.00019840768,0.17313534,0.0016016024,0.0010019172,3.6818597e-21,0.85904545,0.0035273852,3.2521824e-05,0.28068012,6.0338755e-31,0.0024279973
1279,0.4855967,0.10609732,3.7262694e-07,1.0858001e-08,0.0003898935,1.0,3.8986717e-26,1.0,0.054282483,0.046305083,1.0,8.295603e-09,0.23972175,1.2381898e-21,1.0,1.0,0.0007633137,1.0,0.22982709,7.575275e-10,7.399841e-20,1.0,0.8173621,0.09084592
1283,0.09390064,0.10609732,0.031928334,6.14903e-10,0.010827831,9.2004665e-10,4.018907e-23,1.0,0.16640143,0.091239415,9.9335615e-08,3.2325005e-15,1.0,1.0,0.13200599,0.00064609497,0.00020411126,3.006636e-39,0.021866366,1.0035196e-11,3.4104685e-13,0.99414045,4.1985462e-22,5.2020727e-07
1286,0.09390064,0.10609732,0.058333803,6.9651123e-06,0.006477195,0.011558486,2.4575149e-23,0.9999981,0.10870308,0.046305083,0.99553597,1.4088563e-13,0.07631681,1.16010455e-07,0.040612224,0.00044866552,0.00053744053,1.0,0.021866366,1.27400165e-11,4.4499846e-08,1.5554257e-08,1.6548564e-10,8.345109e-06
1290,0.53503454,0.05994424,7.186496e-07,3.095594e-08,0.3666133,0.10501985,0.1584589,0.0007709578,0.68067425,0.046305083,1.6193801e-09,0.004325961,0.07631681,0.015294579,0.0001532146,0.08426679,0.00018132574,1.7918801e-26,0.011657234,0.004475015,0.8723877,0.94958305,2.5549659e-28,0.0025105642
1291,0.5529831,0.05994424,4.2397463e-08,0.007329607,0.00027620397,0.13723888,0.008913667,1.3275936e-36,0.98926395,0.046305083,9.45512e-05,1.0,0.3019916,9.804545e-27,1.9739946e-06,0.00016146264,0.00016375893,3.006636e-39,0.011657234,5.38517e-08,1.9408888e-07,1.0,1.0,0.36713603
1296,0.13582136,0.05994424,7.3830124e-05,0.10962363,0.08145779,0.00024066695,0.025568306,1.0,0.09327209,0.046305083,2.9102328e-12,3.6358648e-05,0.07631681,0.0012164419,3.113747e-05,2.842269e-20,0.00039751333,3.006636e-39,0.024286639,8.7155914e-11,4.3913153e-09,7.898247e-11,2.0281238e-08,0.5591006
1300,1.0,1.0,0.2540746,0.01352198,0.44864616,5.8908535e-07,7.710212e-05,0.017001208,0.9254233,0.07617714,6.714836e-07,4.515994e-08,0.07631681,0.0026892766,0.00045448227,4.345661e-10,0.0023073922,1.2395362e-37,0.10020641,0.45310122,7.471237e-06,0.8040082,1.6346129e-29,8.689738e-13
1301,0.09390064,0.05994424,0.0069688554,0.67639667,0.3666133,0.10501985,0.99903595,1.0,0.2662358,0.046305083,9.141677e-32,0.03432295,0.07631681,0.19634251,0.009713768,0.17076553,0.00026523334,5.602503e-22,0.011657234,0.027062848,0.004143602,0.6875265,6.0338755e-31,0.00068819313
1304,0.09390064,0.05994424,0.002067,0.108983144,0.15951541,2.5037569e-05,0.99997914,1.0,0.2662358,0.046305083,3.7850335e-30,2.3335622e-07,0.07631681,0.010375277,0.06540349,1.9603732e-07,0.00045523432,1.0,0.0025632665,7.1810273e-06,4.1524845e-07,0.99973744,1.8019676e-29,0.07747806
1306,0.13582136,0.05994424,2.957669e-05,0.0015494986,0.18106374,3.5939185e-05,0.9911141,3.006636e-39,0.0055474513,0.046305083,1.0,7.709471e-08,0.09427853,0.00386068,1.18783055e-05,1.0,0.00033480005,1.0,0.0019824235,0.00018119578,3.863438e-05,0.99987376,1.0470191e-09,0.065747745
1307,0.8571468,0.05994424,0.009241396,0.00012614373,0.29588085,1.0,0.0020563675,0.0042310087,0.804723,0.046305083,0.00080549973,0.00013061053,0.2081817,1.7902563e-16,5.0406984e-06,0.96968657,0.00016375893,9.51208e-32,0.011657234,0.04290338,1.2133785e-05,1.0,6.0338755e-31,0.0650207
1308,0.13582136,0.05994424,0.013258938,0.0087491255,0.089411706,1.7752841e-09,7.413287e-06,7.5090485e-09,0.0069186734,0.046305083,1.0,1.6057976e-09,0.09646739,6.2153194e-06,0.013911344,3.2613582e-16,0.00054532156,3.006636e-39,0.0016283505,9.691073e-09,5.032485e-06,2.3799636e-21,2.0281238e-08,0.09457702
1312,0.595682,0.05994424,1.4178751e-07,0.053845517,0.15951541,1.0,0.02285768,1.0,0.13688383,0.046305083,1.0,7.604981e-05,0.07631681,4.6330106e-06,4.43217e-08,1.6486397e-06,0.005099356,1.4209469e-20,0.0064144097,9.062673e-08,0.007146222,1.0,4.761755e-21,5.0095633e-08
1316,0.09390064,0.05994424,6.644895e-07,0.00076736184,0.44814932,0.0009330075,0.017761031,1.0,0.4335194,0.046305083,2.6630926e-38,4.5422002e-13,0.07631681,7.3496113e-07,0.008181578,1.3350476e-08,0.0003215101,0.9999994,0.0025632665,6.0900564e-12,9.1699606e-11,1.1806408e-23,2.4005309e-31,2.813809e-06
1324,0.09390064,0.32243612,0.9376256,0.07411177,0.15951541,1.0,0.02285768,1.0,0.82051015,0.57735074,1.0,0.02212218,0.1749142,3.7478387e-07,5.9602814e-07,5.7226952e-08,0.00026754072,1.0,0.012423,0.029641295,0.6557515,0.55003846,1.1928283e-29,4.0327703e-14
1325,1.0,1.0,0.91448087,0.0031639377,0.0023230563,0.96419674,8.2089755e-08,1.4304059e-18,0.99716187,1.0,1.0,0.001134263,0.43704325,2.8657234e-25,0.0010912301,0.00026779363,0.00016375893,1.0,0.0019824235,0.8079648,1.5629609e-09,0.5867751,6.0338755e-31,0.0018226444
1331,0.8724819,0.05994424,0.003224761,0.42868266,0.79669374,0.017903337,0.9286886,1.0,0.0046493006,0.046305083,1.0,0.010513082,0.1839583,1.1829858e-22,2.5164871e-07,0.00042898822,0.00025812796,2.1487143e-30,0.011657234,0.9795305,2.1755011e-09,1.0,1.2460261e-11,0.046043076
1333,0.09390064,0.05994424,0.0013252724,0.00468108,0.40084127,0.21117531,1.5080346e-05,1.0,0.87709075,0.046305083,5.6928353e-22,2.211393e-08,0.16950274,9.342292e-07,0.018403498,1.4467563e-06,0.00070544623,2.130644e-37,0.0054030083,0.00019288038,3.2791697e-10,6.917666e-11,8.414572e-26,0.0037835126
1341,0.09390064,0.23985733,0.5480331,0.0034459583,0.44864616,1.2918654e-17,0.1584589,1.510354e-11,0.96721196,0.53673637,6.06544e-33,2.0898542e-05,0.1749142,0.0054249465,0.038420714,1.2950637e-08,0.00021352932,6.069354e-17,0.011657234,0.97731096,0.004143602,0.6875265,6.0338755e-31,0.02074677
1342,0.09390064,0.05994424,0.01258079,0.17037837,0.23957808,0.00094586506,0.02285768,1.0,0.2662358,0.046305083,3.006636e-39,2.5514525e-11,0.07631681,0.0021268963,9.78522e-05,2.409987e-19,0.00036070796,0.9999908,0.0025632665,6.449163e-12,8.811044e-08,6.3737605e-07,4.364887e-27,0.01134024
1343,1.0,1.0,0.025007643,5.633115e-11,0.011417376,0.035898365,3.5368608e-25,1.0,0.10870308,0.046305083,1.289325e-17,2.9910302e-10,0.07631681,1.2379262e-06,0.032380573,0.28746408,0.00027540012,1.9956393e-10,1.0,3.158123e-09,1.0,1.0,6.190209e-20,0.9570122
1348,0.09390064,0.17391187,0.56968164,0.011774668,0.44864616,1.0,0.018350748,1.3333402e-19,0.7911029,0.56878096,5.216748e-05,7.8598094e-07,0.1749142,0.0010898531,8.723986e-06,0.008859174,0.00036158625,0.10243232,0.53463566,0.08140943,0.00042097006,1.0,2.4422514e-32,6.579184e-07
1353,0.13582136,0.05994424,6.909765e-05,8.6128435e-05,0.08145779,1.0,0.017410161,0.63585037,0.012407742,0.046305083,1.0,3.033312e-08,0.07631681,1.606069e-05,8.040928e-06,2.3644763e-13,0.0053582313,1.0,0.004965229,4.969024e-08,6.393616e-06,0.9999974,1.2042925e-11,0.9999509
1356,1.0,0.10609732,0.018018581,2.0861857e-09,0.013009673,6.4305625e-13,3.137432e-25,0.1263442,0.5965226,0.046305083,1.666273e-05,3.3852997e-11,0.73504114,9.2944384e-07,0.5535496,1.0,0.00072109327,1.0,0.0856132,1.45856145e-08,1.9557645e-13,1.0,0.9826674,1.7320292e-05
1365,0.09390064,0.05994424,0.07888984,0.0037279553,0.44864616,0.10501985,0.1584589,1.0,0.7936996,0.046305083,3.006636e-39,8.483227e-06,0.07631681,0.0006947559,0.00046551717,0.00018481363,0.00018258409,2.1617011e-14,0.011657234,0.028910788,4.918166e-11,0.6875265,6.0338755e-31,8.226032e-06
1367,0.09390064,0.05994424,0.15759654,0.18669796,0.451603,7.1740324e-06,0.09830792,2.5419785e-20,0.7390598,0.046305083,3.006636e-39,0.0009412595,0.07631681,3.326117e-05,0.020246636,2.0222586e-17,0.0005723927,3.1820976e-20,0.054583166,8.75156e-06,1.0,6.766182e-09,7.707709e-30,2.2096715e-13
1376,0.09390064,0.05994424,0.029014962,0.010117256,0.44864616,0.10501985,0.9995983,0.3784997,0.2662358,0.046305083,9.141677e-32,0.0080826925,0.07631681,0.15808047,0.15099308,0.0013869064,0.00025897025,4.3978808e-08,0.011657234,0.11612176,0.00013696893,0.6875265,6.0338755e-31,0.0025105642
1377,1.0,1.0,0.019635085,0.051684014,0.31678307,0.00089796114,0.02285768,1.0,0.48325115,0.1314709,3.006636e-39,0.0021039026,0.07631681,0.0062606544,4.053736e-05,5.1852866e-10,0.00026776118,9.739595e-22,1.0,8.3671154e-08,0.0015613084,0.9877236,1.2709429e-27,0.0020509926
1378,0.99901354,0.05994424,0.01988211,0.01352198,0.019742563,1.0,0.1584589,0.9849443,0.21602221,0.046305083,0.0018088847,1.0,0.07631681,9.629618e-10,0.00013420844,1.0,0.00025249517,3.420391e-31,0.054583166,0.06447137,4.415267e-05,6.2069574e-07,1.0,2.1181616e-09
1380,0.6887105,0.95011604,0.009397699,2.5888728e-05,0.00036786878,1.0,1.7719799e-23,1.0,0.1579332,1.0,0.9999889,1.8318271e-08,0.61926085,1.3405129e-23,0.01819399,1.0,0.00040013477,1.0,1.0,4.0157016e-13,1.0,1.0,0.9997197,5.4592296e-05
1381,0.17583634,0.05994424,0.00012466645,3.3663408e-09,0.26848677,0.9996482,0.019863704,0.9912042,0.005941072,0.046305083,0.1547148,1.1035216e-12,0.07631681,7.4202617e-06,0.5639081,0.00013704353,0.00016375893,1.0,0.0019824235,1.7425982e-09,8.9546696e-11,5.2376625e-24,8.210917e-12,0.99999726
1382,0.13582136,0.05994424,0.001390211,0.9307871,0.2478777,2.0752577e-07,1.1544637e-07,2.8393332e-12,0.019482847,0.046305083,1.0,2.5235985e-15,0.09646739,0.00018691635,0.0006863255,6.3532706e-20,0.00036643128,1.0,0.0019824235,7.543202e-08,1.2682741e-12,2.7799282e-18,3.106166e-10,0.001629008
1386,0.9999893,0.10609732,0.005412798,0.029108876,0.0026864838,0.7314022,2.4042433e-23,1.0,0.059073094,0.046305083,3.56946e-13,9.3693664e-08,0.07631681,1.2414574e-05,0.04773841,0.755095,0.00029932798,0.012952889,0.035931535,4.3399634e-13,1.3441737e-09,0.21885233,4.161792e-14,0.0001618534
1387,0.09390064,0.05994424,0.00099287,0.005348824,0.54337305,1.0,7.655132e-06,1.0,0.34321278,0.046305083,1.0,2.0079735e-08,0.07631681,0.0013112712,2.039362e-05,0.7220981,0.00047417192,3.0753715e-09,0.011657234,1.4980345e-07,4.688657e-09,0.96345896,2.4422514e-32,1.4796707e-10
1388,0.09390064,0.05994424,0.007604944,0.099762246,0.44864616,8.16186e-11,7.710212e-05,0.015194199,0.53353196,0.046305083,3.006636e-39,7.1460704e-06,0.07631681,6.9826274e-05,0.52581084,1.5201653e-08,0.00016375893,4.4446615e-36,0.011657234,6.441501e-06,6.288175e-11,3.4507984e-06,6.0338755e-31,0.022073666
1389,0.17583634,0.10609732,6.5674826e-06,1.9919733e-10,0.00360455,0.0006787265,3.56255e-24,3.006636e-39,0.066007785,0.046305083,0.99999726,2.5376444e-15,0.5330741,5.189447e-07,0.01459234,1.0,0.0067613013,1.816489e-21,0.21439129,6.460536e-13,1.4853958e-19,1.0,0.00032745439,1.0
1390,0.09390064,0.05994424,0.0146212885,0.01352198,0.66333956,0.10501985,0.0031138612,1.8198812e-09,0.3350658,0.046305083,3.006636e-39,0.0001938986,0.07631681,1.7254166e-05,0.023968281,0.0013869064,0.0002096101,2.3009756e-09,0.011657234,0.027062848,4.2511766e-07,0.72955346,2.2606795e-24,0.015598644
1394,1.0,0.10609732,0.019784827,0.0006765746,0.0016151352,1.0,7.9307765e-23,4.5541446e-21,0.059073094,0.046305083,0.9999931,1.2816696e-18,0.07631681,1.201965e-08,0.0010496206,1.0,0.0061561246,1.0,0.35230982,1.6754031e-12,2.7017557e-12,1.0,1.0,1.6866382e-08
1401,0.09390064,0.05994424,0.015347215,0.65175873,0.57353324,9.489198e-12,0.99946064,0.9998889,0.2662358,0.046305083,3.006636e-39,0.00015014489,0.07631681,0.00017824801,0.00052674586,9.089868e-16,0.0004943595,9.828658e-20,0.011657234,0.0008628745,1.0,1.0282666e-14,6.0338755e-31,0.00053724385
1403,0.09390064,0.10609732,7.82338e-05,1.7432689e-10,0.01308489,1.7874057e-14,1.2861772e-23,7.297904e-37,0.30412686,0.046305083,1.0,2.3329111e-18,0.07631681,2.920927e-08,0.01823364,2.2391086e-19,0.00034029043,1.0,0.09006251,5.2736494e-13,2.4789715e-06,1.5300425e-10,5.55741e-18,7.591509e-07
1409,0.09390064,0.05994424,0.012176019,0.01352198,0.5004057,0.10501985,0.1584589,1.0,0.52219325,0.07617714,2.6513628e-32,8.6371474e-05,0.07631681,0.00293094,0.00067779666,2.0773597e-05,0.00018258409,2.3009756e-09,0.04244934,0.00020902314,1.0,5.5507768e-05,6.0338755e-31,0.0025105642
1428,0.09390064,0.05994424,8.367081e-07,0.8473585,0.78374803,0.10501985,0.016312161,5.798965e-14,0.14585476,0.046305083,2.663535e-19,6.3977124e-10,0.13686801,2.8704612e-06,5.7439607e-05,3.6094537e-14,0.00042579303,4.1147714e-11,0.011657234,5.8457045e-11,7.1644184e-09,4.4345813e-15,2.2606795e-24,0.00032553883
1431,0.09390064,0.05994424,0.018806688,0.01762634,0.44864616,1.7878901e-10,0.1584589,1.0,0.2662358,0.046305083,5.3801694e-38,6.9739053e-07,0.07631681,0.9382501,0.015123156,0.0013869064,0.00016375893,2.3009756e-09,0.011657234,0.003664032,2.4441045e-11,2.467965e-06,6.0338755e-31,0.0056344178
1435,0.81652534,0.05994424,5.3805803e-07,0.003005493,0.00048956915,0.99893564,0.016948503,1.0,0.0042371973,0.046305083,0.2853388,6.0750676e-07,0.8209437,5.9539366e-25,8.290472e-05,1.0,0.00023251318,1.0,0.008123963,4.572934e-06,3.7530274e-08,1.0,1.0560753e-19,0.9985359
1439,0.2455108,0.23155656,2.2381825e-07,2.4626656e-06,0.40641952,0.022962378,0.1584589,0.9999198,0.0069186734,0.046305083,1.0,0.00780949,0.07631681,9.629514e-07,3.2477223e-05,9.101473e-06,0.00038823002,4.942538e-27,0.011657234,2.480069e-05,1.3152322e-08,0.24586698,3.106166e-10,0.056356262
1440,0.1864636,0.05994424,0.013299098,0.0003554168,0.5325163,0.21117531,1.5080346e-05,3.403874e-05,0.2662358,0.046305083,2.1435734e-37,7.6621316e-13,0.07631681,0.00011211537,9.771382e-05,2.025913e-11,0.00019444495,6.040362e-11,0.011657234,5.367946e-10,2.5397889e-05,4.2497776e-12,2.2458944e-32,0.0059328014
1442,0.9930334,0.9776604,0.00079018634,9.051769e-09,0.38367376,5.508722e-16,3.4334443e-27,0.9985176,0.52902627,0.081119955,1.1164993e-09,1.0,0.7535424,2.187648e-27,0.24446727,1.0,0.0055247834,6.5773337e-10,1.0,9.483576e-11,6.4552125e-21,1.0,1.0,0.00013990597
1447,0.09390064,0.05994424,0.012176019,0.01352198,0.44864616,5.656193e-09,0.1584589,0.3784997,0.2662358,0.046305083,9.141677e-32,0.0021039026,0.07631681,0.015294579,0.0020286255,0.0013869064,0.00016375893,4.6915346e-14,0.011657234,0.027062848,0.004143602,0.28068012,6.0338755e-31,4.4935365e-05
1449,0.09390064,0.05994424,0.032390438,0.00078806875,0.23153706,0.060274225,0.018350748,1.0,0.0060911328,0.046305083,0.34397918,1.8379752e-13,0.07631681,0.0003267957,3.5387453e-05,1.0,0.00022095728,0.8233077,0.011657234,8.250392e-10,0.00082742295,0.00066900963,2.4422514e-32,0.9972179
1455,0.09390064,0.05994424,0.023563134,0.05023206,0.037699096,0.00094586506,1.0,1.0,0.157382,0.046305083,1.0292076e-38,1.0,0.07631681,0.0002561043,0.0021011063,4.9173387e-08,0.07654155,7.839672e-10,0.0025632665,0.00035191604,0.011975105,0.63662124,1.0,0.9451109
1460,0.09390064,0.05994424,0.080836385,0.003152789,0.5004057,0.10501985,0.00010692742,5.976449e-15,0.71087307,0.046305083,3.6704148e-22,3.183575e-05,0.07631681,0.1868179,0.0010184327,2.2140224e-08,0.00020639747,1.8384638e-08,0.011657234,0.012771813,3.2190677e-05,6.901581e-09,6.0338755e-31,0.107216425
1461,0.13777927,0.05994424,0.855684,0.045236945,0.7315809,0.10501985,0.1584589,1.0,0.9890075,0.046305083,3.006636e-39,5.0016144e-14,0.07631681,0.00065344706,0.99648166,7.5447155e-11,0.00016375893,0.0015080939,0.011657234,1.9499501e-07,1.4643872e-12,1.3677587e-11,6.0338755e-31,0.05650105
1466,0.09390064,0.10609732,0.030046828,1.4807755e-09,0.013139184,0.022277428,3.56255e-24,1.0,0.10870308,0.046305083,0.3565067,8.3364967e-16,0.07631681,1.3151794e-05,0.030546727,1.0,0.00028682346,8.180928e-32,0.021866366,1.0338711e-11,5.2822395e-12,0.9245534,8.61029e-15,0.00015799089
1474,0.09390064,0.05994424,0.00018911995,7.1480627e-10,0.44864616,0.049302895,0.0002818373,1.0,0.2662358,0.046305083,0.6669031,1.0640075e-05,0.07631681,0.001976262,0.12019382,3.915402e-05,0.00024005189,1.0,0.0019824235,0.8878125,0.0011314944,0.7749047,6.0338755e-31,0.011699121
1478,0.09390064,0.05994424,0.011907266,0.13155435,0.15951541,0.055186775,0.019226326,1.0,0.9987024,1.0,4.611803e-13,3.6379457e-05,0.07631681,0.017571706,0.22298686,3.4273498e-10,0.00019582067,1.0,0.0019824235,3.432574e-08,0.5832158,1.842134e-06,4.364887e-27,1.684574e-08
1481,0.17665558,0.05994424,6.9576768e-06,0.0015005106,0.09990425,0.9999976,0.044059586,1.0,0.9716384,0.046305083,1.0,0.0021039026,0.07631681,4.4861292e-05,0.85555106,5.8409585e-18,0.00088728615,1.0,0.05910861,2.9361937e-07,1.9413073e-07,1.0,1.0491686e-27,4.782941e-07
1484,0.13777927,0.17391187,0.697761,0.27213654,0.1438104,1.0,0.1584589,1.0,0.4144731,0.59898204,0.00909007,1.0,0.29854968,6.394068e-09,5.9267346e-05,0.044492144,0.00016375893,5.0532617e-10,0.011657234,0.027062848,0.004143602,0.79931587,1.0,0.0014851063
1492,0.11815516,0.96057516,0.5576108,3.789316e-08,0.011417376,4.1396408e-14,3.137432e-25,1.0,0.5483764,0.081119955,3.3578036e-14,3.7388062e-10,0.38598981,1.2925706e-07,0.02217455,1.08717444e-07,0.00048464764,1.6904572e-20,1.0,5.104e-10,9.3009495e-10,1.0,3.7916712e-20,0.00016437232
1495,0.09390064,0.05994424,0.00040949878,9.24704e-09,0.7069432,0.107623495,1.3767217e-07,1.5646357e-06,0.9984388,0.046305083,1.0,2.645371e-14,0.12036289,2.323235e-06,0.6301725,0.9973333,0.00018132574,1.0,0.0019824235,1.64868e-08,2.87923e-05,0.00021500906,2.2606795e-24,5.8188207e-06
1497,0.22645177,0.05994424,0.0064270217,0.18883246,0.18106374,0.011594509,0.1584589,1.0,0.02501382,0.046305083,0.9977635,0.0009221173,0.09646739,0.00013821374,1.6764378e-06,0.0053309253,0.00018241738,5.3854543e-09,0.011657234,0.61888516,2.9992798e-06,1.09292805e-05,1.7302781e-16,0.017077984
1500,0.09390064,0.05994424,0.0058805165,0.15959646,0.15951541,0.00094586506,0.02285768,1.0,0.2662358,0.046305083,1.2005658e-37,0.0021039026,0.07631681,0.031478353,0.001063755,1.7022568e-09,0.00019582067,3.8809067e-09,0.0025632665,4.3214436e-07,0.009002701,0.23095778,4.364887e-27,1.7170223e-05
1517,0.28566438,0.10609732,0.00076008734,0.009202793,0.0027850592,3.1485096e-18,2.351857e-23,1.0,0.24263898,0.046305083,0.84181887,7.068771e-11,0.07631681,1.584925e-07,0.023017226,0.9985606,0.0003609985,1.0,0.03261185,1.080829e-11,1.0,0.99344134,2.0895816e-10,1.4086272e-05
1519,0.13582136,0.05994424,0.054173216,0.20440242,0.30563197,3.34376e-07,0.42576036,1.0,0.010141454,0.046305083,7.4833176e-15,0.0010312716,0.07631681,0.00063375814,0.00013958868,2.9523888e-12,0.00016375893,3.0297934e-10,0.011657234,0.10180344,0.0012164308,1.0,1.7302781e-16,0.2699041
1521,0.5900513,0.10609732,4.587965e-06,7.0846345e-10,0.0006755647,1.0,3.8986717e-26,6.0177334e-14,0.05422198,0.046305083,1.0,2.7883965e-08,0.1839583,1.8926858e-22,0.0036050808,1.0,0.00025166286,8.390201e-36,0.035931535,3.0353173e-10,4.212943e-12,0.9999999,4.164765e-20,0.001743197
1524,0.99385417,0.25866163,0.040748026,0.00016630624,0.02732725,1.0,3.5368608e-25,1.0,0.96655554,0.7540616,1.0,2.9208399e-18,0.07631681,1.892176e-08,0.00075026177,1.0,0.0008419541,1.0,0.016543515,1.34883875e-11,3.3487552e-13,1.0,4.4801165e-15,0.0007185058
1525,1.0,0.05994424,0.004389714,0.01352198,0.44864616,0.05084429,0.1584589,9.419686e-11,0.35560143,0.046305083,3.006636e-39,0.0021039026,0.07631681,0.0005878659,0.0023102697,1.5201653e-08,0.00016375893,1.3933822e-22,0.011657234,0.18513155,0.0006738337,4.230746e-06,6.0338755e-31,0.00014129747
1528,0.09390064,0.05994424,0.7098485,0.031404004,0.44864616,0.04803421,0.1584589,1.0,0.6522179,0.046305083,3.006636e-39,0.000100406476,0.24536146,0.0055447407,1.4351991e-05,0.00018481363,0.00048703657,2.1617011e-14,1.0,0.63348895,3.4408806e-11,0.6875265,4.762982e-32,0.0017852111
1529,0.84061253,0.05994424,0.00014231267,0.0034578305,0.3817535,1.0,0.0002217335,1.0,0.18593839,0.046305083,1.0,4.6468917e-06,0.2081817,6.535101e-26,0.00018211552,0.9999982,0.00028062615,1.0,0.0019824235,0.20109251,0.033446312,1.0,6.0338755e-31,2.0992064e-05
1531,0.59451705,0.05994424,0.00011360297,1.811018e-06,0.0011734331,1.0,3.8986717e-26,1.0,0.017259333,0.046305083,1.0,1.6424175e-09,0.27702555,3.2459203e-22,0.017141245,1.0,0.00020411126,1.0,0.010751267,1.476623e-10,1.799494e-22,1.0,0.99971217,0.0004577739
1537,0.09390064,0.05994424,0.04389949,0.9911273,0.1438104,0.9749175,0.1584589,0.47838423,0.33540437,0.046305083,1.3404479e-36,1.0,0.07631681,9.882384e-06,0.010381846,3.132669e-06,0.00020689992,0.99998486,0.0016283505,0.007677491,0.4730969,0.4519825,1.0,0.81812084
1540,0.73955035,0.05994424,0.015651941,0.059230283,0.7594485,0.00047325622,0.1584589,1.0,0.8789123,0.046305083,5.061742e-32,5.8264304e-13,0.07631681,0.03853864,0.92604965,2.9211786e-11,0.0004818899,0.9999927,0.011657234,3.0779438e-07,3.376545e-07,1.9041696e-24,2.4422514e-32,0.0009414312
1542,0.3995753,0.17572631,0.018850636,1.1619997e-08,0.0031282369,5.5142726e-05,3.4481354e-25,0.9308651,0.3838739,0.046305083,1.3565207e-07,9.498515e-10,0.38424185,2.419308e-12,0.39599493,1.0370725e-07,0.004491933,2.59419e-29,0.079981185,1.341377e-09,1.0,1.0,1.2991794e-05,1.4394277e-05
1548,0.09390064,0.05994424,0.0040394412,0.010176975,0.20573747,7.750769e-12,0.022883628,0.9999546,0.2662358,0.046305083,3.006636e-39,3.585392e-07,0.07631681,0.006150511,9.503182e-05,8.978004e-13,0.00019582067,0.629765,0.0016283505,7.267773e-11,0.002063852,3.006636e-39,4.364887e-27,0.00013337651
1549,0.9992716,0.05994424,0.012036976,0.12961672,0.44864616,1.0,0.1584589,1.0,0.2662358,0.046305083,1.7113165e-06,3.7484148e-11,0.07631681,0.00034856788,1.1822172e-05,1.1848817e-12,0.00054321956,4.6151906e-13,0.011657234,0.008892628,0.03475428,1.0,2.4422514e-32,1.1868366e-07
1552,0.82403517,0.10276631,0.14675258,0.048729286,0.0073459554,1.9868988e-07,7.431328e-08,0.9999124,0.31204644,0.07617714,7.1820136e-06,1.4596803e-08,0.62669176,2.5354736e-25,0.0001613463,0.79812956,0.00031949344,1.0,0.3200019,0.013577085,1.0,1.0,6.0338755e-31,0.000106509986
1555,0.4333966,0.05994424,0.03391253,0.01352198,0.00010068788,1.0,0.0020563675,0.99944025,0.0042371973,0.046305083,0.99999857,0.0021039026,0.1839583,3.356256e-24,1.5983782e-06,1.0,0.00016375893,3.006636e-39,0.03779956,0.027062848,0.0001385785,1.0,6.0338755e-31,0.037799396
1556,0.09390064,0.10609732,0.005231975,4.92612e-10,0.011417376,0.99999964,5.7776556e-22,7.671426e-22,0.10870308,0.046305083,5.475901e-20,4.3996629e-10,0.13686801,5.2591736e-07,0.04473582,1.0,0.0003618775,0.011566711,0.035931535,2.0703408e-10,2.9836134e-09,1.0,1.120306e-22,2.0763478e-06
1560,0.09390064,0.05994424,0.16022713,0.01352198,0.44864616,0.10501985,0.1584589,0.3784997,0.2662358,0.07617714,9.141677e-32,0.0021039026,0.07631681,0.026147138,0.0020286255,0.0013869064,0.00016375893,4.113824e-10,0.04244934,0.027062848,0.004143602,0.28068012,6.0338755e-31,4.5309207e-05
1571,0.17665558,0.05994424,0.0028954202,0.083654724,0.3666133,0.0034634974,0.018350748,0.9821082,0.2662358,0.046305083,1.341313e-20,2.3469039e-07,0.07631681,0.014090636,6.510834e-05,1.25127755e-11,0.0006859383,1.0,0.2564673,3.9152565e-05,0.7429589,0.9976634,2.4422514e-32,2.1667478e-05
1577,1.0,0.95011604,6.249677e-05,0.00039807247,0.042030286,0.99938405,1.8606282e-23,1.8893089e-38,0.054282483,0.19923908,1.0,1.02274925e-13,1.0,2.1893545e-24,0.02375153,1.0,0.0003618775,0.00306446,1.0,1.4698166e-11,5.6982475e-14,0.99675983,2.7734817e-15,8.0209065e-05
1581,0.99427336,0.17572631,1.694975e-06,4.357067e-09,0.0029782336,1.258053e-14,3.8986717e-26,1.0,0.05422198,0.07617714,1.0,2.7883965e-08,0.1839583,3.4263565e-25,0.07539899,1.0,0.004491933,2.402303e-09,0.2603059,5.248343e-09,7.5344315e-19,1.0,8.4887023e-07,1.9709473e-06
1585,0.09390064,0.10609732,0.008260992,0.00011459129,0.0022097803,1.3078331e-15,7.631755e-23,1.0,0.14479572,0.046305083,3.463559e-14,6.2099653e-10,0.07631681,4.595772e-07,0.013678163,3.592064e-14,0.00053797866,9.120006e-18,0.035931535,3.090754e-13,5.813429e-14,0.2162326,1.4987298e-10,3.3094722e-07
1588,0.11815516,0.10609732,0.09804081,0.008276266,0.011417376,1.0,3.56255e-24,1.0511492e-24,0.10870308,0.046305083,8.8956056e-13,7.177969e-07,0.07631681,4.4183707e-07,0.017805357,1.0,0.0003878895,1.0,0.035931535,4.936156e-10,1.0,1.0,3.3690682e-18,0.006402872
1589,1.0,1.0,0.70963174,0.087141156,0.44864616,1.7878901e-10,0.1584589,1.0,0.2662358,0.046305083,9.421479e-38,0.0004980222,0.07631681,0.008280387,0.32585588,1.915538e-21,0.00020639747,1.1908527e-18,0.011657234,0.13579583,0.6528458,1.7450374e-06,2.2606795e-24,0.0012588947
1591,0.13582136,0.10609732,0.0022312913,1.1188539e-11,0.0028734829,1.0,3.56255e-24,3.006636e-39,0.4643998,0.046305083,0.30907682,8.67543e-13,0.07631681,1.2006458e-07,0.115540266,0.9999988,0.0006288256,1.0,0.035931535,4.398401e-07,3.161776e-16,0.99979776,1.3336486e-05,9.253251e-07
1604,0.17665558,0.32243612,0.99924016,0.0434929,0.44864616,0.62635154,0.1584589,0.06607071,0.8205771,0.68721974,1.0941397e-25,0.0051672948,0.34121248,0.0006513865,0.0030734611,0.0026694757,0.0003506254,5.0532617e-10,0.011657234,0.07997006,0.0009859322,0.9862584,6.0338755e-31,0.9975466
1605,0.99997246,0.05994424,0.10963484,0.8126283,0.17339954,0.00094586506,0.031422865,1.0,0.2662358,0.046305083,5.963307e-38,0.007106609,0.07631681,0.057895355,0.0009785412,2.5951687e-11,0.00022697668,9.6337335e-06,0.0025632665,1.8203914e-07,7.842435e-05,0.9973309,4.364887e-27,0.00032566924
1607,0.09390064,0.05994424,0.00744029,0.99990726,0.37528476,1.0985403e-06,0.42576036,0.95866036,0.2662358,0.046305083,3.8839644e-32,0.0165154,0.07631681,0.10269063,0.0010190362,7.3297116e-07,0.0001898146,5.753923e-11,0.011657234,0.07627166,0.06692683,0.68009627,6.0338755e-31,0.001348323
1619,0.09390064,0.37634742,0.880907,2.3650804e-10,0.011417376,0.011593831,3.56255e-24,1.0,0.39045504,0.4871229,4.3213843e-18,2.7883965e-08,0.1749142,7.4903255e-07,0.19589983,1.4713773e-05,0.00020411126,3.2783169e-07,0.4764953,5.7245044e-09,2.8378465e-14,6.1343197e-09,1.5293768e-18,0.00026134873
1622,0.09390064,0.05994424,0.035704758,0.00079206796,0.7357273,0.0037705598,0.018350748,1.0,0.34321278,0.046305083,4.4959114e-33,1.3365901e-10,0.07631681,0.004134001,0.0034795566,3.8273143e-22,0.00022095728,1.0,0.011657234,3.7271217e-10,0.0035625226,3.7760442e-10,2.4422514e-32,0.0003929572
1625,0.09390064,0.05994424,0.41743183,0.060402635,0.037699096,0.5197099,1.0732487e-05,1.0,0.5353894,0.046305083,6.9280765e-28,1.0,0.07631681,1.2568664e-07,0.039855488,2.0311362e-11,0.0003424403,6.9358747e-10,0.012423,9.367347e-08,7.790527e-06,0.06211815,1.0,7.021569e-10
1627,0.13582136,0.05994424,0.0033413775,0.035939794,0.16218992,7.421454e-05,7.710212e-05,1.9590773e-38,0.008717893,0.046305083,7.316375e-10,1.651162e-07,0.16950274,4.8218607e-07,0.00034860524,1.0,0.00043637143,1.3988374e-27,0.011657234,0.00021930106,1.0473077e-07,0.9999889,4.81065e-13,0.05518249
1628,0.09390064,0.05994424,3.501577e-05,0.40747428,0.15951541,3.6462142e-23,0.015804954,5.5734024e-12,0.2662358,0.046305083,1.0,6.8557946e-12,0.07631681,4.8219666e-05,0.004392218,3.7718334e-07,0.00045266395,1.0,0.0025632665,1.1266262e-09,2.1098039e-12,1.0,4.364887e-27,1.5049657e-05
1629,0.09390064,0.05994424,4.88256e-05,0.8321733,0.15951541,3.8218198e-07,0.32658875,1.0,0.42129767,0.046305083,0.99999416,0.0039313403,0.07631681,0.0007732317,0.55655813,2.599421e-21,0.0005496232,1.0,0.0019824235,1.3793319e-06,0.0022476427,0.0026759848,3.5142994e-29,4.0040737e-05
1633,1.0,0.05994424,2.7250744e-07,0.014161758,0.3224155,1.8068464e-08,0.00018143833,0.0315174,0.023298986,0.046305083,1.0,5.4360403e-14,0.80642766,7.3493216e-26,7.6046085e-09,4.4049254e-11,0.00036185127,3.019796e-17,0.011657234,2.3648533e-11,3.921341e-12,1.0,1.7302781e-16,0.0035782398
1635,0.09390064,0.99664503,0.9999316,0.017615508,0.44864616,0.07373225,0.019863704,0.22434117,1.0,0.78464675,5.308871e-17,1.2493257e-07,0.3436948,0.0005758448,0.72617537,8.139327e-09,0.00016375893,1.0,1.0,0.027062848,1.7903573e-10,2.5151884e-08,6.0338755e-31,0.00041747713
1636,0.09390064,0.05994424,0.012315579,0.9999981,0.6918038,6.86832e-07,0.055971883,0.038057327,0.543606,0.07617714,6.818688e-36,0.03240996,0.07631681,1.0,1.0,1.4302993e-06,0.00016375893,6.191948e-15,0.04244934,0.003592462,0.00034835874,0.46482736,9.509912e-30,7.1306524e-05
1638,0.13582136,0.10609732,0.13676722,4.0710765e-05,0.002106144,2.5785197e-31,8.854612e-23,1.0,0.4513247,0.046305083,1.283821e-13,1.039155e-12,0.07631681,9.2536856e-10,0.031339873,1.0,0.0010284303,1.0,0.6213137,1.2224218e-12,2.661932e-10,0.002763222,1.0,2.0890455e-05
1639,0.5529831,0.05994424,0.004943515,0.030774172,0.003669016,0.0046697455,0.019856937,1.0,0.5649862,0.046305083,5.6080997e-24,7.8598094e-07,0.1839583,2.9824216e-22,5.279014e-06,1.873701e-09,0.00031315367,1.6755467e-16,0.0025632665,2.129627e-08,0.00071709015,0.99970835,5.144188e-29,0.011809498
1640,1.0,1.0,0.14476785,0.01352198,0.44864616,0.10501985,0.1584589,0.07912487,0.99859744,0.53673637,3.006636e-39,2.2984383e-05,0.1749142,0.015294579,0.04875175,0.0013869064,0.00016375893,2.7168267e-14,0.011657234,0.027062848,0.0014341773,0.6875265,6.0338755e-31,0.030217437
1645,1.0,0.05994424,0.024301665,0.01352198,0.44864616,0.10501985,0.016312161,0.99642,0.37259588,0.046305083,5.120443e-35,0.0003914773,0.13686801,1.9182551e-05,0.006130043,0.00044425923,0.000180527,4.9437544e-16,0.011657234,0.03627021,1.0,0.6875265,6.0338755e-31,0.003690026
1646,0.09390064,0.05994424,0.012176019,0.087141156,0.44864616,8.478749e-09,0.1584589,0.22649832,0.2662358,1.0,1.2906002e-31,0.00023215343,0.07631681,0.003798739,0.027386256,6.200547e-13,0.00022665448,1.5078355e-22,0.011657234,0.5127781,0.026876178,1.6701648e-06,6.0338755e-31,0.0025105642
1648,1.0,1.0,0.009293082,0.01352198,0.44864616,0.50489956,0.1584589,5.6767167e-13,0.2662358,0.046305083,2.8760682e-28,0.00081993407,0.07631681,0.97461206,1.0,0.0013869064,0.00036149906,8.557726e-24,0.10295808,0.002757335,0.00049473316,0.29944503,4.762982e-32,0.99100894
1651,1.0,1.0,2.0693112e-07,3.0327914e-08,0.00015890265,1.0,4.018907e-23,1.0,0.050610077,0.046305083,1.0,5.1414394e-11,0.2081817,1.0173184e-22,0.0009300963,1.0,0.00020411126,1.0,0.035931535,8.966534e-10,1.0,1.0,1.0,1.9266313e-06
1653,0.45804477,0.10609732,0.3674519,3.2841598e-09,0.011417376,0.9618279,3.56255e-24,1.0,0.5064816,0.046305083,2.9168343e-31,6.8695385e-08,0.16950274,1.4835545e-06,0.0046002506,1.0,0.00048722533,9.310852e-18,0.26524475,2.6069924e-10,1.0,1.0,5.2703024e-20,0.2547032
1663,0.09390064,0.05994424,0.015171029,0.0006128022,0.56737256,8.5029844e-11,0.09830792,1.0,0.2662358,0.046305083,3.006636e-39,1.1654122e-10,0.07631681,0.0005590626,0.008048573,1.275388e-14,0.00022813444,1.0,0.011657234,8.481507e-11,4.3845107e-06,0.06372219,2.2458944e-32,0.9084244
1664,0.13582136,0.05994424,0.0053639063,0.04825165,0.0964918,0.04904223,0.027521316,2.0045821e-13,0.010578606,0.046305083,0.0039089895,1.53315e-11,0.09646739,8.453839e-06,4.1437484e-06,8.462839e-23,0.001027803,1.9510373e-31,0.0040805847,1.13300814e-07,2.7335654e-09,5.461662e-24,5.5943434e-15,0.9999988
1667,0.2331906,0.17739674,1.12283864e-07,0.15156835,0.1358977,6.0410166e-08,0.019863704,1.2142306e-08,0.024288423,0.081119955,0.9990489,0.0031847109,0.07631681,1.0392609e-05,0.013205064,2.577415e-06,0.00016375893,1.0,0.29005912,0.03267503,2.2539864e-11,1.0,1.6772295e-11,0.4000895
1668,0.09390064,0.05994424,0.0058399853,0.0013979445,0.66333956,0.10501985,0.1584589,8.271878e-30,0.2662358,0.046305083,1.0,4.7006866e-05,0.09646739,0.015294579,1.7552436e-06,0.0013869064,0.00048703657,3.769204e-08,0.0016357065,9.0798414e-05,7.8765625e-09,1.2764375e-13,4.762982e-32,8.106964e-08
1673,0.13582136,0.05994424,0.100503854,0.2805984,0.09951226,0.022962378,7.710212e-05,0.018349357,0.01377545,0.046305083,1.0,1.0,0.09646739,9.3394995e-08,0.0016205119,2.0125661e-07,0.00019444495,7.43183e-29,0.011657234,0.00459208,2.422184e-06,0.2106152,1.0,0.7390047
1674,0.09390064,0.10609732,0.018384304,8.933983e-13,0.0032622325,1.0,3.028531e-23,1.0,0.21698098,0.046305083,1.0,4.6874154e-12,0.07631681,5.2366264e-08,0.000116358904,1.0,0.00022600578,1.1618641e-35,0.03359453,6.506631e-11,1.0683134e-09,1.0,2.2850822e-20,1.0831239e-07
1678,0.09390064,0.10609732,0.007479448,1.6470794e-09,0.011417376,1.0,3.56255e-24,1.19349925e-26,0.10870308,0.046305083,7.182177e-13,5.0525606e-09,0.07631681,4.3195787e-06,0.006409167,1.0,0.00048201648,1.6560422e-08,0.035931535,1.736734e-10,1.9693551e-18,1.0,2.1848847e-22,0.0010548376
1679,0.09390064,0.05994424,0.01874129,0.0012063684,0.5004057,0.10501985,0.1584589,3.7472064e-15,0.37259588,0.046305083,6.1861606e-16,1.9676285e-05,0.09646739,0.005432485,1.266669e-06,0.0013869064,0.00016375893,2.3009756e-09,0.011657234,0.016482718,0.004143602,1.0,6.0338755e-31,0.0015662214
1682,1.0,1.0,0.019051889,1.3056142e-06,0.011417376,3.363898e-15,5.4665942e-27,5.519903e-27,0.9775968,0.63756996,1.1168398e-17,7.1179705e-13,0.15881209,1.933088e-07,0.350037,1.0,0.0006750488,1.0,0.21762441,4.120776e-09,8.54407e-14,1.0,4.964146e-07,1.3767827e-12
1685,0.09390064,0.10276631,0.001548531,0.9220454,0.15951541,0.00094586506,0.015116729,1.0,0.157382,0.046305083,1.1317577e-37,0.0080826925,0.07631681,0.0037179817,0.00019728525,4.9173387e-08,0.0003096673,4.471105e-10,0.0016283505,6.057076e-07,0.0071993684,0.23095778,4.364887e-27,0.00024145807
1686,0.09390064,0.87552214,0.9998147,0.11953157,0.44864616,0.000107366046,0.99916196,0.8744674,0.9968477,0.8211754,1.0928737e-36,0.00019320157,0.45481777,0.00019765261,0.77337104,9.959616e-06,0.0003125002,1.1153765e-11,0.081721306,1.536921e-05,0.00091634423,0.5306192,2.0707957e-28,1.4616549e-09
1687,0.09390064,0.05994424,0.12424958,0.031041142,0.3148628,0.00143103,9.5791875e-06,1.0,0.37259588,0.046305083,1.4555847e-31,6.765486e-05,0.07631681,0.0050345436,0.047443885,4.9173387e-08,0.0049715047,1.4669362e-09,0.0064144097,3.0534787e-07,1.5877616e-07,0.25678104,1.2709429e-27,0.21507925
1689,1.0,1.0,0.23525374,0.01352198,0.44864616,0.99999976,0.1584589,0.019819386,0.48461762,0.046305083,1.6328997e-28,0.0021039026,0.07631681,1.1361378e-06,0.0028816974,8.580887e-09,0.00022373887,2.3009756e-09,0.054583166,0.0056700693,1.0,0.6875265,6.0338755e-31,3.0406757e-11
1693,0.33664554,0.05994424,1.1117717e-05,0.9947924,0.44864616,8.216557e-08,0.019863704,0.037182506,0.30677631,0.07617714,0.9999995,1.414028e-09,0.07631681,9.240806e-06,0.348078,4.0794384e-24,0.004491933,1.0,0.018409953,8.302164e-06,0.12717286,2.1832677e-15,8.381589e-30,2.693749e-12
1697,1.0,0.17572631,0.00030826486,4.179566e-09,0.00036923744,7.782322e-08,3.4334443e-27,1.0,0.4695151,1.0,3.7501164e-07,5.3722874e-18,0.48861712,8.634453e-25,0.93755937,1.0,0.00053897593,1.0,0.021866366,2.1757758e-12,1.0206658e-21,1.0,0.005390099,0.0048754592
1704,0.6394025,0.10609732,0.0003098173,8.241324e-12,1.9733676e-05,1.0,2.4845289e-24,1.9503819e-24,0.10870308,0.046305083,1.0,1.0,0.07631681,5.762346e-26,0.23220685,1.0,0.00023372496,1.0,0.053770196,1.4261402e-10,3.923007e-17,1.0,1.0,0.00019482149
1707,0.2678418,0.10609732,0.054419544,0.00028979703,0.0027730335,0.4189216,1.6505016e-23,0.99991214,0.6816993,0.091239415,2.0179293e-08,1.8335772e-17,1.0,1.00202256e-10,0.042720914,1.0,0.00095391937,1.0,0.09863405,2.1815882e-13,1.0,2.2180824e-21,0.9998356,3.4947288e-07
1708,0.09390064,0.05994424,0.013928381,0.15457082,0.37528476,2.7732285e-05,0.046730883,1.0,0.37259588,0.046305083,3.006636e-39,8.4035755e-06,0.07631681,1.8893866e-06,4.603116e-05,1.326766e-13,0.0003252708,5.869996e-18,0.03779956,8.960086e-07,1.6632855e-11,1.0,2.2458944e-32,3.0341158e-05
1709,0.09390064,0.10609732,0.018925313,2.487249e-10,0.011417376,1.6959513e-08,3.56255e-24,1.0,0.10870308,0.046305083,3.1364309e-15,8.7307155e-11,0.07631681,8.6304295e-05,0.12243369,0.04708714,0.0002541416,0.00014503584,0.035931535,3.512209e-10,1.4746818e-09,0.99986184,6.322855e-20,0.00064585265
1712,0.91890246,0.05994424,0.00051353395,0.010645874,0.000113060996,0.00011685692,2.587545e-05,1.0,0.0055692014,0.046305083,1.0,3.3778463e-17,0.12127647,2.7529043e-24,1.0,2.582402e-07,0.0009786736,1.0,0.0016283505,1.9480414e-11,0.0011282709,1.0,3.6824967e-11,0.9991499
1715,1.0,1.0,0.010858979,2.6862535e-08,0.013009673,2.242983e-10,3.4657534e-25,1.0,0.10870308,0.30965918,1.0,4.664019e-10,0.07631681,9.4139095e-06,0.018517943,0.017873716,0.000352837,1.0,0.035931535,1.5513031e-10,1.0700146e-16,0.9999784,1.0195318e-13,5.2913583e-06
1724,1.0,0.05994424,6.109638e-07,0.014017315,0.03968637,0.9924712,0.0020563675,0.9999994,0.013906824,0.046305083,0.9888531,1.515265e-11,0.35768265,8.151729e-27,2.8273009e-05,1.164786e-13,0.008452506,2.5517398e-37,0.028777288,8.45241e-10,5.1809056e-18,1.0,2.2864113e-13,0.04985951
1727,0.2994509,0.10609732,0.024571532,1.7573971e-10,0.011417376,0.79578286,6.8730153e-26,0.9999999,0.057161536,0.046305083,7.4801676e-14,4.210561e-10,0.07631681,8.942477e-05,0.112525456,0.9931445,0.00020411126,2.6376145e-12,0.035931535,3.4381797e-10,5.2314625e-13,0.9999914,1.5293768e-18,6.331524e-05
1733,0.4839726,0.05994424,0.0015608416,0.9860681,0.009646631,1.0,0.1737159,1.0,0.008041232,0.046305083,1.0,0.00040316052,0.3019916,1.876715e-25,2.5476972e-08,1.0,0.0002822374,4.5269146e-37,0.0016357065,0.003592462,6.819624e-21,0.99963343,7.33454e-17,1.0380019e-05
1734,0.58443767,0.05994424,0.012176019,0.01352198,0.44864616,0.10501985,0.1584589,0.3784997,0.2662358,0.046305083,2.3024697e-34,0.0021039026,0.07631681,0.015294579,0.006130043,0.0013869064,0.00016375893,1.9183958e-15,0.011657234,0.027062848,0.0009859322,0.9683952,6.0338755e-31,0.0025105642
1735,0.13582136,0.10609732,0.0058484636,0.0016752842,0.0011545429,1.0,2.4042433e-23,2.2807053e-07,0.05375699,0.29050592,0.0012401573,4.2254168e-08,0.07631681,8.569775e-05,0.0024570834,0.61090004,0.00024407149,0.018047191,0.053770196,5.0672395e-13,4.194115e-07,0.20975235,4.09174e-05,0.00035443043
1742,1.0,1.0,0.9922523,0.01876154,0.15951541,0.00094586506,0.022883628,1.0,0.999044,0.046305083,9.489658e-29,8.712804e-06,0.07631681,0.007722987,0.44501847,3.073577e-05,0.00019582067,0.99987864,0.0025632665,9.432435e-07,0.0033142949,0.044349395,4.364887e-27,1.3584946e-08
1749,0.17665558,0.05994424,0.04234435,0.08144513,0.15951541,0.048159342,0.029090893,1.0,0.48325115,0.046305083,3.006636e-39,2.9239592e-08,0.07631681,0.013052818,0.004038108,3.3299101e-12,0.00039035967,7.2196125e-18,0.0025632665,1.0568874e-08,0.00017184626,6.051618e-18,1.7667042e-28,0.042497855
1750,0.09390064,0.05994424,0.15812461,0.9373752,0.44864616,0.4614908,1.0,0.26101682,0.55465657,0.046305083,1.0983369e-35,0.004325961,0.07631681,1.0,0.045281306,5.7366555e-07,0.16374962,2.3009756e-09,0.054583166,0.059066717,6.0427403e-05,0.6875265,2.5549659e-28,3.0406757e-11
1751,0.17665558,0.05994424,0.004399225,0.069622256,0.15951541,0.0006579612,0.022883628,1.0,0.2662358,0.046305083,1.31007595e-36,1.6883575e-06,0.07631681,0.005356023,0.13588953,1.1091675e-10,0.00039035967,0.8012657,0.0025632665,2.8905173e-08,0.06422954,1.1312655e-11,1.7667042e-28,0.0004335023
1753,0.69879955,0.10276631,0.99013126,0.046137433,0.63516456,1.4029009e-09,0.1584589,0.9999366,0.99119043,0.046305083,2.1009742e-30,0.0051672948,0.07631681,0.8777471,0.0021071155,1.1486582e-17,0.000502123,3.6089392e-28,0.054583166,0.8621976,2.4146477e-08,4.2792235e-19,2.0707957e-28,1.04880595e-13
1757,0.5529831,0.05994424,0.0028401103,0.005944255,0.23515645,2.895852e-09,0.0020563675,0.99999785,0.6522179,0.046305083,0.0056319525,1.585346e-05,0.22558899,7.607074e-24,1.1565233e-07,1.197029e-10,0.00036144324,8.991028e-39,0.011657234,0.23469058,3.2916532e-07,0.99999034,2.2606795e-24,0.0010825829
1759,0.5001774,0.05994424,0.015377292,0.00023105838,0.55134195,2.04075e-16,0.1584589,1.0754388e-12,0.6739968,0.046305083,5.9482486e-06,1.338291e-07,0.09646739,0.008151882,0.0005126345,0.011431113,0.00038684517,0.9999999,0.73992497,7.225103e-05,2.2527177e-08,1.5759768e-24,2.0707957e-28,3.3828017e-11
1761,0.33584544,0.05994424,0.00013293896,0.2646297,0.18106374,1.0,0.016312161,1.0,0.0046493006,0.046305083,0.020633213,0.00059310725,0.19388974,2.781645e-08,0.94669837,0.102869794,0.0010450716,1.0,0.004965229,0.0046294434,9.866926e-15,2.1583488e-09,3.9021664e-12,0.23703559
1762,0.71006685,0.10609732,0.00569132,4.943512e-11,0.031024126,1.0,2.8100145e-19,1.0,0.10870308,0.046305083,0.002377704,2.7462357e-11,0.07631681,0.0006377243,0.91548526,1.0,0.00021918798,1.0,0.03344825,5.7104608e-12,3.8824794e-26,1.0,0.92008114,0.015788866
1763,0.48233217,0.44895965,0.00078819715,0.000251798,0.003333431,0.003071746,7.624888e-23,1.0,0.27316162,0.046305083,1.0,8.05534e-09,0.09646739,5.654384e-08,0.008316919,7.3326173e-06,0.00029457547,1.0,0.03261185,2.6326313e-10,1.7232966e-15,6.5485383e-15,1.8976576e-13,6.444073e-08
1771,0.90572965,0.05994424,0.003996537,0.01352198,0.00037571896,0.24342504,0.0020563675,0.9999995,0.2662358,0.046305083,4.548513e-24,0.00013061053,0.1839583,2.431163e-24,1.3115496e-05,0.035174172,0.00016375893,7.930535e-38,0.011657234,0.027062848,3.896826e-06,0.99999344,6.0338755e-31,0.037799396
1772,0.09390064,0.05994424,0.012176019,0.23684962,0.44864616,0.10501985,1.0,0.08880524,0.2662358,0.046305083,9.141677e-32,0.0080826925,0.07631681,0.09521587,0.24855141,0.0013869064,0.0053898487,2.3009756e-09,0.011657234,0.04238213,0.004143602,0.6875265,6.0338755e-31,0.0025105642
1774,0.16485062,0.05994424,0.20288445,0.009594905,0.44864616,0.10501985,0.1584589,0.33850858,0.1337816,0.046305083,7.6977694e-32,0.00081993407,1.0,0.002416528,1.3176072e-05,0.0013869064,0.00016375893,2.3009756e-09,0.011657234,0.83780825,0.004143602,0.6875265,6.0338755e-31,0.9999989
1778,0.09390064,0.10609732,0.96365213,0.00013014372,0.022778647,0.99955267,3.8343667e-25,0.0045816647,0.89981884,1.0,0.99992514,1.0067382e-08,0.07631681,7.311819e-05,0.22862422,0.9257164,0.0002572538,1.0,0.03261185,1.2799709e-08,7.7224485e-09,2.097337e-24,8.61029e-15,1.0876398e-05
1787,0.4999203,0.10276631,0.002113686,0.7769115,0.18106374,1.0,0.023190696,0.9995659,0.005227596,0.046305083,1.0,4.602869e-07,0.07631681,1.7993125e-05,9.0370384e-07,0.0005088651,0.00041181527,2.3373417e-15,0.011657234,0.005225553,1.5629472e-05,1.0,3.9521226e-14,0.00013223753
1792,0.13582136,0.05994424,0.023763098,0.045803525,0.08145779,0.0046594245,0.02285768,1.0,0.017414844,1.0,5.0117114e-24,1.6956562e-09,0.07631681,0.00027747033,0.00061431446,3.11399e-14,0.00019582067,0.00036607898,0.0025632665,8.219026e-10,7.4880145e-06,5.0818245e-17,7.4804754e-12,1.0
1796,0.09390064,0.05994424,0.004389714,0.01352198,0.44864616,0.10501985,0.1584589,0.010684808,0.1337816,0.046305083,3.88173e-31,0.0002567182,0.07631681,0.006850636,0.00512143,2.6264859e-06,0.00016375893,2.3009756e-09,0.011657234,0.042205118,0.004143602,0.6875265,6.0338755e-31,0.00079328596
1798,0.09390064,0.05994424,0.90698,0.00012614373,0.44864616,1.0,0.1584589,0.3784997,0.2662358,0.046305083,2.1961822e-37,0.0021039026,0.07631681,0.40546,0.06654538,0.0070829922,0.00016375893,5.9432904e-26,0.011657234,0.030831663,5.1871956e-07,0.9291481,6.0338755e-31,0.00085671205
1800,0.13582136,0.10609732,0.04084112,0.00011190644,0.0022162471,1.0,1.2180818e-22,0.99999607,0.3650535,0.046305083,1.5820241e-09,1.486419e-15,0.24536146,1.7928522e-06,0.036943916,1.0,0.00031240252,1.0,0.652749,4.796111e-13,2.0649853e-10,1.0,0.021214351,7.008817e-07
1802,0.43616703,0.10276631,0.018079445,0.08583827,0.08145779,1.9609038e-06,0.016948503,1.0,0.004391559,0.046305083,1.695736e-25,2.422418e-10,0.24536146,7.0771443e-07,0.00026544483,4.384136e-12,0.0009621649,1.0,0.015497587,6.745432e-05,7.914907e-05,2.089508e-08,5.835344e-11,0.0017555065
1804,1.0,0.05994424,0.2102472,2.7743632e-09,0.1438104,0.013389018,0.0031138612,7.434855e-24,0.91922534,0.0951895,8.65779e-21,1.0,0.16824047,0.00014826171,0.00039614126,0.013816991,0.001076749,1.1579983e-25,1.0,0.25122902,1.7696342e-10,7.3360306e-06,1.0,8.460918e-12
1809,0.13582136,0.10609732,0.011468327,6.351892e-08,0.0062101437,1.0,3.137432e-25,1.0,0.056746874,0.046305083,2.3299583e-06,3.7622534e-11,0.5768129,3.311938e-07,0.0051758317,2.146113e-05,0.006565154,1.3443455e-35,0.22982709,4.6059206e-10,5.265335e-14,1.0,7.653325e-09,4.4729947e-07
1810,0.09390064,0.5943586,0.9857999,3.0510877e-10,0.011417376,0.483681,4.9200215e-27,1.0,0.9999999,0.046305083,2.6355395e-18,7.068771e-11,0.07631681,2.151445e-08,0.30261615,1.404079e-16,0.005454999,4.5112498e-27,0.1858669,4.770045e-10,0.0006665003,0.9102684,2.6641302e-11,6.6593145e-07
1815,0.13582136,0.10609732,0.007723575,1.4001802e-08,0.002573349,0.9992442,7.6203837e-22,1.0,0.057161536,0.046305083,0.004223378,4.273724e-12,0.07631681,0.00058414834,0.011803901,5.2331393e-09,0.0002572538,3.3074883e-24,0.035931535,4.4207202e-09,1.1055779e-08,0.95635015,7.653325e-09,6.9057836e-07
1816,0.17665558,0.87148964,0.00015835436,0.05214046,0.40084127,2.8932962e-16,0.011513319,2.2919765e-11,0.34321278,0.046305083,0.05635333,5.135379e-05,0.07631681,0.10979082,0.13166732,1.8085654e-21,0.00069143705,1.0,1.0,0.025250463,0.0005772964,2.9759105e-06,2.2458944e-32,3.8297227e-07
1819,0.17665558,0.05994424,0.004625905,0.031404004,0.44864616,0.016877148,0.1584589,0.06372631,0.2662358,0.29050592,2.4151907e-31,0.0051672948,0.07631681,0.0038138868,0.0068846084,2.617721e-07,0.0006818443,4.6915346e-14,0.0016283505,0.06747348,6.384766e-07,0.92345864,6.0338755e-31,0.00058053393
1823,0.09390064,0.05994424,0.004389714,0.01352198,0.44864616,0.10501985,0.1584589,1.0,0.1337816,0.046305083,3.7319242e-32,3.183575e-05,0.07631681,0.016855381,9.100455e-05,0.0013869064,0.00016375893,2.3009756e-09,0.011657234,0.003664032,0.004143602,0.6875265,6.0338755e-31,0.00079328596
1826,0.32711187,0.073677406,0.010732353,1.20119035e-08,0.44864616,0.62635154,0.9999653,1.1094573e-06,0.2662358,0.046305083,2.1542606e-24,0.00018163999,0.07631681,0.0041585853,0.017773263,0.0006083095,0.00020635339,1.09227e-20,0.011657234,0.0007234348,4.435747e-08,0.9431239,6.0338755e-31,0.0007845198
1827,0.09390064,0.05994424,0.018806688,0.017362464,0.5004057,0.10501985,0.1584589,2.1268452e-13,0.2662358,0.046305083,1.2961303e-32,2.2234306e-05,0.07631681,0.026477952,0.046951246,6.059792e-08,0.00016375893,2.3009756e-09,0.011657234,0.0026214223,0.047055934,6.901581e-09,6.0338755e-31,0.9999994
1828,0.09390064,0.05994424,8.669684e-05,1.4195906e-07,0.69143564,1.7560137e-06,0.011598362,1.0,0.6370757,0.046305083,4.63325e-11,4.864916e-13,0.07631681,0.001035764,0.021030001,2.7097925e-11,0.00038243554,1.0,0.0019824235,1.971165e-12,1.018346e-06,0.99999976,2.2458944e-32,2.1746855e-07
1829,0.3995753,0.10276631,0.0068550105,0.2155174,0.1538164,1.0,0.42576036,1.0,0.0046493006,0.046305083,0.99999964,0.00030640519,0.07631681,6.0832883e-07,2.1705903e-06,1.2958397e-08,0.00034750943,8.988175e-33,0.011657234,0.50552595,3.0172705e-12,1.0,2.2864113e-13,0.81942004
1838,0.09390064,0.10609732,2.5579682e-05,0.0016067482,0.001672755,2.107457e-06,7.043293e-23,0.42005897,0.25242853,0.046305083,0.99713045,6.6589905e-18,0.13686801,1.72686e-06,0.0012296683,1.0,0.00091992086,4.892735e-11,0.021866366,1.9957855e-12,6.5236055e-15,6.424166e-20,1.8992653e-17,9.093575e-05
1841,0.09390064,0.05994424,7.531785e-07,0.00024344282,0.14054187,1.0,0.1584589,1.0,0.0042371973,0.046305083,1.0,6.843615e-09,0.07631681,0.019869274,0.0012107078,1.0,0.00021530282,3.006636e-39,0.011657234,0.0029114503,1.4664699e-08,1.1802078e-07,6.0338755e-31,0.97750676
1842,0.14974806,0.10609732,0.0008345573,1.0198625e-09,0.011417376,0.99974245,3.8343667e-25,8.369723e-18,0.10870308,0.046305083,1.0,5.5254943e-09,0.07631681,7.6471886e-05,0.051280722,0.9919537,0.0005248925,1.0,0.03261185,2.2170545e-10,7.412892e-13,2.4083666e-14,1.5293768e-18,4.26247e-05
1843,0.13582136,0.05994424,0.32333118,0.104481205,0.3119386,4.465273e-06,0.1584589,1.0,0.007835384,0.046305083,2.1146675e-15,1.1862068e-12,0.07631681,1.0393117e-08,0.001325728,5.536676e-13,0.00024940414,0.4003041,0.054583166,9.7971846e-11,2.708147e-09,2.8504648e-14,2.9833796e-13,1.4462831e-06
1846,0.2127052,0.05994424,9.366311e-08,0.030929074,0.63516456,0.05084429,0.1584589,1.0,0.34992817,0.046305083,6.024145e-24,4.1084593e-05,0.07631681,2.2873346e-06,0.11899151,1.01291935e-11,0.00016375893,8.9117876e-36,0.011657234,4.0937186e-05,3.342164e-09,3.106701e-20,6.0338755e-31,0.008830782
1847,0.09390064,0.05994424,3.307102e-05,0.04767227,0.44864616,0.107623495,0.019863704,1.0,0.2662358,0.046305083,8.158035e-14,2.040539e-07,0.07631681,0.009488478,0.0027620133,0.00027955213,0.00020084917,1.0,0.0019824235,3.3423828e-07,4.7823863e-11,5.7826032e-06,2.5549659e-28,4.4553352e-07
1852,0.4411844,0.05994424,0.0018216894,1.276694e-08,1.9569823e-05,0.9996458,3.3936171e-06,0.9999999,0.14409234,0.046305083,1.0,3.3201943e-08,0.12127647,1.848171e-23,0.031109218,1.0,0.00063297304,1.0534021e-37,0.06738012,0.0011880781,0.99468815,1.0,3.140285e-23,1.0488211e-11
1853,0.41575256,0.05994424,0.0042599817,0.16719927,0.15951541,4.4819515e-20,0.02285768,9.9913805e-06,0.2662358,0.046305083,3.006636e-39,3.832075e-06,0.07631681,0.010910142,0.00014314585,7.3125063e-22,0.00036144324,1.9775393e-32,0.0025632665,1.9277854e-06,1.7009283e-05,6.856153e-14,4.364887e-27,1.3805055e-07
1854,0.09390064,0.10609732,0.077509746,0.0010698849,0.0024676134,0.03443967,2.1694276e-23,0.015883494,0.10870308,0.046305083,1.8508933e-13,2.9910302e-10,0.07631681,9.0199546e-07,0.26608163,0.0013098564,0.0003618775,1.0,0.9134737,4.63511e-13,2.955477e-15,0.00042770174,5.714695e-17,0.00062523293
1856,0.09390064,0.05994424,0.04418878,0.06478323,0.15951541,0.000406944,0.022883628,0.00575059,0.60852975,0.046305083,3.006636e-39,0.004325961,0.07631681,0.00012999016,0.0003837069,1.2573771e-07,0.00019582067,1.6908754e-10,0.0084867235,3.8068075e-07,1.6742038e-05,0.82669026,1.0831343e-26,3.30902e-05
1863,0.09390064,0.05994424,0.024201393,0.07544171,0.15951541,0.00094586506,0.025568306,0.9999999,0.99133354,0.046305083,1.1948547e-37,1.8733873e-08,0.07631681,0.070230305,3.5869027e-05,2.9720016e-18,0.00025064658,0.0022372238,0.0025632665,3.8508684e-08,0.33382615,2.3967598e-17,4.364887e-27,1.7138004e-06
1865,0.79243183,0.05994424,0.004389714,0.018966846,0.104424626,1.0,0.9944746,1.0,0.0038885323,0.046305083,0.9999535,3.208794e-05,0.07631681,0.00051908783,0.22511873,1.0,0.00023595196,5.905702e-35,0.011657234,0.003664032,1.8482015e-05,0.99999976,6.0338755e-31,0.0006175016
1868,0.09390064,0.05994424,0.16030227,0.00587834,0.15951541,0.9968991,0.014242248,1.0,0.9940101,0.046305083,1.2597317e-17,1.1254389e-05,0.38096955,1.983375e-06,0.14334759,4.9056002e-06,0.00019582067,1.0,0.0062909992,4.193139e-07,2.8509128e-05,8.376065e-10,4.4520273e-28,0.027356347
1875,0.09390064,0.05994424,0.042411324,0.003317111,0.574614,0.10501985,0.1584589,1.0136383e-07,0.2662358,0.046305083,1.6620237e-33,3.585392e-07,0.07631681,0.0063092387,0.006130043,1.8630233e-10,0.00016375893,1.0,0.011657234,2.174937e-09,0.00019421149,7.693783e-06,6.0338755e-31,0.02377776
1878,0.09390064,0.05994424,0.0029008538,0.029057132,0.22267772,0.0032726373,0.027521316,1.0,0.56454206,0.046305083,3.006636e-39,1.1467105e-05,0.07631681,0.0022535438,0.00011143323,4.8302057e-17,0.00062367896,6.166679e-15,0.0064144097,1.7295211e-10,4.552307e-12,1.06024676e-16,3.4455137e-28,0.00022946952
1884,0.09390064,0.10609732,0.0045694853,7.20157e-10,0.011417376,4.081711e-09,4.9557564e-26,1.0,0.10870308,0.046305083,3.4484014e-16,1.571238e-12,1.0,9.739413e-06,0.4348647,2.5709125e-05,0.00025788002,6.961407e-27,0.108042054,2.0351935e-10,1.2565309e-09,1.5248785e-08,3.6295793e-21,5.220839e-07
1887,0.22413866,0.05994424,0.22896877,0.087141156,0.44864616,0.10501985,0.0031138612,1.8198812e-09,0.2662358,0.046305083,2.3019452e-32,4.9814527e-05,0.07631681,0.002687663,0.016963953,1.9777688e-10,0.00032462706,1.2228555e-08,1.0,0.027062848,0.112042025,0.72955346,2.2606795e-24,0.48826286
1895,0.6790453,0.10609732,0.024940917,3.1074853e-07,0.0023782935,0.000117908625,3.5368608e-25,7.247508e-26,0.15257373,1.0,2.8914229e-22,1.0,0.07631681,5.467517e-10,6.911043e-05,1.0,0.0007871062,0.0028790596,0.035931535,3.392362e-09,8.994215e-10,1.0,1.0,0.0024214897
1898,0.09390064,0.05994424,0.117687374,0.01352198,1.0,1.0,0.1584589,0.014457461,0.25235036,0.046305083,0.270394,0.0021039026,0.07631681,0.006806152,0.006130043,1.0,0.00016375893,2.2796245e-19,0.011657234,0.027062848,0.004143602,0.99999344,6.0338755e-31,1.0
1899,0.09390064,0.05994424,0.00018837777,0.0018456823,0.3423071,1.0,0.020263767,0.9999583,0.13688383,0.046305083,1.0,1.3029799e-12,0.07631681,9.707235e-05,1.00388215e-05,2.3888229e-21,0.00027195565,1.0,0.0025632665,1.8057125e-12,2.6054614e-10,0.9997521,2.4005309e-31,0.99602985
1900,0.6903421,0.10609732,0.0023787823,1.0254953e-10,0.02992646,0.0011169667,7.8235034e-23,3.8837525e-34,0.062153894,0.046305083,4.6320367e-16,2.1197773e-10,0.35768265,9.232003e-21,0.0025497964,1.0,0.0004275367,3.006636e-39,0.035931535,2.2960073e-10,1.14486094e-10,1.0,3.2048603e-16,5.0519648e-06
1906,0.09390064,0.05994424,0.03106844,0.00013100244,0.44864616,8.16186e-11,0.0048308037,1.6738894e-19,0.9737201,0.046305083,3.006636e-39,4.5378783e-07,0.07631681,1.0,0.0044953017,0.0026239841,0.00025531612,1.9157552e-23,0.011657234,6.871386e-06,4.9002066e-11,0.83363944,2.2606795e-24,0.0009695537
1908,0.09390064,0.05994424,0.87363315,0.0024347652,0.61466324,0.003965427,0.018350748,2.8797453e-21,0.6924329,0.046305083,1.6448942e-09,1.2829721e-16,0.09646739,0.00027592864,1.4929786e-06,1.2112383e-14,0.00020689992,1.0,0.0016283505,8.27158e-11,1.8788209e-05,9.935445e-06,2.4422514e-32,0.98260546
1913,0.35559836,0.51336867,0.49322507,0.00500576,0.0037199976,1.0,7.3009605e-24,1.0,0.59806085,0.7218209,1.0,5.5203634e-13,0.67578137,9.54171e-07,0.0005196881,1.0,0.00073090824,7.289485e-19,0.021866366,4.2907764e-13,3.673769e-11,1.0,1.5185326e-21,0.9998167
1917,0.09390064,0.05994424,0.0058805165,0.23765135,0.14560603,0.00094586506,1.0,1.0,0.2662358,0.046305083,4.2059523e-37,0.007106609,0.07631681,0.023230257,0.00031503267,2.5951687e-11,0.09347346,2.9883576e-09,0.0025632665,3.8068075e-07,0.0015096917,0.23095778,4.364887e-27,0.00041055706
1925,0.4333966,0.05994424,0.003996537,1.0,0.28599402,0.24342504,1.0,1.6283775e-07,0.2662358,0.046305083,5.093148e-21,0.030726885,0.1839583,2.0671795e-22,5.9871996e-05,0.000855235,0.106928535,9.51208e-32,0.011657234,0.04238213,0.004143602,1.0,6.0338755e-31,0.103909954
1927,0.09390064,0.05994424,0.015081655,0.8987954,0.32243758,2.9004107e-10,1.0,0.99745005,0.2662358,0.046305083,4.1980063e-35,3.847492e-06,0.07631681,0.0018439542,0.000968259,3.9826231e-19,0.019115737,1.882731e-14,0.028777288,0.0005510461,0.8848095,1.0,2.2458944e-32,0.00048547896
1929,0.13582136,0.10609732,0.013193073,4.9915827e-09,0.0031282369,0.0039259116,3.56255e-24,1.0,0.056746874,0.046305083,1.0569871e-10,2.4834187e-10,0.12283942,3.2177738e-07,0.013270128,0.4233015,0.00020411126,3.5015155e-13,0.035931535,2.2170545e-10,1.4992498e-14,1.0,3.8894505e-09,7.351109e-06
1930,0.09390064,0.05994424,0.124047115,0.0089067435,0.44864616,0.0021611885,0.1584589,1.17673074e-20,0.60852975,0.046305083,1.0500822e-33,0.0002333934,0.41527018,0.19676498,0.00086591335,2.4711008e-10,0.00016375893,1.2228555e-08,0.1112735,0.91298974,0.0075884834,0.53942376,6.0338755e-31,0.00045400878
1931,0.49188045,0.10609732,8.415991e-06,2.1399064e-05,0.9559564,0.7810486,4.300545e-27,1.0,0.014503129,0.046305083,1.0,1.0423322e-10,0.2081817,2.0349734e-24,0.39986607,1.0,0.0010122244,1.0,0.0016283505,8.022922e-10,2.1699204e-19,1.0,0.9999715,7.585397e-05
1932,0.09390064,0.05994424,3.5719452e-07,0.0021008262,0.37495214,8.5650904e-13,0.01780755,1.0,0.14585476,0.046305083,2.3845373e-19,1.7316383e-16,0.2309254,9.196585e-06,1.408802e-05,5.108904e-12,0.00036149906,1.0,0.050424147,5.372032e-10,3.3017645e-07,3.006636e-39,3.4455137e-28,7.717709e-05
1933,0.9075767,0.23155656,0.019673793,0.00029024467,2.1047468e-05,0.0028780866,0.00020042126,3.0913227e-05,0.0069186734,0.046305083,1.0,1.0,0.2081817,3.6275607e-27,0.004624588,0.99999964,0.00021279846,1.0,0.6506595,0.65615207,3.299089e-07,1.0,1.0,4.3880544e-05
1936,0.09390064,0.05994424,0.011427821,0.0059045358,0.33922905,0.0005934666,0.019879559,1.0,0.3350658,0.046305083,4.176324e-31,1.07523964e-16,0.07631681,0.0032751516,1.32003715e-05,3.0516405e-14,0.00035051932,2.5247516e-07,0.0025632665,3.9560863e-12,0.37359878,1.502951e-19,1.7667042e-28,1.0
1938,0.17320125,0.10276631,4.952664e-07,0.01352198,0.44864616,0.10501985,0.1584589,3.0512982e-28,0.19738899,0.046305083,1.586566e-09,0.006675413,0.07631681,0.0013227382,0.0007626902,0.011431113,0.00016375893,2.1940408e-20,0.03779956,0.27524233,0.00010956436,0.8688423,6.198467e-24,0.00029174698
1939,0.6809598,0.05994424,0.0084620025,0.01352198,0.00671683,1.0,0.00018143833,1.0,0.0042371973,0.046305083,1.0,0.0009638931,0.3019916,2.3518355e-26,1.0785366e-06,1.0,0.006262761,3.006636e-39,0.08982352,0.00015344558,5.4725245e-07,1.0,6.0338755e-31,0.026612926
1946,0.09390064,0.05994424,0.012176019,0.018274661,0.44864616,1.7878901e-10,0.1584589,0.3784997,0.2662358,0.046305083,1.3786082e-32,0.00024357726,0.07631681,0.075685605,0.20879246,3.204183e-05,0.00016375893,3.5051173e-09,0.011657234,0.07627166,0.029916542,0.58128804,6.0338755e-31,0.00097354053
1948,0.13582136,0.05994424,0.0039715944,0.14985327,0.119358376,0.99992347,9.5791875e-06,1.0,0.035291407,0.046305083,1.4260085e-19,2.1118593e-10,0.31839174,4.4848434e-07,9.5152345e-06,4.360224e-21,0.0002363428,2.4490625e-13,0.0025632665,5.3271123e-08,3.0104852e-07,3.8076703e-29,3.4808714e-10,0.35962337
1949,0.23335557,0.05994424,1.19082815e-05,0.4287652,0.5959702,4.660255e-15,0.004298641,1.0,0.3886683,0.046305083,1.0,4.2464e-15,0.38598981,2.8244889e-09,0.98084855,4.1634483e-08,0.0003556727,1.0,0.0019824235,1.3646031e-11,9.5457415e-24,1.0,2.2458944e-32,8.899612e-09
1958,0.1233277,0.05994424,0.08363426,0.021988846,0.44864616,0.10501985,0.1584589,0.99991786,0.96376216,0.046305083,2.4474297e-38,3.5671424e-06,0.07631681,0.00033892723,0.003676297,0.46470162,0.00018145857,2.3009756e-09,0.011657234,0.027062848,5.7474936e-06,1.0,6.0338755e-31,0.0025105642
1959,0.17665558,0.05994424,0.01475308,0.0014350394,0.44864616,0.10501985,0.1584589,0.3784997,0.2662358,0.046305083,7.0079237e-28,0.0051672948,0.07631681,0.0013565032,0.0013201477,0.0059351893,0.00037892227,2.3009756e-09,0.011657234,0.027062848,0.004143602,0.92345864,6.0338755e-31,0.0025105642
1960,0.09390064,0.05994424,0.006193662,0.99937123,0.44864616,0.10883321,1.0,0.99999964,0.53353196,0.046305083,3.006636e-39,6.322477e-07,0.07631681,0.07483997,0.0072939717,9.9391084e-17,0.16998558,0.0003515911,0.011657234,3.095801e-05,0.8347074,4.8926207e-08,2.4422514e-32,1.1677457e-05
1967,0.09390064,0.10609732,0.048440136,2.7100214e-10,0.013392993,3.4129476e-13,7.8235034e-23,0.9999999,0.22761153,0.046305083,1.1068154e-10,5.466085e-15,0.09646739,0.000113322196,0.00088141504,1.0,0.00020411126,1.1797402e-12,0.021866366,4.882494e-13,3.6484796e-17,1.0,3.081005e-22,7.760238e-05
1968,0.09390064,0.05994424,0.012176019,0.01352198,0.44864616,0.10501985,0.1584589,0.3784997,0.2662358,0.046305083,1.0968385e-19,0.0021039026,0.07631681,0.015294579,0.15656023,0.0013869064,0.00016375893,1.0,0.04572298,0.027062848,5.215559e-05,0.6875265,6.0338755e-31,0.0025105642
1969,0.73677665,0.920306,0.08666463,0.040503215,0.118943885,0.24827461,0.02285768,1.0,0.80438846,0.56073576,3.006636e-39,0.00013881655,0.38096955,1.48450905e-08,0.00043210966,7.3080344e-05,0.005523261,1.0,1.0,1.9680097e-06,1.0,0.95163494,8.954045e-28,5.0819803e-13
1970,0.6180605,0.05994424,0.0026204626,0.0026224959,0.13720986,0.99999964,0.0028496562,1.0,0.0042371973,0.046305083,1.0,0.041443232,0.1839583,1.4914274e-24,0.00015303805,1.0,0.005694165,1.8370661e-37,0.028777288,0.041352306,4.166169e-10,1.0,1.0699131e-11,0.2338554
1974,0.09390064,0.10609732,0.021198813,3.1847733e-10,0.011417376,4.2730868e-09,3.56255e-24,1.0,0.23271343,0.046305083,3.6324968e-16,2.2709888e-11,0.07631681,0.00013388645,0.47886536,1.354433e-15,0.0002572538,1.5672803e-28,0.035931535,3.5758435e-10,0.004482993,0.98572934,2.5339995e-21,1.1185621e-06
1976,0.7990367,0.10276631,0.0007482525,0.0014017313,0.00031467248,1.0,2.1311858e-05,1.0,0.13688383,0.046305083,1.0,1.082092e-06,0.3911157,4.1140338e-26,5.020478e-07,6.4948526e-11,0.000528182,1.0,0.0025632665,2.2910434e-09,1.171072e-10,1.0,1.0491686e-27,1.7589788e-06
1980,0.09390064,0.05994424,9.403733e-05,0.99994314,0.44864616,0.06543944,0.019863704,0.8433169,0.15280591,0.046305083,2.3512918e-08,0.0142059615,0.07631681,0.0024923177,0.015991647,0.00027955213,0.00016375893,1.0,0.0019824235,0.027062848,0.004143602,1.5313351e-05,6.0338755e-31,0.009950811
1986,0.09390064,0.34936154,0.011367387,0.0013207475,0.69143564,2.5817198e-15,2.1606152e-06,3.1472605e-33,0.7698726,0.76401037,1.0,7.526035e-10,0.1749142,5.1177987e-05,0.99801266,1.5436853e-17,0.00048774743,1.0,0.0019824235,5.61846e-10,6.545109e-10,1.2534519e-25,2.2458944e-32,0.3781317
1990,0.09390064,0.05994424,6.3717425e-07,0.087141156,0.44864616,0.15298349,0.016312161,1.0,0.27227858,0.046305083,1.9715749e-08,1.8978024e-07,0.13686801,0.010097686,0.0056539536,1.2849173e-15,0.00020639747,1.0,0.006572451,0.0005939479,1.7473322e-06,0.00028272136,6.0338755e-31,0.32029244
1994,0.13582136,0.05994424,4.2768525e-07,5.3910473e-08,0.19908483,1.0,0.6050598,1.0,0.0042371973,0.046305083,1.0,3.0768173e-05,0.07631681,4.561337e-05,0.0021170871,0.9998274,0.00045976057,1.0,0.0019824235,0.00012388172,5.965277e-11,0.9986505,3.106166e-10,0.23131844
1997,1.0,1.0,0.023144599,8.119801e-10,0.011417376,0.0014025143,3.56255e-24,1.0,0.23271343,0.046305083,1.7498187e-13,6.5898824e-09,0.29695275,2.6052561e-05,0.02428588,1.0,0.00022757414,1.0443398e-05,0.10617509,2.2170545e-10,2.6956113e-11,1.0,3.7123713e-14,0.07141419
1998,0.09390064,0.05994424,0.0071946867,0.0007515283,0.44722402,0.0070799375,0.016948503,1.0,0.2662358,0.046305083,7.228172e-36,6.511898e-14,0.40027294,0.00016546097,0.010902828,8.382312e-05,0.00035856894,1.0,0.02655554,1.6718956e-11,1.6869154e-11,0.9666461,1.0560753e-19,0.00027296148
1999,0.09390064,0.05994424,0.0052911346,0.00016148204,0.44864616,1.0,7.710212e-05,1.0,0.2662358,0.046305083,0.013459991,2.9008403e-05,0.66965955,0.00024690473,5.220207e-07,8.9331705e-05,0.00023012285,5.474176e-17,0.03622963,0.9540191,1.2619714e-12,1.0,6.0338755e-31,7.651007e-12
2000,0.09390064,0.10609732,0.016232856,0.1520474,0.0024129683,0.38946655,2.9610513e-23,0.010635558,0.10870308,0.046305083,8.629173e-09,9.466169e-08,0.07631681,2.0084162e-06,0.055380654,7.8394375e-09,0.0002829023,0.99999416,0.053770196,1.1289822e-12,2.3077242e-05,0.98184764,1.6244865e-14,7.457439e-07
2005,0.09390064,0.05994424,0.0037733733,0.0017444695,0.40084127,1.8400515e-06,0.010708074,2.082697e-11,0.53353196,0.046305083,3.006636e-39,9.8848936e-08,0.07631681,0.00045221322,0.0033330491,5.8115504e-08,0.00020689992,0.99999964,0.011657234,0.012360863,0.0031894348,1.1833788e-10,2.2458944e-32,0.13750285
2007,0.09390064,0.05994424,0.00047274062,0.010102606,0.32306916,7.961427e-14,0.019248234,1.0,0.79716545,0.046305083,5.0327244e-33,1.6711548e-16,0.09946193,1.3847703e-06,0.40985072,2.1342344e-19,0.00068909087,1.0,0.08643771,1.6264694e-12,3.1911335e-10,3.006636e-39,6.929715e-28,1.5430182e-08
2010,0.9985689,0.17572631,0.22753862,9.301416e-09,0.9292536,4.560236e-18,3.4334443e-27,0.99999905,0.4553679,0.046305083,0.9996319,2.7931813e-12,0.39622664,5.9471943e-25,0.6486429,1.0,0.00061769324,1.0,0.035931535,9.069841e-10,3.3116426e-16,1.0,0.9964735,0.9878669
2011,0.60267085,0.05994424,0.1879924,0.22692885,0.10759307,0.009818779,0.00020453265,8.053e-07,0.017734813,0.046305083,0.981517,1.0,0.2081817,1.7254765e-27,4.260063e-06,2.5407114e-14,0.00041567918,0.0058261044,0.054583166,9.609583e-10,0.27743718,0.99999857,1.0,7.2575303e-06
2014,0.09390064,0.10609732,0.05909275,1.9334118e-08,0.0018176205,1.0,3.56255e-24,3.4758053e-16,0.07627104,0.046305083,0.94563586,8.7430185e-10,0.12535077,5.3241666e-07,0.00037234827,1.0,0.009185835,2.2334575e-11,0.0856132,4.7619206e-09,5.3168813e-15,1.0,4.1192233e-15,0.00044656306
2016,0.41575256,0.05994424,0.0017897895,0.03788523,0.40084127,2.8582465e-09,4.4324174e-06,1.6385013e-30,0.1337816,0.046305083,2.5894647e-36,3.3692251e-09,0.07631681,0.0002509467,0.00046795342,0.008519093,0.00020689992,0.9345471,0.011657234,0.0104680685,0.23810592,4.7880515e-12,2.2458944e-32,0.0012268574
2023,0.5529831,0.073677406,6.088106e-07,5.1726987e-11,0.16224287,1.0,0.0020563675,1.0,0.0042371973,0.046305083,1.0,1.8356434e-06,0.1839583,2.3724367e-24,0.00010026573,1.0,0.00018125935,4.8038198e-24,0.011657234,2.9188004e-07,2.9362318e-12,1.0,6.0338755e-31,0.0007218853
2026,0.13582136,0.05994424,0.0033351125,0.0006886717,0.08145779,3.2384846e-06,0.016991066,1.0,0.004802452,0.046305083,1.4428589e-08,1.1910415e-06,0.07631681,7.097811e-05,0.00087872916,9.331054e-09,0.0007500816,1.0,0.0025632665,8.415917e-08,3.5755644e-07,0.0028547659,1.9829952e-15,0.0009887005
2027,1.0,0.4697083,9.825491e-05,7.369276e-09,0.0027407347,9.797914e-22,3.137432e-25,1.2786956e-18,0.52930105,0.68413407,1.0,1.0,0.8684927,4.2461337e-11,0.47695118,1.0,0.00020411126,1.0,0.4083216,1.4196036e-12,2.536985e-16,1.0,1.0,8.541652e-06
2032,0.22759107,0.05994424,0.027225317,0.0008778212,0.024507467,1.0,0.1584589,0.99983466,0.02284821,0.046305083,3.8240505e-12,1.0,0.07631681,2.2117672e-07,0.0010670059,1.0,0.0002363428,9.685871e-11,0.011657234,2.5708532e-06,1.8734667e-11,0.9999988,1.0,0.92795926
2033,0.27928856,0.05994424,0.8758677,0.0014896657,0.574614,8.478749e-09,0.0031138612,0.9994336,0.5085588,0.046305083,7.820113e-09,2.60049e-15,0.09646739,8.370931e-08,3.7861698e-06,2.8984704e-07,0.0011334724,1.8465586e-14,0.028777288,7.230491e-09,8.8463945e-11,7.8533366e-25,2.2606795e-24,0.008424374
2043,0.13582136,0.05994424,0.006538106,0.018287249,0.11270098,1.0,0.1584589,3.006636e-39,0.005590771,0.046305083,1.0,7.2153247e-16,0.07631681,5.952317e-08,9.818071e-09,1.0,0.00016375893,6.1920886e-23,0.2954565,3.6171735e-10,7.8010834e-07,0.99999845,9.764248e-13,0.00059709605
2044,0.09390064,0.10609732,0.020805791,3.7465617e-12,0.01587032,0.002502594,4.3643876e-27,1.0,0.053557195,0.046305083,0.00201188,1.8490724e-17,0.13686801,2.672026e-09,0.009956455,1.0,0.00025788002,1.3084545e-26,0.021866366,2.36578e-13,1.0,1.0,4.0229404e-16,0.060303114
2047,0.09390064,0.10276631,0.0697314,0.999987,0.37528476,6.0419516e-05,0.09830792,0.0701659,0.45347273,0.046305083,2.0215004e-19,0.0012777117,0.37135705,2.1678165e-05,0.0013074246,1.3015808e-09,0.00028715233,2.34835e-17,0.054583166,0.003592462,0.0015701851,0.6832526,7.707709e-30,3.2297242e-13
2048,0.09390064,0.05994424,0.84288025,2.467763e-05,0.44864616,8.478749e-09,0.1584589,1.0,0.34321278,0.07617714,1.8890251e-26,0.00010375492,0.07631681,0.023945836,0.0013872994,4.2644906e-08,0.00016375893,7.597445e-13,0.693617,0.00011059842,6.636827e-10,1.0,6.0338755e-31,0.06706862
2049,0.09390064,0.10609732,2.2992472e-05,6.4350293e-06,0.0076964814,1.1615556e-17,4.2605156e-23,1.0,0.10870308,0.046305083,1.0,4.3694672e-20,0.07631681,1.8912579e-06,0.0024675827,1.0,0.000342502,1.0,0.021866366,5.0964072e-12,1.3967945e-13,1.0,3.1253043e-12,0.98908603
2050,0.09390064,0.10609732,0.009810437,0.0005308631,0.0004974645,2.1676963e-06,2.2143266e-23,1.0,0.51899964,0.046305083,5.5175677e-19,1.0,0.07631681,1.8261392e-10,0.012865019,7.162956e-09,0.00036383801,1.0,0.14164153,4.308531e-13,4.003185e-06,3.842716e-16,1.0,2.6787019e-08
2051,0.13582136,0.05994424,0.3110193,0.0058639096,0.68014973,0.006339474,0.20706835,1.0,0.009278024,0.046305083,1.0,4.3707082e-13,0.07631681,0.0019893611,0.27785033,7.4493043e-09,0.00016375893,1.0,0.0016357065,2.1008341e-11,5.139858e-12,1.0216098e-07,2.2864113e-13,0.0012988949
2056,0.13582136,0.05994424,0.40244496,0.0019570794,0.08860548,1.0,0.05428251,1.0,0.0061509223,0.046305083,1.0,1.0869826e-09,0.07631681,1.0,0.00021343488,2.7749763e-07,0.00024566817,1.0,0.0016357065,1.1844272e-09,1.7148959e-06,1.5179004e-37,1.6603878e-12,0.0050009293
2060,0.09390064,0.05994424,0.0089809075,0.008650546,0.45485902,1.0985403e-06,3.682984e-06,8.9097186e-35,0.42111132,0.046305083,2.455194e-28,1.2944044e-05,0.13686801,1.566506e-05,0.00013061464,0.003192665,0.00016375893,1.9428352e-07,0.011657234,9.6405034e-05,8.506604e-07,0.99987996,9.769247e-23,7.758914e-05
2062,0.09390064,0.05994424,0.12848835,0.014168169,0.5261966,0.00021062163,0.16447337,7.965627e-07,0.56267977,0.39649582,3.8039498e-16,2.0482897e-18,0.07631681,0.0007860464,0.045652602,7.5447155e-11,0.0003827868,0.33576092,0.011657234,7.3308905e-13,3.897473e-08,1.0,8.414572e-26,0.0023695042
2064,0.09390064,0.05994424,0.005457222,0.0145656625,0.7737791,5.4878396e-06,0.00027500946,3.006636e-39,0.6235815,0.046305083,6.5579115e-38,1.1148975e-08,0.13686801,0.00011921646,0.9995233,1.2291299e-11,0.00036383801,1.0,0.007920439,0.001867717,0.00020684232,0.005379445,3.140285e-23,2.0518093e-10
2065,0.13582136,0.05994424,0.0064270217,0.21574031,0.21393079,0.3665822,0.00023062211,2.1572009e-09,0.0046493006,0.046305083,7.174106e-15,0.00059310725,0.13686801,1.3832034e-06,0.00046402414,0.0039537377,0.00016375893,8.246988e-15,0.011657234,0.9512932,3.925297e-07,4.480105e-05,3.9021664e-12,0.99981374
2066,0.09390064,0.05994424,0.003002123,0.46234834,0.40084127,1.0985403e-06,0.8524046,2.2069483e-30,0.1337816,1.0,3.006636e-39,0.0026260566,0.07631681,0.000115839895,8.188097e-05,2.1375527e-05,0.00025897025,4.862419e-10,0.011657234,0.0057039135,1.4519573e-07,1.0,2.2458944e-32,0.0036499766
2070,0.09390064,0.05994424,0.44147483,2.3267754e-05,0.7513653,0.4614908,0.1584589,2.1268452e-13,0.78953743,0.046305083,2.4947511e-29,0.0006087062,0.09646739,6.3073285e-06,0.00013487117,7.62924e-11,0.00024768634,2.3009756e-09,0.054583166,9.153771e-06,1.0,1.0,2.0707957e-28,3.2407313e-10
2071,0.17665558,0.05994424,0.14158541,0.10342579,0.29095444,5.0450808e-08,0.1584589,0.47838423,0.55465657,0.046305083,5.524356e-39,1.0,0.07631681,1.0518381e-07,0.0063137184,1.202049e-17,0.0004620395,4.6915346e-14,0.054583166,0.00015344558,0.0023287658,0.64391094,1.0,7.6786126e-11
2074,0.43052813,0.05994424,0.02895217,0.0033004044,0.21803539,0.10501985,0.1584589,1.0,0.2662358,0.046305083,3.006636e-39,1.0,0.07631681,4.161905e-07,0.0015114106,2.9441716e-09,0.00016375893,2.1319522e-05,0.011657234,3.6171735e-10,5.9526672e-09,1.36445e-06,1.0,0.0011485902
2078,0.4481009,0.05994424,3.8095203e-07,0.1969527,0.4221894,0.9999981,0.1584589,0.058646142,0.14585476,0.046305083,4.4624322e-21,0.013796467,0.07631681,0.0021274611,1.5618996e-05,2.7302328e-06,0.0009560648,2.1492254e-20,0.011657234,0.004475015,3.1930583e-07,0.92345864,6.0338755e-31,0.513434
2079,0.09390064,0.05994424,0.00014261165,0.01352198,0.063746504,0.80275387,0.03709459,0.7134505,0.14409234,0.046305083,1.0,0.00041761724,0.07631681,0.006806152,0.21985036,1.0,0.00016375893,1.0,0.0019824235,0.027062848,1.5029257e-06,1.7674163e-08,6.0338755e-31,1.0
2082,0.5116465,0.10609732,0.14979355,0.00090118224,0.0017951303,0.99998844,7.8235034e-23,0.9999354,0.10870308,0.046305083,7.557628e-05,2.149692e-07,0.1839583,6.2095955e-22,0.001820022,1.0,0.004491933,7.170899e-24,0.0856132,8.0469675e-10,1.825475e-09,0.9999995,2.6510323e-22,0.0022555366
2090,0.09390064,0.05994424,0.025546297,0.01352198,0.44864616,0.10501985,0.1584589,4.855121e-19,0.2662358,0.046305083,9.141677e-32,0.0021039026,0.07631681,0.015294579,0.00020003787,0.0035387366,0.00016375893,2.8238352e-14,0.03779956,0.2577664,0.004143602,0.84382766,6.0338755e-31,0.035993844
2092,0.09390064,0.05994424,0.07021869,0.017587764,0.5481135,0.10501985,0.1584589,1.0,0.2662358,0.046305083,8.302761e-31,1.2171834e-06,0.07631681,0.035099097,0.0045719193,1.3009712e-15,0.00023923571,0.69412893,0.011657234,3.6171735e-10,1.6223481e-09,1.17413765e-05,6.0338755e-31,0.0077615813
2096,0.09390064,0.10609732,6.1970015e-05,4.33269e-11,0.011417376,0.99999976,4.9557564e-26,3.9816588e-15,0.24340071,0.046305083,0.9999999,4.6421533e-09,0.07631681,1.1532758e-06,0.13554151,1.0,0.00022600578,1.7722026e-16,0.035931535,2.1079115e-10,1.2167882e-11,0.99999976,7.381962e-21,8.6486176e-07
2097,0.3688395,0.10276631,0.016434982,0.05678284,0.2833686,0.0014556159,0.026580019,1.2532392e-10,0.6455931,0.046305083,1.1456852e-35,0.0051672948,0.07631681,0.00014752528,0.0010574956,2.3216541e-14,0.00041925782,1.4029105e-18,0.0025632665,5.086536e-07,0.022581832,3.816316e-10,1.2709429e-27,0.00018352942
2100,0.09390064,0.05994424,0.009374186,0.00012614373,0.6289888,0.44623095,0.1584589,2.0376953e-10,0.5738356,0.046305083,3.006636e-39,0.0021039026,0.07631681,0.0015381154,0.0392285,4.6017598e-05,0.00018304498,5.344453e-16,0.011657234,0.53287894,9.249411e-06,2.1291164e-22,6.0338755e-31,0.14502943
2101,0.5529831,0.05994424,0.0021796848,1.4928924e-05,0.0050035496,0.0007547566,0.04984616,0.14535616,0.2662358,0.046305083,3.711022e-20,1.3275715e-05,0.1839583,4.959468e-24,0.0009666534,1.629906e-10,0.0007094493,3.006636e-39,0.028777288,0.0103690475,8.369101e-07,1.0,2.2458944e-32,0.0002951498
2105,1.0,0.05994424,0.0074798944,0.03247976,0.360296,1.0,0.019717736,1.0,0.006717925,0.046305083,1.0052476e-11,1.7494484e-07,0.07631681,8.42668e-06,0.46727017,2.2820579e-10,0.0005903055,1.0,0.0025632665,4.5249e-12,3.3145109e-09,2.1176955e-14,1.5320255e-10,0.00014497915
2106,0.13582136,0.05994424,0.0045705484,0.058508832,0.036838144,1.0,0.1584589,8.7986085e-10,0.0042371973,0.046305083,0.6527913,0.00013614274,0.12535077,0.00015514309,1.598234e-05,1.0,0.00046390557,7.8283393e-38,0.011657234,0.2463179,2.3677583e-05,1.0,3.106166e-10,0.013004004
2113,0.09390064,0.05994424,0.018189292,0.0006531423,0.4221894,0.10501985,0.1584589,0.41962862,0.2662358,0.046305083,3.006636e-39,0.000565924,0.07631681,0.04392902,0.15143465,1.117191e-14,0.0001898146,9.116246e-19,0.011657234,0.047195196,0.00964174,4.5123397e-07,6.0338755e-31,0.0005827198
2116,0.09390064,0.05994424,0.10771618,0.026903816,1.0,0.10501985,0.1584589,1.0,0.42111132,0.046305083,3.006636e-39,4.0996242e-17,0.07631681,0.9779082,1.0,2.9441716e-09,0.00016375893,0.001515453,0.011657234,3.6171735e-10,4.0058908e-11,1.0,6.0338755e-31,0.84333336
2120,0.09390064,0.05994424,0.044134717,0.16636553,0.13497634,8.863344e-09,1.0,1.0,0.52219325,0.046305083,1.7869824e-37,0.0049222,0.07631681,1.0,0.00071974384,4.9173387e-08,0.07654155,4.857348e-14,0.0025632665,1.18534435e-05,0.98456913,8.9256275e-30,4.364887e-27,0.00076506956
2125,0.09390064,0.05994424,0.021052908,0.0064693782,0.23957808,0.00094586506,0.022883628,1.0,0.2662358,0.046305083,2.119286e-38,1.6074216e-09,0.07631681,0.00921815,0.0007460823,5.42634e-23,0.00021591835,0.005841791,0.0025632665,6.1157185e-10,0.00037335666,3.559108e-08,4.364887e-27,0.0031896315
2130,0.16485062,0.05994424,0.80402833,0.10943767,0.27677605,0.00013866508,0.090859294,1.0,0.9981243,0.046305083,3.006636e-39,1.4001437e-06,0.07631681,9.188229e-05,2.0763753e-05,3.6872936e-24,0.0005803857,3.5161314e-32,0.012423,1.4706307e-10,1.8672664e-11,3.006636e-39,3.2675768e-28,4.0911265e-09
2136,0.09390064,0.05994424,0.020781498,0.12340915,0.274223,0.004298559,0.09566008,1.0,0.63747233,0.046305083,3.006636e-39,6.8531995e-07,0.07631681,1.8319644e-05,0.000119010416,5.870195e-19,0.00020689992,1.0,0.0025632665,1.5058374e-08,0.519073,3.962289e-18,2.207545e-31,0.0006999149
2137,0.13582136,0.05994424,3.5898152e-05,0.4044384,0.089411706,1.0,0.012890702,1.0,0.013994859,0.046305083,1.0,4.4895958e-05,0.07631681,3.736169e-06,0.45851687,1.9302063e-06,0.0002363428,1.0,0.024397263,2.4719122e-07,9.566743e-08,1.0,2.247875e-09,0.22977456
2139,0.09390064,0.05994424,0.0062413304,8.145452e-05,0.44864616,0.10501985,0.1584589,0.010175756,0.19836512,0.046305083,5.2553083e-34,4.8031165e-08,0.67393637,0.00069727184,0.028002575,3.800244e-05,0.00036144324,8.557726e-24,0.03622963,0.027062848,3.117746e-10,1.8737007e-13,6.0338755e-31,2.4121788e-05
2141,0.09390064,0.05994424,0.06569583,0.61276495,0.44864616,0.10501985,1.0,0.014240808,0.2662358,0.046305083,9.141677e-32,0.0021039026,0.07631681,0.2028031,0.0020286255,0.0013869064,0.07654155,2.3009756e-09,0.011657234,0.3391742,1.5755297e-05,0.28068012,6.0338755e-31,4.5309207e-05
2143,0.541474,0.10609732,0.0066374675,9.206939e-11,0.010656175,0.004258162,3.56255e-24,1.0,0.057161536,0.046305083,4.6469545e-13,1.0355683e-11,0.07631681,4.7081656e-05,0.025368564,1.0,0.00031633224,5.7560455e-17,0.035931535,8.448659e-09,4.5752676e-13,1.0,4.1366446e-20,0.15324093
2151,0.5033358,0.05994424,0.015895095,1.2058789e-06,0.6597156,0.03710878,0.016312161,1.0,0.34321278,0.046305083,3.006636e-39,2.954101e-12,0.13686801,4.0875824e-05,0.3596886,1.8644533e-09,0.00016375893,0.0078978855,0.011657234,8.011472e-09,8.478995e-08,9.373391e-06,6.0338755e-31,0.8685038
2156,0.09390064,0.05994424,0.10981126,0.9480475,0.15951541,0.00094586506,0.026222497,1.0,0.2662358,0.046305083,3.006636e-39,0.00015877029,0.07631681,0.013964991,0.0021279156,1.1345187e-09,0.0003096673,4.3293112e-11,0.0025632665,0.010230017,4.5892783e-05,0.43055728,4.364887e-27,0.00076506956
2158,0.09390064,0.05994424,0.0227132,0.0065061683,0.44864616,0.10501985,0.1584589,0.9805353,0.2662358,0.046305083,3.006636e-39,0.00020222082,0.07631681,7.310577e-05,0.0014613242,8.3939617e-14,0.00016375893,8.558149e-13,0.011657234,0.062055796,4.6468293e-07,1.0,6.0338755e-31,0.99825424
2159,0.09390064,0.05994424,2.9373128e-05,0.04574762,0.5261966,4.840981e-16,0.005248517,1.0,0.38976026,0.046305083,2.0246767e-07,1.0778069e-15,0.15373386,0.7818314,0.017242875,6.2786835e-06,0.000491882,1.0,0.0019824235,7.359899e-11,0.00013043106,0.99506277,2.2458944e-32,2.0282898e-06
2160,0.13582136,0.05994424,0.66468006,0.054296013,0.34869018,0.043020368,0.1584589,1.0,0.0046493006,0.046305083,0.7093474,8.259264e-05,0.07631681,0.020941148,0.11927078,0.024080196,0.00016375893,0.833541,0.0016283505,0.0007234348,2.6707874e-06,0.52362,2.2864113e-13,0.028774975
2162,0.11815516,0.10609732,0.024843046,2.487249e-10,0.011417376,1.6959513e-08,3.56255e-24,1.0,0.10870308,0.046305083,7.428903e-16,6.8695385e-08,0.07631681,2.5667103e-07,0.6719559,0.9999949,0.004491933,3.1866446e-06,0.0856132,2.2170545e-10,1.4746818e-09,0.99998415,6.322855e-20,0.067539014
2169,0.18683869,0.05994424,0.12114416,0.01352198,0.44864616,0.21963799,0.1584589,0.3784997,0.79716545,0.046305083,3.006636e-39,0.0021039026,0.07631681,0.0002264143,0.013582986,5.7366555e-07,0.00025249517,2.3009756e-09,0.054583166,0.067101225,0.99997115,0.6875265,2.0707957e-28,4.479564e-10
2171,0.89060134,0.10276631,0.05478597,0.01352198,0.44864616,0.05084429,0.1584589,0.3784997,0.7418111,0.091239415,3.006636e-39,0.0021039026,1.0,0.005432485,0.006130043,2.3397384e-10,0.00016375893,3.349935e-18,1.0,0.79923075,0.000675705,3.4507984e-06,1.9267124e-30,0.0025105642
2172,0.2331906,0.05994424,0.0048753223,0.000636728,0.2503173,6.667516e-11,0.019863704,1.0,0.013070164,0.046305083,0.99999833,0.000459235,0.07631681,2.0974369e-07,0.007094856,7.289633e-06,0.00034503933,1.0,0.009629485,3.519141e-06,1.2060263e-10,1.0204446e-12,2.2577155e-16,1.7785204e-06
2179,0.09390064,0.05994424,0.012176019,0.01352198,0.44864616,0.10501985,0.1584589,0.3784997,0.2662358,0.046305083,9.141677e-32,0.015705265,0.07631681,0.015294579,0.006130043,0.0013869064,0.00016375893,3.5051173e-09,0.011657234,0.12850448,0.004143602,0.6875265,6.0338755e-31,0.0025105642
2180,0.09390064,0.10609732,0.08866711,2.7913985e-11,0.026117986,0.2151251,3.5368608e-25,1.0,0.09122512,0.046305083,7.875183e-16,4.5206487e-15,0.07631681,1.8631587e-06,0.0032895755,9.548246e-18,0.0006861633,4.3074144e-24,0.021866366,1.1975056e-11,1.9353505e-10,0.45288065,6.431595e-20,0.00047939728
2188,0.09390064,0.10609732,0.034894552,5.4429095e-10,0.026655668,1.0,3.56255e-24,1.0,0.18841416,0.046305083,4.5963833e-09,6.709663e-16,0.07631681,1.4574651e-06,0.98290724,1.0,0.00021918798,7.769646e-22,0.020424785,6.1902545e-13,2.4961986e-21,1.0,2.7678713e-21,0.0050095115
2190,0.09390064,0.18197545,1.0,4.860119e-10,0.6264737,0.007288415,0.035518482,1.0,0.20974289,0.30965918,1.0,1.5270598e-14,0.07631681,1.0,0.4745249,1.03930215e-11,0.00040521476,0.9998517,0.0016357065,1.0134527e-11,0.00022461051,0.99999857,9.509912e-30,3.3969136e-06
2192,1.0,1.0,0.2057049,1.9012146e-10,0.030052291,1.0,3.56255e-24,2.598958e-05,0.22013205,0.046305083,8.537778e-15,1.4282682e-11,0.60708815,4.802311e-06,0.049967192,1.0,0.00041070167,0.98317635,0.94158095,7.3335546e-11,1.5541347e-13,1.0,2.7678713e-21,0.013278535
2193,0.7153987,0.4697083,0.00045350872,6.0051244e-09,0.00018824096,0.999821,3.7927427e-27,0.0005618655,0.84209174,0.7540616,1.0,2.7883965e-08,0.16745935,3.9877403e-22,0.20857202,1.0,0.00029954064,1.0,0.26615354,1.3079936e-10,7.466762e-12,0.99928147,3.573645e-08,0.0001954815
2196,0.18312137,0.05994424,0.018141005,0.049646,0.451603,8.022767e-06,0.9961661,1.0,0.3350658,0.046305083,7.9125155e-25,0.00012303141,1.0,1.0,1.0,5.7366555e-07,0.0005119548,5.753923e-11,0.054583166,0.0008372092,4.071612e-06,4.5814423e-09,7.707709e-30,1.3544511e-11
2198,0.7392477,0.10609732,1.9989028e-07,9.212556e-08,0.020208525,0.9932619,3.8986717e-26,0.00019603176,0.08964106,0.046305083,1.0,9.985988e-09,0.35768265,6.4254576e-22,0.029408861,1.0,0.00045099415,1.0,0.035931535,9.2986435e-10,6.4296293e-21,1.0,1.0,1.7334947e-06
2200,0.16888583,0.10609732,0.00040685092,9.487977e-10,0.0032429688,1.0,3.56255e-24,4.6895154e-24,0.26650676,0.046305083,0.19549322,2.1959663e-09,0.07631681,7.399921e-05,0.017806292,1.0,0.00053259445,1.2004555e-30,0.7581006,9.724671e-07,4.561039e-17,0.99993634,0.72991323,0.0017053199
2203,0.09390064,0.05994424,3.801009e-05,0.18877012,0.40084127,2.7350886e-09,0.073902875,6.1639996e-22,0.5085588,0.046305083,1.8538018e-12,3.1374704e-05,0.07631681,0.005550443,0.09272855,6.589982e-13,0.0002595383,1.0,0.0019824235,0.000111791465,2.8473194e-06,2.7318288e-21,6.0338755e-31,1.4489473e-07
2204,0.18312137,0.05994424,5.489534e-07,0.10349731,0.19070745,2.1123927e-31,0.1262984,2.5271289e-05,0.14585476,0.046305083,3.1827615e-15,6.430293e-06,0.07631681,0.00025512485,0.0051741134,2.960289e-19,0.00036149906,2.5863688e-18,0.0025632665,3.62279e-12,1.7950837e-09,3.006636e-39,1.6246673e-28,1.6782742e-06
2205,0.09390064,0.05994424,0.0004950412,0.9646573,0.40084127,3.5327927e-15,0.004045827,0.8388415,0.2662358,0.046305083,1.1443919e-28,1.1348931e-07,0.07631681,0.00034929838,9.345715e-05,1.0157367e-05,0.0007356226,5.29138e-14,0.0040805847,1.0895305e-07,1.146754e-07,0.52981144,2.2458944e-32,0.00025674782
2207,0.55234724,0.10609732,1.8327835e-06,1.2040629e-11,0.05740426,1.0,4.196134e-27,3.006636e-39,0.054282483,0.046305083,1.0,6.1066063e-09,0.61205107,6.955157e-23,0.010813306,0.99999726,0.00038245667,1.0,1.0,2.1079115e-10,1.125727e-19,3.977536e-27,7.211268e-19,0.00045652324
2219,0.09390064,0.11247053,0.30095208,0.021537943,0.5512113,4.079952e-09,0.019863704,2.804364e-09,0.9998652,0.39649582,5.025741e-18,1.298215e-07,0.07631681,1.0,0.37327737,1.2950637e-08,0.00016375893,1.0,0.0019824235,0.35623884,1.8542374e-06,0.00020704536,2.2606795e-24,0.0008053186
2222,0.09390064,0.10609732,0.0816593,0.000561737,0.005463942,5.913402e-07,2.6937035e-23,3.006636e-39,0.37362218,0.046305083,8.858863e-13,1.24604e-08,0.07631681,0.00034449223,0.494513,1.0,0.00034515763,0.9999994,0.035931535,3.4845995e-13,3.8561346e-10,1.0,8.0626133e-16,0.00064676494
2224,0.792447,0.10276631,0.08535024,0.060890738,0.44864616,3.7332426e-09,1.7739804e-06,0.6774834,0.2662358,0.046305083,8.636903e-15,3.278683e-05,0.07631681,0.00080239243,0.16147433,8.3939617e-14,0.00016375893,0.9999969,0.011657234,0.13033402,1.7528586e-07,3.4646608e-15,2.2606795e-24,2.5551424e-05
2235,0.09390064,0.05994424,0.004389714,0.01352198,0.44864616,0.10501985,0.1584589,6.093701e-21,0.1337816,0.046305083,3.1333614e-35,3.183575e-05,0.07631681,0.0025208257,2.784996e-05,0.0013869064,0.00016375893,2.3009756e-09,0.011657234,0.0056342874,0.0006738337,0.32359278,6.0338755e-31,2.5441414e-06
2242,0.41575256,0.05994424,0.014106541,0.06266947,0.48966935,0.00094586506,0.035078015,1.0,0.2662358,0.046305083,3.006636e-39,4.444739e-17,0.07631681,0.86626065,0.9302345,6.4668094e-17,0.00020639747,0.99999046,0.0025632665,4.3010331e-10,1.2866909e-06,1.2210421e-06,1.2709429e-27,0.06741475
2243,0.43872625,0.05994424,0.005690659,0.474878,0.010965409,1.0,0.69153696,1.0,0.0753938,0.046305083,1.0,1.291153e-06,0.07631681,1.5764975e-08,7.9429476e-08,1.0,0.00058090896,1.0,0.012423,7.755763e-05,0.0012978023,0.010130699,5.132236e-12,5.492571e-07
2247,0.09390064,0.05994424,0.013190507,0.01937698,0.23957808,0.9997559,0.026580019,5.919088e-39,0.6031948,0.046305083,2.787398e-37,7.3885803e-07,0.07631681,0.0093727745,0.00013177595,9.247603e-13,0.00019582067,8.1291936e-17,0.0025632665,8.250308e-11,1.0,1.6755594e-16,3.1538081e-27,0.4157299
2255,0.09390064,0.05994424,3.0859563e-05,0.9999993,0.23011382,1.0,0.9911141,1.0,0.013546019,0.046305083,1.0,0.011544043,0.07631681,0.050311785,0.0028647382,1.0,0.00046432792,1.0,0.0019824235,0.14687587,0.15264413,0.81826,6.0338755e-31,0.0027737063
2257,0.6371818,0.10609732,0.0013236123,6.6050293e-10,0.00016702361,0.02351472,3.7927427e-27,3.006636e-39,0.11918608,0.046305083,1.0,9.607406e-09,0.07631681,3.8745807e-10,0.064540714,1.0,0.0007078389,1.0,0.035931535,1.5974967e-10,5.3933236e-22,1.0,0.5838967,2.0466189e-06
2261,0.09390064,0.05994424,0.012176019,0.5529176,0.44864616,0.10501985,0.9995983,0.3784997,0.2662358,0.046305083,9.141677e-32,0.0080826925,0.07631681,0.031463105,0.24855141,0.0013869064,0.0006491235,2.3009756e-09,0.011657234,0.04238213,0.004143602,0.6875265,6.0338755e-31,0.0025105642
2265,0.17665558,0.05994424,2.3286202e-07,0.017362464,0.44864616,0.10501985,0.1584589,0.025754608,0.14585476,0.046305083,1.6873569e-14,1.3642442e-06,0.07631681,0.0066593634,0.006687034,2.6264859e-06,0.0003506254,2.1492254e-20,0.011657234,0.004475015,0.047055934,0.92345864,2.5549659e-28,0.0025105642
2274,0.09390064,0.05994424,0.018041467,0.9999902,0.2480152,0.00094586506,0.02285768,1.0,0.59347665,0.046305083,4.2059523e-37,1.3699479e-07,0.07631681,0.0057747653,0.0020450233,2.778858e-10,0.00019582067,1.7350531e-09,0.0025632665,1.6592228e-08,0.037398644,0.1396544,1.2709429e-27,0.18404783
2277,0.09390064,0.05994424,0.9986609,0.011611318,0.5325163,1.5045304e-06,0.7256943,5.6188733e-38,0.99082804,0.046305083,8.095373e-39,1.6409588e-16,0.7547194,4.7548846e-07,0.00011639541,0.0024058702,0.00018636235,4.4691146e-07,0.28922525,9.6886235e-11,1.0,0.0015265049,2.2458944e-32,1.9073805e-06
2278,0.09390064,0.10609732,4.7962803e-05,2.758406e-10,0.014482881,7.946279e-16,2.7445264e-24,0.10164673,0.34954637,0.046305083,0.9999968,8.2773566e-11,0.07631681,0.00026578418,0.07309211,1.0,0.00046112644,1.0,0.20704666,1.0075661e-08,3.4021945e-11,0.9999999,4.5650282e-07,7.741505e-12
2279,0.09390064,0.05994424,0.012176019,0.01352198,0.44864616,0.10501985,1.0,0.08880524,0.2662358,0.046305083,9.141677e-32,0.0021039026,0.07631681,0.047905922,0.006130043,0.0013869064,0.0030595744,2.3009756e-09,0.011657234,0.027062848,0.004143602,0.6875265,6.0338755e-31,0.0025105642
2282,0.09390064,0.21755613,0.00024076451,1.839423e-10,0.011417376,0.0015993775,3.56255e-24,1.0,0.7172204,0.20450345,1.933666e-12,2.7883965e-08,0.29695275,2.6894151e-05,0.01614641,1.0,0.0003435973,4.547275e-19,0.9831418,2.6825576e-11,7.754555e-12,1.0,1.3383711e-17,7.873758e-08
2285,0.9968849,0.05994424,0.025546297,0.024340969,0.1438104,0.071882464,0.1584589,6.681708e-27,0.2662358,0.046305083,8.775667e-28,1.0,0.07631681,8.68194e-08,0.0969579,0.0008658411,0.00016375893,1.0,0.03779956,0.027062848,6.441529e-08,6.972021e-09,1.0,0.18065241
2289,0.09390064,0.05994424,1.0,0.01352198,0.1438104,0.10501985,0.1584589,0.47838423,0.6395603,0.046305083,2.8988465e-05,1.0,0.07631681,2.2223952e-08,0.18704104,7.9706047e-07,0.00016375893,0.028436596,0.0016357065,0.61256665,7.2049296e-08,0.6875265,1.0,0.006557011
2293,0.17665558,0.05994424,0.013008454,0.008883832,0.5004057,1.7878901e-10,0.0026124723,0.3784997,0.2662358,0.046305083,1.6296851e-10,0.0021039026,0.07631681,0.00014443921,0.015873687,1.1092458e-06,0.00031149542,4.2793538e-19,0.011657234,0.004241853,1.2003958e-05,6.7113253e-09,6.0338755e-31,7.928831e-07
2297,0.09390064,0.10609732,0.061419215,2.808488e-11,0.011417376,0.47947988,3.7992354e-24,1.0,0.10870308,0.046305083,0.9906517,2.7883965e-08,0.07631681,6.062663e-06,0.013608528,0.99998033,0.00020411126,0.123930186,0.035931535,2.2170545e-10,2.8672118e-09,0.99991286,6.187261e-19,2.019294e-06
2307,0.09390064,0.05994424,0.012176019,0.37302592,0.44864616,0.10501985,0.9993862,0.3784997,0.2662358,0.046305083,9.141677e-32,0.0080826925,0.07631681,0.42740774,0.006130043,3.2730364e-12,0.00035792767,2.3009756e-09,0.011657234,0.6027099,0.3752918,0.6875265,6.0338755e-31,0.0025105642
2309,0.13582136,0.05994424,0.004236036,0.71037495,0.05933801,0.02097355,0.018199692,1.0,0.0069186734,0.046305083,4.3716595e-09,0.0001667604,0.07631681,0.0003092519,2.9066527e-05,5.421257e-06,0.00027511668,7.6071733e-06,0.0084867235,1.5696088e-08,8.0722944e-05,3.468824e-09,1.1764591e-07,0.005670561
2322,0.47461885,0.10276631,0.0048985346,0.3941856,0.043646276,0.012479993,0.0031138612,1.0,0.0050841863,0.046305083,2.7180512e-13,1.0,0.07631681,4.1452827e-10,6.7849855e-05,8.016044e-05,0.00048703657,1.3381501e-08,0.011657234,0.29620028,1.0,0.51221204,1.0,0.14257395
2324,0.09390064,0.05994424,6.316905e-05,0.00013786888,0.21322963,0.017762227,0.043851122,1.0,0.97354895,0.046305083,0.16706394,1.3208981e-07,0.07631681,1.5654498e-08,0.10850859,9.9659374e-08,0.0007173045,1.0,0.0019824235,1.1677898e-08,0.019605424,1.0,1.0491686e-27,7.950419e-08
2326,0.4653587,0.05994424,0.80049086,0.29166642,0.21638317,1.0,0.9998293,1.0,0.5746312,0.046305083,1.7969942e-05,6.211491e-05,0.39091608,1.6592323e-23,6.629351e-05,0.98153186,0.003260667,3.341537e-18,0.08628662,0.049546856,1.4702387e-07,1.0,2.2606795e-24,8.415462e-05
2327,1.0,1.0,0.35702184,0.01352198,0.1438104,0.4614908,0.1584589,1.0154918e-06,0.45347273,0.046305083,2.6902614e-32,1.0,0.07631681,9.780274e-10,0.006130043,5.7366555e-07,0.00022373887,2.3009756e-09,0.9931345,0.027062848,0.0150741,0.7881814,1.0,7.973886e-11
2336,0.09390064,0.05994424,0.1959143,0.07212548,0.4221894,0.10501985,0.1584589,0.44822693,0.2662358,0.046305083,1.618657e-32,0.007106609,0.07631681,0.015294579,0.08163766,7.3297116e-07,0.00023338295,3.87252e-05,0.1025287,0.027062848,0.004143602,0.6875265,6.0338755e-31,0.001348323
2341,0.09390064,0.10609732,0.08392601,1.9120598e-09,0.011417376,1.0,3.56255e-24,0.96210194,0.10870308,0.046305083,2.4670967e-22,4.4404623e-12,0.07631681,2.2738826e-05,0.6576273,0.9775328,0.00022600665,7.668333e-07,0.053770196,3.4912354e-11,7.369882e-16,0.99999535,1.5293768e-18,0.0043563927
2343,0.13582136,0.05994424,2.4292413e-07,0.14210008,0.06795589,2.9651373e-08,5.116852e-05,1.0,0.004850871,0.046305083,0.4048398,0.0002781309,0.07631681,2.2778286e-05,4.500226e-06,3.096737e-07,0.004995748,4.2642358e-17,0.0064144097,2.7921416e-09,0.31498152,7.5666736e-31,8.0733135e-11,0.0019193763
2349,0.32711187,0.05994424,0.0105751725,0.006283152,0.2762037,0.99703884,0.025539387,1.0,0.56454206,0.046305083,3.006636e-39,2.8157422e-13,0.24814984,0.0013303441,0.00033399826,5.8323194e-18,0.0003220101,1.0,0.0025632665,1.2616701e-09,1.0,3.006636e-39,1.7667042e-28,0.34348685
2352,0.5529831,0.05994424,0.0011842889,0.0005553309,0.031484626,2.439209e-05,0.0020563675,1.0,0.15280591,0.046305083,2.6396457e-10,6.608678e-08,0.1839583,5.043048e-24,9.91951e-07,0.004749077,0.00016375893,3.006636e-39,0.011657234,0.0007234348,0.004143602,1.0,6.0338755e-31,5.612365e-05
2353,0.09390064,0.05994424,0.0058805165,0.118126824,0.14560603,0.00094586506,0.022883628,1.0,0.2662358,0.046305083,4.2059523e-37,0.007106609,0.07631681,0.99628854,1.0,2.5951687e-11,0.00022697668,2.09036e-09,0.0025632665,3.8068075e-07,0.049422823,0.0685118,4.364887e-27,0.00041055706
2355,0.13582136,0.05994424,0.05161999,7.936408e-05,0.3119386,0.02129389,0.019863704,0.99998295,0.041436803,0.046305083,2.8133392e-05,1.6218289e-12,0.07631681,3.4598506e-06,0.0078012445,3.9027072e-13,0.00016375893,1.0,0.0019824235,3.0615166e-10,1.1127497e-08,1.0,3.106166e-10,0.9999887
2356,0.58696765,0.05994424,0.023772016,0.0033610526,0.004787089,0.00015084173,0.00018143833,1.0,0.9079209,1.0,2.329075e-21,1.169407e-10,0.3019916,8.2543107e-25,4.4985736e-06,0.11771439,0.00031627432,7.0652127e-26,0.011657234,0.0010446317,0.0014946237,0.9330195,2.4422514e-32,0.00010179646
2359,1.0,0.05994424,0.017866628,0.024635753,0.27116138,0.9998883,0.017761031,1.0,0.2662358,0.046305083,5.996187e-35,1.3365901e-10,0.07631681,0.00862115,0.0016273725,3.4322727e-12,0.00020689992,0.9998221,0.0025632665,8.997418e-11,0.00022645078,6.136769e-19,1.7667042e-28,0.101723954
2361,0.09390064,0.05994424,0.010500346,0.01352198,0.63516456,0.05084429,0.016312161,1.0,0.40871075,0.046305083,3.006636e-39,0.0003914773,0.13686801,2.1318172e-06,0.00021384045,8.753771e-06,0.00024505384,2.0605275e-06,0.011657234,0.00015344558,5.1916045e-12,5.798169e-14,6.0338755e-31,0.065054074
2365,0.09390064,0.05994424,0.000109090324,0.010060387,0.06106265,1.0,5.3476992e-06,0.99999917,0.6136719,0.046305083,1.0,1.0,0.31839174,7.232404e-10,0.421951,2.3397384e-10,0.0005005119,1.0,0.0016357065,1.985747e-11,4.6801108e-11,1.0,1.0,0.00036771502
2368,0.17665558,0.05994424,0.87777466,0.9999815,0.21803539,0.4614908,0.1584589,1.0,0.7140417,0.046305083,3.569899e-30,1.0,0.07631681,1.4748006e-08,0.0023216202,1.644737e-17,0.0005351609,0.0009953475,0.054583166,2.0560503e-08,0.00071399566,4.218614e-05,1.0,1.05012816e-07
2371,0.4411844,0.10609732,0.0022278298,2.1930026e-13,5.5897337e-05,3.663286e-08,2.821179e-23,1.0,0.11311658,1.0,5.0609495e-25,3.28748e-10,0.4029905,5.6099824e-24,0.008490387,7.210852e-09,0.00022592307,3.006636e-39,0.035931535,1.0040874e-09,6.159601e-23,0.95070636,2.8356909e-12,6.5683314e-05
2376,0.67713094,0.05994424,0.01972927,0.0012875893,0.049415622,1.0,3.4181674e-05,0.0024230024,0.008459118,0.046305083,0.9993892,2.8463698e-13,0.23833872,3.4796217e-26,6.218609e-05,1.0,0.0012923281,6.2092973e-34,0.028777288,3.6171735e-10,8.4860746e-10,1.0,2.2606795e-24,0.0011576081
2382,0.09390064,0.05994424,0.16022713,0.06861266,0.44864616,0.10501985,0.1584589,0.3784997,0.2662358,0.046305083,1.3245106e-32,0.0021039026,0.07631681,9.168605e-06,0.006130043,2.0773597e-05,0.0002096101,3.6282377e-09,0.011657234,0.06942257,1.0,0.6875265,6.0338755e-31,0.9999999
2383,0.13582136,0.10609732,0.00048002973,0.00012143022,0.0012570944,1.970182e-05,2.0147987e-23,0.00073349423,0.10401439,0.046305083,3.275203e-06,1.5113728e-09,0.07631681,5.5090466e-09,0.0027769315,1.0,0.00024407149,1.0,0.048885982,8.183161e-13,7.378895e-13,0.9970175,0.8345181,4.321474e-06
2384,0.09390064,0.10609732,0.28948885,2.137644e-08,0.0138779655,0.0016522857,3.915353e-24,0.00026381493,0.10870308,0.046305083,3.3534218e-09,4.434973e-14,0.07631681,1.5694254e-06,0.5413013,3.0967052e-11,0.00025788002,0.99998987,0.13051322,3.360804e-13,0.00020984048,0.971438,3.246617e-20,0.0006998262
2385,0.4839726,0.05994424,0.007667997,0.028414233,0.02726747,4.435495e-15,0.00020453265,3.7476133e-34,0.074282445,0.046305083,0.42941833,1.1422904e-08,0.1839583,1.4832863e-23,0.000487852,1.0737341e-07,0.0003618775,2.1820705e-21,0.011657234,0.0031238133,6.285426e-08,1.0,3.9521226e-14,0.36688596
2393,1.0,1.0,0.011673062,0.68982285,0.03445265,1.0,7.710212e-05,1.0,0.005883843,0.046305083,1.0,0.0031847109,0.07631681,0.0013098995,0.009338921,1.0,0.00018161781,2.9258016e-26,0.011657234,0.046594977,2.8226893e-07,0.0028946274,2.2864113e-13,0.4251632
2394,0.09390064,0.05994424,0.033445835,0.25113565,0.23423387,7.861388e-13,0.04904474,1.0,0.87425977,0.046305083,3.7194544e-35,4.7437978e-17,0.09646739,0.0030236219,0.0017685335,2.3221497e-18,0.00048205623,1.0,0.0064144097,1.8007995e-10,0.015003328,2.8946961e-10,4.2745196e-21,0.028308315
2396,0.51646733,0.10276631,0.0032925443,0.7200173,0.140321,3.7622927e-09,0.09830792,1.0,0.0046493006,0.046305083,5.8960864e-10,0.0017245624,0.07631681,8.00154e-05,1.641661e-05,1.5385017e-15,0.00023923571,2.0263755e-31,0.2564673,0.04698081,1.0,1.0,9.691954e-14,0.39909104
2403,0.09390064,0.14426152,0.8609029,0.00031205482,0.4221894,0.99787176,0.1584589,0.016899593,0.7477383,0.1314709,3.006636e-39,0.007106609,0.07631681,1.4920357e-05,0.006130043,6.279218e-12,0.0002593357,3.349935e-18,0.9042608,0.9050429,0.004143602,3.4507984e-06,2.0707957e-28,1.6311303e-11
2408,0.21586333,0.05994424,1.272608e-06,0.0021321257,0.4003357,1.0524928e-25,0.0823745,1.0,0.19169314,0.046305083,1.0,8.599296e-07,0.107472874,0.00032139212,0.000189171,3.9370587e-11,0.0010599883,1.0,0.0064144097,1.8043735e-12,7.081656e-08,0.8929973,2.207545e-31,4.091069e-06
2409,0.13582136,0.10609732,2.03567e-05,0.0001173515,0.0024888655,1.5106578e-28,1.215046e-23,1.0,0.41363662,0.046305083,1.0,1.3176708e-11,0.2309254,1.3094343e-09,0.02348455,1.0,0.00031458758,1.0,0.03261185,2.6614865e-13,1.3415044e-17,2.8222862e-24,1.0,1.0
2416,0.5529831,0.05994424,1.8760304e-07,0.010377888,0.26611063,1.2305398e-07,8.438272e-07,1.6909499e-17,0.1337816,0.046305083,0.92455536,0.00023206181,0.1839583,3.3424317e-24,2.3571106e-06,3.212027e-08,0.00016375893,3.006636e-39,0.011657234,0.013947477,0.000252966,1.0,6.0338755e-31,0.15416555
2419,0.09390064,0.10609732,0.00081129826,5.0093558e-11,0.011417376,0.9999778,3.137432e-25,2.511889e-24,0.17674291,0.046305083,0.9244537,4.0975748e-10,0.13686801,7.598378e-06,0.06278598,1.0,0.00020411126,1.0,0.03261185,2.054677e-09,2.7590347e-23,3.840472e-17,2.7678713e-21,0.0036078016
2421,1.0,1.0,0.086687736,0.97390544,0.44864616,0.002905349,0.018350748,4.321192e-08,0.37259588,0.046305083,4.6279365e-32,3.7387577e-09,0.09646739,0.0069686673,0.0053836205,0.0012885873,0.00022095728,0.9999999,1.0,0.037010416,6.909146e-05,0.06426298,2.4422514e-32,3.517773e-05
2426,0.13582136,0.42933095,0.99988186,0.07730406,0.07042578,0.026305659,0.1584589,1.8978219e-19,0.0069186734,0.6948188,8.444992e-26,1.0,0.14227797,4.7462514e-09,0.007496455,4.1093317e-17,0.0002168916,2.5717999e-09,0.99907994,1.4005134e-09,4.4638316e-12,0.9997614,1.0,0.26914263
2427,0.09390064,0.05994424,0.01942496,0.095423765,0.670493,0.57808626,0.1584589,5.764104e-19,0.2662358,0.07617714,2.4016093e-33,0.002120534,0.07631681,0.0020402747,0.085771754,6.197789e-07,0.0001898146,2.3009756e-09,0.12865655,0.006613951,1.0,0.52990276,6.0338755e-31,2.4306011e-05
2428,0.6177631,0.34936154,0.9918251,1.8161877e-06,0.0135623915,0.00070869445,0.024717148,3.006636e-39,0.9742959,1.0,1.0,9.301154e-12,0.42773333,2.112749e-22,1.9051406e-08,7.411706e-20,0.00026169384,3.006636e-39,0.03779956,0.005164863,0.00028665588,1.0,9.764248e-13,0.5760476
2430,0.41575256,0.24483262,0.4217653,0.0032541815,0.44864616,0.002905349,0.018350748,0.06607071,0.537963,0.6212604,7.3648394e-34,4.8697366e-08,0.1749142,0.0063370895,0.0154584795,0.005281431,0.00022095728,1.0,0.8906279,0.0013688887,0.1815767,0.05336231,2.4422514e-32,0.0010230552
2433,0.3929468,0.10609732,2.7761648e-06,3.91622e-09,0.005476721,1.0,3.7992354e-24,1.0,0.28384778,0.046305083,1.0,1.4357461e-08,0.07631681,1.0571438e-07,0.008800854,0.78651977,0.00020411126,4.6474505e-13,0.035931535,2.3157282e-10,1.6863629e-10,1.0,9.228837e-13,1.8403378e-07
2437,0.51905054,0.10609732,2.0782612e-05,1.4055276e-10,0.0165598,1.0,3.56255e-24,1.0,0.056746874,0.046305083,0.9999999,4.5663737e-10,0.20869869,2.6799539e-08,0.09850245,1.0,0.0049307295,3.1899594e-21,0.0856132,8.405076e-11,6.4922974e-16,1.0,1.4853091e-10,2.7896239e-09
2443,0.09390064,0.38540047,0.98868537,0.010377888,0.44864616,0.04803421,0.1584589,0.7139303,0.9736457,1.0,3.88173e-31,0.0002567182,0.1749142,0.00094049616,0.005112269,1.587429e-16,0.00031440798,2.1310468e-14,0.011657234,0.071858786,0.062175736,6.6175124e-07,6.0338755e-31,3.4311524e-05
2448,0.48398104,0.10276631,3.6890472e-07,0.08069227,0.44864616,0.10501985,0.0026124723,5.98763e-15,0.14585476,0.046305083,6.437198e-18,0.001937764,0.07631681,0.0008614344,0.0006362482,1.13304365e-13,0.00020639747,7.586123e-24,0.011657234,5.1220715e-05,8.7583544e-07,0.6875265,2.5549659e-28,0.012653138
2454,0.09390064,0.05994424,0.0052869604,0.030956013,0.56737256,2.2004654e-09,0.009510287,0.037436664,0.2662358,0.046305083,4.11658e-39,3.5584082e-16,0.13686801,7.7921024e-05,0.0006494404,3.4570652e-10,0.00022095728,1.0,0.011657234,6.112523e-10,0.0101623405,0.00048619605,2.2458944e-32,0.15441236
2460,0.09390064,0.05994424,0.00027705057,4.1172956e-05,0.71659166,0.46329597,0.019863704,0.0003135653,0.543606,0.046305083,0.99984705,3.2061693e-12,0.24536146,0.00094725355,0.79539996,5.033515e-13,0.00020155843,1.0,0.0019824235,3.6171735e-10,1.0816288e-08,1.2037661e-05,6.0338755e-31,1.1056633e-06
2461,0.09390064,0.05994424,0.012176019,0.030929074,0.44864616,0.10501985,0.1584589,0.3784997,0.2662358,0.046305083,9.141677e-32,0.0021039026,0.07631681,0.015294579,0.009713768,3.204183e-05,0.00016375893,2.3009756e-09,0.011657234,0.027062848,0.004143602,0.6875265,6.0338755e-31,0.0025105642
2466,0.09390064,0.05994424,0.012176019,0.5529176,0.6653214,0.10501985,1.0,0.3784997,0.2662358,0.046305083,9.141677e-32,0.0080826925,1.0,0.016262433,0.0041446215,1.2347955e-05,0.00025897025,2.3009756e-09,0.011657234,0.00024412782,0.004143602,0.24799511,6.0338755e-31,0.0011972266
2469,0.13582136,0.05994424,0.011688552,0.21574031,0.18106374,0.0058448105,0.1584589,1.0,0.007587252,0.046305083,5.018682e-10,0.0040304405,0.07631681,0.0001236642,0.00016590046,0.0053309253,0.00016375893,8.246988e-15,0.2564673,0.027062848,2.422184e-06,0.30753493,3.9021664e-12,0.046418566
2472,0.09390064,0.05994424,0.012176019,0.01352198,0.44864616,0.10501985,0.1584589,1.0,0.33826318,0.13643548,1.8128655e-32,0.0021039026,0.07631681,0.0034961677,1.4510714e-05,0.0013869064,0.00016375893,9.5708563e-14,0.04244934,0.027062848,1.5571655e-05,0.6875265,6.0338755e-31,0.0005070558
2475,0.09390064,0.32243612,0.6570287,5.5033986e-05,0.44864616,1.7878901e-10,0.1584589,0.9988385,0.8205771,0.7178247,7.037033e-16,4.027776e-05,0.21503748,0.0026892766,2.9217457e-05,3.8788627e-07,0.004402129,8.0831244e-12,0.46424145,0.027062848,4.5071307e-08,0.6875265,2.5549659e-28,2.895649e-06
2479,1.0,0.10609732,0.5182979,1.0923429e-09,0.017171422,1.0,5.4465087e-19,1.1809456e-33,0.988952,0.046305083,1.0,1.8518336e-12,0.07631681,2.5724878e-08,0.00026933302,1.0,0.00038245667,1.0,0.17798871,1.3602134e-12,4.345962e-20,1.0,1.7974014e-15,7.0640164e-07
2482,0.1233277,0.10609732,0.0076986114,4.92612e-10,0.011417376,1.0,1.0,0.16871743,0.10870308,0.046305083,1.4457167e-14,2.9910302e-10,0.07631681,1.0,0.035704155,1.0,0.009278843,0.011566711,0.035931535,2.4145164e-10,2.9836134e-09,1.0,1.120306e-22,0.0016629392
2489,0.09390064,0.05994424,0.0059091165,0.99553764,0.4221894,0.10501985,0.1584589,0.9999999,0.2662358,0.046305083,7.510026e-23,0.0001394623,0.07631681,0.015294579,0.0027197616,7.3297116e-07,0.0001898146,1.0,0.0016357065,0.027062848,5.215559e-05,2.0230188e-13,6.0338755e-31,0.00027206665
2490,0.09390064,0.05994424,0.009123456,0.002643427,0.66333956,5.4483254e-12,0.1584589,0.3784997,0.2662358,0.046305083,6.8551557e-34,6.8531995e-07,0.07631681,0.13101266,0.08190539,1.0844573e-07,0.00020689992,0.9999999,0.011657234,0.00013623963,0.4730969,0.4519825,2.4422514e-32,0.020713607
2491,0.29634848,0.17572631,0.007505283,2.0538868e-08,0.0031282369,1.0,3.5368608e-25,1.0,0.056746874,0.046305083,0.9999497,1.3093839e-10,0.09646739,4.1360316e-05,0.041687388,0.00094449,0.00025788002,3.3767864e-34,0.035931535,5.7749805e-10,2.360554e-11,1.0,8.895984e-08,1.5470104e-06
2493,1.0,1.0,0.0041571497,2.6775728e-08,0.025322802,5.894601e-14,2.1327992e-06,0.9903989,0.90212095,0.046305083,1.0,1.44374296e-11,0.2081817,4.709464e-26,0.00012945542,0.9954927,0.00040150975,6.5163145e-16,0.83999395,6.92594e-08,1.3440649e-06,0.45434904,8.414572e-26,4.805917e-06
2494,0.13777927,0.05994424,0.0058805165,0.9633796,0.15951541,0.9999633,0.023642795,1.0,0.2662358,0.046305083,1.0906343e-34,0.078795716,0.07631681,0.016194658,0.0010647497,8.537162e-07,0.0002507862,1.1126841e-19,0.0025632665,1.2493808e-06,0.051809054,0.31467858,4.364887e-27,0.041934986
2496,0.09390064,0.10609732,0.104493745,2.487249e-10,0.011417376,1.6959513e-08,3.56255e-24,1.0,0.876275,0.046305083,1.9922651e-18,2.817569e-09,0.07631681,1.6888622e-05,0.028519142,0.998985,0.00020411126,1.8464893e-09,0.035931535,2.2170545e-10,1.4746818e-09,0.99991286,3.7916712e-20,0.0004208058
2497,0.09390064,0.10609732,0.0023335835,2.9095839e-08,0.008644447,4.8197917e-06,3.550367e-24,1.0,0.4217961,0.046305083,1.0,5.78236e-12,0.13686801,3.7900256e-11,0.011966391,1.2243548e-05,0.0003973885,1.0,0.49644148,2.5036715e-09,7.41293e-18,0.47344065,1.385962e-20,6.913184e-10
2502,1.0,0.20585684,0.9941723,3.471265e-05,0.0022645073,3.1964317e-26,5.624771e-23,1.0,0.99944216,0.79057515,1.0082601e-06,1.8297862e-10,0.07631681,1.592816e-08,0.19823541,1.0,0.0006264127,1.0,0.99702185,2.1614117e-11,8.9164147e-13,1.0,0.0022987735,3.0644026e-06
2504,0.09390064,0.10609732,0.0085910475,0.0019503197,0.0022097803,1.3619962e-13,1.02597817e-22,1.0,0.14479572,0.046305083,2.386816e-31,2.9406344e-10,0.07631681,0.00017226167,0.01765617,4.470406e-07,0.0004586201,8.797897e-19,0.035931535,1.260795e-12,9.882217e-08,1.1885646e-27,1.2850692e-15,2.6435022e-05
2511,1.0,0.10609732,0.005847784,0.0005994239,0.0033819086,1.0,3.56255e-24,3.006636e-39,0.050610077,0.046305083,1.0,7.7849976e-11,0.07631681,5.8461564e-09,0.01942526,0.17828025,0.0007951008,2.1573218e-15,0.035931535,2.7988586e-10,1.0,1.0,0.00034071243,5.182182e-07
2512,0.09390064,0.05994424,0.52563566,0.049741976,0.44864616,0.10883321,0.99037385,8.796123e-18,0.9939393,0.046305083,3.006636e-39,1.9207987e-10,1.0,1.0,0.0002127088,7.450593e-07,0.00031247817,1.0,0.03779956,0.00018161365,0.006394959,2.171049e-07,2.4422514e-32,0.0083401855
2520,0.09390064,0.05994424,0.025546297,0.01352198,0.44864616,0.09012548,0.1584589,8.844948e-25,0.56454206,0.046305083,3.006636e-39,0.00057605945,0.07631681,0.015294579,0.00078179623,1.5975789e-10,0.00016375893,3.1471685e-23,0.03779956,0.027062848,0.004143602,8.463058e-06,6.0338755e-31,0.0025105642
2524,0.84950614,0.38982487,0.01575058,1.5144589e-07,0.011417376,0.00787329,3.56255e-24,1.0,0.6094604,0.1314709,5.024289e-16,6.964303e-08,0.07631681,1.7933858e-06,0.008330111,1.0,0.00038509906,4.3724205e-07,0.88460773,1.8786384e-10,4.3805337e-12,1.0,6.7288033e-18,0.024849957
2529,0.4333966,0.12925944,0.3938642,0.99998915,0.23037024,0.23402533,0.0020563675,5.364484e-26,0.96064043,0.054060034,1.148502e-22,0.01599411,0.87985766,3.871141e-24,1.4375003e-05,0.0010960324,0.00016375893,2.0889845e-32,0.10887084,0.00015344558,0.0001889617,0.99991786,6.0338755e-31,2.8369843e-06
2530,0.17665558,0.24483262,0.90709984,0.027899021,0.44864616,0.9977137,0.1584589,8.121323e-09,0.9048851,0.4760851,3.006636e-39,9.2814145e-05,0.45664874,6.0070615e-05,0.006130043,6.279218e-12,0.00036660858,7.3568653e-19,0.054583166,0.04361581,0.0150741,1.0,2.0707957e-28,3.0406757e-11
2538,0.42629948,0.05994424,0.011061676,0.31040075,0.44864616,1.8150196e-05,0.1584589,1.0938525e-16,0.34321278,0.046305083,9.141677e-32,5.258526e-08,0.07631681,0.01858635,0.10305949,3.132669e-06,0.00048360118,0.9999999,0.011657234,0.12168355,0.6950177,0.25110492,2.4422514e-32,0.03707724
2539,0.11815516,0.4697083,0.47454795,4.248412e-10,0.011832501,1.0,5.1788968e-23,0.70692605,0.66376024,0.58810097,7.6256935e-25,9.014591e-12,0.4010737,3.2067678e-06,0.005194279,1.0,0.0009866769,0.999995,0.035931535,4.055688e-10,1.594767e-16,1.0,1.5091362e-22,0.00013262901
2541,0.09390064,0.40508327,0.21808414,2.2844489e-10,0.02431945,0.6654344,3.56255e-24,5.041274e-11,0.28128254,0.65928555,1.2059162e-13,4.4148777e-14,1.0,1.0332067e-07,0.008155466,5.868357e-06,0.00028462292,6.222143e-21,0.14298524,6.835644e-13,1.0,0.891377,4.4364397e-09,0.000115919116
2547,0.29534477,0.05994424,0.0038392947,0.018368047,0.054388296,0.39815184,5.9164813e-06,1.0,0.1297922,0.046305083,1.0,1.443034e-13,0.09646739,3.465804e-07,0.00014444225,1.0,0.0005589094,1.0,0.0019824235,6.9251735e-12,5.1468777e-07,0.85801494,4.4721088e-11,0.00013298511
2551,0.09390064,0.05994424,0.025546297,0.002575198,0.5004057,0.0055640726,0.0031138612,3.006636e-39,0.52219325,0.046305083,3.4148346e-25,0.0004980222,0.07631681,0.0013227382,0.47477394,0.011431113,0.00016375893,4.6915346e-14,0.03779956,0.34574997,0.0029460185,4.932322e-15,2.2606795e-24,1.4103115e-05
2555,0.5529831,0.05994424,0.006497211,0.0009843821,0.0029285124,2.942977e-06,0.09076339,2.8157243e-18,0.6235815,0.046305083,0.99999976,6.1061394e-13,0.1839583,6.9509955e-22,6.628755e-07,5.6868437e-15,0.0005640792,2.269693e-12,0.012423,7.948456e-10,0.00036021418,9.87102e-32,9.514307e-29,1.5621323e-09
2557,0.13582136,0.10609732,0.94977957,3.7842597e-08,0.0070591983,5.1727136e-05,3.3072865e-24,0.99996316,0.26070407,0.046305083,1.5511529e-09,1.4220854e-09,0.63558793,1.0,1.0,1.5076673e-09,0.00020411126,6.304819e-34,0.10617509,1.1687318e-09,5.964435e-11,1.0,1.0657104e-05,1.9683906e-05
2558,0.27623445,0.05994424,0.17735781,0.00070468325,0.5004057,0.6368156,0.1584589,5.861225e-33,0.56454206,0.07390926,4.82686e-37,0.027649425,0.14227797,0.0001668458,0.00026896835,6.2340124e-09,0.00016375893,6.830135e-23,0.03779956,0.1987926,1.0,2.6046665e-10,1.6544041e-30,1.0
2560,0.09390064,0.05994424,1.7988178e-07,0.00018691992,0.5790176,1.0,0.005378414,0.07277525,0.7415139,0.046305083,1.0,4.4347772e-11,0.07631681,9.322677e-07,2.1711474e-05,0.9999994,0.0003618775,2.5063358e-14,0.0016283505,1.8630288e-08,7.249615e-17,1.0,8.414572e-26,1.5998606e-09
2563,0.09390064,0.10609732,0.0001950583,1.4246637e-10,0.009406016,9.480162e-25,4.4331746e-24,1.0,0.10870308,0.046305083,0.999998,2.0420944e-11,0.09646739,2.0308766e-05,0.33749256,1.0,0.00028643105,1.0,0.035931535,8.8067176e-10,5.600154e-14,1.0,1.064388e-09,0.00012269565
2566,0.13582136,0.05994424,0.025693163,0.105371825,0.07308117,3.4098835e-09,0.08616742,1.0,0.004391559,0.046305083,1.5555545e-14,0.007440005,0.07631681,1.0,8.39938e-05,2.699331e-11,0.0007789273,1.0,0.023689764,5.756917e-07,7.014334e-08,2.4851444e-17,2.2662596e-11,0.117907956
2567,0.09390064,0.05994424,0.05506746,0.00028611114,0.44864616,1.0,0.1584589,1.3618888e-06,0.13688383,0.046305083,1.0,7.568866e-09,0.2135374,0.00027166127,4.765033e-05,0.99998033,0.00016375893,4.1408705e-15,0.03622963,0.027062848,0.004143602,0.9730363,6.0338755e-31,2.3175214e-06
2568,0.16179545,0.10609732,0.019174423,2.3650804e-10,0.020683302,0.012225993,3.56255e-24,1.0,0.10870308,0.046305083,1.00369853e-13,2.7883965e-08,0.07631681,3.0058689e-05,0.04038201,0.99586856,0.00022757414,2.0219329e-07,0.035931535,2.1135529e-09,3.190271e-09,0.99950874,1.5293768e-18,0.0008913458
2573,0.9999995,0.05994424,1.616874e-06,0.0001821315,0.40035892,0.31908464,0.051887415,1.0,0.28020677,0.046305083,1.2157298e-12,2.687174e-07,0.07631681,0.0005151795,0.13298112,3.315719e-06,0.00021945649,1.0,0.0025632665,5.2484235e-09,0.9777289,1.0,1.02646187e-25,0.0024560378
2587,0.09390064,0.05994424,0.05148388,0.016463133,0.34624797,0.0014556159,0.083387904,1.0,0.49392164,1.0,4.640868e-36,1.1436664e-11,0.07631681,0.00040708308,0.001093833,2.4933908e-10,0.00022697668,0.99973994,0.0025632665,7.28566e-07,3.0748358e-06,4.4529946e-07,4.364887e-27,0.113586985
2590,0.09390064,0.05994424,0.61796135,0.108957455,0.44864616,0.10501985,0.1584589,1.3014879e-06,0.2662358,0.046305083,7.965034e-31,0.0021039026,0.07631681,0.10244366,0.090748705,0.0045524277,0.00016375893,4.113824e-10,0.011657234,0.052819766,6.523388e-05,0.7283052,6.0338755e-31,1.650181e-05
2591,0.09390064,0.05994424,0.012176019,0.30974585,0.44864616,0.10501985,0.9993862,1.0,0.2662358,0.046305083,9.141677e-32,0.0080826925,0.07631681,0.03724565,0.0009106494,0.0013869064,0.00025897025,2.3009756e-09,0.011657234,0.04238213,7.0373e-09,3.9114884e-06,6.0338755e-31,0.0025105642
2593,0.34981948,0.10276631,0.014384641,0.06870721,0.44864616,0.10501985,0.1584589,0.3784997,0.2662358,0.046305083,2.7754828e-22,0.00018355883,0.4470434,0.015294579,0.0032331129,0.01488587,0.00016375893,4.4006825e-08,0.03622963,0.0007234348,0.000675705,0.6875265,6.0338755e-31,4.2414576e-05
2597,0.09390064,0.05994424,0.07344366,0.15314755,0.44864616,0.10501985,0.016312161,1.0,0.2662358,0.046305083,2.5244035e-33,3.9153572e-05,0.19388974,0.0022152755,0.17850286,0.00012581337,0.0002363428,2.3009756e-09,0.011657234,0.027062848,3.6451294e-08,0.6875265,6.0338755e-31,0.079654396
2599,0.09390064,0.10609732,8.131639e-06,4.92612e-10,0.0023782935,0.004457048,8.4411895e-19,0.98417073,0.42344686,0.046305083,0.9961869,1.0,0.07631681,2.1861415e-09,0.0067957095,1.0,0.00031613928,0.19047578,0.035931535,4.7242796e-08,1.3101426e-11,1.0,1.0,7.681174e-05
2604,1.0,0.05994424,3.974496e-07,0.01352198,0.08910864,1.0,0.0031138612,1.1123173e-37,0.014976469,0.046305083,2.6240786e-14,8.905417e-05,0.26529253,1.2755673e-05,5.2388583e-05,1.0,0.00016375893,2.9475882e-35,0.03779956,0.2060862,3.1025984e-08,0.99997723,2.2606795e-24,0.0008053186
2606,0.09390064,0.05994424,0.91901267,0.01352198,0.41830975,1.0,0.016312161,1.0,0.9984865,0.046305083,3.8001577e-12,1.3993505e-11,0.13686801,0.00062487903,0.48361942,1.0,0.00018258409,6.5099205e-26,0.011657234,0.0145759825,0.004143602,0.9999982,6.0338755e-31,0.38590243
2610,0.09390064,0.05994424,0.0041968,0.16327865,0.56737256,2.2004654e-09,4.4324174e-06,0.27546763,0.2662358,0.046305083,1.3919629e-23,1.2347739e-15,0.07631681,0.00334714,0.00023883549,1.1739312e-12,0.0004266969,1.0,0.011657234,7.359899e-11,4.64189e-08,8.269506e-09,2.2458944e-32,0.015008855
2612,0.11118489,0.10609732,0.0036154757,2.209657e-11,0.009748736,5.9472934e-11,7.76709e-24,1.0,0.14503387,0.046305083,7.0339797e-06,3.5887437e-10,0.07631681,2.2957477e-07,0.014989063,1.0,0.0005556324,0.9999995,0.035931535,1.6157078e-10,3.5252156e-14,1.0,7.8817616e-13,3.6658482e-06
2624,0.22409727,0.29320952,7.489743e-05,0.068204574,0.08145779,9.278913e-07,0.021491352,1.0,0.0055978377,0.046305083,1.0,2.514448e-05,0.07631681,4.2295345e-05,0.036668234,1.9264763e-16,0.00025064658,1.0,0.0019824235,1.0967237e-07,0.55221903,7.1172187e-22,5.6609567e-15,0.0015352799
2632,0.09390064,0.05994424,0.0042496826,0.00022657194,0.32243758,1.6626066e-07,0.09764992,2.1475797e-11,0.2662358,0.046305083,3.006636e-39,1.692216e-08,0.07631681,0.0019104168,0.011433112,3.576769e-11,0.004491933,5.9872204e-11,0.028777288,0.003592462,5.1040464e-11,0.6810019,8.414572e-26,6.259689e-06
2634,0.21586333,0.05994424,0.012176019,0.06861266,0.1438104,0.44119912,0.1584589,1.0,0.2662358,0.046305083,3.006636e-39,1.0,0.07631681,1.0181168e-06,0.02863229,1.9416328e-05,0.00019444495,2.4159205e-22,0.011657234,0.15609026,3.178054e-05,0.8017108,1.0,0.006557011
2635,0.5171309,0.39992556,0.019881563,0.002575198,0.5004057,0.10501985,0.1584589,1.3907136e-26,0.2662358,0.1314709,3.36213e-36,0.0021039026,0.07631681,0.00047016647,0.0008106492,0.0029737332,0.00020021267,5.086441e-13,0.9971384,0.003884268,6.316706e-05,8.4615435e-09,6.0338755e-31,0.005930693
2643,0.41575256,0.24483262,0.008977479,0.642043,0.6653214,0.016877148,0.1584589,2.491902e-18,0.8158195,0.59898204,8.720843e-12,1.4566523e-06,0.29854968,0.15395524,0.9899636,4.5005415e-08,0.00017983206,9.82428e-26,0.011657234,3.928811e-05,8.208423e-06,3.033142e-07,2.2606795e-24,4.953145e-05
2645,0.09390064,0.05994424,0.0037599355,0.6551518,0.55134195,5.995413e-26,0.0003444382,0.99982363,0.37259588,0.046305083,3.006636e-39,1.1998594e-09,0.07631681,0.00013617585,0.13437925,0.99950194,0.00057795626,1.0,0.028777288,0.0035850278,1.5106444e-08,1.0,2.2606795e-24,5.3446274e-07
2649,0.09390064,0.10609732,0.0008835794,6.1117533e-10,0.022287002,6.518231e-23,4.041952e-24,0.9999995,0.062153894,0.046305083,0.7150743,2.1451025e-15,0.07631681,6.535986e-06,0.40935758,1.0,0.0002572538,1.0,0.029907197,3.5260462e-12,2.9404224e-13,0.00013425348,2.5065464e-10,0.014323229
2655,0.51905054,0.05994424,0.014165198,0.8985297,0.18106374,0.8133864,0.9991604,1.0,0.0050841863,0.046305083,4.729885e-09,0.0005046107,0.07631681,0.0026130923,0.00016590046,0.0053309253,0.00025897025,1.3381501e-08,0.011657234,0.4495374,1.5208906e-08,0.30753493,3.9021664e-12,0.28932843
2657,0.13582136,0.10609732,0.05763451,6.468692e-11,0.0029180467,0.99594146,3.56255e-24,6.434428e-06,0.12638132,0.046305083,1.0,2.051423e-09,0.09646739,1.0132706e-05,0.25106087,1.0,0.00025372277,1.0,0.03359453,1.6639844e-10,7.295601e-20,1.0,0.0019876154,4.2288605e-07
2658,0.09390064,0.05994424,0.03790922,0.044944864,0.44864616,0.10501985,0.22637956,0.9999932,0.2662358,0.046305083,8.788945e-33,3.183575e-05,0.07631681,0.10249524,8.6030916e-05,4.368423e-10,0.00016375893,9.7036074e-14,0.03779956,0.006419931,0.0010306019,1.756203e-06,6.0338755e-31,0.0010857349
2659,0.17665558,0.05994424,4.3527787e-05,0.001132515,0.40084127,1.4880072e-08,0.0038761143,1.0,0.2662358,0.046305083,1.0,0.00016582786,0.09646739,7.587957e-05,0.016883163,0.0013869064,0.00082984375,1.0,0.0019824235,0.00072125683,4.5401035e-07,3.372615e-08,2.2458944e-32,7.3931164e-06
2660,0.09390064,0.10609732,0.0013060712,8.228135e-11,0.012134845,1.0,5.2985238e-20,0.99999845,0.068931155,0.046305083,1.0,4.1664128e-15,0.07631681,3.8002638e-06,0.012656992,1.0,0.00037105527,1.0,0.032960944,2.796645e-13,8.5554436e-16,0.00045366547,9.594347e-21,0.0009107218
2661,0.09390064,0.10609732,0.00032349938,2.1292228e-10,0.011832501,1.0,3.5368608e-25,1.4769471e-21,0.054282483,0.046305083,4.7134566e-07,3.0559947e-12,0.15373386,3.1763815e-05,0.08073791,1.0,0.0005191683,0.9999995,0.03344825,2.0198372e-10,9.588553e-16,1.0,5.654178e-16,0.027193403
2665,0.09390064,0.26236472,0.015993148,7.8429785e-10,0.013139184,0.0015382693,3.137432e-25,0.999962,0.10870308,0.1314709,2.1999672e-19,1.1275172e-15,0.13686801,1.7577904e-09,0.0022702634,1.0,0.004491933,1.4256852e-11,0.99992037,3.0131624e-13,8.03541e-16,0.9999999,6.103332e-21,0.001570005
2667,0.4839726,0.05994424,6.8442256e-05,0.023946442,0.35316184,1.0,0.0002217335,0.9995467,0.004121889,0.046305083,1.0,6.96864e-06,0.1839583,2.5908907e-26,2.5093723e-06,0.15703471,0.0002845928,1.0,0.006572451,0.01505857,7.547083e-13,1.0,2.2864113e-13,0.0058133528
2668,0.6756053,0.05994424,0.086870044,0.17751278,0.18106374,0.09765114,0.1584589,1.0,0.070195064,0.046305083,1.9657727e-09,0.027649425,0.07631681,0.0003515688,0.0139123,0.0053309253,0.00016375893,1.8511463e-14,0.011657234,0.3500504,4.0164546e-06,1.09292805e-05,4.744144e-16,0.0031050309
2671,0.09390064,0.10609732,0.00046205663,0.017986447,0.0022097803,4.306824e-31,1.1019323e-22,2.5271978e-14,0.16640143,0.046305083,8.2842425e-06,4.107524e-12,0.07631681,1.3059332e-08,0.00686994,1.0,0.0009701715,1.0,0.03261185,3.44671e-13,6.4262653e-15,3.006636e-39,2.0743122e-11,3.450257e-08
2672,0.09390064,0.05994424,0.117687374,0.009371048,0.4221894,0.10501985,0.1584589,0.014457461,0.42111132,0.046305083,1.6233055e-34,0.007106609,0.07631681,0.0026892766,0.04875175,7.3297116e-07,0.0028641147,3.6806072e-11,0.028777288,0.027062848,0.004143602,0.6875265,6.0338755e-31,0.016439993
2674,0.09390064,0.6140455,0.99065644,0.0025947702,0.0026864838,3.9066578e-07,3.1443485e-23,0.20508385,0.5235875,0.7266934,3.4365922e-14,4.095678e-09,0.1749142,0.00011657335,0.067173764,1.0,0.00031240252,0.3768955,0.035931535,6.9941167e-13,3.5339476e-10,1.0,8.0626133e-16,3.1200485e-05
2679,0.09390064,0.05994424,0.058010314,0.7238524,0.5822614,9.142813e-07,0.046925504,1.0,0.42111132,0.046305083,9.639454e-24,2.4236256e-06,0.13686801,0.00093919947,0.025845915,7.002613e-11,0.000495574,1.0,0.011657234,0.011688469,1.07241485e-05,0.2599847,4.762982e-32,2.2920403e-06
2681,0.94048625,0.10276631,0.0010772173,0.00042483013,9.513074e-05,0.9997485,8.438272e-07,1.313419e-07,0.011879965,0.046305083,0.99994075,7.499919e-08,0.12127647,2.9580128e-24,0.14853577,1.0,0.0002403267,4.570209e-28,0.03779956,0.04292732,2.2437526e-18,1.0,1.3218874e-11,0.104176916
2693,0.51626617,0.05994424,0.0018807675,0.99999,0.09394709,0.12253914,0.02285768,1.7861848e-15,0.004391559,0.046305083,2.0946412e-14,0.00834509,0.2081817,1.7027512e-23,1.0,7.3313946e-09,0.0002307037,0.0002823324,0.0025632665,0.00843425,0.006805855,0.9999999,5.9576416e-13,0.9753699
2695,0.09390064,0.05994424,0.010576501,0.06861266,0.66333956,0.10501985,0.016312161,1.0,0.2662358,0.046305083,5.2385754e-34,0.0003914773,0.13686801,0.00012194926,0.04983677,0.004273348,0.00016375893,6.859272e-05,0.0016283505,0.18766147,9.990932e-07,0.92902315,6.0338755e-31,0.6412768
2702,0.4333966,0.11247053,0.0042626304,0.18420136,0.07614193,0.24342504,0.0020563675,0.9999988,0.2662358,0.07617714,2.6356262e-21,0.0021039026,0.1839583,4.795437e-23,1.9170036e-06,8.694831e-20,0.00031313425,4.011437e-36,0.04244934,0.7861737,0.15205334,0.99999964,6.0338755e-31,0.0039000688
2703,0.20241258,0.10609732,0.0018789887,3.0941548e-11,0.024573868,1.0,3.5368608e-25,8.442197e-17,0.057161536,0.046305083,0.9997156,2.539473e-16,0.07631681,7.542698e-08,4.258809e-05,1.0,0.0003618775,0.01404098,0.020334642,1.7733102e-10,4.216432e-12,1.0,1.120306e-22,0.013075916
2708,0.2455108,0.10609732,1.5986953e-07,0.00017400211,0.00251391,2.7560754e-18,3.1347436e-23,1.0,0.044138838,0.046305083,0.98326266,1.4776652e-14,0.07631681,1.1288317e-08,0.18974325,1.0,0.00040140146,1.0,0.018666899,5.15707e-13,3.73511e-12,1.5073394e-07,0.9999999,0.000115187366
2711,1.0,1.0,0.33409116,0.002012444,0.0026864838,1.03236176e-22,2.4070327e-23,5.587519e-15,0.9363079,0.046305083,3.8017902e-30,2.7883965e-08,0.07631681,1.3033279e-05,0.848093,0.00010554383,0.00024407149,2.165244e-05,0.68480724,5.1484506e-13,6.7468475e-10,0.063085,9.955164e-16,1.7248012e-09
2712,1.0,1.0,0.01643731,0.946203,0.07375759,0.0002062171,0.02285768,2.2476865e-09,0.011240978,0.046305083,7.205998e-39,0.0014225941,0.07631681,0.0007353857,3.240933e-07,7.18866e-09,0.00022697668,7.161799e-23,0.0084867235,4.3214436e-07,0.9999975,9.916403e-21,8.7913406e-11,0.013838788
2713,0.96538293,0.05994424,0.0016654704,0.0003336138,0.00626086,1.0,0.0020563675,1.0,0.0040819766,0.046305083,1.0,1.0,0.3911157,6.326322e-30,6.0684524e-09,1.0,0.00019444495,3.006636e-39,0.011657234,0.06958755,2.176407e-08,0.9999999,1.0,1.7779014e-06
2717,0.09390064,0.05994424,0.007903186,0.01352198,0.5004057,0.10501985,0.0026124723,4.389392e-15,0.33540437,0.046305083,9.527307e-22,0.0009412595,1.0,0.023945836,0.8425762,0.00021767513,0.00016375893,1.0,0.0016357065,5.47631e-07,1.7104272e-06,6.901581e-09,6.0338755e-31,0.0025105642
2719,0.09390064,0.05994424,0.25515512,0.01352198,0.44864616,0.10501985,0.1584589,1.0,0.97498804,0.046305083,5.5086814e-38,3.183575e-05,0.07631681,0.00293094,0.21638307,2.0773597e-05,0.00016375893,4.9437544e-16,0.011657234,0.01912198,1.0,0.6875265,6.0338755e-31,0.00047662607
2720,0.717651,0.10276631,0.0048793633,0.1339606,0.6653214,1.0,0.00031001025,0.9999988,0.2662358,0.046305083,1.3204632e-34,2.8116775e-11,0.07631681,0.00086519954,0.9992893,7.4206184e-07,0.0002663674,0.030538969,0.011657234,0.00016859309,2.688579e-06,0.18393819,9.1502177e-26,0.1294315
2723,0.09390064,0.10609732,3.607038e-05,7.0577207e-12,0.011417376,3.76632e-06,3.56255e-24,1.0,0.054282483,0.046305083,0.9510593,1.7406142e-10,0.24536146,0.00013631278,0.36311918,0.9999094,0.00022814856,0.9999999,0.25104007,2.3926015e-07,1.5391501e-19,1.0,7.369333e-20,0.0053593544
2731,0.19932058,0.5371351,1.0,0.8074029,0.1438104,0.03710878,0.1584589,1.0830448e-12,0.45506445,0.17151184,3.8426254e-10,1.0,0.07631681,1.0048265e-06,0.0018057001,0.0013869064,0.00016375893,2.1940408e-20,0.011657234,0.053508986,0.008921096,0.6875265,1.0,0.091714345
2733,0.09390064,0.05994424,0.0010378872,0.011055153,0.5261966,3.967389e-09,0.005378414,1.0,0.2662358,0.046305083,3.006636e-39,3.3120294e-19,0.15373386,6.615811e-05,3.648922e-05,4.2124775e-08,0.00051790744,4.0474295e-09,0.011657234,1.3046902e-09,4.5482516e-06,2.776258e-13,2.2458944e-32,6.747413e-05
2734,0.09390064,0.10609732,0.044369772,7.1122547e-10,0.011417376,0.026475297,3.56255e-24,0.061105542,0.16640143,0.046305083,2.2464162e-14,6.931312e-10,0.07631681,2.6894151e-05,0.117071636,1.0,0.00020411126,7.392017e-06,0.035931535,5.946162e-10,8.5267736e-08,0.9999993,7.1223555e-21,0.00013649696
2736,0.5432791,0.3617455,0.45742843,0.004520949,0.2526429,0.0110758785,0.025759669,1.0,0.13658723,0.7411114,4.820428e-11,5.8766633e-05,0.26494128,1.626095e-07,7.1621575e-06,7.767371e-09,0.00019582067,9.723059e-18,1.0,1.924299e-08,3.9442017e-07,1.0147229e-12,2.0281238e-08,0.027263196
2738,0.13582136,0.05994424,0.060754146,0.21574031,0.043646276,1.4093986e-05,0.1584589,1.0,0.014639862,0.046305083,9.858918e-10,1.0,0.07631681,2.2145388e-11,0.00016590046,6.494069e-08,0.00027812005,2.9532442e-16,0.054583166,0.027062848,2.2310969e-09,0.52362,1.0,2.0247087e-06
2739,0.17320125,0.10276631,0.041559372,0.025266374,0.40084127,1.0985403e-06,0.034891997,0.9893882,0.92671824,0.046305083,3.006636e-39,1.1039554e-05,0.16950274,0.00937873,0.0010190362,0.0013869064,0.00016375893,3.093523e-15,0.011657234,0.003592462,0.0004941016,0.97639126,6.0338755e-31,0.00017574977
2740,0.41575256,0.05994424,0.8677849,2.4812378e-05,0.5512113,0.10501985,0.1584589,0.3784997,0.825436,1.0,3.006636e-39,0.00013061053,0.07631681,0.00018339437,0.2008859,0.0059351893,0.00018132574,9.410141e-28,0.1025287,0.027062848,2.649538e-07,0.6875265,6.0338755e-31,0.2183293
2744,0.09390064,0.05994424,0.00038759268,0.0040619615,0.62040824,4.750539e-15,4.5011056e-06,1.0,0.6700298,0.046305083,0.9999999,1.8219287e-05,0.07631681,0.006406112,0.9565847,8.606559e-08,0.00018258409,1.0,0.0019824235,1.989205e-05,8.413585e-09,1.2615114e-07,2.2458944e-32,9.252225e-06
2745,0.6428203,0.10276631,0.0023772935,0.013954543,0.043646276,1.0,1.2791237e-06,1.0,0.0046493006,0.046305083,0.9999999,1.0,0.07631681,5.0611856e-08,0.0008512094,0.001062285,0.00019444495,1.2214043e-29,0.011657234,6.9126168e-06,2.0731755e-20,0.9999999,1.0,0.09324479
2747,0.4411844,0.26236472,0.010871616,0.000270375,0.8912995,1.0,5.4943474e-23,1.0,0.29993105,0.081119955,7.1036634e-09,2.555552e-12,0.43355116,5.2157105e-24,0.0144243855,1.0,0.00034034025,1.0,0.97404283,3.849442e-13,1.0075328e-13,0.9918345,4.526503e-13,9.075575e-06
2752,0.09390064,0.05994424,0.0043409057,0.009663844,0.26216105,0.41686535,0.019727968,1.0,0.2662358,0.046305083,4.783673e-22,0.00062557025,0.07631681,1.0,0.70515525,5.7366555e-07,0.00030192494,1.0,0.012423,2.4570598e-05,0.0019518825,0.050918,8.954045e-28,2.9280793e-11
2757,0.09390064,0.05994424,0.0027878627,0.008538217,0.40084127,5.3572395e-09,0.004298641,0.9999871,0.84718573,0.046305083,3.006636e-39,3.2445652e-05,0.48626286,0.0010164266,4.500003e-05,0.08398632,0.00016375893,9.785412e-35,0.0016283505,0.0007385883,8.534689e-14,1.0,2.2458944e-32,0.00065145537
2767,0.09390064,0.05994424,0.00018802015,0.08222904,0.47395396,4.164992e-06,8.299053e-06,1.0,0.37259588,0.046305083,1.0,5.4721594e-10,0.09646739,0.027679307,0.006122842,1.5747567e-09,0.0003609985,1.0,0.0019824235,6.5030423e-07,6.286108e-05,1.3042041e-06,2.4422514e-32,5.3073407e-05
2768,0.09390064,0.05994424,0.000108532106,0.021814583,0.8650304,0.29837334,0.0002818373,0.016720666,0.61150134,0.046305083,7.337745e-28,1.7425749e-09,0.07631681,0.32464707,0.008273245,1.8958847e-17,0.0005055556,1.0,0.0019824235,0.0009359288,0.00015012658,6.330944e-05,6.0338755e-31,1.0
2772,0.13582136,0.05994424,0.014656286,0.11980932,0.324657,0.014471635,0.1584589,2.6570143e-08,0.057353694,0.046305083,1.4296312e-05,0.0009221173,0.20869869,1.4231099e-05,2.8281352e-07,0.0053309253,0.00045733512,1.0417839e-13,0.011657234,0.003664032,7.762344e-07,5.1867154e-08,3.9021664e-12,0.009240928
2779,0.13582136,0.05994424,0.5377502,0.04251903,0.18106374,0.99965525,0.1584589,1.7383225e-09,0.60818815,0.13643548,2.2560454e-12,0.0031847109,0.07631681,1.0,0.0016100476,0.0150485,0.00023197953,1.9963993e-15,0.04244934,0.5795952,9.596569e-08,0.9996675,5.2525614e-12,0.22814828
2780,1.0,0.05994424,0.02957874,0.08813285,0.15951541,0.000178857,0.017761031,1.0,0.55465657,0.046305083,3.006636e-39,3.5122838e-07,0.07631681,0.00093994074,0.0020938045,7.764993e-11,0.00030181615,0.00011417376,0.012423,5.2954165e-11,4.506943e-05,4.646239e-12,1.0346137e-28,3.0406757e-11
2782,0.09390064,0.05994424,1.0,0.066068284,0.66333956,1.5278365e-08,8.299053e-06,0.999962,0.5011024,0.046305083,1.0,0.00072366727,0.07631681,9.467418e-05,0.93427974,0.00026303585,0.00019444495,1.0,0.0019824235,0.22962902,3.8089443e-09,9.619958e-22,1.6544041e-30,0.63689184
2785,0.09390064,0.05994424,0.043078836,0.02346411,0.13497634,9.6818616e-11,0.0726404,2.2886963e-18,0.48461762,0.046305083,3.006636e-39,5.7924547e-07,0.07631681,5.4968646e-06,2.4757777e-05,6.6268078e-18,0.00042884404,2.0371706e-10,0.012423,1.8760119e-08,0.008970461,3.006636e-39,3.5532454e-28,2.766835e-11
2786,0.09390064,0.05994424,0.0058805165,0.4532705,0.14560603,0.00094586506,0.03744375,1.0,0.2662358,0.046305083,4.2059523e-37,0.007106609,0.07631681,0.008345074,0.0021279156,2.5951687e-11,0.00031162493,1.6550434e-09,0.0025632665,3.8068075e-07,0.030895837,0.021433484,4.364887e-27,0.00076506956
2788,0.7374713,0.13775127,0.0008807426,4.57418e-07,0.00049675896,1.0,3.9297757e-25,3.006636e-39,0.051240265,0.046305083,1.0,4.3481878e-11,0.07631681,1.4925118e-09,0.0087147495,1.0,0.00028643105,1.0,0.050118137,1.9043575e-10,1.4593987e-16,1.0,0.9869261,1.079737e-05
2790,0.09390064,0.34253284,0.11209146,0.7000439,0.15951541,0.41686535,0.02285768,1.0,0.55465657,0.1314709,6.384389e-36,0.0021039026,0.07631681,0.004638426,0.016069163,4.786854e-20,0.0005723927,4.2588736e-12,0.9925915,4.3214436e-07,7.403896e-05,0.94797,2.5561564e-27,3.0406757e-11
2792,0.5929794,0.10609732,0.00034672333,0.00018983432,0.0029857173,2.9944972e-20,1.7719799e-23,1.0,0.08958673,0.046305083,1.0,1.0,0.65648013,1.0303498e-25,0.3738481,1.0,0.000271435,1.0,1.0,3.7002633e-13,1.0,4.124835e-06,1.0,0.5174585
2797,0.09390064,0.10609732,6.1468822e-06,2.338061e-10,0.011757996,0.6817539,3.7992354e-24,6.688173e-23,0.04935128,0.046305083,1.0,4.1290764e-13,0.07631681,3.364982e-07,0.006967354,0.050581727,0.00022414413,1.6516369e-10,0.021866366,2.3347713e-11,2.5762464e-10,0.5705872,7.237312e-19,0.00028633574
2800,0.13582136,0.05994424,0.012176019,0.17751278,0.18106374,0.10615375,0.1584589,1.0,0.0050841863,0.046305083,0.00029224364,0.0031847109,0.07631681,0.0003515688,0.00016590046,0.0053309253,0.00016375893,5.7419587e-08,0.011657234,0.027062848,1.8586226e-05,0.97639036,6.5785204e-19,7.0978335e-06
2803,0.997785,0.17572631,0.001119983,6.4957935e-11,0.085073374,7.42905e-22,5.4069704e-26,4.2203928e-11,0.10870308,0.046305083,0.05283797,3.7630518e-10,0.5926268,1.3749442e-22,0.14817715,1.0,0.00025091032,0.00018085368,0.9089947,3.033779e-09,9.743739e-18,1.0,2.0321469e-08,2.0663249e-05
2806,0.09390064,0.05994424,0.008076716,0.01352198,0.44864616,0.44623095,0.1584589,1.0,0.53353196,0.046305083,3.006636e-39,1.4524185e-05,0.07631681,0.015294579,0.6031066,2.0232853e-09,0.00016375893,2.8965605e-06,0.011657234,0.0007234348,5.0776158e-05,2.2915388e-15,6.0338755e-31,9.844719e-07
2808,0.13582136,0.05994424,4.0642026e-05,7.2065246e-05,0.21612155,3.307109e-17,0.017410161,1.0,0.06163112,0.046305083,1.0,2.95816e-16,0.07631681,1.027708e-06,0.00069299986,1.0953027e-06,0.00075093954,1.0,0.015497587,2.1988908e-10,4.6992736e-06,3.6777201e-09,2.716227e-13,0.00081282237
2810,0.13582136,0.05994424,0.038452372,0.99999917,0.34869018,0.043020368,0.1584589,4.591562e-07,0.0046493006,0.046305083,1.196706e-08,0.024038624,0.07631681,0.0003689922,0.3681556,1.6257537e-11,0.00018241738,4.482867e-12,0.011657234,0.054395698,3.0129372e-06,3.3058097e-07,2.6842929e-11,0.63370585
2811,0.13582136,0.05994424,0.0008769358,0.07290124,0.07375759,0.0027186028,0.019695304,1.3066383e-05,0.009305585,0.046305083,3.1807633e-06,5.2278093e-10,0.42732337,4.338734e-05,0.00055075495,1.0768109e-10,0.0005095665,1.0,0.005171375,4.1395506e-08,1.0,2.537463e-13,1.2093381e-11,0.6277588
2814,0.09390064,0.05994424,0.06831835,0.0062543508,0.5261966,1.0985403e-06,0.42576036,0.00023576822,0.38976026,0.046305083,1.1143205e-32,3.585392e-07,0.07631681,0.0038552594,7.2790725e-05,7.5447155e-11,0.00016375893,0.10572821,0.03779956,2.0924196e-08,0.00045159142,0.839245,6.0338755e-31,0.02377776
2817,0.9999989,0.10609732,8.227185e-06,0.00019186147,0.007866171,0.30818275,9.4990686e-23,9.574469e-11,0.17690434,0.046305083,1.0,2.78816e-17,0.2081817,2.127733e-25,0.00091153657,1.0,0.00047023527,2.881379e-16,0.09863405,2.6194392e-13,1.1994542e-13,8.442807e-25,3.824522e-17,0.17442323
2819,0.09390064,0.05994424,7.462461e-07,0.01327493,0.34363678,4.7210193e-05,3.0535757e-05,1.0,0.5810499,0.046305083,8.931759e-30,4.3042276e-09,0.07631681,0.15737718,0.12221777,2.1475446e-07,0.0008814066,1.0,0.006572451,1.2579907e-10,7.129643e-13,1.0,1.0491686e-27,5.43403e-10
2822,0.09390064,0.10609732,0.001224122,1.5682853e-09,0.011417376,0.041884612,3.8343667e-25,1.0,0.057161536,0.046305083,1.0,5.5254943e-09,0.07631681,3.0397981e-05,0.09866981,1.0,0.00029457547,1.0,0.048885982,2.2170545e-10,2.490263e-14,1.2964131e-23,3.070835e-20,8.4819774e-05
2824,0.09390064,0.05994424,0.019064395,0.040116727,0.44864616,0.10501985,0.20706835,0.17919917,0.2662358,0.046305083,3.7983198e-33,0.0021039026,0.07631681,0.048001666,0.00090069894,5.175695e-06,0.000248451,4.9437544e-16,0.011657234,0.3391742,1.8202596e-07,3.9114884e-06,6.0338755e-31,0.00058053393
2828,0.41575256,0.05994424,0.027613776,0.0002803967,0.574614,3.665816e-12,0.016312161,9.872305e-16,0.2662358,0.046305083,3.7947483e-15,4.7664424e-14,0.17006275,3.3595254e-05,5.6638786e-05,1.779525e-13,0.00018304498,3.0795345e-08,0.03779956,3.6171735e-10,1.6872339e-06,1.0,6.0338755e-31,8.3896935e-05
2831,0.09390064,0.05994424,0.012176019,0.043617286,0.44864616,0.10501985,0.1584589,0.29241943,0.2662358,0.046305083,6.291296e-33,0.00068078534,0.07631681,0.015213691,0.003676297,3.2730364e-12,0.004923968,3.6806072e-11,0.028777288,0.8952507,0.23545642,1.0,6.0338755e-31,0.0025105642
2832,0.09390064,0.05994424,0.0085275145,0.031404004,0.66333956,8.478749e-09,0.1584589,8.332757e-28,0.2662358,0.046305083,3.006636e-39,0.0013970056,0.07631681,0.015294579,0.0003742269,4.8263258e-11,0.000273889,1.7998413e-14,0.011657234,4.084605e-05,6.2834056e-07,1.535602e-19,1.6544041e-30,0.00058053393
2834,1.0,0.95298713,0.20863493,1.1770696e-09,0.0027407347,0.008967523,3.56255e-24,1.0,0.10870308,0.20450345,0.026051246,1.0,0.07631681,7.4129874e-10,0.20257045,3.8959748e-05,0.0009156552,1.7964593e-33,1.0,8.101951e-13,1.0491862e-09,2.360006e-10,1.0,0.27072176
2838,0.09390064,0.05994424,5.3789758e-05,0.16807356,0.10198623,1.0,0.073058285,1.0,0.013236236,0.046305083,2.8245655e-08,2.4473737e-08,0.07631681,5.348164e-05,0.29772085,1.0,0.00043637143,1.0,0.0019824235,6.470022e-07,2.6225815e-11,0.99159956,4.762982e-32,0.00029851607
2839,0.09390064,0.10276631,0.103717014,0.01352198,0.44864616,0.10501985,0.1584589,2.4875826e-09,0.6522179,0.046305083,1.7027175e-32,0.00068078534,0.07631681,0.0031713785,0.0005449872,0.0026694757,0.00016375893,2.3009756e-09,0.011657234,0.994786,1.1405867e-06,1.0,6.0338755e-31,0.0051977867
2841,0.21586333,0.10609732,3.0634696e-05,0.99037826,0.0062405616,0.80546725,6.0693115e-23,1.0,0.25509146,0.046305083,1.0,3.283164e-13,0.07631681,1.0854688e-08,0.008627583,1.0,0.000342502,1.0,0.053770196,1.002639e-12,9.125081e-12,1.0,1.764135e-09,1.5101338e-06
2844,0.26882556,0.22742997,0.018173248,8.222025e-09,0.009406016,0.9999933,3.3072865e-24,0.3051696,0.10870308,0.07617714,1.0,1.2934696e-11,0.13686801,9.177801e-07,0.6881893,1.0,0.00038823762,9.18717e-11,0.11555788,5.714781e-10,1.0741124e-16,1.0,3.8599201e-16,0.0003606961
2849,0.09390064,0.05994424,0.012176019,0.01352198,0.44864616,0.10501985,0.1584589,1.0103447e-16,0.33540437,0.046305083,2.2464042e-36,4.1084593e-05,0.07631681,0.015294579,0.0028250862,0.0013869064,0.00016375893,2.3009756e-09,0.011657234,0.12850448,0.00030317192,0.24011749,6.0338755e-31,0.0025105642
2852,1.0,0.05994424,0.0031627275,0.599796,0.15951541,0.005321031,0.02285768,1.0,0.9238604,0.046305083,1.5918266e-37,0.0021039026,0.07631681,0.013679637,9.223114e-05,3.2670437e-19,0.0004249269,4.48319e-24,0.0025632665,4.3214436e-07,1.0,0.98195964,1.2709429e-27,1.045734e-05
2857,0.09390064,0.32243612,0.70183533,1.1137502e-07,0.40084127,3.842392e-17,0.005248517,1.0,0.9988525,0.7890582,1.0,3.183575e-05,0.1749142,1.0,1.0,0.02381008,0.00018132574,1.0,0.0074105235,0.001626268,4.3548132e-10,1.7145739e-09,2.2458944e-32,9.542706e-08
2863,1.0,0.32243612,0.9994702,0.020223007,0.20455927,0.00094586506,0.011683816,1.0,0.9971602,0.9972036,3.006636e-39,0.0001896552,0.67095596,4.878667e-07,0.00041395347,0.19832896,0.00019582067,1.0,0.07655751,1.4700453e-09,7.2350455e-12,2.32551e-10,4.4520273e-28,0.0029255922
2866,0.19507182,0.10609732,0.15785153,8.807163e-08,0.0028734829,1.0,3.137432e-25,1.0,0.12093794,0.046305083,1.3897625e-05,1.9833331e-10,0.13686801,1.9023145e-09,0.1086787,1.9761744e-07,0.00029233363,2.002401e-12,0.15428965,5.780535e-10,8.112204e-13,1.0,1.1003737e-11,4.8620063e-07
2869,0.09390064,0.05994424,0.012176019,0.01352198,0.44864616,0.10501985,0.1584589,0.3784997,0.2662358,0.046305083,9.141677e-32,0.0021039026,0.12317237,0.00095581525,0.006130043,3.204183e-05,0.004491933,3.6806072e-11,0.087838225,0.027062848,0.004143602,0.7881814,6.0338755e-31,0.0025105642
2871,0.13582136,0.10609732,4.8348734e-06,9.1405716e-11,0.007110435,0.9999821,3.56255e-24,1.0,0.059815772,0.046305083,0.9998704,7.7424434e-10,0.07631681,3.5818584e-06,1.0,1.0,0.00040653686,1.0,0.03344825,3.3438902e-10,1.5867119e-12,1.0,1.0,7.800623e-06
2872,0.15723225,0.10609732,0.0012557858,4.6012087e-12,0.00737945,0.9999702,5.862069e-20,1.3687098e-17,0.10870308,0.046305083,1.0,1.0,0.07631681,1.5104046e-09,0.14156671,1.0,0.0004707131,1.0,0.03261185,5.613972e-10,9.049389e-16,1.7568419e-09,1.0,0.00041191815
2875,1.0,0.05994424,0.005811267,0.08193789,0.10796696,3.2766705e-09,0.09076339,1.0,0.004391559,0.046305083,1.0470541e-07,2.2728514e-08,0.07631681,8.546624e-06,1.7673563e-07,1.4869683e-16,0.00025062103,0.9999988,0.0025632665,2.2931288e-09,0.000110489105,3.3198533e-30,2.3592442e-11,0.0025443751
2878,0.09390064,0.05994424,0.012176019,0.01352198,0.44864616,5.656193e-09,0.1584589,0.3784997,0.2662358,0.046305083,9.141677e-32,0.0021039026,0.07631681,0.015294579,0.0020286255,0.0013869064,0.00016375893,4.6915346e-14,0.011657234,0.027062848,0.004143602,0.28068012,6.0338755e-31,0.00011883181
2891,0.18312137,0.10609732,0.08383833,5.4819663e-11,0.011417376,1.0,3.137432e-25,0.9999989,0.050610077,0.046305083,1.0,5.462323e-11,0.13686801,2.4683223e-07,0.0004303827,0.0002782309,0.000226323,7.51992e-22,0.053770196,3.512209e-10,3.850938e-14,1.0,1.5293768e-18,6.1127776e-06
2896,0.09390064,0.10609732,6.0276623e-05,4.1958674e-07,0.018649278,4.807141e-07,7.3009605e-24,1.0,0.68306637,0.046305083,1.0,3.679492e-18,0.13686801,4.6266916e-05,0.12723275,1.0,0.00020411126,1.0,0.035445064,2.0055927e-12,0.9999999,1.0,0.6784817,4.816929e-06
2898,1.0,1.0,0.20480987,1.8464586e-08,0.012144641,1.0,1.9606505e-20,2.864578e-16,0.14503387,0.07617714,4.0044457e-23,5.5486515e-10,0.07631681,7.951009e-07,0.025223296,1.0,0.00025508035,0.08179769,0.12287176,3.192479e-10,8.144927e-18,1.0,8.352486e-21,0.0002852124
2911,0.4653587,0.32243612,0.031568654,0.0022144513,0.007593171,0.9999409,3.4181674e-05,6.024249e-35,0.8954242,0.628561,0.9986518,0.00014791348,0.402842,1.0697012e-22,3.27252e-05,0.06901161,0.00016375893,3.006636e-39,0.011657234,0.4685878,0.00037528187,1.0,2.2606795e-24,0.0018030521
2914,0.09390064,0.05994424,0.0058805165,0.5159056,0.18937553,0.00094586506,0.022883628,1.0,0.2662358,0.046305083,5.963307e-38,0.0021039026,0.07631681,0.051042814,0.003089883,1.1588697e-16,0.00020639747,1.1364825e-10,0.072586015,1.7297542e-06,0.048442934,0.25996202,4.364887e-27,0.00076506956
2920,0.13582136,0.10609732,0.077733554,8.456888e-11,0.0074544884,0.0031491525,3.56255e-24,2.7705327e-29,0.71045494,0.046305083,0.0065763686,1.7333887e-17,0.07631681,6.821295e-08,0.009845775,0.00075115456,0.006120179,1.0086345e-13,0.07364708,2.8364875e-11,1.8303338e-18,1.0,5.242756e-05,1.5755928e-05
2923,0.17665558,0.87148964,0.4712247,0.01352198,0.44864616,0.98536795,0.016312161,1.0,0.2662358,0.046305083,1.4959885e-28,0.0026108962,0.13686801,0.00017654485,0.024520177,0.19832896,0.00030897695,0.9999968,1.0,0.06942257,3.3319295e-06,1.2697921e-08,6.0338755e-31,0.2847196
2931,0.09390064,0.05994424,0.011220305,0.14499079,0.15951541,0.0007707323,0.017761031,1.0,0.2662358,0.046305083,3.006636e-39,3.5237524e-09,0.07631681,0.027594352,0.11773502,1.8798791e-07,0.00020689992,0.28167138,0.0025632665,3.3630165e-09,0.018120615,4.4399605e-13,1.7667042e-28,0.00048739207
2946,0.24247748,0.32169214,0.6893305,7.835191e-05,0.16904446,1.0,0.1584589,1.0,0.21346425,0.046305083,1.0,2.687174e-07,0.07631681,0.00025385004,3.761814e-08,1.0,0.0002363428,2.3770397e-23,0.011657234,0.017934555,0.00012769195,0.00034032873,6.0338755e-31,3.0786748e-07
2950,0.09390064,0.05994424,0.00744029,0.012957121,0.40084127,1.0985403e-06,0.09830792,7.307729e-17,0.7577213,0.046305083,1.268152e-29,0.000376709,0.37135705,3.518357e-05,0.0010190362,9.264949e-05,0.00034881686,1.0117272e-20,0.011657234,0.0077148057,9.852931e-08,0.8967881,2.2458944e-32,6.5697095e-05
2951,0.15723225,0.05994424,0.15631619,8.9498644e-05,0.1438104,0.4614908,0.1584589,0.038064413,0.30388415,0.046305083,1.8549234e-23,1.0,0.07631681,1.0909347e-06,0.0021935063,8.3939617e-14,0.00025249517,4.036171e-18,0.9521128,0.03851103,0.00050579227,9.164332e-07,1.0,1.456969e-11
2953,0.09390064,0.05994424,3.4014924e-05,0.044552837,0.16112357,3.037989e-09,0.086641654,0.95195884,0.90061855,0.046305083,3.006636e-39,8.4822344e-11,0.13686801,0.8488944,1.0,5.0970248e-14,0.00183213,1.0,0.0019824235,7.388391e-12,2.0251885e-07,3.006636e-39,2.207545e-31,3.7915172e-06
2958,0.09390064,0.05994424,0.57013446,0.044944864,1.0,0.9977137,0.1584589,1.0,0.9904779,0.046305083,3.006636e-39,1.1039554e-05,0.07631681,0.00068645267,0.016930161,1.1881671e-05,0.0006137936,7.211324e-19,0.054583166,0.4062497,0.0150741,0.6875265,2.0707957e-28,7.877182e-12
2961,0.09390064,0.05994424,0.0059893737,0.97590667,0.20460147,1.0,1.0650734e-05,1.0,0.6695097,0.046305083,1.0,9.996717e-09,0.29940787,3.117657e-05,0.00048352976,1.8045534e-11,0.00058900163,1.6891568e-18,0.0016283505,1.4224767e-08,6.972945e-05,1.0,4.364887e-27,8.873056e-08
2964,0.09390064,0.10609732,0.23350497,8.9355126e-05,0.0020611726,4.3957775e-06,1.02851357e-22,1.0,0.30625802,0.046305083,0.9991032,3.776062e-12,0.07631681,5.9485384e-08,0.010227294,0.4244118,0.00024407149,1.0,0.053770196,2.8614207e-13,2.2613884e-15,4.2758003e-07,1.2230822e-15,1.4045173e-10
2967,0.13582136,0.10609732,0.98550504,2.3487405e-06,0.0031282369,1.0,3.56255e-24,1.0,0.30668002,0.046305083,4.5129119e-07,1.14304605e-07,0.41527018,6.0509632e-05,0.6135713,0.44121745,0.00022505964,8.635921e-21,0.10617509,2.2170545e-10,1.0853553e-11,1.0,7.653325e-09,1.2220148e-05
2969,0.09390064,0.10609732,0.17933102,2.3650804e-10,0.0023782935,0.005946152,3.56255e-24,0.99999106,0.16800801,0.046305083,8.184234e-14,1.0,0.07631681,2.2461308e-09,0.0792889,0.0010862609,0.0002799194,9.474289e-06,0.03344825,3.8953812e-10,1.0977026e-08,0.2833782,1.0,0.97719336
2975,0.45235574,0.05994424,0.012176019,0.01352198,0.44864616,1.0,0.1584589,0.3784997,0.2662358,0.046305083,3.1829784e-06,0.0021039026,0.07631681,0.00027166127,5.9267346e-05,0.55145854,0.00016375893,1.9183958e-15,0.011657234,0.027062848,0.004143602,6.599228e-09,6.0338755e-31,5.142457e-07
2976,0.09390064,0.10609732,0.22193156,4.4154786e-09,0.019710558,6.7785803e-17,3.56255e-24,1.0,0.2419221,0.046305083,0.0012131897,5.868474e-18,0.07631681,1.2028272e-06,0.4802428,1.0,0.00022814856,1.0,0.021866366,1.3855578e-12,9.313602e-15,1.0,5.82475e-10,0.6903302
2978,0.36235398,0.05994424,0.0002446115,0.046042025,0.15951541,1.0,0.024224188,1.0,0.13688383,0.046305083,0.9999931,1.5989872e-05,0.07631681,4.57145e-07,0.01935871,1.4072092e-18,0.00025064658,1.0,0.0019824235,5.4816655e-07,1.0,1.0,1.6353626e-20,2.126388e-06
2979,0.99501944,0.05994424,0.012176019,0.01352198,0.44864616,8.478749e-09,0.1584589,0.22649832,0.2662358,0.046305083,6.06544e-33,0.00023215343,0.07631681,0.015294579,0.006130043,1.2950637e-08,0.00016375893,7.018026e-16,0.011657234,0.06995697,0.004143602,1.6701648e-06,6.0338755e-31,0.0025105642
2983,0.9078763,0.15133406,0.26001927,0.25659716,0.00077082665,2.5539756e-10,0.00020042126,3.006636e-39,0.015682055,0.046305083,1.0,0.004325961,0.12127647,5.827914e-26,7.567573e-05,0.012902126,0.0005540861,1.0,0.65314543,0.0035273852,3.3686e-14,1.0,5.0006616e-10,6.0241236e-06
2989,0.5925877,0.05994424,0.00602654,5.1076547e-09,9.2144204e-05,1.0,1.5080346e-05,7.374901e-20,0.052541386,0.046305083,1.0,1.3999046e-06,0.12127647,5.000652e-25,0.0044214185,1.0,0.00021530282,2.0250117e-27,0.011657234,0.23216946,3.3579468e-09,5.603157e-07,8.3796636e-13,1.0
2990,1.0,1.0,6.3844794e-07,0.00887107,0.20573747,5.219801e-09,0.09566008,3.230581e-09,0.15172344,0.046305083,1.0,8.4678115e-12,0.07631681,0.0002095084,0.0010498987,6.843008e-11,0.00019582067,1.0,0.0016357065,4.7083526e-10,0.00043535532,3.062255e-16,4.5435068e-29,1.0
3004,1.0,0.05994424,0.025546297,0.01352198,0.24296248,1.0,0.1584589,1.5236054e-19,0.14409234,0.046305083,1.1169893e-09,6.8909976e-05,0.07631681,0.0011813083,0.0023403137,1.0,0.00016375893,1.1091127e-32,0.03779956,0.06596438,1.0,0.9999999,6.0338755e-31,0.0025105642
3005,0.09390064,0.10609732,1.083631e-05,0.041691843,0.0006362485,1.0,1.8584717e-23,1.0,0.08476858,0.046305083,1.0,1.8698978e-10,0.40027294,6.5792085e-07,0.00079136033,1.0,0.0088101635,9.68318e-21,0.22982709,4.4404684e-13,8.3802965e-11,1.0,2.3602101e-20,7.2174046e-08
3009,0.09390064,0.16140588,0.6933751,0.0019271335,0.6261906,0.05084429,0.1584589,1.0,0.94392484,0.30965918,3.006636e-39,3.9322363e-17,0.07631681,5.0663325e-06,0.92573225,1.0617576e-06,0.00016375893,1.0,0.011657234,7.7826556e-10,1.0,1.0,6.0338755e-31,0.00048021923
3020,0.3995753,0.23242444,0.02920554,0.060043924,0.26848677,0.043020368,0.1584589,1.0,0.0066823405,0.1314709,5.7223795e-30,5.2897753e-14,0.07631681,0.00035719652,0.0012583487,5.230667e-08,0.00042034892,3.7199077e-13,0.9721238,1.7883728e-08,6.467116e-14,3.8434796e-06,2.2864113e-13,0.13954216
3028,0.62670594,0.05994424,0.00012987047,0.017615508,0.44864616,6.144618e-11,0.019863704,1.0,0.2662358,0.046305083,0.99990344,1.8545472e-09,0.07631681,0.000125319,0.5033432,4.1997097e-10,0.00025249517,1.0,0.009629485,0.00019346314,1.1874696e-09,0.00021302562,2.0707957e-28,5.648573e-12
3030,0.09390064,0.05994424,0.01475308,0.00091160776,0.44864616,0.10501985,0.1584589,3.727546e-30,0.2662358,0.046305083,1.579516e-31,0.0021039026,0.07631681,0.015294579,0.00012608094,1.077772e-11,0.00020639747,2.3009756e-09,0.011657234,0.5262933,0.026562946,0.7283052,6.0338755e-31,0.0025105642
3036,0.09390064,0.05994424,0.002531257,0.043986678,0.5857611,0.3973416,0.019863704,0.7134505,0.5746312,0.046305083,6.2575634e-13,0.00041761724,0.07631681,0.013651795,0.08794846,4.31616e-05,0.00017983206,1.0,0.0019824235,0.00015344558,0.0014593758,0.00010683927,6.0338755e-31,0.00053098606
3040,0.1233277,0.21755613,0.1573594,6.711072e-12,0.013009673,1.0,3.137432e-25,1.0,0.10870308,0.1314709,3.8941216e-08,1.3040184e-09,0.19388974,7.1556365e-09,0.10299621,0.9396012,0.000719593,1.0,0.99752873,1.2695807e-09,5.139243e-15,9.16613e-15,4.24594e-18,0.00990922
3041,0.09390064,0.05994424,0.04650821,0.0033004044,0.574614,0.016877148,0.016312161,1.0,0.2662358,0.046305083,3.006636e-39,7.023552e-10,0.13686801,1.0863026e-05,0.03986629,1.6141747e-09,0.0002096101,4.6268193e-05,0.011657234,2.0794044e-09,6.825101e-07,7.693783e-06,6.0338755e-31,0.058304027
3042,1.0,1.0,0.002845551,0.2897934,0.05518156,0.9999995,0.016948503,1.0,0.0042371973,0.046305083,0.9999137,2.340587e-17,0.07631681,4.669018e-06,0.002735703,1.0,0.00034030408,1.0,0.0060928767,9.504568e-10,0.0068182307,0.99688125,9.278862e-12,0.035149924
3051,0.13582136,0.10609732,0.02001924,5.1846778e-12,0.000936737,1.0,1.222646e-19,3.4529608e-13,0.1874356,0.046305083,1.0,2.027598e-15,0.24673085,1.6944143e-06,0.00019287615,1.0,0.00023228319,0.9999633,0.021866366,2.2555636e-12,9.494042e-21,1.0,0.0016759686,7.012247e-07
3052,0.09390064,0.05994424,0.012176019,0.01352198,0.44864616,0.10501985,0.1584589,0.3784997,0.2662358,0.046305083,9.141677e-32,0.0021039026,1.0,0.015294579,0.006130043,0.0013869064,0.00020356434,2.8326206e-23,0.011657234,0.06308077,0.004143602,0.6875265,6.0338755e-31,0.0025105642
3054,0.09390064,0.05994424,0.012176019,0.01352198,0.44864616,0.10501985,1.0,0.08880524,0.2662358,0.046305083,9.141677e-32,0.0021039026,0.07631681,0.047905922,0.006130043,0.0013869064,0.019924542,2.3009756e-09,0.011657234,0.031095652,0.004143602,0.6875265,6.0338755e-31,0.0025105642
3056,0.16567177,0.10609732,0.10611371,0.011508013,0.0037471591,1.1200897e-05,2.5774583e-23,2.4374207e-25,0.98409927,0.046305083,1.3998313e-33,5.9289896e-15,0.07631681,4.0778257e-05,0.008049349,4.568344e-13,0.00027473085,6.568044e-10,0.021866366,1.608999e-12,6.4533437e-13,3.006636e-39,2.2747212e-15,0.008039144
3062,0.09390064,0.05994424,0.12491999,0.0065879924,0.69753706,0.10501985,0.0026124723,9.930505e-17,0.9840844,0.046305083,3.006636e-39,5.7781946e-11,0.07631681,0.00013167145,0.00011692748,3.2571695e-15,0.00053466816,1.7876331e-19,0.011657234,8.159702e-05,1.0,6.345514e-22,4.762982e-32,0.0006732659
3067,0.09390064,0.10609732,0.008945836,9.7882376e-11,0.0104946755,0.4244045,3.137432e-25,1.4210194e-17,0.10870308,0.046305083,2.5877622e-09,1.6736075e-09,0.13686801,7.5446835e-08,0.004398895,1.0,0.00022600578,3.4177198e-22,0.035931535,3.3544707e-09,1.6870908e-09,1.0,7.458366e-19,7.803562e-05
3072,0.5707152,0.10609732,0.799441,2.2844489e-10,0.03708535,1.0,3.8986717e-26,1.0,0.10870308,0.046305083,1.8496913e-06,2.2766103e-14,0.3937441,5.751657e-24,0.015896289,0.999997,0.00034469742,9.080003e-21,0.021866366,2.8362626e-13,1.0173531e-15,0.99918157,2.7271266e-18,1.0
3073,0.09390064,0.05994424,6.672906e-05,2.6720489e-05,0.69173926,1.04977214e-10,0.00033607855,0.976635,0.6522179,0.046305083,0.99999976,2.4856615e-06,0.07631681,1.0988235e-05,0.8178257,1.7834817e-06,0.00018241738,1.0,0.0019824235,5.549448e-06,5.3647376e-08,4.072153e-21,2.2606795e-24,3.9225839e-07
3081,0.7590522,0.05994424,0.04750905,0.00063033716,0.97838646,0.24342504,0.0020563675,0.9985129,0.2662358,0.046305083,0.00026668375,3.68153e-17,0.22558899,4.4755565e-22,6.3638785e-05,3.559014e-05,0.00018132642,1.9379982e-11,0.011657234,1.404632e-11,6.704645e-05,0.99999976,6.0338755e-31,0.89177346
3083,0.1782521,0.05994424,0.010962493,0.00029108961,0.44864616,1.0,0.1584589,0.3784997,0.13688383,0.046305083,6.31763e-18,3.2325105e-09,0.07631681,4.923767e-06,1.8987818e-07,2.5189968e-06,0.00020689992,0.99829155,0.011657234,0.0013688887,1.4382532e-05,1.0,2.4422514e-32,4.571209e-05
3086,0.09390064,0.10609732,0.17536338,0.00033703088,0.003095743,1.0,2.6731792e-23,0.9988452,0.32809022,0.046305083,0.9999999,3.0830265e-15,0.07631681,2.4453632e-07,0.17426331,1.0,0.004491933,0.99999917,0.05317309,1.9089632e-12,2.1334709e-10,1.0,1.870006e-16,1.00949155e-05
3093,0.17665558,0.05994424,0.002397253,0.97066915,0.44864616,8.342986e-07,0.019863704,1.0,0.45347273,0.046305083,1.6926057e-09,5.7941376e-09,0.07631681,2.0563935e-05,0.08926512,1.2800109e-06,0.0004631642,1.0,0.009629485,0.00018119578,0.0013863418,8.0831014e-05,8.381589e-30,3.0406757e-11
3097,0.09390064,0.10609732,0.03319675,2.3650804e-10,0.0019363519,1.0,3.56255e-24,1.0,0.05422198,0.046305083,0.9351194,4.210561e-10,0.07631681,9.463888e-05,0.10778779,1.0,0.00020411126,1.6772398e-14,0.035931535,2.2170545e-10,1.4746818e-09,0.9999994,1.5293768e-18,0.0002006945
3099,0.9999913,0.05994424,0.0067055174,0.014727423,0.08145779,1.0,0.04257289,1.0,0.004391559,0.07617714,2.517105e-18,0.0025368219,0.16950274,5.4497108e-05,1.7161902e-06,5.6637646e-06,0.0026012054,1.0,0.023689764,2.9757808e-07,3.9824826e-07,1.387542e-11,5.9576416e-13,0.28456634
3104,0.3898292,0.05994424,6.80203e-05,0.9946655,0.3919969,1.7271152e-06,0.00033607855,1.0,0.0046493006,0.046305083,4.8872653e-09,5.94549e-11,1.0,1.3831329e-05,0.68770117,0.98399216,0.00023047288,1.0,0.0019824235,0.00010850447,1.1850411e-14,6.8367417e-12,3.9021664e-12,0.016373532
3108,0.38645583,0.17572631,0.40778223,4.9329776e-09,0.0031282369,1.0,3.56255e-24,3.006636e-39,0.37843275,0.07617714,2.6697725e-10,7.74217e-12,0.07631681,3.618443e-10,0.21718705,1.0,0.0002258098,4.0062975e-29,0.916017,5.9953825e-10,4.886763e-20,1.0,0.0003480414,1.00357e-06
3112,0.13582136,0.10609732,8.898117e-05,6.0500854e-10,0.002667784,1.5472441e-27,4.4331746e-24,1.0,0.056746874,0.046305083,1.0,1.5224083e-12,0.09646739,0.0003030089,0.6604578,1.0,0.0004906873,1.0,0.03359453,2.8754379e-09,2.2332295e-13,1.0,0.007737958,5.2759567e-08
3116,0.09390064,0.05994424,0.5904075,0.0033004044,0.574614,0.47937214,0.1584589,1.0,0.48461762,0.046305083,4.809613e-32,3.585392e-07,0.07631681,2.5402767e-06,0.0045719193,6.006129e-14,0.00022373887,0.756315,0.054583166,2.174937e-09,0.001530528,1.23040045e-05,2.0707957e-28,8.249058e-09
3117,0.26523954,0.05994424,0.00031681242,0.017615508,0.44864616,0.024787286,1.0,0.6469607,0.48257655,0.046305083,4.3960672e-20,0.0021039026,0.07631681,1.0,0.08307936,4.6017598e-05,0.0059310044,1.0,0.0019824235,0.06698558,1.5403804e-08,0.7749047,6.0338755e-31,0.016779691
3119,0.7700817,0.10609732,1.176745e-05,0.0004929676,0.0002597455,0.83577687,2.4070327e-23,1.0,0.47487307,0.046305083,0.9622072,1.0,0.07631681,1.1449461e-10,0.7977616,1.0,0.0002721266,1.0,0.03359453,1.1305314e-12,1.0,1.0,1.0,2.2068687e-05
3124,0.1233277,0.05994424,0.6311352,0.01352198,0.44864616,0.4614908,0.016312161,1.0,0.8336424,0.046305083,3.006636e-39,4.663031e-05,0.13686801,1.0,0.0023871206,1.3600622e-05,0.00029973005,2.8117088e-07,0.16128159,5.801909e-06,5.2017743e-12,0.84382766,2.0707957e-28,4.4744722e-11
3134,1.0,1.0,0.007593531,0.030442689,0.0013446637,0.6921129,0.0057536005,0.07709036,0.8678257,0.30965918,9.7198374e-17,3.124784e-07,0.2081817,1.30501686e-23,0.045654725,0.11151647,0.00060802174,1.01502925e-26,0.011657234,6.92594e-08,0.002643705,1.0,2.2458944e-32,0.25782442
3137,0.9868629,0.10276631,0.18973953,0.3987834,0.012830754,5.910555e-10,0.02285768,1.0,0.007167812,0.046305083,9.521789e-21,0.0012619381,0.1839583,1.0397524e-22,2.1533381e-07,1.09223125e-11,0.00022697668,8.808106e-19,0.0025632665,8.024556e-05,0.0003067492,3.635083e-08,2.5690713e-11,0.9995012
3138,0.41575256,0.05994424,0.0063017486,0.031404004,0.5004057,0.10501985,0.1584589,2.5256356e-26,0.2662358,0.046305083,1.73596e-35,0.00013061053,0.07631681,0.005183043,2.4161733e-05,4.6329894e-13,0.0006403283,9.7036074e-14,0.011657234,0.002906576,1.3263667e-05,1.908449e-28,6.0338755e-31,6.143844e-05
3141,0.3895046,0.10609732,3.335586e-05,0.0017914593,8.988081e-06,1.0,1.5667402e-23,1.0,0.091337375,0.046305083,1.0,1.0,0.07631681,3.4442171e-18,0.0025612118,0.7305664,0.00031613928,1.0,0.035931535,2.6806576e-13,9.19644e-12,1.0,1.0,0.024247572
3144,0.09390064,0.05994424,0.0046568317,0.00021943034,0.40084127,3.0275432e-06,0.046730883,1.0,0.91751504,0.046305083,7.49194e-31,1.3429528e-06,0.29585013,0.00055921124,0.0043025245,4.316325e-05,0.00024888583,2.6589801e-24,0.011657234,1.8886367e-05,0.9962081,0.08089352,2.2458944e-32,5.511455e-05
3147,0.13582136,0.05994424,0.004808733,0.21671478,0.037823386,0.97763,0.018350748,1.0,0.0042371973,0.046305083,1.0,1.0955843e-07,0.07631681,5.969878e-06,7.48169e-06,1.0,0.00022095728,0.9873717,0.011657234,0.0013688887,1.4008667e-05,0.0050095236,1.7302781e-16,0.33670777
3152,0.09390064,0.05994424,0.04650821,0.0033004044,0.574614,0.071882464,0.1584589,1.0,0.2662358,0.046305083,3.006636e-39,5.580549e-09,0.24673085,4.088908e-05,0.08708806,9.818928e-10,0.004491933,0.029684288,0.028777288,8.444046e-10,1.2938927e-09,1.3694012e-14,6.0338755e-31,0.0003135423
3155,0.09390064,0.10609732,0.03319675,1.11993255e-10,0.015364187,0.026904063,3.56255e-24,1.0,0.10870308,0.046305083,0.9205249,1.4398286e-09,0.43289948,1.0875704e-05,0.322914,0.99586856,0.00020411126,0.8283129,0.035931535,9.477433e-10,1.1098114e-09,0.99991286,1.5293768e-18,0.0016567995
3157,0.22875588,0.05994424,0.01383552,0.2372791,0.64094085,9.9142715e-05,6.7906267e-06,1.0,0.8918765,0.046305083,5.376709e-13,9.833275e-08,0.13686801,0.00010090964,0.9915877,2.8428486e-13,0.00048219663,1.0,0.009629485,0.014399934,0.3702574,0.9225431,2.0707957e-28,8.871394e-09
3162,0.17665558,0.05994424,0.031772066,0.01352198,0.44864616,0.10501985,0.1584589,0.3784997,0.2662358,0.046305083,5.892804e-36,0.0041488335,0.07631681,6.610746e-06,0.006130043,1.2555592e-15,0.00030897695,9.7036074e-14,0.011657234,0.069042586,1.0,6.4506885e-12,2.5549659e-28,0.7595439
3167,0.60267085,0.05994424,0.005076625,0.002017051,0.014559109,0.04618169,0.008913667,0.00027281317,0.074961066,0.046305083,0.9037026,2.6071126e-07,0.6911554,9.343125e-25,4.2322848e-10,0.9196705,0.00016375893,3.5383793e-36,0.03779956,0.08451456,3.9495884e-05,0.9926351,7.33454e-17,0.5689351
3170,0.13582136,0.05994424,0.0022895716,0.33796468,0.18106374,1.0,0.1584589,1.0,0.0043902476,0.046305083,5.3911136e-14,4.8241745e-05,0.07631681,0.00038804708,3.5786383e-07,1.9972684e-05,0.000248451,8.615756e-08,0.011657234,0.003664032,1.6106287e-07,4.320661e-05,1.7302781e-16,0.0025975953
3171,1.0,1.0,0.020666063,0.0005595544,0.2268167,1.0,0.1584589,1.0,0.013440256,0.046305083,1.1721213e-08,1.7889042e-09,0.07631681,0.02619803,0.0066151926,1.0,0.00016375893,1.4557222e-14,0.011657234,3.3989443e-07,1.56689e-05,3.3113892e-09,2.5549659e-28,0.00667603
3173,0.09390064,0.05994424,0.006071537,0.01352198,0.44864616,0.10501985,0.1584589,0.01241285,0.33540437,0.046305083,4.668461e-21,9.935908e-06,0.07631681,0.015294579,0.018048678,2.6264859e-06,0.00016375893,1.0,0.0016357065,0.00032426915,0.9998406,0.6875265,6.0338755e-31,0.0025105642
3174,1.0,1.0,0.025546297,0.01352198,0.013859528,1.0,0.1584589,6.6764676e-32,0.14409234,0.046305083,0.3014554,1.0,0.07631681,0.00058402534,0.0021842746,1.0,0.00016375893,4.897852e-26,0.03779956,0.041096326,0.0006738337,0.9999993,1.0,0.00074792997
3175,0.59034276,0.10276631,0.009293082,0.019434081,0.44864616,0.10501985,0.1584589,0.064477205,0.2662358,0.046305083,3.2444767e-34,2.6866378e-08,0.07631681,0.00047918898,0.003597077,2.0773597e-05,0.00043637143,8.557726e-24,0.011657234,0.002757335,1.0,1.0,4.762982e-32,1.0
3177,0.09390064,0.05994424,0.00030443358,0.008884299,0.5638504,0.074262865,0.019226326,1.0,0.2662358,0.046305083,3.000902e-08,4.550074e-13,0.07631681,0.0033248207,0.95771945,1.3506034e-13,0.00019582067,1.0,0.0019824235,5.0753473e-12,6.2030675e-05,1.0,5.9308445e-30,0.00012624047
3178,0.7891057,0.05994424,0.0337489,0.041773517,0.14084373,1.1916995e-23,0.022883628,1.0,0.2615779,0.046305083,1.0,9.94309e-13,0.09646739,1.4046344e-07,5.662069e-05,2.0304874e-07,0.00042823088,2.483359e-05,0.0025632665,7.139774e-11,0.00020752681,1.403474e-16,2.5296902e-11,0.016645415
3179,0.17320125,0.10276631,0.009228098,0.20722531,0.44864616,0.10501985,0.998836,3.9378996e-05,0.2662358,0.046305083,1.3590201e-35,0.0019220667,0.07631681,0.010988263,0.012370367,0.0013869064,0.00023312231,2.3009756e-09,0.011657234,0.06383827,0.00010956436,0.72955346,6.0338755e-31,1.00467705e-05
3186,0.23335557,0.05994424,1.73104e-07,0.01352198,0.47395396,0.00012672832,0.016312161,1.0,0.2337701,0.046305083,1.5641148e-13,6.2721983e-07,0.38424185,2.6834714e-05,0.006314598,0.0016477791,0.00016375893,1.0,0.006572451,6.9782764e-06,3.0857386e-11,4.6521862e-17,6.0338755e-31,5.0450137e-08
3191,0.19071423,0.10609732,0.017762095,9.223192e-08,0.011417376,8.216447e-08,3.56255e-24,1.0,0.10870308,0.046305083,3.0779338e-14,4.7270216e-11,0.07631681,0.27945903,1.0,8.7797795e-05,0.000274712,1.0933501e-08,0.035931535,2.9960148e-10,5.9135294e-11,0.99995255,6.322855e-20,7.7308437e-07
3192,0.99901354,0.05994424,0.002549161,0.99960893,0.4221894,1.0032677e-05,0.020347917,0.8516188,0.3350658,0.046305083,0.9976724,2.0017138e-08,0.07631681,0.0748063,0.04502569,5.2233986e-08,0.00085119886,0.9999647,0.0016283505,0.0036446238,1.1495058e-05,0.99988556,2.4422514e-32,0.025668608
3198,0.09390064,0.05994424,7.303659e-05,0.9998338,0.22276916,0.050451383,0.017410161,1.0,0.56454206,0.046305083,1.4771218e-21,5.9847906e-07,0.07631681,0.015608987,0.061981354,1.3282448e-13,0.00019582067,1.0,0.0016283505,4.3214436e-07,5.6905503e-09,1.3460189e-08,1.2709429e-27,0.003603781
3200,0.09390064,0.05994424,0.00320861,0.66759497,0.14249693,0.00094586506,0.02285768,0.9995246,0.2662358,0.046305083,3.006636e-39,1.6373488e-05,0.07631681,0.16219492,0.001296894,7.8062186e-07,0.00019582067,6.786165e-16,0.0025632665,1.5519467e-08,0.010483184,0.7479185,1.2709429e-27,0.999998
3211,0.17665558,0.05994424,0.0014117681,0.017106207,0.40084127,2.4910412e-11,0.0010821986,0.99995875,0.13953175,0.046305083,3.006636e-39,1.5258204e-09,1.0,8.281394e-05,0.0016101259,0.99827635,0.00068951724,9.672334e-27,0.03779956,0.00024418833,2.8628266e-11,1.0,2.2458944e-32,6.027748e-05
3216,0.09390064,0.10609732,6.739286e-05,3.7352135e-10,0.006954045,3.912273e-34,4.3255433e-24,0.9189514,0.31588814,0.046305083,0.99999917,2.6756963e-10,0.07631681,0.00032645912,0.70184606,1.0,0.0003136314,1.0,0.03261185,8.29772e-10,5.276745e-18,8.599874e-06,2.1680468e-11,0.00023201601
3220,0.09390064,0.10609732,0.00022945923,0.00957161,0.0022097803,1.0871653e-20,6.7148364e-23,1.0,0.10870308,0.046305083,1.0,9.0829116e-10,0.07631681,4.3612754e-08,0.021171942,1.0,0.0004824861,1.0,0.03261185,3.090754e-13,4.64939e-14,4.553499e-11,1.3570039e-14,7.2788516e-06
3223,0.2455108,0.9754944,0.99986136,0.52747816,0.08145779,1.9118513e-06,0.017761031,1.0,1.0,0.046305083,5.1789096e-18,1.536431e-08,0.07631681,3.40157e-05,0.0027553206,2.7629187e-17,0.0008411995,9.5766907e-20,0.0025632665,8.415917e-08,8.656885e-09,7.748456e-10,2.755759e-11,0.76113874
3224,0.09390064,0.10609732,0.0015662654,6.510703e-11,1.0,3.7388487e-25,5.5003212e-24,0.08821413,0.14940676,0.046305083,1.0,8.671075e-14,0.27954385,4.239357e-06,1.0,1.0,0.00029574105,1.0,0.035931535,3.4993572e-10,9.19205e-13,0.9999329,2.8409202e-16,7.6044796e-07
3225,0.13582136,0.10609732,0.9952212,1.0631869e-09,0.0031282369,0.9999989,3.56255e-24,1.0,0.8461904,1.0,1.670627e-11,1.3332961e-09,0.07631681,1.1818056e-08,0.056998823,0.10051113,0.00028048438,3.006636e-39,0.083308086,1.8912072e-10,4.5331245e-19,1.0,2.2932116e-07,4.734229e-08
3227,0.17665558,0.05994424,0.028899476,0.0034012254,0.22444604,1.0,0.20706835,1.0,0.0042371973,0.046305083,1.0,3.0336932e-05,0.07631681,7.3704564e-06,0.007940409,1.0,0.00036704136,2.7347962e-24,0.011657234,0.0068018627,1.0520484e-08,0.9999999,6.198467e-24,8.196228e-11
3228,0.5116465,0.10609732,0.00074108166,3.0939087e-10,0.040862475,0.0027857132,4.196134e-27,0.9938806,0.10870308,0.046305083,1.0,2.7883965e-08,0.2081817,1.1401731e-22,0.7524437,1.0,0.00020411126,1.0,0.03261185,2.2170545e-10,7.044111e-12,1.6812029e-20,8.358638e-21,0.0016528813
3230,0.5171309,0.05994424,0.15580827,0.00013226453,0.44864616,5.656193e-09,0.1584589,0.3784997,0.2662358,0.046305083,9.141677e-32,0.0021039026,0.07631681,0.015294579,0.006130043,0.0013869064,0.00016375893,4.6915346e-14,0.1025287,0.027062848,1.8482015e-05,0.6875265,6.0338755e-31,0.0007748027
3236,0.09390064,0.10609732,0.019386208,1.05569306e-07,0.013472197,1.0,4.3643876e-27,1.0,0.10870308,0.046305083,2.0437627e-18,2.6414897e-13,0.28145996,1.3977566e-07,0.13233027,1.0,0.00020411126,1.0,0.021866366,1.421328e-10,5.61795e-16,1.0,3.728516e-21,0.25793242
3237,0.50756395,0.10609732,6.0611972e-05,1.4677403e-08,0.009295804,0.9999963,3.56255e-24,1.0,0.26908582,0.046305083,0.99939287,1.2024334e-11,0.07631681,6.18975e-07,0.06498298,1.0,0.00059826154,3.7755292e-06,0.09261059,2.8193981e-12,5.8173844e-19,1.0,0.006075029,1.944125e-06
3239,0.09390064,0.05994424,0.54634637,0.00017273652,0.451603,4.723132e-13,0.09830792,0.5021545,0.48349974,0.046305083,1.3353572e-32,0.0021039026,0.07631681,0.00017324273,0.0015430218,5.7366555e-07,0.0067233457,1.5112716e-17,0.06738012,0.0005764318,1.8634857e-06,8.124883e-10,7.707709e-30,9.909475e-15
3241,1.0,1.0,4.6166687e-07,0.020185437,0.0029926796,1.2842036e-06,0.017410161,1.0,0.41872826,0.046305083,1.0,2.9086688e-05,0.2081817,1.2118567e-23,2.9574394e-07,1.0218866e-07,0.000342502,1.0,0.0025632665,8.6789225e-09,4.7619128e-08,0.9999994,1.2709429e-27,0.00019930376
3242,0.09390064,0.10609732,0.070355415,7.714755e-11,0.003648886,1.0,4.9557564e-26,1.44026e-06,0.49368775,0.046305083,1.0,4.6388737e-11,0.07631681,4.0714432e-11,1.0,1.0,0.0007631995,1.0,0.8664267,1.9506824e-10,5.649817e-18,1.0,4.7884845e-18,5.362287e-10
3243,0.09390064,0.05994424,0.018025212,0.98219436,0.14560603,0.00143103,0.028268347,1.0,0.2662358,0.046305083,4.2059523e-37,0.014923164,0.07631681,0.62983644,1.0,1.6221632e-08,0.0004969742,9.6776705e-11,0.0025632665,3.1625602e-06,1.0452674e-05,3.3537735e-06,4.364887e-27,0.00024583217
3249,0.09390064,0.10609732,0.053185675,1.6437289e-05,0.020398084,0.91078186,3.56255e-24,1.0,0.10870308,0.046305083,5.672515e-25,2.7883965e-08,0.07631681,5.6066115e-06,0.18250307,0.99924064,0.00020411126,3.0436e-11,0.035931535,3.4238e-11,2.8874017e-13,0.99941885,1.5293768e-18,9.559069e-05
3253,0.09390064,0.05994424,0.012176019,0.01352198,0.44864616,0.10501985,0.1584589,1.6750037e-12,0.2662358,0.046305083,7.675327e-35,0.0021039026,0.07631681,0.0013227382,0.016963953,3.204183e-05,0.00016375893,2.3009756e-09,0.011657234,0.008709597,0.0002119098,0.72955346,6.0338755e-31,0.00044780393
3259,0.09390064,0.05994424,0.012176019,0.030929074,0.44864616,0.071882464,1.0,0.08880524,0.2662358,0.046305083,1.4090505e-27,0.0021039026,0.07631681,0.047905922,0.13705562,0.0013869064,0.07654155,2.1342595e-07,0.011657234,0.027062848,0.9999994,2.3157294e-09,6.0338755e-31,0.0009414312
3266,1.0,0.17739674,0.0055975774,0.58167434,0.0024149914,1.447177e-06,0.06754537,1.23212366e-17,0.4941278,0.081119955,3.0222703e-19,0.014923164,0.2081817,2.33727e-23,2.8962739e-05,4.951297e-11,0.0067815124,1.3297555e-13,1.0,4.763567e-06,0.0033748783,0.09483694,1.1928283e-29,4.8446672e-08
3267,0.09390064,0.05994424,0.007882675,0.001183251,0.53537285,1.0985403e-06,0.0926618,6.995295e-27,0.2662358,0.046305083,5.4146156e-08,1.641507e-08,0.09646739,0.011353774,0.0003334259,3.9860194e-12,0.00019444495,8.58579e-22,0.2564673,5.3596566e-05,0.00014928906,1.0,2.2458944e-32,9.028323e-08
3270,0.13582136,0.10609732,0.007967755,5.1797833e-06,0.0064877807,0.2497718,1.3421965e-23,1.0,0.0074279085,0.046305083,1.0,7.6565067e-13,0.07631681,1.01909e-05,0.059340388,1.0,0.00034252385,1.0,0.003252419,4.847835e-13,1.4779452e-07,1.0,1.0,0.0071319994
3271,0.09390064,0.10609732,5.480976e-07,1.6987661e-10,0.0037315944,1.0,3.137432e-25,0.99999976,0.05422198,0.046305083,0.99999857,4.7985852e-15,0.2309254,5.1356693e-07,0.8528933,1.0,0.00025061937,1.0,0.032960944,1.4196036e-12,4.7475605e-18,1.0,0.11808142,0.0024550706
3273,0.13582136,0.05994424,4.4161767e-05,0.37270978,0.1538164,4.6575204e-14,0.011598362,1.0,0.030681167,0.046305083,0.9999652,1.7920026e-08,0.07631681,0.94844186,1.0,0.0004923802,0.00020689992,1.0,0.0019824235,8.6088854e-05,4.1354866e-08,1.0,9.691954e-14,0.01146518
3276,0.5519461,0.292818,0.04113846,9.054739e-09,0.041027,1.0,3.8986717e-26,3.006636e-39,0.14731905,0.30965918,0.9999999,1.0,0.2081817,8.673606e-25,0.08765619,1.0,0.00048201648,0.9859389,0.035931535,2.205603e-10,1.1508542e-12,1.0,1.0,0.15917023
3285,0.13582136,0.05994424,0.004224555,0.0007023019,0.107273065,8.922199e-13,9.590321e-06,1.0,0.035569515,0.046305083,0.99996364,0.00010251762,0.07631681,1.0,1.1473143e-05,2.0779967e-07,0.00019582067,0.0005884453,0.08372091,1.03405455e-07,5.5921282e-05,0.0540088,1.6731726e-10,0.005679912
3291,0.44268602,0.10609732,0.015678538,1.6160177e-08,0.009087807,0.99994075,8.420424e-24,8.128218e-13,0.21283217,0.046305083,0.9898078,1.0,0.1839583,3.398736e-23,0.007515359,1.0,0.0002522086,1.0,0.14164153,1.0089954e-07,1.9640024e-14,0.9861989,1.0,1.1814859e-07
3292,0.5529831,0.05994424,0.0030228803,0.03685617,0.038300667,0.99999714,0.0020563675,1.0,0.2662358,0.046305083,1.2727917e-19,1.7231304e-06,0.1839583,1.3149765e-23,4.3225295e-06,0.00091031933,0.00019444495,1.6158229e-35,0.011657234,0.06596438,0.000252966,1.0,6.0338755e-31,0.4991883
3294,1.0,0.05994424,0.22822714,0.00045704553,0.52630657,4.236841e-05,0.017654037,4.504344e-09,0.9962012,0.046305083,2.3945734e-34,9.121656e-15,0.13686801,9.363832e-06,0.8684259,8.386737e-23,0.00049622817,3.5810422e-06,0.0025632665,4.8520515e-10,1.0,2.1185861e-20,8.994008e-25,6.588204e-05
3300,0.09390064,0.10609732,0.014205007,5.924096e-11,0.011417376,1.6797228e-05,3.5368608e-25,1.04575365e-13,0.10870308,0.046305083,3.4013098e-20,1.0674137e-12,0.07631681,7.256513e-05,0.21015872,0.028347036,0.0003164969,0.9739136,0.035931535,3.676056e-10,7.054847e-10,1.0,5.222448e-21,0.0010363404
3302,0.6411067,0.10609732,7.34128e-06,2.6419193e-05,0.840585,1.0,1.5219003e-23,1.0445347e-15,0.08507436,0.046305083,1.0,7.578013e-12,0.2081817,1.4896607e-22,0.005432794,1.0,0.00049805595,1.0,0.035931535,8.838088e-13,1.4232394e-08,1.0,0.006132594,2.4072722e-07
3304,0.8724742,0.05994424,0.0027528978,0.05554097,0.005411199,1.0,0.0020563675,1.0,0.012661206,0.046305083,1.0,2.59787e-06,0.2081817,1.8527724e-24,0.00010869834,1.0,0.00019992043,3.006636e-39,0.0016283505,1.0991169e-05,0.0002530649,1.0,6.5785204e-19,0.98555064
3310,0.09390064,0.10609732,0.032543134,0.00061281567,0.00441486,1.5232092e-13,2.879885e-23,1.0,0.21705617,0.046305083,1.3966174e-07,1.3144194e-16,0.07631681,1.0593561e-05,0.0019862084,1.0,0.0005301865,1.0,0.021866366,4.9856373e-12,5.6191896e-10,0.00997899,2.0078413e-10,0.00057984935
3311,0.09390064,0.05994424,0.01522754,0.9297628,0.44864616,0.10501985,1.0,0.09678355,0.2662358,0.046305083,3.006636e-39,0.0026042687,0.07631681,0.9690225,1.0,0.0013869064,0.08168865,2.3009756e-09,0.011657234,0.027062848,2.821207e-11,3.9114884e-06,6.0338755e-31,0.0025105642
3321,0.09390064,0.05994424,0.05024838,0.5194704,0.13497634,2.5021736e-08,0.06762729,1.0,0.83913714,0.046305083,3.006636e-39,0.00010434379,0.27923587,0.0010147904,0.008480687,3.3088903e-12,0.0002363428,6.1678905e-34,0.0025632665,2.5509e-07,2.107226e-06,1.0,2.207545e-31,5.7050286e-08
3323,0.27928856,0.05994424,0.82536495,0.18284039,0.44864616,1.7878901e-10,7.710212e-05,1.0,0.37259588,0.046305083,3.006636e-39,2.9342546e-09,0.53156346,2.1205576e-06,0.027906122,0.121383555,0.000248451,1.02947445e-16,0.10887084,0.041096326,1.0,0.895015,6.0338755e-31,0.00018463854
3324,1.0,0.9754944,0.9999629,0.00237294,0.1513264,0.000441469,0.031422865,1.0424317e-06,1.0,0.046305083,1.4313741e-15,7.195333e-11,0.07631681,0.00026592764,0.2465958,2.4258267e-13,0.00020689992,1.0,0.0025632665,1.046253e-12,0.0011104647,2.0735215e-22,5.6609567e-15,0.0076066935
3327,0.99501944,0.05994424,0.012459524,0.20307666,0.6653214,0.83315235,0.1584589,0.4158708,0.4519852,0.046305083,3.644037e-35,0.0002567182,0.07631681,0.015675131,0.011983931,5.5034053e-17,0.000302511,1.0396385e-20,0.011657234,0.00024306364,0.0032725453,0.24799511,6.0338755e-31,0.311073
3330,0.09390064,0.10609732,0.047086433,2.487249e-10,0.011417376,1.2445736e-13,4.9557564e-26,1.0,0.19009706,0.046305083,6.6713377e-21,1.3218255e-09,0.07631681,7.567146e-06,0.03219871,1.5212855e-11,0.00020411126,5.282244e-14,0.035931535,3.9451677e-08,3.9724945e-08,5.8486327e-09,3.7916712e-20,1.0
3331,0.09390064,0.05994424,0.18998453,0.069622256,0.15951541,0.0001983031,0.022883628,0.9999989,0.48461762,0.046305083,3.006636e-39,6.8531995e-07,0.12317237,1.5173564e-05,0.00029198016,2.8096773e-15,0.00028267692,0.92142123,0.11984712,1.8760119e-08,0.07046774,4.5560855e-12,3.5532454e-28,3.7643655e-10
3335,0.09390064,0.10609732,0.22550991,2.3650804e-10,0.02301306,1.7445951e-11,3.56255e-24,1.0,0.91378516,0.046305083,3.7970037e-32,3.0698626e-09,0.07631681,8.6304295e-05,0.7664801,3.422113e-09,0.00020411126,2.2731864e-22,0.035931535,6.9763945e-10,1.4746818e-09,0.020420741,1.4492227e-18,9.436316e-08
3342,0.09390064,0.10609732,0.6894725,0.00034211838,0.004051549,0.0063889353,2.4070327e-23,7.211128e-20,0.10870308,0.046305083,4.1803045e-18,2.1011668e-11,0.07631681,3.251166e-06,0.740514,0.904715,0.00074336806,0.99994993,0.26615354,3.8231224e-13,9.259742e-10,0.9999994,3.8318464e-09,0.00020294014
3343,0.09390064,0.10609732,0.021921074,3.503483e-11,0.0017969239,1.0,3.56255e-24,0.9995839,0.32087263,0.046305083,1.0,5.598825e-12,0.07631681,6.817588e-08,0.023744488,1.0,0.0007292215,9.2057686e-05,0.14541568,1.720565e-10,1.1311911e-24,1.0,3.070202e-13,1.3463322e-08
3345,1.0,0.10609732,0.00062588305,0.021950025,0.003396436,3.662735e-15,4.1425263e-24,4.950355e-10,0.22629721,0.046305083,9.176818e-11,1.0,0.07631681,3.3833913e-07,0.99756384,1.0,0.00057795626,1.0,0.0016357065,9.180185e-10,1.0319087e-15,1.0,1.0,6.777293e-08
3348,0.09390064,0.05994424,0.020557905,0.03626096,0.44864616,0.4614908,1.0,0.3784997,0.4941278,0.046305083,6.851309e-35,0.012746281,0.07631681,1.0,1.0,4.2992497e-08,0.00037307505,2.3009756e-09,0.054583166,0.059066717,0.1537132,0.6875265,2.5549659e-28,2.9280793e-11
3354,0.37568435,0.05994424,0.0059091165,0.01352198,0.63516456,0.04171778,0.1584589,0.9914643,0.2662358,0.046305083,1.6793035e-30,3.183575e-05,0.07631681,0.0005876155,1.4638711e-05,1.8470175e-07,0.00016375893,2.3009756e-09,0.011657234,0.0005358482,1.0,5.798169e-14,6.0338755e-31,0.014609175
3356,0.13582136,0.05994424,0.09975143,0.016543904,0.18106374,3.14624e-05,0.1584589,0.02184455,0.023355728,0.046305083,6.666092e-11,0.0031847109,0.07631681,5.0557715e-05,0.0001400926,3.228445e-08,0.00037543985,8.4764095e-23,0.054583166,0.99504614,1.05178394e-07,0.8226586,1.3661801e-09,1.73452e-06
3361,0.17665558,0.05994424,1.2310942e-06,0.00070345675,0.36165026,0.0131167015,0.02285768,1.0,0.5178467,0.046305083,0.0042332956,4.0324053e-06,0.07631681,0.058769196,0.044528384,2.0581916e-09,0.00045581165,3.3551426e-24,0.0016283505,9.83697e-12,2.0507488e-14,1.0,1.2709429e-27,7.406352e-05
3363,1.0,1.0,0.012176019,0.01352198,0.44864616,0.10501985,0.1584589,0.019819386,0.2662358,0.29050592,9.141677e-32,0.0021039026,0.07631681,0.015294579,0.006130043,3.204183e-05,0.00016375893,2.3009756e-09,0.011657234,0.027062848,0.004143602,0.6875265,6.0338755e-31,0.0025105642
3368,0.13582136,0.05994424,0.00036721653,0.00021151817,0.18106374,1.1189942e-06,0.016312161,3.5516826e-38,0.0069186734,0.046305083,1.8436701e-17,4.2515858e-08,0.7460696,4.20973e-08,0.0006088568,0.9983425,0.0003560438,1.0,0.0062909992,0.0011880781,4.775895e-19,1.0,1.376845e-13,0.0010114517
3373,0.09390064,0.05994424,0.048253316,0.018274661,0.44864616,0.10501985,0.1584589,0.3784997,0.2662358,0.046305083,1.6233055e-34,0.027649425,0.07631681,0.0011813083,1.0,2.0773597e-05,0.00042128804,2.3009756e-09,0.011657234,0.027062848,1.0,3.0504818e-05,1.6544041e-30,0.12732333
3374,0.09390064,0.05994424,0.025862835,0.0077714925,0.574614,3.5531457e-08,0.1584589,1.0,0.2662358,0.046305083,3.006636e-39,5.414076e-09,0.07631681,0.0005850599,7.381646e-05,2.8116902e-13,0.000248451,1.3595747e-05,0.011657234,2.174937e-09,1.1686889e-10,7.693783e-06,6.0338755e-31,0.003130662
3376,0.49188045,0.05994424,0.0009857621,0.9999957,0.15336843,0.77241284,3.770625e-06,1.0,0.008351667,0.046305083,1.0,3.4723462e-16,0.25359073,8.908336e-25,4.8857623e-06,0.56248975,0.0003618775,4.7602472e-07,0.011657234,1.9518898e-12,6.0823256e-12,1.0,3.9021664e-12,0.0071809837
3380,0.09390064,0.05994424,0.00025739928,0.04419331,0.14731796,5.7012923e-21,0.5747652,1.0,0.15172344,0.046305083,7.386807e-21,1.3208981e-07,0.07631681,1.0,1.0,0.0001137122,0.0015687587,1.0,0.0064144097,6.210199e-11,1.0,1.0,1.0491686e-27,1.4487332e-05
3384,0.09390064,0.05994424,0.0036019427,0.012957121,0.40084127,1.0005407e-05,0.09830792,1.0,0.53353196,0.046305083,3.006636e-39,0.000376709,0.37135705,0.00049236463,0.00014314026,1.5201653e-08,0.00016375893,8.376997e-20,0.011657234,0.003592462,7.667384e-08,2.1061699e-19,2.2458944e-32,0.9998349
3385,0.21652412,0.10609732,0.0018556614,4.6704307e-09,0.010656175,0.23621732,3.4657534e-25,8.2289204e-22,0.34600976,0.046305083,0.9999832,4.5511524e-12,0.07631681,4.7922464e-07,0.002510606,1.0,0.00070071314,1.0,0.15428965,1.18153075e-05,1.0,1.4902401e-15,1.7541743e-19,5.72437e-10
3389,1.0,1.0,0.8688446,2.3650804e-10,0.011417376,1.0,3.56255e-24,1.7680439e-07,0.1448456,0.046305083,7.47091e-15,2.7740772e-09,0.07631681,1.7306437e-06,0.056109145,1.0,0.00031049264,1.0,0.5699201,5.4834015e-10,1.0,1.0,2.7678713e-21,0.0051381853
3390,0.13582136,0.10609732,0.2995605,2.5098725e-09,0.00082493754,1.0,4.9557564e-26,8.840062e-24,0.23139177,0.046305083,1.0,6.1011693e-09,0.07631681,2.3721811e-06,0.95311195,1.0,0.00020411126,1.8912496e-37,1.0,1.0995802e-08,1.4376555e-16,1.0,0.00011187486,2.9705232e-06
3391,0.48563802,0.10609732,0.00010397164,1.015162e-09,0.00067046104,1.0,3.1119849e-24,1.0,0.08478875,0.046305083,1.0,2.1491198e-19,0.07631681,6.128156e-13,0.0026329735,1.0,0.0008798891,1.0,0.41517606,6.5034864e-13,1.4613786e-13,1.0,1.0,7.788782e-05
3394,0.2455108,0.05994424,0.79370606,4.4140335e-05,1.0,1.0,0.1584589,1.0,0.014198531,0.046305083,0.99999917,1.0,0.29585013,4.0331632e-10,6.524356e-10,0.9769423,0.00028535599,4.958545e-30,0.011657234,0.16706574,1.2124098e-11,0.16047421,1.0,9.00309e-05
3402,0.44505912,0.10609732,0.02678326,2.487249e-10,0.0023782935,0.4129952,3.56255e-24,1.0,0.10870308,0.046305083,1.0751055e-10,1.0,0.07631681,4.1191706e-06,0.13694492,0.998192,0.00020411126,0.0049519627,0.035931535,5.111495e-09,5.496858e-10,0.99950874,1.0,0.0016215699
3414,0.09390064,0.05994424,0.007903186,0.01352198,0.44864616,0.10501985,0.1584589,0.01241285,0.34321278,0.046305083,2.0913675e-33,0.0009412595,0.07631681,0.015294579,0.006130043,0.0013869064,0.00016375893,6.688747e-08,0.011657234,2.7992117e-05,0.00013642851,0.6875265,6.0338755e-31,0.0025105642
3415,0.13582136,0.05994424,7.6181834e-07,2.4900617e-08,0.29260153,0.55739135,1.2791237e-06,0.9999987,0.0077969786,0.046305083,1.0,4.154015e-09,0.07631681,1.0,1.0,4.472912e-05,0.0007209146,1.0,0.028777288,5.3691878e-09,4.159166e-10,0.46135968,6.481468e-13,0.7992569
3417,1.0,0.05994424,0.0048576687,2.0574822e-05,0.58340627,1.0,7.431328e-08,0.4670154,0.20608167,0.31575394,1.0,1.7837608e-15,1.0,4.732513e-27,2.4775457e-07,2.7781704e-09,0.00042964093,1.0051566e-09,0.03779956,9.380211e-10,4.9857705e-12,1.0,4.762982e-32,2.295144e-05
3419,0.13582136,0.05994424,0.063588396,0.009328868,0.2539028,2.2833662e-12,0.004843251,8.023587e-16,0.3455368,0.07617714,1.0421901e-06,2.1477211e-09,0.07631681,1.4947453e-09,7.292655e-05,6.7200094e-09,0.00084093335,1.0,0.10020641,0.00023144687,0.005113399,6.3090013e-09,1.3416798e-15,6.143512e-06
3420,0.13582136,0.05994424,0.0021311166,0.16277528,0.019659262,1.0,0.1584589,1.0,0.0043902476,0.046305083,1.0,0.0005707369,0.29940787,6.890578e-05,1.535361e-05,1.0,0.00016375893,7.9355743e-19,0.011657234,0.123751804,9.526671e-07,0.99989605,3.9021664e-12,0.28129146
3426,0.13582136,0.05994424,4.9832823e-05,0.37037694,0.08145779,5.8989255e-05,0.019226326,1.0,0.004850871,0.046305083,7.0802746e-09,0.00018793177,0.16950274,0.0001183696,0.00041298586,7.2818686e-08,0.00019582067,1.0,0.0019824235,4.3214436e-07,0.041113902,6.1622443e-12,2.5690713e-11,0.019271705
3427,1.0,0.05994424,0.023558928,2.9525681e-05,0.37084156,0.04803421,0.1584589,2.87394e-21,0.9112943,0.046305083,1.5576353e-37,1.0,0.44270027,4.26493e-08,0.0037780022,5.9002534e-08,0.00018304498,0.8399029,0.03779956,7.0217454e-13,4.616307e-14,2.5620897e-14,1.0,0.0007945495
3430,0.09390064,0.05994424,0.921437,0.23494032,0.44864616,0.10501985,0.9993794,0.15347742,0.2662358,0.046305083,9.141677e-32,0.0080826925,0.07631681,0.26581025,0.0030705957,0.0013869064,0.00023312231,9.5708563e-14,0.1025287,0.08258048,1.5755297e-05,0.6875265,6.0338755e-31,3.6296013e-05
3431,0.13582136,0.05994424,0.0135758845,0.104323775,0.0964918,0.014560655,0.02285768,1.0,0.004391559,0.046305083,8.3368e-27,0.0031847109,0.07631681,1.0498753e-06,1.4391493e-06,8.956635e-07,0.00019582067,2.6886837e-15,0.0025632665,5.9389134e-07,1.3388988e-05,2.9083158e-10,2.5690713e-11,0.013607806
3432,0.09390064,0.05994424,0.4259032,0.015206449,0.6289888,0.05084429,0.0026124723,0.3784997,0.7873485,0.046305083,3.006636e-39,2.687174e-07,0.07631681,0.0011813083,0.8086185,1.3017992e-09,0.00016375893,3.2243696e-24,0.011657234,0.07962368,1.0,0.6875265,6.0338755e-31,0.4531924
3436,0.09390064,0.05994424,0.7104936,0.029975066,0.37528476,1.5045304e-06,0.69244576,1.0,0.5677263,0.07390926,1.7188333e-36,0.00020748208,0.14227797,0.03118757,0.0010190362,1.4356454e-05,0.00031492818,4.6772403e-32,0.2954565,0.121307604,0.00200058,0.43351746,2.2458944e-32,0.906005
3440,0.09390064,0.05994424,1.3757083e-05,0.00044957938,0.12289385,6.056322e-28,0.05324927,1.0,0.86352044,0.046305083,0.999995,8.6217625e-07,0.07631681,1.6692886e-05,0.0014757406,2.6210112e-06,0.0009636314,1.0,0.015497587,4.65932e-12,3.8686446e-07,8.565683e-27,3.2675768e-28,7.935439e-15
3444,0.09390064,0.05994424,0.00012259226,0.11774635,0.15951541,5.8837992e-09,0.019226326,1.0,0.2662358,0.046305083,1.0,0.0021039026,0.07631681,0.0022969358,0.074216165,4.132257e-06,0.00024144104,1.0,0.0019824235,1.9680097e-06,0.0002696066,1.0736904e-12,5.9308445e-30,0.00036362733
3446,0.13582136,0.87148964,0.13069884,0.10023486,0.037956093,1.0,0.0926618,2.5070519e-26,0.029337674,0.046305083,2.469004e-14,0.0003267817,0.07631681,4.1691695e-08,6.2620566e-05,1.0,0.00022373887,3.006636e-39,1.0,0.003592462,1.8878076e-11,0.9999945,5.791162e-10,8.6483374e-07
3451,0.9442154,0.17572631,0.015711,6.134112e-08,0.0031282369,1.0,4.9408118e-24,0.99965787,0.056746874,0.046305083,9.488362e-09,1.4321588e-10,0.07631681,0.00062339427,0.009608663,1.3680576e-09,0.00034622982,1.1399418e-12,0.035931535,2.4902444e-10,1.17962425e-14,1.0,6.350486e-12,2.1320286e-06
3452,0.09390064,0.10609732,0.40565893,3.1179248e-10,0.010232093,3.513198e-08,3.915353e-24,1.0,0.6523305,0.046305083,5.792611e-32,1.1168523e-10,0.29940787,1.8535426e-06,0.07864604,0.99948066,0.00020411126,1.9958576e-16,0.035931535,1.1262611e-09,3.6776342e-05,1.0,6.187261e-19,0.0002352899
3453,0.09390064,0.05994424,0.012176019,0.01352198,0.44864616,5.656193e-09,0.99989593,0.3784997,0.2662358,0.07617714,9.141677e-32,0.002663241,0.07631681,0.015294579,0.006130043,0.0013869064,0.00020098597,4.6915346e-14,0.04244934,0.027062848,0.004143602,0.6875265,6.0338755e-31,0.0011889419
3456,0.09390064,0.05994424,0.012176019,0.01352198,0.44864616,0.10501985,0.1584589,0.036958303,0.2662358,0.046305083,9.141677e-32,4.5896028e-05,0.29940787,0.015294579,0.036945645,2.6264859e-06,0.00016375893,2.3009756e-09,0.011657234,0.042205118,0.004143602,0.6875265,6.0338755e-31,0.0025105642
3462,1.0,0.39992556,0.39780772,2.372759e-08,0.33559468,0.00011257946,0.016312161,2.3524782e-14,0.34321278,0.20450345,7.2363236e-25,1.0,0.13686801,8.237599e-08,0.047584504,0.00015676724,0.00022909351,1.0,0.9668256,2.7824785e-07,0.61891216,7.767045e-35,1.0,0.9965005
3466,0.09390064,0.18197545,0.10468263,0.93380225,0.44864616,0.002905349,0.018350748,1.534793e-20,0.52219325,0.48120517,9.781764e-33,5.285498e-06,1.0,0.96921486,0.010633812,2.4115234e-11,0.00026572007,1.0,0.011657234,6.587476e-05,0.045725416,0.1264383,2.4422514e-32,0.0025105642
3471,0.56229216,0.10609732,0.0020760708,6.860033e-08,0.0994856,1.0,1.0,0.9999964,0.057161536,0.046305083,0.99888974,2.3892932e-09,0.3019916,2.3079508e-24,0.09366385,0.0035783912,0.23383892,3.775081e-39,0.0856132,3.0091296e-10,9.749282e-10,1.0,3.007862e-05,1.3407375e-06
3472,0.6411067,0.10609732,5.0011015e-05,5.4418582e-05,0.019938333,1.0,2.0684245e-23,1.0,0.014596851,0.046305083,1.0,1.7406505e-14,0.2081817,2.6173458e-25,0.0019636818,1.0,0.0004423051,1.0,0.040545292,1.845719e-12,2.3763277e-12,1.0,1.0,6.282011e-08
3476,0.13582136,0.05994424,0.034163684,0.90235174,0.08145779,0.03268569,0.023642795,6.8224568e-37,0.022523694,0.046305083,5.3294487e-12,2.6685984e-05,0.07631681,0.00015287136,2.2137938e-06,6.960763e-07,0.00027116574,1.5501054e-32,1.0,2.305817e-09,4.8877868e-05,3.5009457e-14,5.905375e-09,0.0063333735
3483,0.13582136,0.10609732,0.008019095,1.2914624e-08,0.0031282369,1.0,3.881773e-24,1.0,0.056746874,0.046305083,1.0,2.8848426e-09,0.09646739,6.653766e-07,0.010448956,7.5792145e-06,0.0002572538,9.350987e-10,0.035931535,7.099965e-09,1.9478812e-05,1.0,7.9183166e-13,2.7621732e-06
3486,0.09390064,0.05994424,0.01999953,0.002051658,0.40084127,1.0,0.009510287,0.0003105797,0.13688383,0.046305083,2.3059599e-07,0.0003914773,0.13686801,4.1887427e-07,4.8157857e-05,0.89240855,0.00016375893,5.753923e-11,0.03779956,0.002563965,4.452884e-07,0.86653775,2.2458944e-32,0.00021399668
3489,0.24460383,0.45155433,0.794471,4.746405e-09,0.0031282369,1.0,3.56255e-24,1.0,0.056746874,0.43239677,0.0001014212,4.173082e-09,0.07631681,0.00021447732,0.4915036,0.30442393,0.00030616048,6.3153136e-34,0.12287176,3.3339191e-09,2.574348e-12,1.0,3.9066242e-07,1.2653735e-06
3490,0.09390064,0.05994424,0.050350808,0.00043252116,0.44864616,0.10501985,0.1584589,0.014259618,0.6287708,0.046305083,1.20702254e-14,0.00019676714,0.09646739,0.005432485,3.3906654e-05,0.0045524277,0.00016375893,2.3009756e-09,0.011657234,0.03139462,0.0001889617,1.0,6.0338755e-31,0.0015662214
3492,0.13582136,0.05994424,0.026290733,0.21574031,1.0,0.006339474,0.9971244,1.2811609e-11,0.0046493006,0.046305083,5.460795e-10,0.0031847109,0.07631681,0.00012623325,3.0592157e-05,0.17042448,0.00018132642,3.5257572e-27,0.03779956,0.027062848,2.3466719e-06,0.95386595,2.2864113e-13,0.82750064
3493,0.16179545,0.05994424,0.028652815,0.115552336,0.037699096,0.0003108466,1.0,1.0,0.52219325,0.046305083,8.1928955e-38,1.0,0.07631681,1.0,1.0,3.6852192e-09,0.1843566,2.7883789e-09,0.0016283505,4.135117e-05,0.98942405,0.12688069,1.0,0.029802227
3496,0.5929794,0.05994424,0.0005087989,5.7714195e-05,0.00013738396,1.0,2.9036577e-05,1.0,0.13688383,0.046305083,1.0,2.5881741e-11,0.07631681,2.4922256e-10,2.2744523e-07,0.09604223,0.0005100204,7.5111357e-25,0.0025632665,1.08465015e-10,9.966903e-09,1.0,4.7305952e-29,7.652638e-05
3500,0.17665558,0.05994424,0.037384834,0.018368144,0.5024368,8.022767e-06,0.09830792,3.2041074e-13,0.45347273,0.046305083,7.907618e-35,0.005462128,0.07631681,1.9116294e-07,0.0021294146,8.82953e-09,0.00036660858,5.1555626e-10,0.054583166,0.019031776,0.0005410515,4.276415e-12,2.887817e-23,1.895413e-11
3506,0.1782521,0.05994424,0.0037733733,0.0017310558,0.40084127,6.143823e-18,0.09830792,8.1485755e-15,0.8810347,0.046305083,4.4136556e-37,1.21521e-09,0.07631681,0.0026558125,0.03251043,2.9211786e-11,0.00024566817,1.0,0.011657234,0.00045091068,0.98755485,0.03943561,8.414572e-26,0.00051912095
3507,0.3786531,0.10609732,0.12532642,2.5411693e-12,0.011417376,7.729545e-18,3.56255e-24,9.50741e-07,0.10870308,0.48120517,1.0,5.19863e-08,1.0,3.0828428e-06,0.5195827,1.0,0.00038166653,1.0,0.5699201,9.780107e-10,1.0,1.0,1.7974014e-15,0.0065153874
3510,0.5529831,0.05994424,0.058685496,0.0009889135,0.00149153,1.0,1.0,4.2877505e-20,0.0042371973,0.046305083,1.0,0.00039207973,0.1839583,2.2412733e-24,0.00027257815,1.0,0.21364431,1.5523082e-30,0.22299351,0.009475495,7.9752094e-11,1.0,4.762982e-32,1.0
3511,0.09390064,0.05994424,0.012176019,0.020833729,0.4221894,0.10501985,0.9993862,0.3784997,0.2662358,0.046305083,9.141677e-32,0.014923164,0.07631681,0.11527103,0.006130043,7.3297116e-07,0.0003001707,2.3009756e-09,0.011657234,0.10324041,0.000252966,0.6875265,6.0338755e-31,0.001348323
3512,0.09390064,0.05994424,0.012176019,0.099762246,0.44864616,0.10501985,0.22637956,0.3784997,0.2662358,0.046305083,9.141677e-32,0.0021039026,0.07631681,0.027400892,0.118088864,0.0013869064,0.00016375893,2.3009756e-09,0.011657234,0.027062848,0.7393399,0.6875265,6.0338755e-31,0.0025105642
3516,0.09390064,0.05994424,0.02895217,0.0033004044,0.7046413,0.10501985,0.016312161,0.9999999,0.2662358,0.091239415,5.7838934e-23,1.5739557e-08,1.0,1.2707628e-05,0.5411866,1.4351606e-11,0.00019911991,8.44008e-15,0.011657234,5.6421184e-10,3.1478306e-05,1.4138002e-06,2.2606795e-24,0.010133563
3517,0.09390064,0.05994424,0.01522754,0.1970787,0.5512113,0.05084429,0.1584589,0.8556653,0.53353196,0.046305083,3.006636e-39,0.0021039026,0.07631681,0.0005758448,0.015413736,1.8984177e-07,0.00025799067,3.0015694e-17,0.011657234,0.2502918,4.2511766e-07,6.939632e-06,6.0338755e-31,0.0025105642
3523,0.13582136,0.05994424,0.003094675,0.11728642,0.08145779,0.009505258,0.02285768,1.0,0.004391559,0.046305083,2.458254e-13,0.0005707369,0.31839174,0.0007353857,6.2196355e-05,3.6166702e-07,0.00026760294,2.2310304e-15,0.0025632665,5.850214e-07,0.18137068,4.888864e-11,8.7913406e-11,0.020030983
3525,0.09390064,0.05994424,0.012176019,0.01352198,0.44864616,0.10501985,0.1584589,0.3784997,0.2662358,0.046305083,3.006636e-39,0.0021039026,0.16950274,0.0011813083,0.006130043,2.0773597e-05,0.00016375893,2.3009756e-09,0.011657234,0.027062848,1.0,0.99160975,6.0338755e-31,0.0025105642
3530,0.24578573,0.7942503,0.0061279833,0.46570575,0.26848677,8.501006e-05,0.99968517,2.4634673e-14,0.0069186734,0.1314709,2.5848504e-10,2.6120626e-15,0.07631681,4.4586945e-06,2.3561422e-05,1.4852642e-07,0.0010693993,0.96412605,1.0,7.4423676e-11,0.00018255379,0.002300281,1.376845e-13,0.39349702
3531,0.09390064,0.05994424,0.002435306,0.0014350394,0.3502613,1.0,0.1584589,1.5570081e-19,0.024995869,0.046305083,3.0488458e-19,4.6759152e-07,0.07631681,0.0008376672,0.00012671456,1.0,0.00030523192,8.712324e-28,0.011657234,0.00018344176,3.5026662e-08,1.7728318e-08,6.0338755e-31,0.00031398443
3536,0.09390064,0.05994424,0.019756816,0.0064747287,0.6264737,3.9300835e-06,0.004045827,8.296618e-31,0.3350658,0.046305083,3.006636e-39,4.988576e-16,0.35193294,3.4859146e-05,0.017318847,0.6421912,0.0003169958,1.0,0.28922525,4.2074064e-10,1.0,1.0,2.2458944e-32,1.6126928e-06
3537,0.5703177,0.10609732,0.00030480852,1.3860134e-06,0.1341015,0.99968505,3.4334443e-27,1.1590459e-32,0.12963569,0.046305083,0.1898091,1.0177624e-08,0.33536997,1.4681146e-24,0.003691776,0.9429135,0.00042987466,1.0,0.048885982,6.6276464e-09,1.4261705e-13,0.99999964,0.00033126882,8.4360465e-05
3549,0.17665558,0.05994424,0.9954933,0.00019121403,0.574614,6.7627275e-06,0.018350748,4.000804e-34,0.88542384,0.046305083,2.7341109e-37,7.1892784e-16,0.07631681,1.740019e-05,0.0015559597,1.1914033e-13,0.0005962427,1.0,0.7230463,7.4423676e-11,1.0498669e-05,7.6740764e-07,3.140285e-23,3.4918807e-07
3553,0.13582136,0.10609732,0.035552032,3.4779333e-09,0.0072463416,1.0,2.7274021e-22,1.0,0.13013923,0.046305083,6.248014e-08,2.0352062e-13,0.07631681,8.408971e-06,0.018383712,1.0,0.00026113554,9.448542e-16,0.021866366,1.506133e-12,1.2950677e-17,0.033463653,0.08018649,2.5065308e-06
3556,0.6310169,0.05994424,0.011495214,8.560324e-07,0.44864616,0.62635154,0.1584589,0.3784997,0.3350658,0.046305083,2.013861e-23,0.0051672948,0.16950274,0.0013578241,0.00023180064,0.0059351893,0.00038938705,2.3712043e-33,0.011657234,0.027062848,0.10734882,0.9995295,6.0338755e-31,0.08142576
3561,0.22409727,0.10276631,8.907546e-08,0.13731116,0.03458441,0.056674372,0.025539387,4.7917093e-22,0.0066572414,0.046305083,0.9867992,1.0,0.07631681,1.8639625e-07,0.051158004,0.0038102074,0.00029052293,2.1252604e-31,0.10354929,6.983644e-08,0.42865592,8.845749e-08,1.0,0.44203505
3564,0.17665558,0.05994424,0.014221149,0.9476579,0.13497634,0.6335956,0.08606875,0.99798334,0.56454206,0.046305083,3.006636e-39,0.0053207413,0.07631681,0.00082560943,4.4735694e-05,1.7078454e-15,0.00041996827,1.3227581e-25,0.0084867235,7.5928057e-07,8.717158e-06,1.1225194e-34,4.364887e-27,0.00021258775
3568,0.20578709,0.10276631,0.024449209,0.00022310771,0.12832409,2.5713416e-05,6.5760933e-06,1.7547716e-05,0.009597353,0.046305083,3.06878e-16,7.346185e-14,0.13686801,4.7328435e-06,0.00038218385,2.1429614e-21,0.00030192494,8.383367e-18,0.012423,3.0109726e-10,3.876817e-06,6.537005e-16,4.3070648e-11,7.191035e-07
3572,0.09390064,0.10609732,0.28985333,1.4880133e-07,0.011417376,6.1093672e-09,3.56255e-24,3.006636e-39,0.36327484,0.046305083,1.0339647e-24,8.463617e-11,0.24536146,6.6280365e-05,0.5983787,1.0,0.00020411126,8.9639125e-15,0.71985793,5.3301815e-08,8.1211784e-14,1.0,3.070835e-20,1.1697168e-06
3575,0.87082064,0.6162512,0.005915879,0.7541952,2.7102958e-05,0.9991824,0.0035697983,1.9449759e-21,0.9945253,1.0,1.0,1.0,0.07631681,9.6593175e-27,0.030940799,0.88671553,0.0014698579,1.0,1.0,2.7366734e-05,4.640179e-13,0.98628414,1.0,0.73995227
3579,0.27928856,0.10609732,1.1502986e-05,4.1632277e-11,0.026161091,9.132262e-18,3.137432e-25,0.070710786,0.062153894,0.046305083,2.596649e-05,9.528598e-18,0.19388974,9.524791e-09,0.04602467,1.0,0.00025166286,1.0,0.021866366,1.04870695e-11,1.2836756e-18,0.99999857,6.7341874e-09,0.3193027
3581,1.0,1.0,1.8332396e-06,1.1521518e-09,0.0017816771,1.0,3.137432e-25,1.0,0.05422198,0.046305083,1.0,4.749572e-14,0.17006275,5.960169e-08,0.0013456041,1.0,0.0005748385,1.0,0.03261185,2.5611824e-09,9.573157e-18,1.0,1.120306e-22,0.004540847
3584,0.5529831,0.05994424,2.405095e-06,0.9999989,0.7082035,0.99867404,0.9645797,1.0,0.20031653,0.046305083,1.0,4.980289e-11,0.2081817,1.9919864e-23,5.4119457e-05,2.4369128e-11,0.00039832015,0.0025622915,0.011657234,1.3111971e-08,6.435379e-11,1.0,6.0338755e-31,1.0
3586,1.0,0.05994424,0.036054607,0.02607267,0.574614,0.10501985,0.1584589,1.0,0.6522179,0.046305083,3.006636e-39,6.408613e-08,0.37135705,0.00067256566,0.9953243,7.5447155e-11,0.00016375893,2.7849348e-05,0.011657234,4.694006e-10,4.2037783e-11,7.693783e-06,6.0338755e-31,0.071932875
3591,0.09390064,0.05994424,0.012176019,0.01352198,0.44864616,0.10501985,0.1584589,0.3784997,0.2662358,0.046305083,9.141677e-32,0.0021039026,0.07631681,0.015294579,0.24855141,0.0013869064,0.00051718816,2.3009756e-09,0.011657234,0.48422617,0.004143602,0.6875265,6.0338755e-31,0.0025105642
3594,0.09390064,0.05994424,0.00052588905,0.017197104,0.3765425,0.00015290722,0.0002818373,0.0014484208,0.7280508,0.046305083,1.0,1.0,0.07631681,1.0,1.0,1.8485706e-18,0.00025249517,1.0,0.009629485,1.404632e-11,1.0265325e-10,2.315591e-14,1.0,2.4966471e-09
3596,0.09390064,0.10609732,0.002357097,6.820274e-10,0.008454173,4.2333688e-09,8.420424e-24,0.98002154,0.082148105,0.07617714,0.27243376,1.8758223e-08,0.07631681,1.5317077e-05,0.014020465,0.9999505,0.00023658585,1.0,0.16190688,9.084874e-09,2.1141991e-08,5.9400824e-15,2.6510323e-22,1.7133105e-07
3598,0.13582136,0.05994424,0.0022167272,1.3233594e-09,0.10266746,1.0,0.1584589,1.1676818e-10,0.005227596,0.046305083,1.0,1.0,0.07631681,7.50991e-05,1.4193442e-07,0.9999938,0.00048218487,1.0,0.011657234,8.725463e-13,7.770529e-16,0.9850465,1.0,1.5563624e-05
3600,0.7583269,0.10609732,0.005707969,4.6049497e-08,8.4584004e-05,1.0,3.8705587e-27,0.0002828918,0.069772705,0.046305083,1.0,1.0,0.2081817,4.514176e-27,9.677013e-05,1.0,0.0005125898,2.313402e-36,0.021866366,4.6903204e-13,3.174089e-17,1.0,1.0,0.011765988
3604,0.09390064,0.05994424,0.012332052,0.0034459583,0.64174056,0.10501985,0.016312161,5.5605833e-05,0.75795144,0.046305083,3.006636e-39,4.918966e-07,0.13686801,0.0017773372,0.008676362,0.059140727,0.00027175012,2.1617011e-14,0.2954565,0.029637177,9.3802055e-06,0.6875265,6.0338755e-31,0.054227006
3607,0.09390064,0.10609732,0.41355732,2.487249e-10,0.0019150678,1.0,3.915353e-24,0.00031204353,0.28057322,0.046305083,1.0,1.24604e-08,0.07631681,2.4480167e-09,0.020630164,1.0,0.00025215474,6.6223173e-12,0.15428965,1.6225762e-10,3.6484762e-06,1.0,3.7686788e-16,1.0214672e-08
3610,0.09390064,0.05994424,0.006665615,0.016055191,0.40084127,1.0985403e-06,0.030749504,0.9999974,0.52219325,0.046305083,2.5874191e-37,2.119877e-05,0.07631681,0.004068597,3.0823267e-05,0.0013869064,0.004491933,9.203857e-13,0.028777288,0.003592462,0.90179384,1.0,2.5549659e-28,0.0018071351
3627,0.09390064,0.05994424,0.7578912,0.00063090184,0.40084127,1.8400515e-06,0.010037077,1.0,0.61943465,1.0,7.509911e-38,1.5050938e-08,0.07631681,0.0022042939,0.00093393866,3.332791e-05,0.00031627432,4.070628e-11,0.011657234,7.8360965e-05,0.0381365,0.007968439,2.2458944e-32,1.9290635e-06
3628,0.09390064,0.05994424,6.795974e-05,0.9999901,0.2189589,0.8684508,0.019863704,0.9985146,0.15280591,0.046305083,1.0,2.1416949e-05,0.07631681,0.006171679,0.66310006,1.0,0.00023595196,1.0,0.0019824235,0.012446505,2.3305646e-09,2.2686875e-07,6.0338755e-31,5.605134e-05
3629,0.11815516,0.10609732,5.6118e-06,0.0056483382,0.0063519366,1.895348e-26,4.270134e-22,1.0,0.15311761,0.046305083,7.7141715e-10,3.67016e-12,0.24536146,2.128922e-06,0.23582424,1.0,0.0008511088,1.0,0.14164153,6.883464e-13,2.5851269e-17,4.6695206e-07,2.747215e-06,2.0790017e-07
3630,0.99947304,0.05994424,0.0064270217,0.21574031,0.019659262,1.0,0.1584589,1.0,0.004374388,0.046305083,0.9999994,0.0007544858,0.07631681,1.3231577e-05,0.00035192308,1.0,0.00016375893,6.811971e-31,0.011657234,0.041096326,0.99972075,0.9999982,3.9021664e-12,0.008590313
3631,0.09390064,0.10609732,6.6679124e-05,9.328901e-09,0.009406016,2.3078678e-20,8.2018077e-23,0.0021525566,0.10870308,0.046305083,1.0,1.8752313e-09,0.07631681,2.0876592e-05,0.16482057,1.0,0.00027865672,1.0,0.24614833,9.069841e-10,1.1150803e-12,1.0,7.632514e-15,5.506548e-05
3633,0.13582136,0.10609732,3.0891188e-05,2.0919204e-08,0.0031282369,1.0,3.9297757e-25,3.599923e-06,0.051689018,0.046305083,1.0,6.388813e-13,0.72072566,2.0832194e-09,0.00015408147,1.0,0.00035315333,1.0,1.0,9.132907e-10,2.57395e-16,1.0,0.99971837,5.9953535e-08
3636,0.09390064,0.05994424,1.0566177e-07,0.024380272,0.44864616,1.0,0.019863704,1.0,0.14585476,0.046305083,0.99998975,6.30876e-06,0.07631681,0.03716945,0.027894689,0.0031953978,0.00018304498,1.0,0.0019824235,0.06548623,0.004143602,0.00017498893,6.0338755e-31,0.0011142822
3637,0.09390064,0.10609732,0.017126027,2.487249e-10,0.011417376,0.55904156,3.881773e-24,1.0,0.10870308,0.046305083,0.802054,1.152316e-10,0.07631681,4.6068744e-06,0.0867238,0.99992824,0.00020411126,8.120768e-16,0.035931535,2.913924e-10,2.9087888e-09,0.0014658037,6.187261e-19,2.1080973e-07
3638,0.5033358,0.10609732,0.10065496,1.9452912e-10,0.013139184,0.002264611,3.56255e-24,1.0,0.10870308,0.046305083,1.221335e-28,1.7450675e-15,0.07631681,5.133588e-07,0.036415663,1.4306654e-14,0.00020411126,0.01155108,0.021866366,7.9952945e-12,1.2788445e-14,1.0,1.5890147e-18,0.7483987
3640,0.09390064,0.05994424,0.0009641709,0.03232725,0.40084127,1.5045304e-06,0.65053517,2.6877173e-32,0.13953175,0.046305083,3.006636e-39,4.773349e-07,0.07631681,0.10298995,9.59495e-05,2.6088562e-15,0.00018636235,1.7693752e-20,0.0016283505,4.2144026e-07,1.1251075e-06,2.4614785e-12,9.509912e-30,1.0
3644,0.694176,0.05994424,0.23525374,0.17751278,0.18106374,7.6943684e-07,0.1584589,1.0,0.013070164,0.046305083,0.00016443238,0.0031847109,0.07631681,3.3784585e-07,0.00016590046,2.2137772e-06,0.00022373887,5.7419587e-08,0.027955675,0.027062848,1.8586226e-05,0.97639036,6.5785204e-19,5.967937e-08
3648,0.13582136,0.05994424,0.0071108732,0.31169888,0.01797641,0.0059864614,0.02285768,6.4016216e-24,0.004802452,0.046305083,5.6918847e-13,1.0,0.07631681,0.0006585932,1.2120288e-05,1.2138084e-13,0.0007069261,1.8898196e-24,0.0025632665,1.0971992e-06,0.0002605931,6.608271e-09,1.0,0.62715864
3654,0.09390064,0.10609732,0.017126027,2.487249e-10,0.011417376,0.6576293,3.3458744e-25,1.0,0.10870308,0.046305083,4.3871795e-09,7.821149e-11,0.13686801,2.1247811e-07,0.00910888,0.99999475,0.00020411126,5.5657967e-08,0.035931535,1.7202771e-09,5.5183746e-09,0.9991611,6.187261e-19,0.00011482832
3655,0.40462878,0.10609732,0.021579804,9.204266e-12,0.0023782935,0.038819775,3.7992354e-24,1.0,0.2471739,0.046305083,1.6007044e-06,1.0,1.0,1.214973e-10,0.013881802,0.91411346,0.00028462292,1.46754715e-08,0.36767152,2.0713242e-10,5.2928087e-12,0.07576804,1.0,4.7167925e-10
3657,0.13582136,0.05994424,4.952664e-07,0.047561,0.16557027,0.0110758785,0.02285768,3.1446854e-15,0.0055692014,0.046305083,0.8435867,1.1763671e-07,0.09646739,0.0020087203,9.635623e-05,1.0416227e-06,0.00021833072,6.232751e-39,0.0084867235,1.8969859e-08,0.006754039,1.2021616e-07,5.905375e-09,0.00063921214
3665,0.09390064,0.05994424,0.012176019,0.01352198,0.44864616,1.7878901e-10,0.1584589,0.3784997,0.2662358,0.046305083,9.141677e-32,0.00081993407,0.07631681,0.0054249465,0.0002856236,0.0013869064,0.00016375893,2.3009756e-09,1.0,0.6168394,0.004143602,0.6875265,6.0338755e-31,0.00097354053
3670,0.09390064,0.10609732,0.30677313,5.633115e-11,0.011417376,0.98965734,3.5368608e-25,2.5683462e-11,0.2180781,0.046305083,1.3404154e-31,7.068771e-11,0.07631681,1.4739479e-09,0.20913644,2.8750757e-05,0.0003186438,5.227798e-06,0.83321196,2.9787857e-09,2.7647845e-10,1.0,2.6641302e-11,5.3676036e-08
3672,0.09390064,0.10609732,0.7488696,1.3378227e-09,0.019821368,7.6235345e-08,3.56255e-24,7.849157e-07,0.9831283,1.0,0.9871021,2.4794204e-07,0.07631681,3.8917045e-05,0.030738052,1.0,0.00023658585,7.485497e-20,0.03359453,2.9650934e-11,1.4764126e-07,0.9999995,7.1223555e-21,0.00072864426
3674,0.09390064,0.1086178,0.27181217,0.01352198,0.44864616,0.016877148,0.016312161,0.010558611,0.37259588,0.07390926,3.006636e-39,0.00010434379,0.24148174,0.00025186042,0.00078179623,0.03187744,0.00018083367,4.4075213e-19,0.03779956,0.031095652,5.170361e-11,0.9013576,6.0338755e-31,2.4282868e-05
3675,0.09390064,0.10609732,0.00011278393,0.00032627865,0.00067431165,0.99999845,5.624771e-23,1.0,0.026705233,0.046305083,1.0,5.6421854e-13,0.07631681,2.1384132e-05,0.39932764,1.0,0.0004423051,1.0,0.010751267,7.153903e-13,1.202247e-08,1.0,1.8829736e-08,1.8185385e-09
3676,0.5010199,0.05994424,0.088531844,0.004017932,0.33112398,1.0,0.016131071,1.0,0.44024056,0.046305083,4.2144124e-09,1.480718e-14,0.07631681,2.4881945e-09,2.2624292e-06,1.5366091e-09,0.00039252982,1.0,0.012423,4.110128e-11,1.0,1.0,5.54433e-08,0.117600195
3683,0.09390064,0.05994424,0.03581897,0.0069731004,0.28094354,0.00065378257,1.0,1.0,0.48325115,0.046305083,3.006636e-39,2.540898e-12,0.07631681,0.0067297746,1.0125915e-05,9.230689e-16,0.1513266,8.839405e-07,0.0084867235,9.937229e-10,3.2179919e-09,2.7857973e-06,4.364887e-27,0.01513281
3687,0.13582136,0.05994424,0.00014981312,0.3340023,0.18106374,1.0,0.0002818373,1.0,0.00401448,0.046305083,0.00018022054,9.559994e-06,0.07631681,6.739048e-05,0.00053890736,1.6426383e-06,0.004491933,1.0,0.004965229,0.046792313,2.2692545e-07,7.043982e-05,2.2864113e-13,0.031696357
3690,0.09390064,0.10609732,1.0,4.454733e-11,0.011417376,6.1093672e-09,3.56255e-24,1.0,0.46042696,0.046305083,5.16886e-27,1.7343738e-10,0.07631681,0.00030014696,0.14405355,1.0,0.00020411126,0.99332035,0.035931535,4.8055493e-10,1.5014061e-16,1.0,3.070835e-20,7.351663e-06
3695,0.13582136,0.10609732,0.029409794,0.0008850215,0.0005934349,0.99999976,2.4042433e-23,3.1240615e-29,0.32617053,0.046305083,0.55372196,1.0,0.07631681,5.1631675e-11,0.5566185,8.669776e-05,0.00029457547,0.08331932,0.035931535,4.039177e-13,8.034418e-11,0.9990814,1.0,1.0
3696,0.09390064,0.05994424,0.012176019,0.16946052,0.44864616,0.10501985,0.1584589,5.5656137e-09,0.6522179,0.046305083,3.8009086e-21,0.0004980222,0.07631681,0.0065836404,0.9501588,0.0001040728,0.00016375893,0.99999964,0.0016357065,0.22456835,0.00010030265,0.72955346,2.2606795e-24,0.00044780393
3699,0.09390064,0.05994424,0.99740183,0.018425353,0.40084127,1.0985403e-06,0.009510287,1.0,0.9739947,0.046305083,3.006636e-39,0.000376709,0.5313401,9.2118804e-05,0.035027288,0.028856378,0.00016375893,5.753923e-11,0.011657234,0.062159557,0.0008640753,0.5935925,2.2458944e-32,1.3803878e-08
3701,0.09390064,0.10609732,0.0006485627,4.7721676e-09,0.011832501,0.28372103,3.8343667e-25,1.0,0.10870308,0.046305083,1.0,2.7740772e-09,0.07631681,1.6888622e-05,0.005432155,0.9891031,0.00024309027,1.0,0.03261185,1.3842312e-07,2.424105e-10,6.888897e-18,1.8711666e-19,0.0025335092
3709,1.0,1.0,0.01475308,5.0644576e-05,0.44864616,0.10501985,1.2791237e-06,0.99991465,0.2662358,0.046305083,0.9999933,0.00035449886,0.09646739,0.0018668985,0.0016077268,3.2730364e-12,0.00044912897,8.1531665e-14,0.011657234,0.2559333,4.249093e-05,0.92364526,2.2606795e-24,0.022016335
3711,0.09390064,0.10609732,0.0012636742,1.5026074e-11,0.009406016,1.0,4.7797283e-24,2.901394e-26,0.062153894,0.046305083,1.0,2.9475959e-15,0.310411,4.422902e-10,0.0016168624,1.4362589e-06,0.000577421,4.6520183e-28,0.053770196,4.7343685e-10,9.975239e-15,1.0,6.8817544e-14,4.5311616e-08
3712,0.11815516,0.10609732,0.00076,7.218168e-05,0.011417376,1.0,3.8343667e-25,3.006636e-39,0.1448456,0.046305083,0.0032735595,2.1775848e-07,0.07631681,9.065454e-06,0.01180608,1.0,0.0004837197,1.0,0.03261185,2.0393086e-10,9.81695e-16,1.4786191e-07,7.95645e-21,0.00060943415
3713,0.15905903,0.05994424,0.045886606,0.00072242797,0.44864616,6.236466e-05,0.018350748,1.0,0.47774306,0.046305083,6.781607e-32,1.0600555e-05,0.07631681,0.0010418445,0.5267874,3.1469968e-14,0.00042566055,1.0,0.011657234,0.0011880781,8.729718e-07,0.023752641,6.696311e-32,0.96414965
3714,0.13582136,0.05994424,0.002030131,0.1130629,0.1538164,0.9999999,0.16447337,1.3896452e-37,0.013906824,0.046305083,7.5755774e-29,2.2219065e-07,0.07631681,8.590012e-08,6.1248397e-06,0.00081692764,0.0005741174,3.0919232e-27,0.011657234,0.003592462,1.2134345e-15,0.56890404,9.691954e-14,0.007813242
3716,0.09390064,0.45155433,0.028558845,2.2844489e-10,0.0027407347,1.0,3.56255e-24,3.006636e-39,0.10870308,0.30965918,7.651675e-05,1.0,0.07631681,1.7761309e-09,0.09322685,1.0,0.00020411126,1.7276736e-15,0.021866366,4.855896e-13,1.2940142e-12,1.0,1.0,0.08710162
3718,0.09390064,0.05994424,0.009060687,0.018363569,0.12951414,1.0,0.9922673,6.485354e-27,0.042141683,0.046305083,1.0,1.6959632e-07,0.07631681,0.00063127326,0.06657704,1.0,0.0007442619,1.0,0.009629485,0.032618366,0.022092255,0.9999893,8.381589e-30,2.8353744e-10
3719,1.0,1.0,0.9563269,0.06489179,0.18106374,1.0,0.1584589,3.006636e-39,0.996555,0.58228886,7.99059e-18,2.4572182e-06,0.1749142,4.0460392e-05,4.4431315e-05,3.4707766e-09,0.00022369089,2.9188288e-22,0.054583166,0.003664032,1.0,0.11193885,4.0530204e-10,0.00015101083
3725,0.09390064,0.05994424,2.2257982e-05,0.0039990265,0.13497634,1.6858526e-20,0.058581125,0.99977905,0.76207155,0.046305083,0.02912996,5.7274385e-10,0.07631681,3.905391e-07,0.0076422463,4.1913134e-22,0.0004906873,1.0,0.0019824235,1.4221897e-11,9.132205e-15,3.2871695e-27,1.6246673e-28,3.6521073e-05
3726,0.09390064,0.05994424,0.023977766,0.0032541815,0.44864616,0.0037705598,0.018350748,4.855121e-19,0.2662358,0.046305083,3.006636e-39,7.8598094e-07,0.07631681,3.1751395e-05,0.00016165366,0.042334702,0.00020689992,1.0,0.03779956,0.0022462853,3.3269545e-05,0.27305403,2.4422514e-32,0.3489433
3727,0.2740695,0.05994424,0.003094675,0.061631158,0.08145779,0.00030360316,0.02285768,1.0,0.004391559,0.046305083,7.80817e-14,3.369247e-05,0.07631681,6.533342e-05,1.6959848e-05,1.9683011e-07,0.00019582067,6.230181e-14,0.0025632665,1.2195199e-05,0.016332373,2.6069563e-11,8.7913406e-11,0.04188821
3730,0.5925877,0.10609732,0.0047850264,0.0023816866,0.05393749,0.9999279,2.0649322e-23,1.0,0.05375699,0.046305083,1.0,1.0,0.25359073,6.107951e-26,0.04553107,1.0,0.00054502796,1.0,0.09863405,9.258068e-13,2.5078804e-14,2.3650699e-26,1.0,2.2295117e-05
3735,0.84490865,0.05994424,0.015262137,0.5478557,4.242829e-05,0.8278268,0.4996868,0.9952473,0.4519852,0.046305083,9.745591e-27,1.8275387e-06,0.25424892,1.5476298e-17,0.08650941,0.9985886,0.00059130025,1.0319313e-32,0.12865655,0.07478936,0.013306377,0.99999857,4.762982e-32,0.082615145
3736,0.99998677,0.05994424,0.15511306,0.06442091,0.22051905,0.9978759,0.017761031,0.042597737,0.34321278,0.07617714,2.845263e-35,7.5364555e-16,0.07631681,0.001915827,0.012401597,3.5353261e-12,0.000660944,0.001386812,0.00956654,1.697502e-11,0.0067356043,1.7872046e-18,1.9273452e-22,0.69314206
3738,0.09390064,0.05994424,0.17424731,0.0009949981,0.44864616,0.05084429,0.1584589,0.02256258,0.92940915,0.046305083,3.006636e-39,1.4625864e-09,0.24673085,0.0020026444,0.28062835,6.775261e-20,0.00029011106,3.349935e-18,0.0016283505,0.1824774,2.1643633e-13,6.1197784e-07,6.0338755e-31,0.00014093603
3740,0.554738,0.05994424,0.006989023,0.0065061683,0.44864616,3.145601e-09,0.1584589,2.2853845e-15,0.71087307,0.046305083,3.006636e-39,7.3012907e-10,0.07631681,0.0005510051,1.0520007e-05,1.2917813e-10,0.0005038766,1.21286e-16,0.011657234,0.04631949,1.3146835e-11,1.0,2.2606795e-24,6.5103535e-08
3741,0.09390064,0.17739674,0.0011837048,0.0055844625,0.38214344,0.0035183926,0.02285768,1.0,0.22645476,0.081119955,6.894132e-32,7.280208e-14,0.07631681,3.427276e-07,0.00019901645,2.7534344e-09,0.00048774743,1.0,0.25120345,3.203779e-12,1.7030216e-11,1.4724043e-14,3.5142994e-29,0.024123264
3744,0.09390064,0.10609732,0.042457197,3.669065e-10,0.015478964,0.97191286,3.137432e-25,2.760748e-25,0.10870308,0.046305083,6.8023374e-16,2.0080613e-16,0.13686801,2.032992e-06,0.0360635,0.00015889858,0.0003516427,8.814353e-20,0.021866366,9.013692e-13,8.8953595e-05,0.087304205,6.431595e-20,0.005292897
3747,0.17158312,0.10276631,0.0052813236,0.0001707713,0.08094285,0.43503353,0.013866308,0.9755888,0.011528225,0.046305083,0.9999987,2.2706182e-07,0.09646739,0.0097943265,0.0018921503,1.0,0.0002663674,1.0,0.011657234,0.0005852063,4.0631467e-09,0.99986327,2.2458944e-32,3.654198e-05
3748,0.09390064,0.05994424,0.008673418,0.04198247,0.44864616,0.05084429,0.99848515,0.22796394,0.56454206,0.046305083,3.006636e-39,0.0021039026,0.07631681,0.015294579,0.00090069894,8.390528e-08,0.000248451,7.197451e-25,0.011657234,0.027062848,0.00016682384,3.4507984e-06,6.0338755e-31,0.00058053393
3750,0.09390064,0.05994424,1.0,0.01352198,0.44864616,0.10501985,0.1584589,0.3784997,0.6395603,0.046305083,9.141677e-32,0.00029979605,0.07631681,0.0054805996,0.15190843,2.6264859e-06,0.00016375893,3.5051173e-09,0.011657234,0.96639633,0.004143602,0.6875265,5.2827754e-30,0.0025105642
3754,0.09390064,0.05994424,0.010226367,0.003172945,0.574614,0.10501985,0.1584589,0.99984705,0.2662358,0.046305083,4.8730283e-26,3.3122498e-12,0.07631681,3.8703565e-05,1.09052e-05,1.7406987e-12,0.00018161781,0.0009953475,0.011657234,3.6171735e-10,1.0594864e-09,1.2545272e-19,6.0338755e-31,0.0016919876
3756,0.09390064,0.05994424,0.004023582,0.05054935,0.13497634,3.779863e-10,1.0,1.0,0.2662358,0.046305083,3.006636e-39,0.00068078534,0.07631681,0.0013996443,0.00035255335,4.9173387e-08,0.07654155,1.806791e-12,0.0025632665,3.8068075e-07,0.008475532,3.006636e-39,4.364887e-27,0.00076506956
3758,0.09390064,0.05994424,0.012176019,0.9997707,0.4221894,0.10501985,0.1584589,0.3784997,0.2662358,0.046305083,9.141677e-32,0.007106609,0.07631681,0.015294579,0.006130043,7.3297116e-07,0.00023595196,2.3009756e-09,0.011657234,0.027062848,0.004143602,0.6875265,6.0338755e-31,0.0025105642
3760,0.09390064,0.05994424,0.007604944,0.0012210069,0.08523716,1.0,0.1584589,0.01241285,0.0042371973,0.046305083,0.9999981,0.0009412595,0.07631681,9.285868e-06,1.4574023e-05,1.0,0.00016375893,6.626706e-18,0.011657234,1.29810305e-05,2.6044775e-10,0.99769115,6.0338755e-31,0.0059454865
3762,1.0,1.0,0.16322531,0.007657874,0.0068335435,5.071378e-09,0.07311238,1.0,0.22511925,1.0,0.9999466,8.5897557e-07,0.2081817,1.1940973e-16,0.00032374344,0.9987544,0.0003609985,1.0,0.08372091,3.4793666e-09,0.00012314503,1.0,3.933259e-12,0.3528139
3763,0.18455723,0.10609732,0.008598995,1.3106626e-07,0.0023782935,1.9061405e-15,8.4411895e-19,1.0,0.10870308,0.046305083,3.0935286e-19,1.0,0.15373386,2.9252368e-08,0.007319732,1.0,0.00044523497,1.0122357e-22,1.0,1.3766824e-09,2.2111473e-05,1.0,1.0,0.06240998
3764,0.09390064,0.05994424,0.9256291,0.008650546,0.40084127,1.0985403e-06,4.181868e-05,1.3762945e-27,0.9994779,0.046305083,2.6556094e-28,7.4268532e-06,0.07631681,0.0071331174,0.012406912,0.09998937,0.00030833867,6.1652207e-30,0.03779956,0.003592462,1.9638062e-08,1.0,2.2458944e-32,5.931759e-06
3766,0.13582136,0.05994424,2.0383484e-06,0.0026815953,0.06795589,0.9999875,0.03980323,1.0,0.19097164,0.046305083,5.975528e-14,5.618868e-07,0.07631681,3.6020573e-08,0.3111432,1.91096e-06,0.000378412,1.0,0.0064144097,2.2044156e-07,2.7874796e-06,0.0027937733,8.36688e-11,0.75894755
3769,0.09390064,0.10609732,0.00016511833,3.7665756e-11,0.009406016,1.6912596e-17,6.889927e-24,0.00033632744,0.10870308,0.046305083,4.693059e-24,2.7947202e-09,0.17500326,3.3992567e-06,0.051907852,1.0,0.00020411126,1.0,0.050118137,9.430802e-10,2.1605906e-23,1.0,1.330154e-09,3.493264e-06
3775,0.09390064,0.10609732,1.1597738e-05,8.475547e-09,0.024573868,0.9299451,3.5368608e-25,3.006636e-39,0.04935128,0.046305083,2.832523e-05,5.364122e-16,0.07631681,1.7467794e-07,0.17725754,3.687095e-07,0.0002572538,1.4073916e-06,0.021866366,4.5258987e-13,2.116105e-06,6.315129e-05,6.431595e-20,0.0951903
3778,0.4333966,0.10276631,0.001624462,0.01352198,0.018638192,1.0,0.0020563675,3.6200335e-16,0.14409234,0.046305083,1.0,0.00081993407,0.1839583,1.1786377e-24,4.030384e-07,1.0,0.00016375893,3.006636e-39,0.011657234,0.027062848,0.000675705,1.0,6.0338755e-31,0.36703774
3788,0.57666534,0.05994424,0.0045115934,6.9377004e-10,0.00016044496,1.0,3.4181674e-05,1.0,0.20608167,0.046305083,1.0,1.3155374e-13,0.3937441,4.5081555e-26,3.0308723e-07,4.048288e-08,0.00027655944,1.0,0.011657234,7.181279e-11,1.6921375e-09,1.0,2.2606795e-24,2.0701196e-05
3796,0.09390064,0.05994424,0.011061676,0.0032541815,0.5383831,0.0037705598,0.018350748,0.3784997,0.2662358,0.046305083,3.97241e-20,2.0320423e-08,0.07631681,0.019564698,0.24935946,0.005281431,0.00022095728,1.0,0.011657234,0.00014543066,0.18625441,0.07017581,2.4422514e-32,1.3045179e-05
3797,0.9999542,0.17572631,0.0020095569,2.9372012e-08,0.5541833,0.9999999,7.357453e-27,7.917393e-10,0.08964106,0.046305083,0.99973935,2.0254155e-10,0.1839583,1.2918916e-22,2.8801582e-05,1.0,0.00039770114,1.2139061e-16,0.035931535,1.727925e-10,5.056229e-22,1.0,0.0047428133,6.565034e-06
3800,0.09390064,0.10609732,0.041938137,2.4476887e-10,0.011417376,3.752861e-09,3.137432e-25,1.0,0.16640143,0.046305083,1.5307146e-06,2.666743e-11,0.13686801,3.7266616e-09,0.0055495063,8.0870785e-07,0.00022600578,0.00013023756,0.050118137,2.2170545e-10,3.748307e-15,0.06525419,1.3080897e-19,0.022081068
3802,0.18683869,0.8084087,0.99050176,2.487249e-10,0.0023782935,1.0,3.56255e-24,1.0,0.73835176,0.046305083,9.957172e-13,1.0,0.07631681,1.2232138e-10,0.216944,0.71713364,0.00025215474,1.6714491e-11,1.0,1.4742403e-09,4.010698e-08,0.99992895,1.0,4.5302805e-08
3807,0.5529831,0.05994424,2.5370493e-06,0.01352198,0.0044753766,1.0,0.00018143833,0.99999547,0.008459118,0.046305083,1.0,3.8820262e-06,0.3019916,9.4376114e-27,2.429255e-07,1.0,0.004491933,3.006636e-39,0.08982352,6.296601e-05,6.263502e-08,1.0,6.0338755e-31,0.9921238
3808,0.09390064,0.10609732,0.0005770497,8.299738e-08,0.011417376,1.2148581e-06,3.9297757e-25,9.194107e-08,0.4019862,0.046305083,3.1790653e-12,1.9806658e-12,0.07631681,5.3906217e-05,0.6177299,1.0,0.00028643105,1.0,0.035931535,1.7796676e-09,5.7995964e-10,1.0,7.275047e-17,0.00023440631
3810,1.0,0.426756,0.8353436,0.0003423853,0.0025059006,8.800027e-12,2.4070327e-23,1.3340466e-20,0.18245067,0.12672092,7.9303814e-16,4.686091e-09,0.57264477,3.4929506e-06,0.13641657,1.5987629e-05,0.00024407149,1.5981707e-13,1.0,2.8694056e-13,1.0,0.999997,5.409087e-14,1.5536843e-07
3812,0.5900513,0.10609732,0.0012140024,8.900291e-09,0.0027654725,6.206958e-10,3.8986717e-26,1.0,0.43461254,0.046305083,0.9565091,1.1654122e-10,0.1839583,6.786041e-22,0.13371691,1.0,0.00029457547,1.7017806e-19,0.03344825,3.695478e-11,7.313991e-13,1.0,1.6857039e-21,0.2757766
3814,0.09390064,0.05994424,1.1999273e-06,0.01841656,0.44864616,0.021473832,0.00025997515,1.0,0.14585476,0.046305083,1.0,1.4259675e-08,0.09646739,0.0024043508,0.004867722,0.005281431,0.000274662,3.2313307e-14,0.011657234,0.00014368094,3.771686e-05,0.012655514,2.4422514e-32,0.0244938
3818,0.09390064,0.05994424,0.10593406,1.0,0.4221894,0.10501985,0.20706835,0.24250448,0.6081949,0.046305083,1.211877e-35,0.18680643,0.07631681,0.0015170058,1.0,7.3297116e-07,0.00023595196,2.3009756e-09,0.011657234,0.40149152,1.860982e-07,3.7399557e-05,6.0338755e-31,0.0002402685
3825,0.13582136,0.05994424,0.110188775,0.020861275,0.18106374,5.0125805e-13,0.00023062211,1.0,0.019619102,0.046305083,1.9025574e-13,2.435708e-08,0.13686801,3.6490856e-05,5.288027e-05,2.4706492e-07,0.00020689992,2.6492284e-05,0.011657234,0.022231787,0.9999999,5.578271e-09,3.9021664e-12,0.00936273
3828,0.09390064,0.05994424,4.82677e-05,0.027981678,0.13497634,3.3531657e-09,0.08151347,0.99999976,0.8308384,0.046305083,6.990605e-18,0.009104508,0.07631681,0.0045053014,0.0013149275,1.9075894e-21,0.00048656258,1.0,0.0019824235,1.630209e-08,1.0,3.006636e-39,1.1053901e-27,8.446469e-07
3830,0.929877,0.05994424,0.003873087,0.0014525583,0.014632531,2.127208e-07,0.017761031,1.0,0.004850871,0.046305083,1.10790474e-07,1.4948902e-17,0.22558899,1.0965313e-22,1.9410627e-05,1.1693077e-08,0.00047351047,0.9999994,0.0084867235,2.2659016e-10,7.516358e-05,0.072132215,7.4804754e-12,0.0077473586
3831,0.37426332,0.05994424,0.16698782,0.044944864,0.1438104,8.1296327e-16,6.7906267e-06,0.998166,0.45347273,0.046305083,1.8979707e-30,1.0,0.13686801,1.1118655e-11,0.006130043,0.0076133953,0.00036660858,4.6915346e-14,0.054583166,0.16632457,0.00018627956,0.92345864,1.0,1.6905905e-11
3835,0.09390064,0.10609732,0.018925313,2.487249e-10,0.011417376,1.6959513e-08,3.56255e-24,1.0,0.10870308,0.046305083,3.1364309e-15,2.7883965e-08,0.07631681,8.6304295e-05,0.019797517,0.9849806,0.00020411126,3.434338e-05,0.035931535,2.2170545e-10,1.4746818e-09,0.99991286,6.322855e-20,0.00064585265
3839,0.17665558,0.05994424,0.3885825,0.00022617004,0.050860584,0.9999652,0.7157618,1.0,0.0042371973,0.046305083,1.0,1.2072598e-10,0.07631681,3.902587e-06,0.00045223974,1.0,0.0009454367,1.0,0.0025632665,1.9066925e-12,4.7964586e-05,1.3328722e-19,1.0491686e-27,2.8168108e-07
3840,0.09390064,0.05994424,0.012176019,0.01352198,0.44864616,0.10501985,0.1584589,0.3784997,0.2662358,0.046305083,9.141677e-32,0.0021039026,0.07631681,0.015294579,0.006130043,0.0013869064,0.00016375893,2.3009756e-09,0.011657234,0.027062848,0.004143602,0.6875265,6.0338755e-31,0.0025105642
3841,0.09390064,0.05994424,0.0016637287,0.0001707936,0.23957808,3.802339e-09,0.022204926,1.0,0.30946726,0.046305083,3.006636e-39,1.474913e-12,0.12317237,0.0005151078,0.0029843308,0.09240404,0.0003792356,1.0,0.008282793,7.20393e-11,6.563028e-05,0.00021714675,4.364887e-27,3.7262143e-05
3843,0.09390064,0.05994424,0.0005971552,0.6253479,0.12289385,1.0,0.07163558,1.0,0.157382,0.046305083,0.048868947,2.668272e-06,0.07631681,7.186246e-05,2.9722042e-07,5.3829687e-09,0.000308744,1.1106714e-16,0.0025632665,9.320937e-08,0.0016356753,0.8885467,4.7305952e-29,1.2583804e-06
3845,0.09390064,0.05994424,0.012176019,0.01352198,0.44864616,0.10501985,1.0,0.08880524,0.2662358,0.046305083,9.141677e-32,0.002663241,0.07631681,0.9978536,1.0,0.0013869064,0.018028669,2.3009756e-09,0.011657234,0.027062848,0.004143602,0.6875265,6.0338755e-31,0.0025105642
3850,0.09390064,0.05994424,0.0017674479,0.8599282,0.44864616,1.0,4.3137575e-06,1.1676567e-07,0.13688383,0.046305083,3.2505843e-19,4.3581042e-07,0.07631681,2.9879664e-07,6.4872967e-07,0.011044068,0.00031613928,1.2126138e-06,0.011657234,0.0011880781,1.4704825e-05,1.0,9.1502177e-26,1.6172456e-11
3851,0.2455108,0.05994424,0.00016558234,2.7465313e-07,0.18106374,1.0,0.016312161,0.9690893,0.005227596,0.046305083,1.0,2.2123874e-07,0.13686801,5.3145457e-09,1.0,1.590871e-05,0.00051701174,1.0,0.009629485,0.0013688887,2.0998364e-15,1.0,3.9711512e-13,6.8430836e-08
3854,0.09390064,0.05994424,0.0055682957,0.06913634,0.40084127,2.8582465e-09,0.0035764396,0.7043391,0.2662358,0.046305083,3.006636e-39,7.8598094e-07,0.16950274,1.0,0.00029120315,0.0006435197,0.00020689992,1.0,0.011657234,0.0001776445,0.23810592,0.2977399,2.2458944e-32,0.0008713225
3863,0.23335557,0.9866833,0.9943364,0.00057537627,0.0027850592,3.1447882e-05,2.351857e-23,1.0,1.0,0.046305083,1.7288775e-18,1.8165917e-11,0.15373386,3.5719612e-08,0.033138677,1.2338329e-06,0.0005826179,1.0,0.03261185,7.512224e-10,3.5113704e-11,1.458829e-11,1.7284835e-16,2.489322e-05
3864,0.13582136,0.10609732,4.634915e-06,1.2713941e-08,0.009098358,1.0,3.56255e-24,0.9999907,0.2796709,0.046305083,2.5028323e-08,4.934546e-10,0.07631681,4.3627338e-06,0.16221583,1.0,0.0007473614,1.0,0.0856132,2.721043e-10,1.2480065e-20,1.0,0.95991427,0.005512493
3866,0.72387195,0.10609732,0.01099563,7.9790485e-10,0.035238862,1.0,8.29023e-23,0.9997714,0.09614563,0.046305083,1.6934675e-06,5.985918e-11,0.48658103,1.3484692e-21,0.033404037,1.0,0.0012923281,2.4627914e-36,0.31270435,1.171109e-08,7.2161416e-11,1.0,0.00014756243,3.743741e-06
3867,0.09390064,0.05994424,0.015035962,0.01352198,0.44864616,0.10501985,0.1584589,1.1728653e-24,0.2662358,0.046305083,1.4434029e-32,0.0021039026,0.07631681,0.015294579,0.00019724746,0.0013869064,0.00016375893,2.3009756e-09,0.011657234,0.027062848,0.00030317192,1.9327447e-06,6.0338755e-31,0.0025105642
3868,0.101677604,0.05994424,0.5020133,0.0013752544,0.44864616,0.21117531,0.035518482,1.0,0.37684834,0.046305083,3.006636e-39,0.0027176554,0.07631681,0.00012147537,0.0031689573,7.377189e-10,0.00028127545,3.377684e-29,0.011657234,0.001114132,1.0,0.6875265,2.2458944e-32,0.00010219953
3871,0.53415656,0.10276631,0.12382472,0.31404838,1.0,2.7039454e-05,0.0031138612,3.006636e-39,0.020357348,0.046305083,1.7002862e-14,1.3379176e-12,0.07631681,8.7453245e-09,0.0004783563,3.931324e-12,0.00031842306,0.6139116,0.054583166,6.807936e-11,5.4744067e-09,0.8387405,7.951997e-12,5.891775e-06
3874,0.8195853,0.05994424,0.9949012,0.0136628365,0.08309236,1.0,0.0020563675,1.0,0.005227596,0.046305083,1.0,0.0010312716,0.1839583,3.8103208e-26,1.0074042e-09,0.0008386016,0.00016375893,5.9306064e-34,0.011657234,0.027062848,1.8041558e-07,1.0,3.106166e-10,0.0025284872
3876,0.09390064,0.05994424,0.014810066,0.0032541815,0.44864616,0.0037705598,0.018350748,1.0,0.2662358,0.046305083,2.5389866e-33,1.01719614e-07,0.07631681,0.007037113,0.008189451,0.008109279,0.00020689992,2.2966417e-05,0.011657234,3.567574e-05,0.23971029,0.082944006,1.03412786e-29,0.07348634
3890,0.33664554,0.920306,0.0001465925,0.0040297746,0.44864616,0.044174604,0.019863704,1.139909e-20,0.2662358,0.1314709,2.2105629e-15,4.8790987e-08,0.07631681,5.1593355e-07,0.99988854,4.182665e-06,0.005505902,1.0,1.0,0.035816815,1.0,1.4091626e-13,2.2606795e-24,0.00042541308
3893,0.09390064,0.05994424,2.8513928e-06,0.04478981,0.13455431,0.064186394,0.020670947,1.1867543e-16,0.37893572,0.046305083,3.006636e-39,1.0,0.07631681,1.2837483e-08,0.016923876,1.1443986e-24,0.00042236148,2.1363207e-18,0.012423,1.5033907e-10,7.5175526e-11,3.006636e-39,1.0,1.4109095e-11
3896,0.13582136,0.05994424,0.87279826,0.78079945,0.5361701,1.534943e-08,0.009510287,1.0,0.054794338,0.046305083,5.6357608e-14,4.124834e-09,0.13686801,6.870585e-05,0.00039107128,2.0255631e-13,0.00026418368,5.426084e-18,0.011657234,5.7507227e-06,2.080034e-05,7.893012e-10,9.691954e-14,0.16793604
3897,0.09390064,0.05994424,0.009123456,0.19298343,0.44864616,0.003220278,0.9997415,0.3784997,0.2662358,0.046305083,9.141677e-32,2.6486941e-06,0.07631681,0.045262817,0.010381846,3.132669e-06,0.00032718602,0.9999999,0.011657234,0.10532121,0.4730969,0.4519825,2.4422514e-32,0.0025105642
3899,0.09390064,0.05994424,0.15583554,0.35617608,0.1438104,0.10501985,7.710212e-05,0.9896318,0.26557928,0.14567165,3.006636e-39,1.0,1.0,3.2245495e-08,0.004235282,2.1531176e-14,0.0031947633,1.5521781e-15,0.7983702,0.03851103,3.3793697e-08,7.9914415e-11,1.0,0.9880084
3900,0.9472871,0.24483262,0.11073678,0.07546681,0.012332208,0.99999976,0.02285768,1.0,0.013956976,0.5910181,3.063856e-12,1.3100071e-05,0.5882769,9.0691583e-23,2.3759434e-07,2.483887e-05,0.00041965532,1.0587487e-21,0.00956654,5.7133807e-08,0.026012378,0.99999356,7.4804754e-12,0.032356557
3904,0.5370569,0.10276631,0.16032797,0.0018587321,0.26848677,0.043020368,0.022481032,1.0,0.0046493006,0.046305083,2.310011e-25,2.8443795e-12,0.13686801,0.006953835,0.07236108,2.0001537e-11,0.00020639747,0.15561186,0.011657234,2.7889426e-09,6.793731e-15,3.8434796e-06,2.2864113e-13,0.05471371
3906,0.09390064,0.05994424,0.007134755,0.07243345,0.15951541,0.00094586506,0.02285768,1.0,0.2662358,0.046305083,3.006636e-39,9.709968e-06,0.07631681,0.031478353,0.0076034116,4.9173387e-08,0.00021730932,7.261467e-08,0.0025632665,6.6583755e-07,0.013048015,0.26942372,1.6353626e-20,0.00013626847
3911,0.09390064,0.05994424,0.014106541,0.54609895,0.23957808,0.00094586506,0.025539387,1.0,0.2662358,0.046305083,5.0822402e-36,3.585392e-07,0.07631681,0.00052074506,0.00023460935,6.4668094e-17,0.0051096603,0.9999995,0.0064144097,2.8279927e-09,0.043487184,7.098248e-07,4.364887e-27,0.007355109
3913,0.09390064,0.10609732,0.0004481253,0.00018068406,0.019517543,3.3475263e-22,3.137432e-25,8.634177e-28,0.18296619,0.046305083,1.8680445e-17,3.9204306e-11,0.07631681,1.0,0.5345887,1.0,0.0003342821,1.0,0.21762441,8.591462e-10,1.6205524e-06,1.0,1.2264467e-05,2.7926648e-12
3920,0.41575256,0.05994424,0.031374026,0.5853178,0.53851944,9.794519e-10,0.09365736,1.0,0.88658535,0.046305083,1.0835618e-15,5.004483e-07,0.07631681,0.0064702025,0.000107887405,4.5624983e-18,0.00029728058,1.3101803e-22,0.0025632665,2.024432e-09,3.86701e-06,3.006636e-39,4.7305952e-29,5.2012293e-08
3923,0.13582136,0.05994424,0.0064270217,0.21574031,0.34869018,0.009697883,0.1584589,1.0,0.006445323,0.046305083,2.443967e-09,0.0031847109,0.07631681,1.0,0.016450368,0.024080196,0.0002096101,8.848263e-12,0.011657234,0.0016563517,4.7878146e-08,3.628588e-18,2.2864113e-13,0.1011084
3925,0.17665558,0.05994424,0.012965436,0.10256953,0.037699096,0.5197099,0.015786901,1.0,0.7463325,0.046305083,3.006636e-39,1.0,0.13686801,1.661807e-08,0.013636386,1.4250438e-06,0.0005117764,0.56050974,0.30903587,1.9680097e-06,0.021728767,1.0,1.0,1.1130452e-11
3926,0.09390064,0.05994424,8.296465e-06,0.021537943,0.44864616,0.10501985,0.1584589,0.98898554,0.3819912,0.046305083,7.186877e-13,0.0047856574,0.07631681,0.015294579,0.0014066938,0.0013869064,0.00016375893,2.1940408e-20,0.011657234,0.004475015,0.004143602,0.6875265,6.0338755e-31,0.0025105642
3930,0.11815516,0.10609732,0.8931004,1.6161271e-10,0.023973111,0.9299451,3.5368608e-25,5.29792e-08,0.76821476,1.0,2.0289437e-16,8.485425e-14,0.07631681,2.120861e-06,0.41670954,5.3405943e-06,0.00048652224,6.05774e-07,0.021866366,3.1634943e-13,3.7913396e-12,1.2296508e-05,6.431595e-20,0.00763815
3935,0.09390064,0.19194819,0.12513687,0.01352198,0.44864616,0.10501985,0.1584589,1.0,0.8677709,0.7469106,3.006636e-39,3.3018632e-06,0.1749142,0.038558077,0.00067779666,1.117191e-14,0.00017958447,2.002054e-19,0.011657234,0.000641872,0.0019927486,7.15158e-07,6.0338755e-31,0.9999964
3943,0.13582136,0.05994424,0.0015710838,0.560084,0.16564564,0.044023886,0.1584589,1.0,0.005941072,0.046305083,3.685758e-14,0.00020426545,0.07631681,0.00014059308,6.4169296e-07,8.229549e-07,0.00051043305,5.9643063e-16,0.0016283505,0.003664032,6.6305517e-10,0.47711906,3.106166e-10,0.0015066736
3953,0.17665558,0.10609732,0.0006598642,0.0020354379,0.0027318266,5.2524647e-05,2.8064522e-23,9.23441e-26,0.6230514,0.046305083,8.352563e-33,1.8585139e-16,0.07631681,0.99177843,0.1752749,1.0,0.0007901487,1.0,0.021866366,2.0833973e-10,1.0381107e-05,1.0,0.99782795,0.0006027892
3959,0.09390064,0.05994424,0.041508537,0.049169235,0.15951541,0.43441242,0.022883628,1.0,0.29928988,0.046305083,5.2556813e-37,0.0021039026,0.07631681,5.0223875e-06,8.4086445e-05,2.0311362e-11,0.00029753463,1.3210937e-14,0.012423,3.8068075e-07,0.023248626,0.23095778,8.7787854e-27,9.591445e-12
3965,0.22208333,0.10609732,1.4676819e-07,1.0855157e-09,0.0057375105,2.3302201e-22,3.9297757e-25,1.0,0.066007785,0.046305083,1.0,2.1170003e-11,0.07631681,3.954103e-08,0.013868187,1.0,0.000518963,1.0,0.035931535,9.2463115e-10,3.3959193e-18,1.0,0.99971837,7.398449e-06
3967,0.13582136,0.10609732,0.0011581134,1.6740991e-09,0.005234455,1.1874084e-09,4.041952e-24,1.0,0.3788182,0.046305083,1.0,4.2037107e-09,0.07631681,2.7575777e-06,0.0064108125,0.9896494,0.00024269935,1.0,0.048885982,4.6522738e-10,3.466366e-15,2.3573218e-06,1.1599806e-05,5.6140254e-07
3970,0.09390064,0.05994424,0.008198817,4.802174e-06,0.6818318,0.35010326,0.1584589,1.0,0.9998448,0.046305083,1.8132152e-35,6.7637558e-09,0.07631681,0.0006908413,4.286458e-06,0.0032384698,0.00018132574,3.1953525e-30,0.011657234,2.92938e-06,4.8894027e-08,1.04226625e-22,6.0338755e-31,4.5309207e-05
3972,0.3847749,0.10276631,0.035376854,0.0037844975,0.15951541,0.014720381,8.363002e-06,1.0,0.2662358,0.07617714,4.33187e-38,7.8598094e-07,0.07631681,2.798136e-06,0.021243019,7.863398e-09,0.0005255964,1.0,0.019021321,1.1126691e-08,1.4666452e-07,1.0,3.6241686e-29,2.0015307e-08
3974,0.22645177,0.05994424,0.0024445853,0.99447244,0.40930465,7.646427e-12,0.0926618,1.0,0.017238608,0.046305083,8.3711024e-24,0.0014256537,0.16795658,4.4690703e-05,0.0018448435,3.1396825e-14,0.00022369089,1.4347215e-09,0.007920439,2.5037872e-08,8.609612e-12,6.5341094e-17,9.570314e-17,0.044992495
3976,0.13582136,0.05994424,0.012260958,0.3507172,0.1538164,1.4647287e-07,0.42576036,2.6239865e-08,0.31493956,0.046305083,1.0212558e-25,5.5859346e-07,0.07631681,1.0,0.0037896319,8.7702e-12,0.00018162544,1.2333802e-38,0.011657234,0.985369,5.2196094e-07,1.0,5.2525614e-12,0.3986042
3983,0.09390064,0.05994424,0.05302409,1.0,0.37528476,4.1443693e-12,0.21550442,0.9999999,0.45347273,0.046305083,7.29485e-35,8.528042e-08,0.07631681,0.003941423,0.00031077638,1.1574512e-09,0.0006151672,1.0,0.054583166,0.009498777,0.0016182514,0.007968439,7.707709e-30,3.1985404e-12
3987,1.0,1.0,0.50570637,5.7579127e-05,0.006884931,0.99982435,0.0002217335,1.0100294e-07,0.8427184,1.0,1.0,2.6928333e-06,0.1839583,2.796576e-24,2.8127331e-05,1.9656111e-13,0.00016375893,1.0,0.0019824235,0.06912632,2.2294627e-05,1.0,2.2606795e-24,1.8219215e-07
3988,0.8011632,0.05994424,0.003116039,8.755198e-07,0.66350794,1.0,0.0020563675,1.0,0.012737162,0.046305083,0.9999988,0.0007846858,0.2081817,1.4988191e-24,1.844312e-05,0.4330164,0.00026126104,3.006636e-39,0.011657234,0.009497284,4.505523e-12,0.9999999,3.9021664e-12,0.7961966
3993,0.09390064,0.05994424,0.0019426802,0.00012190868,0.44864616,0.002905349,0.018350748,5.135342e-30,0.2662358,0.046305083,3.006636e-39,2.7786434e-08,0.07631681,0.00299903,1.0,0.0007061693,0.0002663674,0.9999999,0.011657234,8.548407e-05,2.5432726e-07,4.160282e-15,2.4422514e-32,0.0025105642
3996,0.09390064,0.05994424,0.036057945,0.01352198,0.44864616,0.10501985,0.1584589,0.3784997,0.2662358,0.046305083,9.141677e-32,0.0021039026,0.07631681,0.015294579,0.006130043,0.0013869064,0.00016375893,2.3009756e-09,0.011657234,0.027062848,0.004143602,0.6875265,6.0338755e-31,0.0025105642
3998,0.09390064,0.05994424,0.0001168576,0.84577537,0.44864616,0.58475506,0.019863704,2.6832795e-05,0.2662358,0.046305083,9.1203745e-10,0.0002567182,0.07631681,0.015294579,0.11975254,9.180995e-06,0.00018154926,1.0,0.0019824235,0.102836534,0.004143602,1.0,6.0338755e-31,0.0011142822
4000,0.89034045,0.10609732,5.0243907e-05,0.001333838,3.1849686e-05,1.0,6.395547e-23,1.0,0.053580835,0.046305083,1.0,8.912681e-19,0.107472874,2.5208064e-24,0.0017971514,1.0,0.0003618775,1.0,0.018666899,2.1257917e-12,5.237272e-13,1.0,1.0,0.0010500706
4005,0.09390064,0.10609732,0.00461078,0.9999964,0.0024129683,2.6295428e-08,1.0,1.0,0.3482574,0.046305083,2.2740328e-25,3.763199e-08,1.0,3.5281773e-06,1.0,1.0,0.09776725,1.0,0.49644148,2.3424476e-11,5.1343484e-13,1.5552208e-27,9.1458225e-18,7.6686065e-06
4008,0.9578501,0.05994424,0.0035192273,0.00438811,0.07526309,4.6375365e-07,9.5791875e-06,1.0,0.2662358,0.046305083,0.9999416,1.0,0.2081817,3.047523e-25,0.00036297497,3.4720406e-13,0.00048205623,1.0,0.0064144097,7.585482e-10,0.00023849534,0.9999995,1.0,0.08051452
4009,0.09390064,0.05994424,2.4292413e-07,0.068060346,0.5383831,0.10501985,0.1584589,4.425562e-09,0.15280591,0.046305083,7.1188294e-12,0.0021039026,0.07631681,0.0024923177,0.0037444867,3.2730364e-12,0.00020639747,4.1935108e-19,0.011657234,0.20195605,0.3752918,0.6875265,6.0338755e-31,0.00079328596
4014,0.22089924,0.05994424,0.03463658,0.11028941,0.32737374,0.3665822,0.1584589,3.8004545e-16,0.062929064,0.046305083,0.9967114,1.0503897e-05,0.09646739,0.00011195074,3.8806015e-06,0.77011794,0.00051811454,4.9579247e-21,0.011657234,0.0021032568,8.7228855e-09,0.30753493,3.9021664e-12,0.036450114
4018,0.09390064,0.05994424,0.01522754,0.9708466,0.44864616,0.9245623,0.1584589,0.3784997,0.2662358,0.046305083,3.006636e-39,0.0026042687,0.07631681,0.0005758448,0.006130043,0.0013869064,0.00016375893,2.3009756e-09,0.011657234,0.027062848,6.242701e-08,0.6875265,6.0338755e-31,0.007374554
4020,1.0,1.0,0.056032013,6.6255257e-07,0.013139184,0.022277428,3.56255e-24,1.0,0.10870308,0.046305083,2.4234608e-15,5.5929353e-15,0.07631681,0.00054389203,0.05909041,0.9999999,0.00044106055,1.7647261e-18,0.021866366,2.8988483e-12,1.5042504e-15,0.759775,7.1223555e-21,0.037227515
4021,0.09390064,0.05994424,0.62172526,0.00034774854,0.5261966,7.173966e-08,0.046730883,1.0,0.99675876,0.046305083,2.2795247e-30,4.970647e-15,0.07631681,1.6981139e-06,0.82395965,4.316325e-05,0.0008174926,1.4801102e-15,0.011657234,1.4064965e-09,0.99999213,1.0,8.414572e-26,0.99977654
4025,0.13582136,0.10609732,0.0006171448,4.159749e-08,0.0031282369,1.0,3.8343667e-25,1.0,0.056746874,0.046305083,1.0,2.4859461e-09,0.07631681,0.00024656972,0.7330095,0.0028369657,0.00027489068,1.0,0.03261185,3.6412762e-10,1.1712132e-13,4.058872e-06,7.653325e-09,2.09417e-06
4033,0.42730165,0.05994424,0.048586935,0.057875484,0.05933801,8.38314e-06,0.18248177,0.00027434767,0.1354595,0.046305083,0.00026255904,6.2303596e-10,0.07631681,0.00056787947,0.22597647,4.5121243e-07,0.00023545664,1.0,0.0025632665,6.3392497e-10,2.0291631e-07,5.0070603e-12,2.9067879e-12,0.0021107432
4036,0.22759107,0.10609732,0.5526971,2.487249e-10,0.011417376,3.573922e-09,3.137432e-25,1.0,0.14503387,0.046305083,3.5052196e-08,3.4386435e-11,0.5045558,2.735474e-07,0.007517601,0.9929906,0.00024500058,3.006636e-39,0.98755056,4.8017296e-10,3.933448e-11,1.0,4.4879067e-19,2.4575088e-06
4037,0.9977895,0.05994424,3.6517164e-07,8.357542e-09,0.574614,0.9445894,0.1584589,1.0,0.13953175,0.046305083,0.0013914031,1.6317456e-12,0.07631681,1.2240243e-06,0.00020920261,1.0,0.00018132574,5.325654e-29,0.011657234,8.4931053e-13,1.0,0.00032095241,6.0338755e-31,0.007899403
4061,0.17665558,0.05994424,0.012176019,0.01352198,0.5512113,0.10501985,0.1584589,1.0,0.2662358,0.046305083,1.5081264e-33,7.8427416e-05,0.07631681,0.009425809,0.007496781,0.0013869064,0.00030897695,2.061701e-08,0.011657234,0.003664032,1.6428812e-05,0.92345864,6.0338755e-31,0.0025105642
4063,0.14974806,0.10609732,0.1339693,8.71019e-11,0.011417376,0.1174323,3.137432e-25,1.0,0.48441848,0.046305083,0.50035363,1.3029512e-10,0.17006275,3.527286e-06,0.15779221,0.9999981,0.00020411126,4.5318924e-21,0.03344825,1.5706831e-09,1.1777677e-05,0.99995255,1.5293768e-18,1.2328857e-05
4070,0.13582136,0.05994424,0.01706575,0.010030815,0.30236572,0.008727004,0.1584589,1.0,0.0050841863,0.046305083,4.612186e-11,1.0379467e-12,0.07631681,0.0008590893,1.854697e-06,2.105834e-10,0.00020689992,1.0,0.011657234,5.15691e-10,4.94858e-06,4.1552764e-12,1.7302781e-16,0.023168633
4072,0.13582136,0.10609732,0.0734933,2.936795e-10,0.007225036,0.9998851,1.1827574e-19,1.0,0.10475727,0.046305083,2.5134725e-07,8.973214e-16,0.07631681,3.686723e-06,0.9314707,1.0,0.00031633224,9.521728e-26,0.021866366,1.1407923e-12,1.0652673e-13,1.0,0.27324772,4.3971173e-07
4079,0.09390064,0.05994424,0.1719562,0.01352198,0.44864616,0.96756965,0.1584589,1.1094573e-06,0.45347273,0.046305083,1.674713e-27,0.00021074757,0.07631681,1.4920357e-05,0.019529574,5.7366555e-07,0.00022373887,2.3009756e-09,0.054583166,0.2577664,0.0013061999,0.6875265,2.0707957e-28,9.67601e-11
4082,0.09390064,0.10609732,0.008795955,0.08319363,0.011417376,0.8725296,3.5368608e-25,3.006636e-39,0.10870308,0.046305083,0.9396155,4.1254142e-10,0.09646739,5.5674547e-05,0.0041073677,1.0,0.00053943926,0.9996649,0.035931535,3.6075857e-08,2.774178e-09,1.0,1.6857039e-21,1.0331963e-05
4088,0.09390064,0.05994424,0.006300354,0.038212538,0.3148628,0.0005934666,0.017761031,1.0,0.71087307,0.046305083,3.006636e-39,7.8598094e-07,0.07631681,0.002562751,0.05522304,5.7340493e-11,0.0006275528,0.001444218,0.0025632665,1.0430515e-07,0.0004522764,8.29933e-11,5.144188e-29,0.032575496
4090,0.8367465,0.05994424,0.014384641,4.6101354e-06,0.28912443,8.478749e-09,0.1584589,5.5359375e-09,0.2662358,0.046305083,0.0924351,1.0,0.07631681,0.0003263642,0.16697991,5.567485e-08,0.00034211625,9.0851794e-18,0.011657234,0.0018347383,0.00015990918,0.9920677,1.0,4.5760643e-08
4107,0.09390064,0.05994424,0.00744029,0.035632282,0.40084127,9.606468e-10,1.0,1.0,0.2662358,0.046305083,3.8839644e-32,0.009344742,0.07631681,1.0,0.0010190362,0.0013869064,0.018028669,5.753923e-11,0.011657234,0.027062848,0.00958475,0.68009627,6.0338755e-31,0.0025105642
4109,0.09390064,0.10609732,0.0010006108,1.04813165e-10,0.009406016,0.31228024,7.622412e-24,1.0,0.04935128,0.046305083,1.2882307e-14,4.0975748e-10,0.13686801,1.1011631e-07,0.1649029,0.04715938,0.00022736636,1.0,0.03261185,1.9664728e-10,3.484704e-14,5.5761965e-13,1.9004652e-20,8.0592e-07
4114,0.17583634,0.920306,0.05493536,0.06489179,0.21027285,0.043020368,0.1584589,1.0,0.014734192,0.1314709,1.3136301e-27,0.0031847109,0.07631681,1.3046187e-05,0.0019526315,0.024080196,0.00016375893,5.6527543e-16,1.0,0.027062848,2.4773469e-08,0.52362,2.2864113e-13,0.69404167
4116,0.09390064,0.05994424,0.017042458,4.883587e-07,0.40084127,1.0985403e-06,0.09830792,1.9131947e-35,0.3350658,0.046305083,3.006636e-39,5.389224e-05,0.2526216,0.0050716735,8.863396e-05,0.07425695,0.00023209455,5.4056367e-16,0.03779956,0.02195065,2.2084748e-13,1.0,2.2458944e-32,5.7375608e-05
4117,0.13582136,0.05994424,6.586697e-05,0.17751278,0.18106374,8.6446045e-10,0.019863704,1.0,0.0043902476,0.046305083,0.0011330568,0.0006327014,0.07631681,1.8863846e-05,0.0006235271,0.0010779261,0.00016375893,1.0,0.0019824235,0.027062848,5.7738576e-05,1.8919443e-20,1.7302781e-16,0.03580967
4118,0.09390064,0.05994424,0.0012631081,0.049720388,0.44864616,1.0,0.019863704,0.05657989,0.42111132,0.046305083,8.705052e-20,0.00041761724,0.16950274,0.015294579,0.021083582,0.4031441,0.00016375893,1.0,0.0019824235,0.50381875,1.8803646e-06,0.02141926,6.0338755e-31,0.0011142822
4124,0.09390064,0.05994424,0.043734424,0.013052356,0.23957808,0.00094586506,0.02285768,1.0,0.2662358,0.046305083,3.796024e-37,1.9659105e-10,0.07631681,0.013111888,0.024109798,2.2169632e-12,0.00045771172,1.0,0.0025632665,3.2439595e-10,0.0018677918,3.006636e-39,4.364887e-27,0.010030801
4133,0.16888583,0.10609732,0.039411172,3.91622e-09,0.003951573,1.0,3.56255e-24,1.0,0.056746874,0.046305083,4.6391615e-09,3.5091174e-09,0.07631681,2.1274414e-05,0.12042316,0.831536,0.00038509906,1.6089409e-08,0.053770196,1.8912072e-10,8.328381e-11,1.0,9.096355e-16,2.4879457e-05
4135,0.09390064,0.10276631,4.7698677e-07,0.046193898,0.40084127,5.9822682e-06,0.0926618,3.006636e-39,0.16469246,0.046305083,2.3809543e-13,0.0004980222,0.07631681,5.270175e-05,2.6412076e-06,0.021799495,0.00018258409,1.8147257e-18,0.03779956,0.012297605,3.4109014e-06,0.9831078,8.414572e-26,0.50650615
4142,0.09390064,0.05994424,0.0011011956,0.77237463,0.5261966,0.00012682952,0.004045827,1.0,0.2662358,0.046305083,1.0115142e-29,2.069015e-17,0.07631681,1.2468004e-06,0.018562434,0.005135412,0.0004604421,1.0,0.011657234,6.5791465e-07,1.0,0.99127144,8.414572e-26,8.006318e-05
4143,0.13582136,0.05994424,0.00010860768,2.1179867e-06,0.18106374,6.387137e-11,0.019863704,1.4651305e-27,0.017593004,0.046305083,1.6194318e-10,1.181633e-06,0.09646739,0.0003515688,1.3793998e-05,1.2405424e-09,0.00018132574,1.0,0.0019824235,0.10199846,0.0009018978,1.0,1.5719604e-12,0.13790338
4146,0.09390064,0.05994424,0.00018424023,0.99875283,0.3148628,0.04498305,0.0388272,1.0,0.2662358,0.046305083,5.02451e-27,1.0895833e-05,0.07631681,0.035344567,0.2878782,3.6896534e-11,0.00057152513,1.0,0.0019824235,7.896674e-09,2.4052008e-06,0.019775027,4.364887e-27,0.0002573868
4150,0.09390064,0.17572631,0.011213218,1.5641151e-09,0.011417376,1.0,3.56255e-24,3.550345e-10,0.062153894,0.046305083,0.58740413,9.9508804e-11,0.07631681,1.9812943e-07,0.001487924,1.0,0.004491933,3.680281e-13,0.0856132,2.2170545e-10,1.7109322e-12,0.99847347,1.8488793e-12,2.5632005e-09
4152,1.0,0.26236472,0.34965554,2.0181455e-11,0.010656175,0.2931384,3.56255e-24,5.34045e-19,0.2471739,0.1314709,2.478555e-07,2.6276512e-09,0.07631681,6.9590154e-05,0.014253848,1.0,0.00025215474,0.99993086,0.9828219,2.4218901e-11,8.718287e-18,0.31492704,1.8028792e-17,2.9722715e-12
4154,0.875632,0.10609732,0.006229272,1.8975399e-07,0.6577298,3.6503832e-07,3.8986717e-26,1.0,0.10870308,0.046305083,0.98432726,4.102391e-18,0.1839583,4.08567e-23,0.001821263,1.0,0.00029457547,3.006636e-39,0.032960944,1.0139955e-12,9.174229e-11,1.0,3.095292e-16,0.00042133644
4158,0.40809065,0.05994424,0.00016243597,0.2651277,0.4221894,1.8949405e-10,0.019863704,2.1345617e-25,0.5437032,0.07617714,1.808588e-07,7.2758467e-06,0.24536146,0.0012888464,0.9105714,1.216794e-13,0.00054247497,1.0,0.0074105235,0.76833,0.89514256,1.0,4.762982e-32,0.11247026
4164,0.09390064,0.10609732,0.0014669816,0.000893246,0.0027850592,3.3476763e-06,2.0147987e-23,1.0,0.14100015,0.046305083,3.0413599e-15,8.9500326e-13,0.07631681,1.0396652e-05,0.009447167,2.4714966e-10,0.00029452157,1.0,0.03261185,3.9249853e-12,1.938588e-09,1.5582412e-15,5.586173e-16,4.4199645e-05
4167,1.0,0.05994424,1.6289601e-06,0.010373575,0.045695372,1.0,0.014591461,1.0,0.0042371973,0.046305083,1.0,3.4117635e-09,0.07631681,5.5574456e-09,5.2970256e-05,1.0,0.00087622047,1.0,0.0025632665,1.9555576e-07,3.6800593e-06,1.0,8.336349e-21,4.40805e-08
4171,0.09390064,0.10609732,0.01811728,0.000104422936,1.0,4.0020543e-05,2.0147987e-23,1.0,0.10870308,0.046305083,1.2227779e-09,2.9421615e-13,0.07631681,4.395371e-05,0.007998782,7.493344e-15,0.00052136515,1.0,0.03261185,5.150371e-11,8.09453e-11,2.5763171e-05,1.2762261e-16,7.428485e-07
4175,0.13582136,0.10609732,0.00032414554,0.00037333494,0.0018227206,0.9999957,1.4849508e-23,1.0,0.08958673,0.046305083,1.0,8.373082e-09,0.07631681,2.5824097e-06,0.013257797,1.0,0.00024407149,1.0,0.03261185,4.086176e-12,5.0677054e-12,3.2728542e-09,0.0076528704,1.7979791e-07
4177,0.09390064,0.05994424,0.009133401,0.048293144,0.14249693,0.00094586506,0.025759669,1.0,0.37259588,0.046305083,3.006636e-39,0.0021039026,0.12317237,0.005800761,0.0021279156,4.9173387e-08,0.00019582067,2.1388343e-16,0.008282793,9.948243e-07,0.0011821036,0.15530562,4.364887e-27,0.00076506956
4178,0.09390064,0.46885955,0.9837519,0.0009331937,0.005463942,0.9999999,2.4070327e-23,1.0,0.9894833,0.046305083,5.9370346e-19,5.8662737e-09,0.07631681,1.2520243e-08,0.21767664,8.088013e-05,0.0003370948,0.9996013,0.15428965,7.560049e-13,3.5163739e-09,0.9999912,3.8155656e-14,4.5986015e-09
4179,0.09390064,0.05994424,0.06556184,0.99999964,0.1438104,8.924211e-06,0.00028884812,0.54355806,0.92688894,0.046305083,2.0595812e-32,1.0,0.07631681,6.804837e-10,0.009233733,5.0539883e-16,0.0005349189,0.9999863,0.054583166,0.011707273,1.0,1.0,1.0,1.2626278e-10
4183,0.09390064,0.05994424,1.7955937e-06,0.34100896,0.4221894,0.35010326,0.29793566,1.0,0.14585476,0.046305083,4.168817e-13,3.4874873e-05,0.07631681,0.059212852,0.013882096,0.0031942376,0.00025293633,2.9001062e-29,0.011657234,1.4533232e-07,1.0,0.9513218,6.0338755e-31,2.6723183e-07
4186,0.09390064,0.10609732,0.0018305585,3.9707562e-10,0.008148275,1.1445863e-13,3.56255e-24,1.7905162e-08,0.6711358,0.046305083,1.0,4.932224e-13,0.4785501,2.7351948e-07,0.81468296,1.0,0.00024269935,1.0,0.10617509,3.8634176e-09,2.1967085e-16,1.0,1.7974014e-15,2.2357145e-09
4188,0.09390064,0.05994424,0.019727398,0.056651097,0.4221894,0.0001241066,0.016312161,1.0,0.2662358,0.046305083,2.6854044e-37,0.0013277542,0.13686801,0.00071585673,0.006130043,0.9999914,0.0001898146,4.6915346e-14,0.011657234,0.18766147,5.064974e-05,0.96623826,6.0338755e-31,0.12641142
4197,0.09390064,0.05994424,3.6815258e-05,0.0017432541,0.14731796,5.1860916e-16,1.0,1.0,0.15172344,0.046305083,0.02302689,3.7535824e-10,0.07631681,3.1114374e-05,0.059953038,0.99368745,0.0076254667,1.0,0.24704681,6.664112e-10,1.2864961e-08,5.3757435e-07,1.6570894e-29,1.15224076e-07
4199,0.09390064,0.28153327,0.11916668,2.487249e-10,0.011417376,1.6959513e-08,3.56255e-24,1.0,0.6880757,0.71274614,3.1364309e-15,1.0852949e-08,0.1749142,3.0309922e-05,0.03973526,0.9849806,0.00024669294,7.542498e-06,0.035931535,1.9730232e-08,1.4746818e-09,0.99991286,6.322855e-20,0.9995833
4200,0.09390064,0.05994424,0.23525374,0.01352198,0.44864616,0.47937214,0.1584589,1.0,0.48461762,0.046305083,1.7708802e-36,6.204199e-07,0.07631681,3.9029032e-06,0.00010022194,5.7366555e-07,0.0028662619,3.6806072e-11,0.06738012,0.012446505,0.00016422976,0.6875265,2.0707957e-28,3.0406757e-11
4203,0.13582136,0.10609732,6.4771695e-05,1.6042494e-08,0.0031282369,1.0,2.255688e-20,1.0,0.13578397,0.046305083,1.0,5.262176e-09,0.07631681,5.4703336e-10,0.020935897,0.0054592383,0.00032299708,4.0852167e-31,0.15428965,2.2705116e-08,3.805418e-15,1.0,3.0579947e-08,2.5430465e-08
4206,0.09390064,0.10609732,6.6862696e-05,2.3650804e-10,0.0048386655,0.07615107,3.56255e-24,0.98755616,0.054282483,0.046305083,3.9319215e-13,1.0,0.07631681,2.3726343e-10,0.4188324,0.00025538963,0.00020411126,1.20787425e-11,0.035931535,3.6814923e-11,1.6469188e-13,0.025531285,1.0,0.26402527
4208,0.09390064,0.05994424,0.0125806015,0.0046321666,0.44864616,0.003220278,0.018350748,0.3784997,0.2662358,0.046305083,1.4052994e-33,7.246652e-06,0.07631681,0.0070302994,0.0012729311,7.5133066e-08,0.00020689992,1.0,0.011657234,0.0013688887,0.4730969,0.4519825,1.03412786e-29,0.025466226
4211,0.9967104,0.17572631,0.07138314,1.4007731e-05,0.002204534,0.0032593515,1.352456e-22,1.0,0.55334485,0.046305083,0.06737897,1.1731737e-17,0.07631681,5.603646e-11,0.0028932928,3.10075e-05,0.0012841962,1.0,0.66911864,9.496894e-12,2.8092329e-11,3.5484234e-28,0.015297128,9.721438e-06
4212,0.09390064,0.05994424,0.00049354736,0.00666291,0.23957808,0.055186775,0.02237084,1.0,0.80935854,0.046305083,2.3103737e-09,4.1336243e-16,0.537438,2.7600945e-05,0.5248581,1.1825376e-17,0.00019582067,1.0,0.0062909992,4.5469985e-11,0.00066941587,8.23069e-08,1.2709429e-27,7.2921916e-06
4213,0.344711,0.14426152,0.015551055,0.002575198,0.44864616,0.0073889354,0.1584589,1.0,0.2662358,0.1314709,8.9064456e-15,2.829235e-08,0.07631681,0.004939438,0.18955624,0.0013869064,0.00016375893,5.7575767e-19,0.6586509,0.027062848,2.7191813e-06,0.6875265,6.0338755e-31,0.0005070558
4214,0.09390064,0.05994424,0.18685378,0.28057015,0.44864616,7.128285e-06,0.018350748,0.3784997,0.48461762,0.046305083,2.167364e-34,2.6409862e-06,0.07631681,6.8012687e-06,0.0012729311,2.193108e-06,0.00048435226,1.0,0.054583166,0.0013688887,0.30084664,0.082944006,2.4422514e-32,3.0406757e-11
4218,0.09390064,0.05994424,0.00041785336,0.008398419,0.32929,0.9998809,0.012890702,1.0,0.14585476,0.091239415,0.99999964,8.059839e-14,1.0,1.243379e-07,1.0,2.1482222e-08,0.00025445924,1.0,0.038546618,9.247268e-13,1.412212e-08,1.0,5.669137e-26,6.5750816e-12
4223,0.16179545,0.05994424,0.009935471,0.073340595,0.12289385,3.7850953e-09,0.9996123,1.0,0.99929357,0.046305083,1.6695765e-29,1.1218192e-05,0.07631681,0.0062015774,0.0024238303,2.5951687e-11,0.00042972591,1.4625807e-06,0.0025632665,6.492261e-07,1.0,2.8344583e-38,6.0870295e-22,3.6383415e-05
4225,0.2255608,0.05994424,0.008717893,0.018425353,0.13837601,1.0,0.09764992,0.8126245,0.0042371973,0.07617714,0.9539554,0.0007623527,0.07631681,0.0021848911,0.0002507673,1.0,0.0003506254,3.006636e-39,0.6118289,0.0011742791,7.4308366e-05,0.99721354,2.2458944e-32,0.010457421
4227,1.0,0.05994424,0.00023016894,0.001906042,0.38767895,1.741459e-12,0.08242841,3.006636e-39,0.8175692,0.046305083,3.006636e-39,2.687256e-06,0.07631681,7.319461e-06,4.008758e-05,2.5084775e-11,0.0005123744,1.7268517e-28,0.0064144097,3.5386943e-11,4.9975215e-11,2.7339606e-10,6.0870295e-22,3.668878e-09
4232,0.22413866,0.05994424,3.4954096e-06,0.01352198,0.3666133,0.47937214,0.1584589,1.0,0.30677631,0.046305083,1.3140654e-13,0.004325961,0.07631681,1.1969421e-06,0.00020812922,5.7366555e-07,0.00022373887,2.7727236e-20,0.054583166,0.06739443,1.5571655e-05,0.6875265,2.5549659e-28,1.0
4234,0.09390064,0.05994424,3.036705e-07,0.01352198,0.44864616,0.10501985,0.1584589,4.9881635e-07,0.14585476,0.046305083,7.121547e-08,0.0021039026,0.07631681,0.015294579,0.0014066938,0.0013869064,0.00016375893,2.1940408e-20,0.011657234,0.004475015,0.0003353252,0.6875265,6.0338755e-31,0.0025105642
4236,0.09390064,0.05994424,0.012176019,0.099762246,0.44864616,0.10501985,0.1584589,1.6750037e-12,0.2662358,0.046305083,5.424044e-30,0.00018355883,0.07631681,0.002396659,0.16458912,0.0013869064,0.00016375893,0.011668887,0.011657234,0.010617485,0.0006738337,0.72955346,6.0338755e-31,2.3220723e-06
4242,0.09390064,0.05994424,0.006665615,0.048611823,0.40084127,1.2139532e-07,0.09830792,2.6477525e-11,0.2662358,0.046305083,2.2025054e-32,0.00068078534,0.07631681,0.004113198,0.00060987956,4.8957803e-14,0.00020639747,5.753923e-11,0.011657234,0.97605497,1.0,1.0,2.2458944e-32,0.0008713225
4243,0.09390064,0.9754944,0.9999503,0.04937528,0.31678307,0.00094586506,0.026580019,6.7822795e-17,1.0,0.046305083,1.6736575e-29,0.0009412595,0.07631681,0.0017040343,0.0028331762,1.5589132e-11,0.00019582067,5.9243526e-12,0.0025632665,4.590075e-09,4.12446e-05,0.03346446,1.2709429e-27,0.010093387
4249,0.09390064,0.05994424,0.0011849153,0.014486148,0.45221186,4.5800256e-17,0.09566008,1.0,0.2662358,0.046305083,3.006636e-39,8.8476115e-18,0.08081178,0.00043230684,1.9393012e-05,2.9773596e-13,0.0003923852,1.0,0.09711585,4.420603e-12,0.003577721,2.0992121e-37,8.27089e-25,0.021004857
4255,0.12853205,0.32243612,0.8386348,0.8991655,0.13497634,3.1801156e-07,0.15100065,1.0,0.9749775,0.6745029,3.006636e-39,1.1269093e-05,0.15881209,4.8270922e-05,0.3559262,2.7321026e-19,0.00090517825,1.20870706e-32,0.012423,1.014739e-07,6.0762616e-08,3.006636e-39,9.514307e-29,1.3691525e-11
4258,0.09390064,0.05994424,0.0058805165,0.13462748,0.15951541,0.00094586506,9.5791875e-06,1.0,0.2662358,0.046305083,1.7057804e-31,2.2234306e-05,0.07631681,0.031478353,0.009068023,4.8105386e-10,0.00019582067,1.2174046e-09,0.0025632665,4.3214436e-07,0.02267603,0.22409627,1.2709429e-27,0.011136366
4259,0.9448778,0.05994424,0.0012359457,0.083020695,0.00021838443,4.095605e-18,0.5747652,1.0,0.004391559,0.046305083,1.0,1.0,0.12127647,1.20619775e-23,0.00020506125,4.3901533e-08,0.0060826773,1.0,0.023689764,1.0111372e-08,0.3179231,1.0,1.0,0.016007006
4260,0.22645177,0.05994424,0.071245596,0.00033220748,0.008300507,1.0,0.051887415,1.0,0.5846608,0.046305083,1.0,8.162495e-08,0.07631681,1.245277e-06,3.850091e-05,1.0,0.00029413152,1.0,0.0025632665,2.7308056e-07,1.6428177e-10,0.9999999,2.976556e-15,0.021946227
4261,0.14974806,0.10609732,0.36421764,1.0536919e-10,0.0023287772,1.0,4.9408118e-24,7.0036445e-14,0.05422198,0.046305083,1.3960596e-06,2.7883965e-08,0.07631681,7.64384e-06,0.021003552,1.0,0.0009856528,4.618179e-19,0.035931535,6.086191e-08,8.3779685e-17,1.0,1.7900041e-23,2.5217025e-05
4263,0.09390064,0.05994424,0.0013833533,0.02454438,0.2833686,8.886513e-25,0.019226326,1.0,0.39066216,0.046305083,1.4161131e-22,9.2654005e-07,0.07631681,0.00023117251,0.0026826768,2.4434875e-20,0.0004057977,1.0,0.009629485,3.1792723e-07,2.5027044e-05,0.00026388766,2.5561564e-27,1.6890497e-15
4266,0.09390064,0.05994424,0.14214633,0.050039023,0.44864616,0.10501985,0.9994398,1.0,0.2662358,0.046305083,1.0098422e-34,0.0080826925,0.07631681,1.0,0.049976494,5.273974e-12,0.00044283882,5.4624843e-06,0.011657234,0.13959211,0.00036157074,0.6875265,2.5549659e-28,1.0
4268,0.13582136,0.10609732,1.6545476e-07,1.3525614e-11,0.0031282369,5.4709305e-28,4.9200215e-27,1.0,0.062153894,0.046305083,1.0,3.0432122e-14,0.09646739,5.3653e-07,0.0997684,1.0,0.00039150048,1.0,0.035931535,1.46445736e-08,1.4791796e-14,1.0,1.0,1.053165e-07
4278,0.4333966,0.05994424,0.03176852,0.019115398,0.010290651,0.7078738,0.0020563675,1.700142e-08,0.42111132,0.046305083,3.758313e-24,0.0021039026,0.1839583,1.3206613e-24,1.3115496e-05,0.0027247234,0.004491933,3.006636e-39,0.028777288,0.133955,0.00014134488,0.08052303,6.0338755e-31,0.037799396
4282,0.2127052,0.05994424,4.855417e-07,0.0070837066,0.37528476,2.0428992e-09,0.046730883,0.22161429,0.3592951,0.046305083,0.004418798,0.0021039026,0.07631681,3.5803037e-05,3.2199391e-06,1.7701137e-05,0.00020891038,1.359297e-32,0.03779956,0.0006328006,1.0,5.45357e-14,2.2458944e-32,6.9085104e-06
4283,0.09390064,0.05994424,0.0036316742,0.9998709,0.5529114,1.0,0.07560278,0.99999976,0.13688383,0.046305083,1.0,1.6697275e-16,0.07631681,5.3919837e-07,4.440133e-07,1.0511226e-10,0.0005691479,1.0,0.011657234,2.258601e-10,3.0263205e-11,1.0,2.4422514e-32,1.4879353e-07
4285,0.13582136,0.05994424,0.00033929982,0.39229724,0.1966613,8.8805045e-06,0.04799883,1.2075522e-29,0.018730912,0.046305083,0.9999989,5.285971e-11,0.38096955,1.3752787e-06,0.0010383332,5.090046e-05,0.0006582776,1.0,1.0,2.9182124e-06,1.0,0.9999461,3.2185997e-13,1.3374006e-05
4286,0.09390064,0.05994424,0.006071537,0.0017350302,0.5004057,1.0,0.1584589,7.785776e-17,0.13688383,0.046305083,0.2160343,1.6836519e-05,0.24673085,5.1836858e-05,1.219402e-07,0.044492144,0.00019868994,3.0492228e-16,0.011657234,6.4394646e-07,4.232927e-08,4.556668e-08,6.0338755e-31,2.4103852e-05
4289,0.09390064,0.05994424,0.07717209,0.90303457,0.15951541,0.000406944,0.031171111,1.0,0.2662358,0.046305083,7.217199e-38,0.0080826925,0.07631681,0.018654987,0.007137077,4.9173387e-08,0.00027876088,4.571027e-10,0.0025632665,1.6099611e-05,4.4814715e-06,0.026472932,4.364887e-27,0.00031559213
4293,0.09390064,0.05994424,0.014560873,0.0033004044,0.574614,0.10501985,0.1584589,1.0,0.2662358,0.046305083,5.021728e-36,5.6369254e-13,0.07631681,0.009929257,0.010180089,7.5447155e-11,0.00021400648,1.0400269e-13,0.011657234,1.9932482e-12,6.8212497e-10,7.693783e-06,6.0338755e-31,0.046306115
4297,0.41575256,0.10609732,0.29239714,1.0198693e-11,0.011417376,1.0,5.399818e-26,3.354314e-22,0.1200403,0.046305083,1.0,9.474618e-09,0.07631681,1.0117719e-06,0.00044443944,1.4444855e-09,0.0005343719,3.675744e-08,0.035931535,3.6393252e-10,3.4482226e-05,0.0060486775,6.187261e-19,1.775644e-08
4300,0.19071423,0.05994424,0.002342974,0.024872623,0.7662077,1.0,0.005378414,6.154042e-13,0.13688383,0.046305083,5.186787e-11,1.8571571e-08,0.07631681,2.4102541e-05,1.6924836e-05,0.32826674,0.00039897967,1.1824299e-12,0.011657234,5.5033146e-05,0.017582243,1.0,8.414572e-26,5.393259e-08
4311,0.13582136,0.05994424,0.0033563613,0.99318105,0.16754703,3.2082383e-15,0.18277945,1.0,0.009349259,0.046305083,0.0018628654,1.638304e-08,0.07631681,1.4430247e-05,1.0214301e-06,4.5599244e-10,0.00045221738,3.401431e-25,0.011657234,4.840479e-06,5.1130377e-05,2.5728595e-13,1.6541037e-12,0.9973942
4312,0.09390064,0.05994424,0.012176019,0.01352198,0.1438104,5.656193e-09,0.1584589,0.47838423,0.2662358,0.046305083,3.5394864e-36,1.0,0.07631681,0.015294579,0.0020427278,0.0013869064,0.00016375893,4.6915346e-14,0.011657234,0.62156284,0.004143602,0.6875265,1.0,0.005232186
4318,0.09390064,0.05994424,0.27166036,3.0615315e-08,0.574614,0.10501985,0.0031138612,0.12024127,0.2662358,0.046305083,0.99973565,2.659775e-14,0.07631681,0.00012643346,0.39843428,6.144536e-11,0.00021530282,0.0050268085,0.0016357065,4.2833463e-07,6.0497335e-08,1.963836e-05,2.2606795e-24,0.0019128643
4320,0.25372016,0.920306,0.103670955,0.4149774,0.21393079,2.6110314e-07,0.016312161,3.006636e-39,0.1298272,0.1314709,1.1415035e-13,8.8245474e-07,0.13686801,2.3802728e-07,1.0950282e-05,0.2120234,0.0003618775,1.0,1.0,7.094366e-05,1.0,0.9999999,2.1259935e-13,0.9999999
4324,0.75815725,0.10609732,0.0033799116,0.00037362054,0.007762795,0.034506753,8.4136534e-23,1.8869494e-20,0.05375699,0.046305083,0.00082006765,1.4497402e-10,0.1839583,2.760656e-23,0.004816186,1.0,0.00025788002,0.04222804,0.035931535,1.1531168e-09,9.682352e-09,1.6900715e-06,0.82283956,1.4848412e-06
4330,1.0,0.10609732,0.09031065,0.027445363,0.0024129683,5.913402e-07,1.6485888e-23,8.605952e-08,0.2611817,0.046305083,2.2010541e-23,9.586918e-10,0.38424185,3.4216185e-08,0.013306566,1.0,0.00034143837,0.8949379,0.035931535,2.5336693e-11,1.484438e-12,1.0,8.0626133e-16,0.00039336344
4340,0.09390064,0.05994424,0.20163263,0.00010477142,0.74836695,0.071882464,0.0031138612,1.0,0.89515656,0.046305083,2.4395458e-29,4.902654e-08,0.07631681,2.0855896e-05,0.8039506,5.3269265e-13,0.00019444495,0.6289849,0.011657234,0.097226985,1.8084384e-09,9.499226e-28,2.2606795e-24,3.9255287e-06
4346,0.24247748,0.05994424,0.28587937,0.021138942,0.108058244,1.0,0.1584589,3.727546e-30,0.01593902,0.046305083,7.956706e-18,0.0021039026,0.07631681,0.0932778,0.0059064925,1.0,0.000430879,4.5295594e-21,0.011657234,0.998654,0.0802461,0.99999523,6.0338755e-31,0.0051977867
4349,0.09390064,0.05994424,0.008732657,0.01352198,0.44864616,0.03592954,0.019863704,0.7134505,0.2662358,0.046305083,2.968326e-21,0.00041761724,0.07631681,0.015294579,0.9868847,0.00027955213,0.00016375893,1.0,0.0019824235,0.027062848,0.00012313516,1.7777372e-13,6.0338755e-31,0.0009414312
4356,0.09390064,0.05994424,3.5487713e-07,0.00090773695,0.15951541,0.057843175,0.011683816,1.0,0.14585476,0.046305083,1.2230532e-09,1.4308652e-07,0.27954385,2.5396517e-07,0.019026121,0.002192514,0.00024465838,1.0,0.08372091,6.1834486e-05,0.0814603,1.76491e-23,1.1408924e-27,0.00031075743
4358,0.09390064,0.05994424,0.0058805165,0.19310865,0.14560603,0.00094586506,0.022883628,1.0,0.2662358,0.046305083,1.050467e-18,0.007106609,0.07631681,0.0007104672,0.7720315,2.5951687e-11,0.0003468979,0.87206084,0.0016357065,3.8068075e-07,0.0052488283,0.37850273,4.364887e-27,0.0013053014
4360,0.09390064,0.10609732,0.0035017957,2.5912775e-10,0.013472197,3.0930638e-22,3.8343667e-25,3.006636e-39,0.10870308,0.07617714,0.005597585,1.8657009e-14,0.36495328,1.5033721e-05,0.29385749,1.0,0.00029457547,1.0,0.27356514,1.3284126e-12,1.7808023e-16,4.396548e-15,1.7974014e-15,0.015201229
4361,0.09390064,0.10609732,0.17122063,1.0863132e-09,0.011417376,5.742812e-20,3.56255e-24,0.25618038,0.37362218,0.30965918,1.8977417e-12,1.8172686e-10,0.07631681,1.5770374e-05,0.8187281,1.0,0.00036529652,1.0,0.035931535,2.9850136e-09,3.19347e-11,1.0,2.7256924e-10,0.0004014087
4363,0.13582136,0.05994424,0.03903853,0.4185578,0.09067846,1.0,0.1584589,1.0,0.011528225,0.046305083,0.78100526,1.9535883e-12,0.07631681,3.8671833e-06,0.021915339,1.0,0.0049307295,9.338105e-09,0.08982352,9.7971846e-11,9.26586e-09,1.0014078e-09,2.2864113e-13,1.0
4364,0.44884473,0.4697083,0.84498686,8.1126184e-10,0.008685559,0.9999902,3.137432e-25,1.0,0.5566506,0.58810097,0.7376858,1.2717506e-08,0.851225,1.8456152e-10,0.061560176,6.465981e-07,0.0003878895,1.5634019e-13,1.0,2.9650934e-11,1.0,1.0,1.7246397e-13,0.9999318
4378,0.09390064,0.05994424,1.0,0.0008421859,0.23957808,0.0005703222,0.011683816,1.0,0.6395603,0.046305083,1.6410552e-28,1.4440149e-16,0.19388974,1.8782678e-06,5.611076e-05,0.28117904,0.00057484064,1.0,0.0016283505,1.9093028e-11,9.597337e-08,0.00021562948,1.8019676e-29,0.0043994193
4380,0.20380074,0.10609732,0.005583599,1.3526318e-10,0.020398084,1.9313762e-24,3.8343667e-25,0.019383991,0.08325217,0.046305083,1.0,7.068771e-11,0.40027294,3.9478136e-06,0.11223112,1.0,0.0007562036,1.0,1.0,3.1193165e-10,4.150105e-08,1.0,1.1574446e-09,0.0048523606
4388,0.09390064,0.10011661,3.2246412e-06,0.01352198,0.44864616,0.10501985,0.1584589,0.98898554,0.45599762,0.046305083,3.8778685e-15,0.0021039026,0.07631681,0.0018724333,0.0014066938,0.0013869064,0.00016375893,2.1940408e-20,0.011657234,0.004475015,0.004143602,0.4900495,6.0338755e-31,0.0025105642
4389,0.6058299,0.05994424,0.005163002,0.0024698302,0.12832409,0.9982179,0.02285768,5.608734e-34,0.010579968,0.046305083,2.278906e-09,1.7912075e-14,0.09427853,1.0256907e-05,5.07697e-07,1.0,0.00041017486,0.49851277,0.0084867235,7.956946e-11,0.19839115,2.766942e-10,5.905375e-09,0.0041246223
4399,0.41575256,0.05994424,3.4863572e-07,0.0022144513,0.44864616,0.10501985,0.1584589,9.0209425e-26,0.14585476,0.046305083,8.1346925e-30,4.305992e-07,0.24536146,2.8316703e-07,0.00519252,8.3939617e-14,0.00021942968,9.06365e-25,0.011657234,0.3110499,9.496001e-13,2.0698655e-19,6.198467e-24,0.52823275
4402,0.09390064,0.05994424,0.00034489002,0.012474236,0.23957808,0.04498305,0.019248234,1.0,0.2662358,0.046305083,1.3224308e-24,7.104832e-08,0.07631681,0.0005161724,0.0074998406,2.7038859e-15,0.00019582067,1.0,0.0019824235,6.2822797e-10,1.0,0.005474324,4.364887e-27,0.007355109
4406,0.13582136,0.05994424,1.192982e-06,0.20328945,0.16564564,0.038703058,7.710212e-05,3.006636e-39,0.0114990985,0.046305083,1.0,0.00089769677,0.25434288,5.4923566e-05,3.274446e-05,0.99992645,0.00033423747,1.15436e-17,1.0,0.00033133168,1.0207367e-05,1.0,1.1328951e-12,0.0026704203
4413,0.13582136,0.05994424,2.3286202e-07,0.12963606,0.16564564,0.17726825,0.26358315,1.0,0.0050841863,0.046305083,0.99996877,0.0053179855,0.07631681,0.0003515688,3.7894635e-05,2.8285015e-06,0.0001898146,5.4751726e-19,0.011657234,0.004475015,4.0164546e-06,0.00024855928,1.7302781e-16,0.01734869
4422,0.09390064,0.05994424,0.012176019,0.01352198,0.44864616,0.10501985,0.1584589,0.3784997,0.2662358,0.046305083,9.141677e-32,0.0021039026,0.07631681,0.015294579,0.006130043,0.0013869064,0.00016375893,2.3009756e-09,0.011657234,0.027062848,0.004143602,0.6875265,6.0338755e-31,0.0025105642
4424,0.11815516,0.10609732,0.010124718,1.3324182e-10,0.011417376,4.795849e-06,3.5368608e-25,0.009129047,0.10870308,0.046305083,6.393696e-22,7.368794e-10,0.07631681,1.0195157e-05,0.0066567403,0.6594378,0.00065474346,2.0708463e-05,0.035931535,3.2298828e-10,1.3603335e-11,1.0,2.5339995e-21,3.5780715e-05
4425,0.17665558,0.05994424,0.012176019,0.01352198,0.44864616,0.10501985,0.1584589,1.0,0.2662358,0.046305083,8.788945e-33,7.8427416e-05,0.07631681,0.009425809,0.00067779666,0.0013869064,0.00030897695,2.3009756e-09,0.011657234,0.003664032,0.004143602,0.92345864,6.0338755e-31,0.0025105642
4426,0.13582136,0.05994424,0.002497108,0.0058754734,0.21393079,0.022962378,0.1584589,8.04521e-27,0.0069186734,0.046305083,3.071593e-11,1.5059493e-05,0.07631681,0.0004272761,0.0015441065,0.0005614378,0.0002727635,1.1138238e-16,0.011657234,0.001178946,1.0011104e-08,0.9999982,3.106166e-10,0.03178207
4430,0.13582136,0.10609732,0.01292708,3.8017383e-08,0.0006409309,0.00043397388,3.7554194e-23,9.924529e-38,0.15140074,0.07617714,1.0,1.0,0.66571945,2.5888963e-10,0.021403017,1.7713877e-09,0.0008269531,1.2392468e-31,0.89007276,2.2933813e-10,7.9832437e-19,1.0,1.0,1.3409878e-07
4431,0.09390064,0.17739674,0.025297705,0.002091603,0.7594007,0.097986184,0.018350748,6.3181404e-24,0.48257655,0.081119955,3.4075494e-24,9.303365e-17,0.07631681,3.0685336e-05,0.3342232,1.4598221e-12,0.0003618775,1.0,0.5277146,1.1677441e-10,0.0014428487,2.706071e-13,2.4422514e-32,0.0016700934
4432,0.13582136,0.05994424,2.5188618e-07,0.17418474,0.08145779,0.000306956,0.019226326,1.0,0.02001345,0.046305083,1.8654403e-11,2.5473994e-06,0.07631681,5.265363e-05,4.247175e-06,4.8231486e-06,0.00019582067,1.0,0.0019824235,9.233063e-09,0.9522117,2.516004e-12,2.5690713e-11,0.011721495
4433,0.09390064,0.05994424,0.01522754,0.01352198,0.44864616,5.656193e-09,0.1584589,0.3784997,0.2662358,0.046305083,3.006636e-39,7.623278e-05,0.07631681,7.583473e-05,0.036522716,3.928693e-08,0.00016375893,4.6915346e-14,0.011657234,0.042205118,1.0,0.28068012,6.0338755e-31,4.4935365e-05
4435,1.0,1.0,5.4246448e-06,0.00011512566,0.21945454,0.99998474,8.01276e-23,1.0,0.18480831,0.046305083,1.0,1.4356431e-10,0.2081817,1.3224883e-21,0.04430954,1.0,0.00051401166,1.0,0.03359453,3.6599383e-13,1.808209e-11,0.83953404,2.0897067e-20,2.8821007e-05
4437,0.3087295,0.38540047,0.002235848,0.0012479317,0.6388928,0.03321713,0.019863704,1.0,0.7502411,0.53673637,0.9840883,8.5081185e-05,0.1749142,0.005307667,0.7393251,5.4971196e-07,0.0004462488,1.0,0.0019824235,0.018770419,3.4302648e-11,2.425386e-14,1.6544041e-30,1.2197014e-06
4440,0.09390064,0.10609732,0.16548324,1.5005595e-07,0.008454173,1.61571e-07,7.6203837e-22,1.0,0.46159944,0.046305083,1.3566265e-21,2.6170099e-11,0.31143272,1.4063963e-05,0.0043116612,1.0,0.00023658585,0.001478171,0.10617509,2.6095745e-10,8.1664157e-13,1.0,7.1223555e-21,1.02848735e-05
4443,0.13582136,0.05994424,0.0002623271,0.00085492583,0.4134094,1.0,0.99989426,2.0694096e-32,0.338878,0.046305083,0.8168347,8.511692e-16,0.07631681,2.1092536e-07,0.0035001289,5.2869773e-08,0.00016375893,1.0,0.0019824235,6.691927e-11,1.4878575e-06,1.1967039e-34,3.056209e-13,0.00988217
4445,0.09390064,0.9866833,0.9999434,0.0044805934,0.0026864838,0.08800793,2.9799066e-23,8.513473e-06,1.0,0.046305083,1.0,1.1386643e-08,0.07631681,1.4023552e-06,0.001066893,0.00037296306,0.00030151792,1.0,0.20101844,2.7164576e-11,9.319267e-12,4.294889e-12,5.484311e-14,1.5024327e-07
4451,0.09390064,0.05994424,0.021786535,0.039602805,0.61466324,0.86086744,0.99984,1.0,0.2662358,0.046305083,6.193799e-35,3.7080263e-14,0.07631681,0.36665407,0.06291925,4.4151002e-16,0.00020689992,0.9577999,0.011657234,1.3586747e-10,0.06863401,1.67016e-06,2.4422514e-32,0.039963577
4452,0.8091137,0.05994424,0.02912558,0.061347354,0.21393079,0.00043263394,7.710212e-05,1.0,0.08109749,0.046305083,1.9315157e-17,0.00014835787,0.07631681,3.5089727e-07,0.00072966743,5.863557e-12,0.00031149542,8.924033e-29,0.011657234,0.031420413,3.665358e-10,1.0,1.0699131e-11,0.9960224
4458,0.59300494,0.10276631,0.017592782,2.946111e-08,0.5548204,1.7543865e-10,0.1584589,1.0,0.2662358,0.046305083,1.2466444e-05,7.3386697e-09,0.07631681,0.003706293,0.96833,4.523015e-10,0.00033047172,0.9999999,0.013463094,9.417374e-10,3.1192594e-16,2.6965613e-23,1.9267124e-30,0.45429814
4465,0.9986016,0.05994424,0.007856272,8.330659e-05,0.574614,1.0,1.7793326e-08,1.0,0.13688383,0.046305083,1.0,2.8932646e-15,0.07631681,2.601904e-07,5.196064e-05,1.0157459e-07,0.0007192724,1.1200431e-26,0.0016283505,5.7302585e-10,2.290908e-09,1.0,1.7845207e-25,0.0002588523
4468,0.13582136,0.05994424,0.0060477396,0.11398799,0.17677584,0.011314426,0.015786901,2.1358144e-08,0.016020635,0.046305083,1.7665869e-16,6.258662e-06,0.13686801,0.000100398436,0.0030676692,1.1995348e-16,0.00021682607,3.0894473e-06,0.0025632665,2.593808e-06,0.001396516,2.7764435e-24,1.9441854e-14,0.014299149
4470,0.09390064,0.05994424,0.23525374,0.01352198,0.44864616,0.47937214,0.1584589,0.3784997,0.48461762,0.046305083,2.6902614e-32,0.0021039026,1.0,1.4920357e-05,0.24855141,5.7366555e-07,0.0005533158,2.3009756e-09,0.054583166,0.027062848,0.004143602,0.6875265,2.0707957e-28,3.0406757e-11
4473,0.5929794,0.05994424,0.0015701029,0.0076056933,0.09715862,7.947603e-11,0.7681801,3.0723083e-22,0.2662358,0.091239415,1.1529113e-11,4.619475e-15,1.0,1.8709985e-23,1.5406822e-05,0.9921582,0.00041181527,2.9722342e-14,0.011657234,1.3321325e-08,2.3932105e-07,1.0,2.2458944e-32,0.0066368612
4481,0.13582136,0.05994424,0.021270221,0.43647882,0.1538164,7.6681874e-07,0.024717148,4.960762e-10,0.8353874,0.046305083,2.7687608e-27,5.4054753e-06,0.07631681,0.00014322517,2.1440792e-06,1.6980622e-11,0.000248451,1.6142015e-29,0.011657234,0.0073867175,2.6226154e-08,1.0,3.9021664e-12,0.07953247
4488,0.09390064,0.05994424,0.029014962,0.00013226453,0.6245253,8.478749e-09,0.1584589,0.010212375,0.2662358,0.046305083,6.06544e-33,0.00023215343,0.07631681,0.015294579,0.006130043,1.2950637e-08,0.00016375893,7.018026e-16,0.011657234,0.06995697,1.8482015e-05,1.6701648e-06,6.0338755e-31,0.0025105642
4491,0.41575256,0.17391187,0.20829101,0.87303495,0.44864616,1.7878901e-10,0.1584589,0.98726416,0.537963,0.4760851,8.767714e-33,1.6428123e-05,0.1749142,0.0054249465,0.0047160364,0.46470162,0.00016375893,5.0532617e-10,0.011657234,0.0317023,0.004143602,1.0,6.0338755e-31,0.9991122
4492,0.5033358,0.05994424,0.96730644,0.00061035436,0.5808024,0.00560651,0.20706835,0.70298445,0.71087307,0.046305083,2.9388976e-28,2.6695003e-12,0.09646739,0.0002706938,0.00076098344,7.5447155e-11,0.0001805666,4.281745e-08,0.011657234,2.875811e-09,2.4071474e-12,2.4132404e-14,6.0338755e-31,0.21286587
4493,0.09390064,0.05994424,0.053099897,0.0055054193,0.274223,8.863344e-09,0.09076339,0.9998191,0.825436,0.046305083,3.006636e-39,1.5807009e-05,0.31143272,0.009804205,0.047978364,3.5435776e-05,0.00019582067,0.53037626,0.008123963,1.3198889e-08,1.3534028e-05,3.006636e-39,4.7305952e-29,5.5517823e-11
4494,0.09390064,0.17391187,0.8078922,0.087141156,0.5512113,0.10501985,0.1584589,1.0,0.537963,0.4760851,1.5336971e-37,3.183575e-05,0.1749142,0.008137661,0.79857993,3.2730364e-12,0.00027655944,0.99999976,0.0016357065,0.003664032,2.7605805e-07,0.7881814,6.0338755e-31,0.12732333
4495,0.09390064,0.10609732,0.03427997,2.1262885e-10,0.026161091,0.022277428,3.56255e-24,1.0,0.10870308,0.046305083,2.8439343e-16,4.9605125e-15,0.07631681,5.4275374e-06,0.0676296,1.0,0.0028662619,1.1923345e-18,0.05317309,3.0131624e-13,1.7388504e-12,0.7949823,8.61029e-15,0.00506885
4496,0.21586333,0.10609732,1.2702709e-05,2.9939495e-12,0.011417376,0.010840075,4.9557564e-26,1.0,0.4517621,0.046305083,0.98846895,3.1640328e-12,0.07631681,0.00013218344,0.037993453,1.0,0.00020411126,1.0451127e-07,0.035931535,6.744358e-08,1.3051225e-14,0.99999034,7.1223555e-21,4.6066634e-06
4497,0.2127052,0.9754944,0.9995253,0.8251321,0.14560603,0.99726045,0.022883628,1.0,1.0,0.046305083,3.006636e-39,1.2909329e-05,0.07631681,0.0043436126,0.00016156197,3.096907e-18,0.00034995668,7.875076e-09,0.007920439,6.061728e-07,0.9198679,8.3860965e-12,8.7787854e-27,2.9158864e-10
4499,0.09390064,0.10609732,0.00078142376,7.34177e-11,0.011417376,4.95681e-13,3.8343667e-25,0.66332245,0.1448456,0.07617714,0.99948645,1.7013958e-10,0.07631681,5.9309605e-06,0.045481227,0.50630146,0.00028974673,1.0,0.112456694,2.5622118e-10,2.0225132e-17,1.1588076e-24,7.207969e-19,4.588246e-05
4517,0.18968557,0.05994424,0.1581023,0.0034459583,0.1438104,0.8228276,0.1584589,3.5827154e-19,0.7854926,0.046305083,3.006636e-39,1.0,0.07631681,1.7369649e-06,8.240871e-05,1.262462e-09,0.00016375893,2.1857233e-25,0.03779956,0.20959304,9.188282e-09,1.5028139e-06,1.0,0.30144298
4523,0.09390064,0.05994424,0.030683551,0.01352198,0.44864616,0.10501985,0.1584589,0.3784997,0.2662358,0.046305083,1.6233055e-34,0.0021039026,0.07631681,0.015294579,0.04875175,0.0013869064,0.00018158024,2.3009756e-09,0.011657234,0.04368838,0.004143602,0.6875265,6.0338755e-31,0.030217437
4524,0.09390064,0.05994424,1.6004419e-06,0.07815024,0.24407434,3.639101e-11,0.075586125,1.0,0.43283907,0.046305083,1.1005345e-35,2.1987463e-08,0.20697169,1.1072814e-07,3.5675032e-06,2.4068132e-15,0.0003062028,3.600748e-18,0.0016283505,5.2073557e-11,5.6520973e-12,3.006636e-39,1.6246673e-28,0.00011000373
4526,0.13777927,0.05994424,0.006989023,0.018274661,0.66333956,0.10501985,0.1584589,1.0,0.2662358,0.046305083,5.7591615e-18,0.00039564402,0.07631681,0.03716945,0.0055129956,0.0013869064,0.000466347,7.0447115e-13,0.011657234,0.0007234348,0.004143602,2.0230188e-13,1.6544041e-30,0.0003856575
4529,0.13582136,0.10609732,0.0062344107,0.0005100649,0.0033816996,1.0,2.541199e-23,1.0,0.056746874,0.046305083,4.129464e-12,5.5587567e-14,0.07631681,1.0812991e-05,0.007459648,3.1317837e-09,0.00025788002,0.0010607535,0.021866366,2.9247495e-13,1.02851e-06,3.157503e-05,4.2512896e-05,1.8270615e-07
4530,0.09390064,0.05994424,3.334977e-07,0.015631318,0.4900189,0.049127467,0.018350748,1.0,0.14585476,0.046305083,4.1532857e-09,9.472253e-16,0.07631681,0.0014141896,0.00091631286,2.7697484e-12,0.0061607216,6.058591e-19,0.028777288,1.8787908e-08,3.7856167e-05,4.7303433e-07,2.4422514e-32,0.461753
4531,0.09390064,0.05994424,0.0010626701,0.03371918,0.051290143,1.0,0.09076339,1.0,0.004698807,0.046305083,0.9981365,5.3691714e-05,1.0,0.0022024927,1.8796884e-05,1.0,0.00023251318,7.294835e-39,0.0025632665,1.4221722e-07,0.018976446,2.7421686e-11,4.7305952e-29,1.7454935e-05
4543,0.33813998,0.05994424,0.22659996,0.115552336,0.086642556,0.41686535,0.02285768,1.0,0.5759232,0.046305083,7.3414e-39,1.0,0.07631681,3.8620936e-08,0.0020613451,2.4744736e-17,0.00026754072,5.917751e-14,0.040212758,2.8707295e-06,0.0044606063,8.65088e-08,1.0,3.44352e-11
4544,0.13582136,0.10609732,0.00029627018,2.328667e-09,0.0031282369,0.99999964,4.0891118e-25,1.0,0.077217266,0.046305083,1.0,8.373082e-09,0.07631681,1.8535426e-06,0.000496607,0.00014529537,0.00025032324,1.0,0.03261185,2.2170545e-10,3.49628e-11,1.7503078e-15,9.224596e-13,2.4031434e-07
4547,0.09390064,0.10609732,6.401096e-06,0.0003118838,0.0061264033,0.51982254,2.4042433e-23,1.0,0.07380207,0.046305083,1.3960049e-07,4.147416e-11,0.09646739,2.5473776e-06,0.07171128,1.0,0.0004824861,1.0,0.035931535,8.804307e-12,1.1726756e-12,0.9999976,4.431763e-20,0.00013606812
4548,0.09390064,0.9754944,0.9998679,0.192119,0.44022718,6.585169e-13,0.022883628,1.0,1.0,0.046305083,3.006636e-39,4.109248e-12,0.07631681,0.0061598043,0.0022829508,1.1705249e-21,0.0004462488,3.82598e-10,0.0025632665,1.5422509e-11,8.4002704e-07,3.9521052e-07,4.483901e-20,0.032693878
4552,0.51626617,0.10609732,0.21527895,1.328705e-05,0.037511073,0.9981925,8.01276e-23,1.0,0.53612953,0.046305083,1.0,2.8000746e-11,0.67561406,3.703408e-23,0.780518,1.0,0.00033593347,1.0,0.035931535,1.9996465e-11,4.4505672e-13,1.0,0.9037673,0.0026522067
4555,0.15691671,0.10609732,0.0033429877,9.458637e-09,0.016778251,2.4077601e-14,3.137432e-25,1.0,0.50615156,0.046305083,1.6154195e-31,4.1521016e-11,0.11601528,5.0527126e-07,0.18465498,1.0,0.00022592307,1.0,0.26615354,1.3079936e-10,1.0,1.0,3.573645e-08,3.395317e-06
4558,0.09390064,0.05994424,1.5170798e-06,2.0251923e-07,0.8578054,0.003577886,0.018350748,1.0,0.25504234,0.046305083,1.0,1.0146616e-07,0.09646739,4.2285825e-05,0.000551278,4.7204245e-05,0.00024465838,1.0,0.011657234,1.2014379e-08,1.11547024e-07,0.008378036,2.4422514e-32,0.00074652437
4566,0.09390064,0.05994424,0.034845795,0.0033004044,0.4900189,0.57808626,0.1584589,2.9776891e-05,0.2662358,0.046305083,3.1157086e-28,1.499878e-08,0.07631681,0.0063092387,0.00058228424,2.8016873e-05,0.00016375893,0.9999993,0.03779956,3.6171735e-10,0.0001385785,1.0,6.0338755e-31,0.10678827
4569,0.09390064,0.05994424,0.007903186,0.03958866,0.28697565,0.10501985,7.710212e-05,1.6403294e-05,0.34321278,0.046305083,2.4089729e-14,1.0,0.07631681,3.632495e-07,0.9852989,1.0401034e-07,0.00038210515,5.2623986e-12,0.011657234,5.2704553e-07,8.033715e-07,0.6875265,1.0,0.24243237
4576,0.09390064,0.05994424,0.3456002,0.0010717032,0.7364042,0.009583099,0.019863704,1.0,0.37645844,0.046305083,6.1226655e-09,1.806362e-10,0.07631681,0.0012056023,0.9729388,4.892144e-16,0.0004359467,1.0,0.0019824235,1.9744244e-11,0.000109049244,1.220704e-09,4.762982e-32,2.5805932e-05
4577,0.09390064,0.05994424,0.05056781,0.0020236743,0.6258748,1.0,0.018350748,0.9996125,0.8364394,0.046305083,2.9878052e-31,1.0966286e-09,0.07631681,0.003199766,0.0001242871,1.1364587e-10,0.00020639747,1.0,0.011657234,0.0035890106,0.94735515,1.0,2.4422514e-32,1.0675521e-06
4578,0.44515803,0.10609732,3.7117493e-06,3.0794752e-06,0.012361218,0.9999976,3.56255e-24,1.0,0.03159001,0.046305083,1.0,3.8718508e-12,0.43289948,8.987824e-06,0.0059373924,1.0,0.0003700377,1.0,0.007920439,5.665e-10,2.1403331e-19,1.0,5.870228e-05,2.549147e-06
4579,0.09390064,0.44046637,0.29222614,0.0033004044,0.574614,0.10501985,0.1584589,1.0,0.6660548,0.046305083,7.5402976e-34,7.3885803e-07,0.07631681,0.0063092387,0.0045719193,7.5447155e-11,0.00018241738,0.69412893,0.011657234,3.6171735e-10,0.00019421149,3.3603078e-06,2.5549659e-28,0.02377776
4583,0.09390064,0.05994424,0.0024466724,0.004401446,0.83003616,5.065464e-07,0.003642777,1.0,0.4941278,0.046305083,1.9411539e-26,8.3617815e-17,0.07631681,0.0014800167,0.030439224,4.692853e-09,0.0003639497,1.0,0.054583166,2.1713937e-12,1.1850338e-11,1.246284e-07,7.707709e-30,2.1888797e-08
4585,0.09390064,0.18197545,1.0,0.010504707,0.15951541,0.32057524,0.030994583,1.0,0.99775213,0.30965918,3.006636e-39,0.004918777,0.07631681,4.53424e-05,0.9975903,7.0313417e-13,0.00026754072,0.99898773,0.012423,0.001444998,0.0011866444,0.016868068,8.7787854e-27,9.935692e-14
4592,0.42611113,0.05994424,1.3757528e-05,0.002802731,0.5325163,1.1962182e-22,0.004298641,1.0,0.9675088,0.046305083,1.7425831e-26,6.6346774e-17,0.13686801,9.77378e-07,0.7680285,1.0746196e-10,0.00025249517,1.0,0.009629485,6.646249e-11,1.9807357e-14,1.0,2.887817e-23,2.1910702e-10
4596,0.18312137,0.31249872,1.4523575e-07,6.0051244e-09,0.013009673,2.0820033e-21,3.137432e-25,1.0,0.054282483,0.081119955,0.9999652,2.666743e-11,0.13686801,1.3263426e-06,0.14761485,1.0,0.00020411126,1.0,0.91669446,2.332253e-10,1.0528079e-14,1.0,3.573645e-08,7.966865e-07
4599,0.16179545,0.05994424,0.19080313,0.029251117,0.6350652,1.0,0.9979103,1.0,0.44039708,0.046305083,7.4576754e-21,9.6407824e-08,0.07631681,0.00016105747,1.5100963e-07,1.9130847e-07,0.00029899427,6.2604552e-27,0.16128159,0.0014014483,1.1252458e-12,1.0,7.7585094e-22,4.5185526e-12
4611,1.0,0.05994424,0.02186407,0.009689616,0.17132996,0.10501985,0.1584589,1.0,0.37259588,0.046305083,3.006636e-39,1.0,0.07631681,7.2188146e-07,2.0153917e-05,1.1390675e-13,0.00066303473,2.6139738e-17,0.028777288,3.5748321e-06,2.973953e-10,6.1512663e-15,1.0,1.0
4612,0.11815516,0.10609732,0.0012917282,4.371163e-11,0.008662118,3.1101169e-27,3.56255e-24,0.0008418177,0.18138881,0.046305083,0.0013854086,1.5203588e-13,0.07631681,7.787369e-07,0.36014682,1.0,0.00043442711,1.0,0.17867126,1.2737216e-12,8.2794235e-15,1.0,6.7341874e-09,0.048254013
4615,0.41575256,0.24483262,0.6086592,0.002575198,0.44864616,0.10501985,0.1584589,0.06607071,0.5534477,0.4760851,2.9333263e-31,0.00013061053,0.1749142,0.004939438,0.018513901,0.0013869064,0.00023370514,5.0532617e-10,0.011657234,0.027062848,0.00093430275,0.6875265,6.0338755e-31,0.0025105642
4616,0.09390064,0.05994424,1.5565348e-06,0.18328083,0.40084127,1.9544595e-13,0.005378414,1.0,0.33965018,0.046305083,1.7749579e-14,2.044622e-09,0.07631681,0.00051074964,0.90029657,6.428956e-05,0.00028643105,1.0,0.03779956,2.864347e-06,1.0,1.0,8.414572e-26,0.0006434314
4621,0.18683869,0.05994424,0.003475092,0.010776045,0.13497634,4.213986e-09,2.8029302e-05,1.0,0.5900572,0.046305083,1.0466326e-30,5.7520676e-05,0.13686801,1.4528133e-05,0.0002147204,1.2352464e-07,0.004491933,1.1353753e-25,0.0064144097,5.601377e-08,0.000929609,2.0857357e-17,4.7305952e-29,0.012668414
4624,0.21586333,0.05994424,0.00037993453,0.0015966713,0.7319197,1.0,0.019863704,1.0,0.93563324,0.046305083,1.5717148e-08,0.0021039026,0.07631681,1.0,0.0025850688,4.7813355e-06,0.00016375893,1.0,0.0019824235,0.37562194,6.242701e-08,0.6873944,6.0338755e-31,1.1532385e-08
4628,0.09390064,0.10609732,0.00557104,0.0028119376,0.0026864838,0.012105699,2.4042433e-23,0.008394472,0.10870308,0.046305083,1.5886141e-19,6.1066063e-09,0.07631681,1.0,1.0,0.00016170822,0.00039964283,0.9999616,0.03344825,9.794484e-13,1.8476758e-10,0.8337679,4.0154315e-14,4.6325764e-05
4632,0.09390064,0.10609732,0.017957825,7.5353435e-10,0.0021389888,1.0,3.7992354e-24,3.408161e-16,0.05422198,0.046305083,1.0,1.8815573e-10,0.31143272,4.980372e-06,0.0010344755,1.0,0.00025198507,3.0009632e-13,0.15334032,1.736734e-10,7.7577236e-11,1.0,7.458366e-19,4.2534797e-05
4636,0.8682806,0.05994424,0.05834876,0.099762246,0.1751028,0.08254486,0.0020563675,3.7531756e-13,0.2662358,0.046305083,1.2496979e-12,1.0,0.1839583,7.190339e-26,0.0009789766,4.882009e-07,0.00016375893,9.51208e-32,0.1025287,0.064939,3.5541027e-05,1.0,1.0,0.2971837
4637,0.09390064,0.10609732,0.16122232,2.6490063e-10,0.011417376,0.027088411,4.9408118e-24,3.006636e-39,0.10870308,0.046305083,0.98557913,8.073138e-09,0.09646739,0.00022363418,0.029465592,1.0,0.0005786182,9.209175e-05,0.053770196,2.5356237e-10,5.371768e-13,1.0,8.719405e-21,1.5717029e-05
4642,0.5804211,0.30656102,1.0,1.195885e-07,0.5079711,0.0012030458,7.710212e-05,3.006636e-39,0.06123811,0.30965918,1.0,3.651188e-13,0.07631681,0.6129598,0.00020785395,0.04894487,0.00032104147,3.089472e-05,0.0016283505,1.0552029e-09,1.9566779e-10,1.0,7.707625e-14,0.99999154
4644,1.0,1.0,0.9993537,1.0727714e-06,0.0023782935,1.0,6.962136e-16,3.9459422e-16,0.9999479,1.0,5.1272776e-15,1.0,0.1749142,3.2604305e-05,0.2703073,1.0,0.00035902348,1.0,0.9990896,4.882157e-10,1.5612527e-14,1.0,1.0,9.867779e-10
4646,1.0,0.05994424,0.007366039,0.07872975,0.15951541,0.0065879743,0.022883628,1.0,0.48325115,0.046305083,3.006636e-39,0.0021039026,0.07631681,0.00013220261,0.0021279156,5.3823834e-13,0.00019582067,4.661708e-17,0.0025632665,0.00026221533,0.04287776,4.7100733e-07,4.364887e-27,0.040170103
4648,0.6832289,0.05994424,0.00017587314,0.88953465,0.6514864,2.7776023e-10,0.023642795,0.0117547,0.026404845,0.046305083,1.0,1.4422762e-06,0.2081817,9.70346e-25,0.0020894175,2.49726e-14,0.0007279484,9.09056e-39,0.0016283505,2.681379e-09,5.819875e-10,0.00026556203,3.0133784e-11,1.0
4650,0.09390064,0.05994424,0.02625618,0.999995,0.4221894,0.10501985,0.1584589,1.0,0.2662358,0.046305083,3.006636e-39,0.0027780898,0.07631681,0.0002022993,0.0043998016,0.46470162,0.00021216879,2.3009756e-09,0.011657234,0.65615207,6.242701e-08,0.6875265,1.9267124e-30,0.21999335
4652,0.09390064,0.10609732,0.021480456,0.00048188693,0.002351937,1.0,7.035129e-23,4.515482e-21,0.050610077,0.046305083,1.0,2.754188e-11,0.17006275,3.3940446e-09,0.0034033952,1.0,0.0002721266,0.95888853,0.03344825,1.280546e-10,4.2461357e-10,0.22441904,4.9203523e-11,0.00013733681
4653,0.09390064,0.05994424,0.0048793633,0.058921833,0.15951541,5.296927e-06,0.017761031,1.0,0.52219325,0.046305083,3.006636e-39,2.0017138e-08,0.07631681,0.05734927,0.0020268692,1.7529731e-12,0.00031627432,3.5721177e-16,0.0025632665,5.1668765e-05,0.10883047,3.9832776e-11,5.144188e-29,0.99739957
4654,0.22089924,0.10609732,0.012977627,2.4108655e-07,0.0031282369,1.0,3.5368608e-25,1.0,0.11278273,0.046305083,0.9999819,6.63366e-11,0.07631681,1.7367347e-06,0.00019049013,1.0,0.0004294659,1.2188433e-12,0.035931535,3.8985104e-10,4.2987833e-15,1.0,0.6657925,6.633409e-07
4658,0.5116465,0.10609732,0.012690394,1.6181582e-08,0.04173326,0.85362023,2.145635e-22,4.5258134e-20,0.10870308,0.046305083,2.0536421e-17,4.1730424e-09,0.35768265,4.6534293e-24,0.002881511,0.99995995,0.006971886,4.9483252e-29,0.0856132,1.3406114e-10,7.396698e-15,0.99999714,7.1223555e-21,0.0011194443
4662,1.0,1.0,0.008263751,9.285254e-12,0.04100562,1.0,3.4334443e-27,3.006636e-39,0.49953517,0.046305083,1.0,3.065404e-09,0.886451,1.0112274e-24,0.12546156,0.9673162,0.00039964283,1.0,0.09933737,6.6164657e-10,5.3530347e-19,1.0,0.0016759686,9.639346e-07
4666,0.50756395,0.9754944,0.9865132,0.99963176,1.0,3.6734846e-06,0.019226326,1.0,1.0,0.046305083,3.233701e-06,3.8569333e-06,0.07631681,5.4998203e-05,0.0038618005,6.5725925e-07,0.0016738024,1.0,0.004965229,1.6199609e-09,5.442857e-07,0.20554823,9.673721e-15,0.03020644
4669,0.09390064,0.10609732,0.0038242403,2.93817e-12,0.013139184,0.9999989,4.9200215e-27,1.0,0.057161536,0.046305083,1.0,5.234865e-17,0.09646739,1.0221965e-07,0.018870728,1.0,0.00029452157,6.643897e-17,0.021866366,2.916366e-13,1.2830843e-09,1.0,2.8827992e-22,0.064006835
4670,0.09390064,0.05994424,0.012176019,0.01352198,0.44864616,0.10501985,0.1584589,0.3784997,0.2662358,0.046305083,9.141677e-32,0.0021039026,0.07631681,0.015294579,0.006130043,0.0013869064,0.00016375893,2.3009756e-09,0.011657234,0.027062848,0.004143602,0.6875265,6.0338755e-31,0.0025105642
4673,0.5689206,0.05994424,0.64018816,0.031404004,0.14227514,0.21503769,0.00018143833,1.0,0.42111132,0.046305083,2.8223897e-27,4.3255523e-06,0.3019916,7.3377484e-27,6.6559306e-07,0.00027456722,0.0006818443,9.51208e-32,0.011657234,0.010276422,2.1510102e-08,1.0,6.0338755e-31,0.00029910632
4675,0.09390064,0.05994424,0.0003456601,0.00017048723,0.44864616,0.053447388,0.019863704,0.7440644,0.33540437,0.046305083,6.349439e-21,3.6379457e-05,0.07631681,0.99603647,1.0,0.00027955213,0.00016375893,1.0,0.0019824235,0.0007234348,6.4919473e-06,6.330944e-05,6.0338755e-31,1.3045179e-05
4697,0.09390064,0.05994424,0.0005152611,0.0022212882,0.2893557,8.129916e-11,3.8719216e-05,1.0,0.48325115,0.046305083,6.0754527e-15,5.148221e-18,0.24536146,1.7607529e-06,0.046260484,3.9673432e-13,0.00019582067,1.0,0.0019824235,7.804203e-12,1.0778631e-10,3.006636e-39,1.6246673e-28,0.99979407
4699,0.9994686,0.10609732,0.029202089,5.3733745e-10,0.011417376,1.0,5.4465087e-19,1.0211869e-30,0.080249615,0.046305083,1.0,1.0776919e-07,0.07631681,1.0585401e-05,1.11369445e-05,0.99681515,0.0007012676,5.5657967e-08,0.035931535,6.442998e-10,1.1957205e-05,1.0,6.187261e-19,7.908133e-08
4703,0.09390064,0.3617455,0.049006194,0.0135862585,0.44864616,0.46914527,0.1584589,0.67264736,0.73638594,0.6736968,3.88173e-31,0.0002567182,0.1749142,0.006850636,0.0035373163,2.6264859e-06,0.00016375893,5.0532617e-10,0.011657234,0.042205118,0.0053074756,0.6875265,6.0338755e-31,0.00079328596
4711,0.7474489,0.05994424,0.010938292,5.936886e-08,0.37803516,1.0,0.0020563675,0.003553956,0.6322765,0.046305083,9.022539e-23,0.0022358096,0.2081817,2.4356838e-24,4.2256026e-08,5.532476e-05,0.0007448544,3.006636e-39,0.84902394,0.0016563517,1.1915132e-05,1.0,1.6346129e-29,9.826749e-08
4713,0.09390064,0.10609732,0.10544061,0.00044835516,0.002546604,2.251006e-10,9.900064e-23,1.0,0.9885594,0.046305083,1.29519214e-23,6.6643117e-15,0.07631681,1.1643092e-08,0.00097147847,2.2384014e-10,0.0003618775,1.0,0.021866366,3.0268661e-13,2.1164069e-11,2.9897946e-20,4.2916188e-17,0.0026599523
4719,1.0,1.0,1.0,0.29778448,0.15951541,0.00094586506,0.02534976,1.0,0.99629384,0.70992315,3.006636e-39,0.00021074757,0.1749142,0.016667385,0.0089175515,1.1588697e-16,0.00020639747,2.4844389e-09,0.024286639,2.2908255e-06,0.0005828539,0.16178094,1.2709429e-27,2.3300515e-06
4727,0.13582136,0.05994424,0.0037083218,0.99998474,0.21027285,5.61052e-07,0.99037385,1.0,0.0051233885,0.046305083,0.99999654,1.18177995e-05,0.07631681,0.0002247744,0.0009632894,0.025033992,0.0004848657,1.0,0.0016357065,0.006265329,3.3848366e-10,4.55427e-08,1.7302781e-16,0.011893731
4728,0.09390064,0.05994424,0.00017823189,0.00016500942,1.0,1.2690053e-08,0.00027500946,1.0,0.55465657,0.046305083,1.6824352e-12,4.607802e-05,0.13686801,1.9837305e-06,0.079070106,2.4711446e-06,0.00022369089,1.0,0.009629485,0.884613,8.611502e-08,0.99276406,7.7585094e-22,8.938645e-11
4729,0.13582136,0.4697083,0.15717365,9.407697e-10,0.001034246,1.0,3.3072865e-24,3.006636e-39,0.41039538,0.56473494,0.24346584,9.871017e-10,0.28920108,5.3070477e-07,0.004247823,1.0,0.0004824861,1.495052e-22,0.035931535,2.62997e-11,1.5155156e-16,1.0,0.109529644,3.5646324e-05
4732,0.7880915,0.10609732,0.0076538455,1.0907194e-08,0.32504225,1.0,7.618976e-18,6.938183e-27,0.10870308,0.046305083,0.99868745,1.3649715e-07,0.2081817,8.404512e-23,0.03223855,1.0,0.00035408983,3.825913e-22,0.035931535,7.795284e-10,2.8710838e-11,1.0,2.7678713e-21,0.045770735
4735,0.19507182,0.05994424,4.450001e-05,0.14608417,0.16564564,0.00050332193,0.019863704,1.0,0.0050841863,0.046305083,2.6237384e-14,4.2901385e-09,0.07631681,0.004067759,0.2609239,1.300296e-12,0.0010387973,1.0,0.0019824235,9.427206e-06,1.29690974e-20,1.0,1.7302781e-16,0.31936094
4736,0.7835437,0.14426152,0.026083145,0.33361316,0.000111922025,0.0010629831,1.5440833e-09,1.0,0.016999742,0.1314709,0.9998419,7.454212e-12,0.07631681,2.9137654e-12,0.67695814,0.020105561,0.0055247834,0.9999999,0.82898074,4.9258055e-08,2.9023388e-16,1.0,3.9021664e-12,0.09999173
4737,0.64900607,0.21005768,0.00030245015,4.5601283e-08,0.009406016,1.06319284e-13,3.1119849e-24,1.0,0.16205016,0.18383871,1.0,1.01631814e-10,0.07631681,9.757769e-05,0.93211424,1.0,0.0003609985,1.0,0.03359453,8.7928037e-10,3.005738e-11,1.0,1.330154e-09,8.302065e-08
4741,0.09390064,0.05994424,0.004023582,0.018233072,0.13497634,1.3712218e-08,0.10139208,1.0,0.2662358,0.046305083,3.006636e-39,0.00068078534,0.07631681,0.0002470196,0.00021094197,7.568444e-10,0.00019582067,1.5081569e-12,0.06990072,4.9343154e-08,0.0024198822,3.006636e-39,1.6246673e-28,0.00026522597
4744,0.09390064,0.05994424,0.006665615,0.02167863,0.40084127,1.0985403e-06,0.024717148,1.7739128e-06,0.2662358,0.046305083,1.1524644e-38,2.0047081e-07,0.07631681,0.0052871234,9.916863e-06,0.0013869064,0.00016375893,5.753923e-11,0.011657234,0.003664032,3.6216697e-05,1.0,6.0338755e-31,0.0005677555
4748,0.09390064,0.05994424,0.00013929045,0.98775834,0.13497634,2.4035598e-08,0.07719624,1.0,0.2662358,0.046305083,7.858117e-21,2.878164e-06,0.07631681,0.99999774,1.0,1.8585848e-16,0.00045771172,1.0,0.0019824235,2.5567713e-08,3.5202433e-05,5.2292146e-18,4.7305952e-29,4.391487e-06
4752,0.21080074,0.24483262,0.998995,0.11652116,0.18106374,9.4824165e-05,0.1584589,1.0,0.11060906,0.4205268,3.0743178e-07,0.0031847109,0.1749142,3.5459462e-07,0.0025533766,6.7304023e-12,0.0002456977,6.4857836e-17,0.054583166,0.05963908,3.0129372e-06,6.0746567e-07,2.9833796e-13,7.828331e-06
4757,0.09390064,0.10609732,5.823034e-06,2.0799272e-10,0.011417376,0.01648029,4.9557564e-26,1.0,0.14740434,0.046305083,0.005143799,5.6150085e-11,0.07631681,1.006647e-05,0.069530316,0.9998927,0.00024948787,3.601816e-09,0.035931535,5.65344e-10,1.0,1.0,1.7900041e-23,3.965734e-05
4760,0.38144296,0.10276631,0.004389714,0.009594905,0.44864616,0.10501985,0.1584589,1.0,0.1337816,0.046305083,2.1640734e-29,3.183575e-05,0.07631681,0.0029103914,6.27577e-05,0.0026694757,0.00016375893,1.9183958e-15,0.011657234,0.20146373,0.000675705,0.9826685,1.9267124e-30,0.050254837
4761,0.09390064,0.05994424,0.010754134,0.0037279553,0.44864616,0.35010326,0.1584589,1.0,0.9465139,0.046305083,6.289869e-29,1.05533915e-10,0.07631681,0.006187798,0.010576445,7.9706047e-07,0.00016375893,1.6058439e-20,0.0016283505,3.3423828e-07,6.1653243e-12,0.6875265,6.0338755e-31,2.1667478e-05
4777,0.09390064,0.10609732,0.26020345,1.2729487e-09,0.0023782935,0.026904063,3.56255e-24,1.0,0.10870308,0.046305083,1.407387e-17,1.0,0.07631681,5.6576606e-09,0.016121991,0.99586856,0.00022414413,3.306803e-07,1.0,2.2170545e-10,1.1098114e-09,0.9999429,1.0,0.85645366
4778,0.09390064,0.10609732,0.23645185,1.0382585e-10,0.0023782935,0.019391792,4.9408118e-24,0.9999987,0.10870308,0.046305083,2.227131e-08,1.0,0.07631681,1.4662376e-08,0.04902697,0.999495,0.00022600578,2.0219329e-07,0.035931535,3.9123205e-10,1.3244938e-12,0.99991286,1.0,0.0012135439
4780,1.0,0.10609732,0.00047302395,0.0025168255,0.0012570944,1.0,2.0147987e-23,1.0,0.059073094,0.046305083,0.020424262,1.221416e-10,0.07631681,5.0976996e-06,0.0037154867,0.9993709,0.00027540012,1.0,0.03261185,4.670386e-13,2.0772641e-09,2.952173e-13,0.0005068898,1.2474161e-05
4784,0.09390064,0.05994424,0.0046079205,0.041591104,0.81356883,1.0,1.0,1.0,0.2662358,0.046305083,2.906011e-35,5.0760674e-18,0.07631681,0.009642778,0.15099226,4.826722e-18,0.01963058,0.000371566,0.028777288,7.0217454e-13,0.00014357509,0.9999988,2.4422514e-32,0.006563177
4788,0.22391045,0.17572631,0.0032303254,0.00071679807,0.0022097803,0.00018750776,1.0941414e-22,0.12698105,0.10870308,0.046305083,3.7050888e-12,1.24465975e-08,0.07631681,1.9807207e-05,0.0010822265,0.11835052,0.0005230311,1.0,0.035931535,3.849442e-13,1.5427245e-11,6.439862e-22,4.2831492e-16,0.99597734
4790,0.13582136,0.05994424,0.010889846,0.9850761,0.3112647,0.015126111,0.1584589,1.0,0.0050841863,0.046305083,2.1050224e-14,0.0031847109,0.07631681,0.00012623325,0.00021303273,0.0053309253,0.00016375893,1.5939079e-18,0.011657234,0.06308077,1.585904e-08,1.09292805e-05,1.7302781e-16,0.0066980575
4795,0.13582136,0.05994424,0.9022178,0.00044258832,0.3029859,1.0,0.02285768,1.0,0.22636339,0.046305083,4.5429244e-11,9.465994e-18,0.07631681,9.029061e-07,0.00037912768,1.5782459e-15,0.000538997,1.0,0.0025632665,8.1387674e-13,1.0,1.515481e-12,2.7476976e-11,0.00852891
4796,0.09390064,0.05994424,0.028979797,0.5872316,0.118943885,7.5955395e-11,0.03304299,1.0,0.5429298,0.07390926,0.31852224,0.0006087062,0.17651649,0.0020658397,5.527591e-06,2.0311362e-11,0.0005238451,1.0,0.009629485,3.8068075e-07,0.5921796,0.99758554,8.7787854e-27,7.07503e-11
4798,0.1233277,0.10609732,0.7596699,1.7000896e-09,0.011417376,0.0035118521,3.56255e-24,1.0,0.10870308,0.046305083,1.2404643e-09,5.746178e-08,0.07631681,5.355444e-08,0.003584469,1.0,0.004992305,8.883945e-08,0.0856132,2.2170545e-10,1.0,1.0,1.3003101e-17,7.198598e-05
4799,0.09390064,0.10609732,0.014492072,0.0012052119,0.0026864838,0.22897696,2.0147987e-23,0.017358894,0.22530486,0.046305083,0.99437064,6.087516e-11,0.07631681,1.6905615e-07,0.00020958453,0.52883595,0.00024407149,1.0,0.03261185,3.881328e-13,6.4865235e-10,1.5439931e-05,1.6611707e-15,3.162617e-05
4804,0.62955636,0.32243612,4.9894443e-05,0.5259697,0.00095347816,0.99999344,0.0020563675,4.133312e-22,0.6827802,0.7178247,0.9997569,0.000376709,0.69476616,1.9915308e-23,2.9954579e-06,1.7733448e-13,0.00016375893,3.006636e-39,0.011657234,0.031996008,0.030041339,1.0,6.0338755e-31,0.00054310716
4805,0.83365464,0.10609732,0.075943016,6.6531575e-05,1.40929915e-05,0.9850515,1.02597817e-22,0.02803934,0.59643865,0.046305083,0.9999999,1.0,0.2081817,1.2545876e-22,0.03720945,1.0,0.0009895907,1.0,0.1858669,6.098202e-13,6.140541e-11,0.99732983,1.0,5.814969e-05
4806,0.09390064,0.05994424,0.9313992,0.024071638,0.41725948,1.7474506e-05,0.02285768,1.0,0.9518507,1.0,3.006636e-39,1.1394081e-14,0.07631681,5.3839125e-05,0.0005691259,3.6740197e-08,0.0004741688,1.0,0.0025632665,9.908475e-11,9.473005e-10,6.9274886e-15,4.4520273e-28,7.908276e-06
4809,0.63073653,0.10609732,0.055536218,5.477189e-05,0.000120667944,1.0,2.4042433e-23,1.0,0.28862107,0.046305083,1.0,1.0,0.43787792,1.5145925e-14,0.0029699663,1.0,0.00058092223,0.8775039,0.25857878,2.9071136e-13,4.212011e-12,1.0,1.0,3.7648844e-09
4811,0.09390064,0.05994424,0.0027227986,0.03600359,0.44864616,4.164992e-06,0.019863704,0.06607664,0.9401647,0.046305083,1.8599072e-20,5.667329e-08,0.07631681,0.0055147787,0.0037677183,0.0010678768,0.0005191683,1.0,0.0019824235,0.001502101,0.99984455,1.0,2.4422514e-32,1.4477995e-05
4815,0.09390064,0.05994424,9.561976e-05,0.057150226,0.40084127,2.3459547e-21,0.073902875,9.959752e-10,0.2662358,0.046305083,2.7956213e-13,3.4844284e-08,0.07631681,0.076111786,0.9410886,2.895426e-17,0.00028649002,1.0,0.0019824235,0.0075216256,4.1837998e-07,9.157175e-13,2.4422514e-32,0.00018033036
4820,0.2455108,0.05994424,0.023122672,0.39043579,0.1358977,1.0,0.027338367,8.3104944e-23,0.092083976,0.046305083,8.0112095e-21,4.840426e-09,0.07631681,2.7869564e-05,3.339609e-05,1.4641324e-13,0.00036660858,1.0,0.031368732,0.031185232,2.9118519e-06,2.8741864e-10,2.9833796e-13,0.9991043
4831,0.09390064,0.05994424,0.00010142478,0.9999716,0.3666133,0.20585994,1.0,0.9999999,0.2662358,0.046305083,5.8391406e-15,0.007893635,0.07631681,0.9999963,0.65173066,0.0042912406,0.010856992,1.0,0.0019824235,0.0019398957,5.565415e-08,0.00013875091,6.0338755e-31,1.0
4835,0.09390064,0.44046637,9.73058e-07,0.00012614373,0.8952569,0.10501985,0.016312161,2.0222282e-05,0.81474996,0.046305083,2.7617172e-25,2.2300801e-09,0.13686801,1.2904369e-05,3.2800745e-05,0.00026411543,0.00061809045,1.3151401e-18,0.011657234,1.3697916e-06,4.168427e-07,8.183407e-14,4.762982e-32,0.00022946952
4837,1.0,1.0,0.0082867965,0.05887352,0.4221894,0.0134120425,6.7906267e-06,1.0,0.2662358,0.046305083,1.8635505e-20,0.0013277542,1.0,0.00025709296,0.38453478,0.0006850815,0.00021216879,3.2582366e-16,0.011657234,0.027062848,6.066951e-08,0.00011996168,6.0338755e-31,2.928731e-05
4839,0.09390064,0.10609732,0.0014885063,0.00021781985,0.0022097803,0.9989188,7.454824e-23,1.0,0.10870308,0.046305083,8.593871e-10,1.529879e-10,0.13686801,2.2910479e-05,0.0060949386,1.0,0.00026209932,1.0,0.048885982,1.0350583e-12,6.526136e-10,1.0,8.873765e-20,0.00015257866
4841,0.9998915,0.10609732,5.006775e-05,0.00025366398,0.0079151215,0.99999964,1.3697344e-23,1.0,0.02636841,0.046305083,1.4234855e-13,4.2744634e-17,0.07631681,1.7328453e-07,0.12569287,1.0,0.0005652991,1.0,0.021866366,2.347701e-13,0.9999999,1.0,0.006567484,2.1569105e-07
4846,0.09390064,0.05994424,0.013337095,0.66532004,0.037699096,0.00094586506,0.015786901,1.0,0.2662358,0.046305083,1.6799187e-30,1.0,0.13686801,2.2405294e-07,0.0010438418,1.0658847e-14,0.0055399304,7.638875e-07,0.0064144097,4.3214436e-07,0.0005828539,0.15284108,1.0,0.98871744
4849,0.33739695,0.9815227,0.9999505,0.4149676,0.21393079,5.7878106e-07,0.0031138612,2.2561002e-13,1.0,0.046305083,1.0013649e-11,4.314451e-10,0.07631681,0.99907255,0.011983051,2.3205664e-13,0.00036439582,7.8743543e-28,0.054583166,0.0050942977,4.655882e-08,0.0134419445,7.951997e-12,2.869031e-05
4853,0.09390064,0.05994424,0.00575996,0.008693909,1.0,2.1146014e-09,0.0037949425,1.0,0.2662358,0.046305083,3.006636e-39,1.8316027e-07,0.07631681,0.0027860089,0.023427317,3.2089817e-13,0.0060885064,3.672876e-24,0.028777288,0.00022196425,0.04323647,0.9980757,2.4422514e-32,0.00059422135
4854,0.09390064,0.10609732,0.19989559,2.0073497e-08,0.011417376,0.9040291,1.6234285e-20,2.00709e-11,0.10870308,0.046305083,8.066076e-08,1.0776919e-07,0.07631681,0.34349427,1.0,0.9902518,0.00043440497,8.742143e-05,0.053770196,3.5275904e-10,2.140057e-10,0.9999645,3.7916712e-20,0.9999993
4857,0.15691671,0.9707072,4.4172804e-05,9.6435375e-09,0.011417376,4.91358e-15,3.56255e-24,1.0,0.21754955,0.081119955,1.5999078e-07,7.805411e-11,0.07631681,4.347815e-06,0.09065383,1.0,0.00021918798,1.0,1.0,2.9508096e-10,1.8154952e-17,0.9934012,3.573645e-08,6.046642e-08
4858,0.09390064,0.05994424,0.00028261708,0.030666666,0.39369252,0.055186775,0.019226326,1.0,0.2662358,0.046305083,2.1669505e-08,2.5881064e-10,0.07631681,0.006715701,0.03357932,1.6071839e-15,0.00019582067,1.0,0.0019824235,3.0898658e-12,0.0050605764,0.013153122,4.364887e-27,1.977054e-05
4859,0.41685665,0.10609732,1.1893343e-06,2.9116975e-09,1.0,5.2705784e-22,2.3012832e-20,1.0,0.74660295,0.046305083,0.99999905,1.6626171e-10,0.07631681,7.2696807e-06,0.11499157,1.0,0.00058960036,1.0,0.035931535,4.3530135e-09,6.81293e-17,1.0,0.007737958,0.99954504
4869,0.11815516,0.4697083,0.79433054,2.3564517e-11,0.011417376,1.859961e-08,4.9557564e-26,1.0,0.87468046,1.0,2.4025754e-11,4.5180872e-08,0.1749142,4.1517756e-05,0.20356975,0.9939711,0.00042804176,0.99999976,0.035931535,1.5855405e-09,4.270781e-09,6.620772e-05,2.018996e-19,0.0019745962
4873,0.11815516,0.10609732,0.73307693,5.1427924e-11,0.011814066,1.0,3.137432e-25,3.006636e-39,0.050610077,0.07390926,1.0,4.30857e-14,0.6070533,6.73228e-11,7.548415e-05,1.0,0.0050955475,2.7960622e-14,0.72551936,3.0131624e-13,2.5142636e-11,0.9031402,2.7678713e-21,4.869082e-06
4875,0.09390064,0.05994424,0.10887694,0.0002980951,0.44864616,0.10501985,0.9993862,0.22983234,0.5373881,0.046305083,5.3422706e-09,0.03517495,0.07631681,0.19115104,0.030386453,0.0059351893,0.000286748,9.5708563e-14,0.011657234,0.04238213,0.004143602,0.6875265,6.0338755e-31,0.16105285
4876,0.09390064,0.05994424,0.1380126,0.044604555,0.17365032,0.41686535,0.02285768,1.0,0.9528864,0.046305083,4.8427837e-34,5.081144e-06,0.07631681,0.0016010567,0.043992072,1.7068735e-09,0.0012229821,1.0,0.012423,4.23931e-08,6.9986377e-06,1.0,9.415872e-31,1.2899174e-14
4882,0.17665558,0.05994424,0.107379735,0.0024219241,0.14747928,1.0,0.1584589,2.4453906e-08,0.012750373,0.046305083,1.0,7.429606e-10,0.07631681,7.904933e-09,0.0027231392,1.0,0.00041641688,6.3582315e-23,0.054583166,0.0007234348,4.100357e-05,1.0,7.7585094e-22,1.1910108e-12
4887,0.4653587,0.10609732,0.0065511717,0.0004053189,0.10084595,0.99991333,1.6485888e-23,1.0,0.44085035,0.046305083,1.0144521e-06,2.0815986e-13,0.6452527,6.156708e-24,0.22147307,1.0,0.00024407149,1.0,0.062049855,8.2452193e-13,2.3000123e-11,1.0,2.1034671e-12,0.40463242
4888,0.09390064,0.05994424,1.5786044e-07,0.08772395,1.0,0.00010378897,0.018350748,1.4597505e-11,0.23111874,0.046305083,3.756689e-11,9.9534944e-08,0.07631681,0.0071124523,0.016726006,0.008519093,0.00020689992,9.9877536e-05,0.011657234,0.030353043,0.33644012,0.082944006,2.4422514e-32,0.000108766355
4892,0.13777927,0.05994424,0.013902615,0.99429286,0.31869254,0.10501985,0.29793566,0.2998463,0.2662358,0.046305083,3.391223e-24,1.0,0.16795658,2.5263602e-05,0.38978904,3.1266564e-13,0.00091380323,9.7036074e-14,0.011657234,0.008890784,0.00039024715,6.6175124e-07,1.0,0.42494947
4893,0.1233277,0.073677406,0.041124664,0.04674397,0.12334794,5.125685e-11,0.012890702,1.0,0.2662358,0.046305083,6.17865e-07,1.0,0.07631681,3.2775972e-08,0.56224847,7.8153e-12,0.00034834578,1.0,0.009629485,1.5409658e-11,4.6041555e-07,0.999979,1.0,3.8162233e-09
4895,0.6891803,0.05994424,0.0058805165,0.069622256,0.15951541,0.00094586506,0.027521316,1.0,0.2662358,0.046305083,4.2059523e-37,0.0051672948,0.07631681,0.0007094807,0.00070718926,4.9173387e-08,0.0034256198,5.72765e-09,0.0064144097,1.020987e-06,0.23251909,0.78075504,4.364887e-27,0.00076506956
4897,0.13777927,0.05994424,0.012176019,0.26287332,0.44864616,0.10501985,0.998836,1.0,0.33540437,0.046305083,7.457937e-27,0.00012303141,0.16795658,0.2446151,0.00067779666,0.0013869064,0.00025423418,2.3009756e-09,0.011657234,0.003664032,0.004143602,0.6875265,6.0338755e-31,0.12578437
4904,0.09390064,0.17572631,2.6831767e-06,1.7321596e-09,0.011417376,7.1976607e-09,3.8343667e-25,9.689609e-21,0.08880198,0.046305083,0.9999689,2.1506275e-09,0.07631681,2.5442844e-06,0.05097546,1.5347656e-14,0.004491933,1.0,0.7123651,9.084424e-09,3.4612168e-13,3.798456e-15,7.365932e-20,0.0011874704
4909,0.13582136,0.05994424,1.2873553e-05,7.5172466e-05,0.36194962,1.1125301e-21,8.027536e-06,1.0,0.0055692014,0.046305083,0.9996369,1.0700722e-15,0.07631681,1.1622523e-06,0.10944751,3.56264e-08,0.0003943729,1.0,0.0019824235,8.1387674e-13,0.003622701,3.2965238e-20,2.755759e-11,0.02521855
4910,0.16888583,0.10609732,0.13612643,6.366944e-07,0.0031282369,0.99965024,3.5368608e-25,1.0,0.9102523,0.046305083,0.00020942852,2.3491917e-10,0.07631681,2.894401e-06,0.92461467,1.0,0.00059640384,1.1403462e-16,0.035931535,5.3854926e-10,2.9088052e-13,1.0,0.0027307563,0.0011472764
4911,0.09390064,0.05994424,0.00014515579,0.00016370304,0.18599668,5.8654426e-10,0.083283916,1.0,0.99997044,0.046305083,3.006636e-39,2.2516248e-17,0.24814984,5.9575402e-09,0.00016379767,0.03900062,0.00037909695,4.8714108e-26,0.0025632665,2.4422998e-12,3.0554632e-09,3.006636e-39,4.7305952e-29,8.819794e-06
4912,0.3087295,0.05994424,6.791458e-05,0.022469975,0.44864616,0.00029724432,0.017988442,1.0,0.5401218,0.046305083,5.1486937e-10,3.8069965e-07,0.07631681,0.0003304248,0.012787834,0.008495524,0.00028643105,1.0,0.0019824235,1.4118712e-05,1.0,0.9997428,2.4422514e-32,0.023239186
4916,0.09390064,0.05994424,0.00073803525,0.0018461365,0.50256884,2.0073517e-21,4.3433015e-06,8.789576e-27,0.80789864,0.046305083,0.2876539,0.0004980222,0.07631681,1.1577714e-05,0.57299984,3.204183e-05,0.00046972654,1.0,0.054583166,0.003592462,7.007911e-09,1.3137112e-06,3.5630137e-23,7.472724e-14
4917,0.09390064,0.05994424,0.071807645,0.0040993704,0.40084127,1.2826937e-05,0.42576036,5.85727e-25,0.6981063,0.046305083,1.7507448e-34,0.00020222082,0.07631681,0.00937873,0.00032923964,0.023544364,0.00018116846,5.753923e-11,0.03779956,0.027062848,0.0033293606,1.0,6.0338755e-31,0.0025105642
4926,1.0,1.0,0.010106832,6.8015474e-08,6.3077678e-06,7.0317874e-05,3.4334443e-27,6.7095296e-10,0.2975373,0.046305083,1.0,1.0,0.2526216,1.3807352e-16,0.99734,1.0,0.00046159115,1.0,0.003252419,1.7735962e-08,9.83393e-16,1.0,1.0,6.0155973e-05
4928,0.09390064,0.10609732,0.047733944,0.006331588,0.0189982,3.098882e-05,1.01792355e-23,1.0,0.53057116,0.046305083,0.9995295,3.2325762e-10,0.07631681,0.0028652137,0.5669721,1.0,0.00052021793,1.0,0.49644148,1.5404378e-10,0.030475255,4.632498e-15,2.6510323e-22,6.1136336e-09
4931,0.09390064,0.05994424,0.024301665,0.01352198,0.44864616,8.478749e-09,0.1584589,0.002811968,0.37259588,0.046305083,6.4357953e-34,0.00023206181,0.07631681,0.028270237,0.9875163,1.2950637e-08,0.00016375893,6.1915906e-16,0.011657234,0.17809516,0.19572766,1.6701648e-06,6.0338755e-31,0.0025105642
4940,1.0,1.0,0.004407733,0.71935433,0.3148628,0.000406944,1.0,1.0,0.2662358,0.046305083,5.11641e-39,0.023508009,0.07631681,0.0018216937,0.0018577893,4.132257e-06,0.12329878,1.0,0.0064144097,1.9680097e-06,0.014089409,6.310903e-06,8.7206325e-29,2.9117022e-05
4941,0.09390064,0.18197545,0.0067261197,0.005715486,0.047817256,0.99992824,0.019248234,0.97038424,0.14409234,0.30965918,0.9999999,4.2588635e-13,0.07631681,0.0027414658,0.0052645016,1.0,0.0002188818,1.0,0.006572451,6.2696154e-10,0.4326668,2.6224589e-06,4.364887e-27,0.013845445
4943,0.09390064,0.10609732,0.7166211,0.0022732434,0.0024129683,0.9999995,5.975242e-22,1.0,0.8477838,0.046305083,4.0013877e-25,3.0323255e-10,0.24536146,2.776692e-07,0.06075868,4.3345907e-11,0.0005687984,0.8622253,0.15428965,6.71724e-13,0.00040177372,0.0044066873,8.3774066e-14,9.205544e-09
4944,0.3847749,0.26686266,5.270206e-06,2.4434346e-05,0.0026864838,0.9999981,1.215046e-23,1.0,0.19115993,0.046305083,1.0,1.6050428e-11,0.23711489,2.256338e-06,0.008900549,1.0,0.00039827608,1.0,0.03261185,3.365869e-11,2.1469593e-09,0.64676726,2.2724083e-20,1.2273676e-05
4945,0.09390064,0.05994424,0.15346165,0.0065061683,0.44864616,0.10501985,0.1584589,0.9805353,0.86878,0.046305083,1.45448745e-36,0.00068078534,1.0,0.015294579,0.11606235,0.0013869064,0.00016375893,2.3009756e-09,0.011657234,0.027062848,0.004143602,1.0,6.0338755e-31,0.99999917
4946,0.09390064,0.05994424,4.4419707e-07,0.024380272,0.44864616,0.00025667195,0.019863704,0.031155901,0.14409234,0.046305083,1.0,0.00041761724,0.07631681,0.015294579,0.21276379,1.0,0.00018212003,1.0,0.0019824235,0.0052210046,1.2077263e-05,1.24449e-10,6.0338755e-31,0.00041747713
4964,0.09390064,0.05994424,0.01581995,0.01352198,0.44864616,0.10501985,0.1584589,0.3784997,0.2662358,0.046305083,9.141677e-32,0.0021039026,0.07631681,0.015294579,0.006130043,0.0013869064,0.00016375893,2.3009756e-09,0.011657234,0.027062848,0.031790536,1.0,6.0338755e-31,0.0025105642
4966,0.13582136,0.10609732,0.0035960549,3.713819e-05,0.0001472494,1.0,7.5025235e-23,0.28443485,0.059802033,0.046305083,0.010965119,1.09409105e-11,0.4750505,3.8967562e-07,0.0012981051,1.0,0.00024407149,0.10145272,0.053770196,3.1970399e-12,1.5684049e-07,4.7444474e-14,4.8042443e-06,4.4515e-07
4968,0.13582136,0.10609732,0.013128307,8.938274e-05,0.012549558,0.0004934836,5.399818e-26,3.1289676e-19,0.066007785,0.046305083,1.0,1.1794662e-15,0.07631681,1.0,0.55122614,8.5757156e-13,0.00022414413,1.1628377e-23,0.021866366,2.1345718e-12,1.0,0.00046368942,0.00019822277,4.243155e-06
4971,0.36940834,0.14426152,0.004328911,0.65424913,0.08145779,0.009505258,9.5791875e-06,1.0,0.004391559,0.1314709,2.253112e-09,0.0006849268,0.07631681,4.4778117e-05,9.703478e-06,1.2345189e-16,0.000429276,0.99936694,0.2959797,1.1247462e-08,1.0,5.087827e-10,8.7913406e-11,0.020775475
4973,0.09390064,0.05994424,1.2369027e-07,0.26553097,0.18937553,0.0014625521,9.5791875e-06,1.0,0.33965018,0.046305083,0.97178936,0.0009412595,0.07631681,0.031478353,0.00048007525,4.9173387e-08,0.00019582067,2.4427297e-11,0.0016283505,1.3852639e-07,0.12991875,9.856239e-08,4.364887e-27,0.011136366
4976,0.6809598,0.05994424,0.003996537,0.06861266,0.0063871103,0.21503769,0.0020563675,0.51800245,0.2662358,0.046305083,5.1365877e-11,1.0,0.1839583,1.8567045e-26,4.5099528e-06,5.301417e-05,0.00030897695,9.51208e-32,0.011657234,0.027062848,0.004143602,1.0,1.0,0.9876645
4979,0.47408715,0.05994424,0.0102659175,0.01352198,0.5004057,0.03710878,0.1584589,2.1268452e-13,0.2662358,0.046305083,1.2961303e-32,0.0021039026,0.07631681,0.006067846,0.003939707,0.0013869064,0.00018258409,2.3009756e-09,0.0016283505,0.18826246,0.06632162,5.5507768e-05,6.0338755e-31,0.020179242
4980,0.9641183,0.17572631,0.000120415294,1.3418313e-06,0.6013953,1.2477329e-06,4.7797283e-24,3.006636e-39,0.018405683,0.046305083,0.9999999,1.4536281e-13,0.24729347,1.8818859e-23,0.037400704,1.0,0.00028643105,1.0,0.003252419,2.9657634e-09,2.416849e-09,1.0,6.3669052e-09,5.7419456e-09
4987,0.3847749,0.17572631,0.9359668,0.00023709664,0.0026864838,3.6660153e-10,3.0618e-23,1.0,0.74430996,0.046305083,4.1429655e-18,2.7883965e-08,0.07631681,1.1657374e-09,0.23485486,1.0,0.00033639316,1.0,0.7133442,3.99202e-13,1.5497258e-11,1.0,3.645774e-13,3.0174547e-08
4998,0.8914862,0.46084678,4.8541053e-05,0.0013122925,2.3325518e-05,1.7262643e-22,0.0002217335,0.98071676,0.9832856,0.8782301,1.0,3.7624532e-19,0.5168147,5.530357e-27,0.98497,0.9982545,0.0013517322,1.0,0.015654918,7.2824754e-13,2.9120685e-21,1.0,4.762982e-32,3.0926813e-06
5000,0.09390064,0.30656102,1.0,0.011798084,0.44864616,0.07700085,0.019863704,0.9999778,0.6395603,0.30965918,1.0,0.0008899244,0.07631681,0.015294579,0.65459496,0.00027955213,0.00016375893,1.0,0.0019824235,0.0317023,1.127663e-08,1.0,6.0338755e-31,0.00041747713
5001,0.48106945,0.10276631,2.5336017e-06,1.412164e-07,0.44864616,1.9228223e-06,0.00023062211,4.2554027e-05,0.938009,0.07617714,0.828209,1.05293005e-07,0.13686801,1.2095612e-05,0.015885595,1.6591221e-11,0.002581314,1.0,0.018409953,0.004177528,0.0014976982,1.0,2.4422514e-32,2.7877728e-05
5002,0.49188045,0.10609732,4.6451322e-07,0.00029203726,0.02194435,1.0,5.1850246e-23,3.4941536e-11,0.11239009,0.046305083,1.0,1.1796255e-12,0.7535424,1.132879e-25,0.0012487659,1.0,0.00039001746,1.0,0.053770196,8.486005e-11,3.411078e-14,1.0,0.99749506,1.1814972e-07
5004,0.13582136,0.05994424,0.0033814295,0.0057281004,0.071606636,0.0012014918,0.015804954,0.00031405268,0.032507814,0.046305083,7.302444e-22,1.0,1.0,2.8748445e-06,1.6562542e-07,5.3855374e-20,0.0006619324,3.8356114e-17,0.012423,4.8032658e-11,0.0017566384,5.327057e-21,1.0,2.0337968e-06
5005,0.09390064,0.05994424,0.0003753833,0.0057694456,0.7899483,0.030975172,0.0002818373,0.73620445,0.53353196,0.046305083,4.5681e-28,3.1514453e-12,0.07631681,0.0063092387,0.84782094,5.033515e-13,0.0003827868,1.0,0.0019824235,8.7553664e-10,1.819805e-05,3.4553163e-05,6.0338755e-31,0.062583126
5008,0.29453388,0.05994424,6.741335e-07,0.017099874,0.08145779,0.19862309,9.5791875e-06,1.0,0.05322728,0.046305083,0.0004904554,4.0720133e-07,0.07631681,5.1726638e-05,0.005226632,1.3021402e-08,0.004491933,1.40600735e-14,0.0064144097,3.1803916e-07,0.049727596,9.094427e-09,2.755759e-11,0.9585784
5010,0.13582136,0.10609732,0.012281087,2.734426e-09,0.0031282369,1.0,3.137432e-25,5.6401245e-11,0.29138806,0.046305083,0.0009994379,7.848773e-09,0.13686801,3.527286e-06,0.017538356,1.0,0.0003233446,3.7228858e-22,0.035931535,2.2170545e-10,3.4557498e-08,1.0,0.55479646,2.6092195e-05
5016,0.09390064,0.9866833,0.9975599,0.00043940727,0.0026595653,1.947672e-20,6.336802e-23,1.0,1.0,0.046305083,1.0,4.6883592e-14,0.09646739,0.0021388351,0.8878386,1.0,0.00031761048,1.0,0.019819437,3.0384104e-10,5.6953595e-13,2.1412476e-05,6.2134575e-05,3.8140787e-08
5017,0.13777927,0.05994424,0.00022095811,0.024380272,0.18409123,1.0,0.019863704,0.7134505,0.009931105,0.046305083,1.0,0.00041761724,0.07631681,0.0024041175,0.3869361,1.0,0.00016375893,1.0,0.0019824235,0.05658786,1.5029257e-06,3.209827e-09,6.0338755e-31,0.03579844
5024,0.17583634,0.10609732,0.003295724,1.3703636e-09,0.0031282369,0.99936813,3.5368608e-25,3.006636e-39,0.22139873,0.07617714,0.10854456,1.3456813e-10,0.07631681,2.4187561e-06,0.15244173,1.0,0.00040109752,1.0,0.93023676,2.0865351e-10,1.0,1.0,0.7967166,1.9730214e-06
5029,0.09390064,0.05994424,6.758084e-05,0.6477298,0.66333956,7.2195934e-12,0.028231157,1.0,0.9879233,0.046305083,4.4130046e-27,4.555362e-13,0.07631681,1.0,1.0,0.005281431,0.0003618775,2.2397281e-15,0.011657234,0.0010008538,6.670083e-08,4.5056263e-12,2.4422514e-32,7.597378e-08
5031,0.09390064,0.10609732,0.007430827,1.6470794e-09,0.011417376,0.9712216,3.8343667e-25,0.61245215,0.10870308,0.046305083,0.9999999,4.7868032e-11,0.07631681,0.00018893702,0.0101056155,0.9999968,0.00031629665,1.0,0.048885982,2.5611453e-06,8.4252e-12,2.3486117e-23,1.5293768e-18,4.9558428e-05
5036,0.36394623,0.32243612,0.9996045,0.0010800913,0.7357273,6.9146095e-05,0.1584589,2.022935e-08,0.9996902,0.8211754,3.006636e-39,2.4878628e-20,0.1749142,1.13803635e-05,0.004736735,1.1472219e-17,0.00020639747,2.6874766e-06,0.04244934,5.5330535e-10,1.0,1.729507e-07,2.4422514e-32,0.0004096754
5037,0.17583634,0.10609732,0.00017293988,0.0004911841,0.0002597455,3.6098396e-14,2.0649322e-23,1.0,0.09355893,0.046305083,1.2796563e-05,1.0,0.07631681,3.8115126e-11,0.10277104,1.0,0.000342502,1.0,0.035931535,3.7278484e-13,8.948181e-11,8.064226e-13,1.0,2.1101332e-05
5043,0.60267085,0.05994424,0.0009968375,0.6207285,0.3502327,3.7458773e-05,0.0020563675,1.0,0.0046493006,0.046305083,0.8234277,5.471319e-12,0.33139285,3.7944994e-24,3.5099187e-05,2.1649985e-10,0.00024566817,2.4321437e-11,0.011657234,1.3566504e-06,7.058055e-09,1.0,2.2864113e-13,0.051069863
5047,0.09390064,0.05994424,1.8037926e-07,0.010483931,0.08910864,1.0,0.018350748,1.0,0.0042371973,0.046305083,0.99831426,1.3670505e-07,0.12535077,0.0064345044,4.449689e-06,1.0,0.00035004644,1.4276141e-19,0.011657234,1.2434171e-07,4.1293065e-06,1.0,2.4422514e-32,0.9999982
5051,0.09390064,0.05994424,0.014823902,0.019434081,0.5004057,0.05084429,0.1584589,6.2332815e-22,0.49861002,0.046305083,3.006636e-39,9.709968e-06,0.31143272,0.00015994441,0.002851719,0.0005004539,0.00016375893,7.211324e-19,0.03622963,0.016482718,0.0014063028,8.4615435e-09,2.2606795e-24,8.3857265e-07
5052,0.13582136,0.05994424,1.1466656e-05,0.027108047,0.06795589,1.0607246e-15,0.07417919,1.0,0.0055692014,0.046305083,1.0,1.0709585e-11,0.07631681,2.2017686e-07,1.2399561e-06,3.5374687e-17,0.0003609985,1.0,0.0025632665,2.3864898e-11,8.1625304e-11,3.006636e-39,3.5774275e-13,0.9999963
5054,0.09390064,0.10609732,0.0019006361,1.4805699e-08,0.011417376,0.9999893,3.8343667e-25,7.324716e-27,0.52902627,0.046305083,0.99978405,2.6079675e-10,0.07631681,1.5992778e-06,0.011082785,1.0,0.00032473414,1.0,0.03261185,2.1814574e-11,1.0,0.99997795,1.120306e-22,0.0004995579
5055,0.9449439,0.10276631,0.0038829457,0.019596012,0.5243949,0.0066432212,0.1584589,7.137474e-22,0.2662358,0.046305083,1.05928755e-33,0.00025230553,0.07631681,0.009732928,2.4161709e-05,7.585611e-07,0.00039850685,1.1778874e-12,0.03779956,5.47631e-07,1.3518761e-10,6.736854e-22,4.762982e-32,0.0006732659
5056,0.09390064,0.05994424,0.0003032676,0.87410426,0.15951541,7.713059e-07,0.014313969,0.00036854626,0.2662358,0.07617714,3.006636e-39,1.6040067e-07,0.07631681,0.07088209,0.0031847612,4.2482017e-05,0.00029453138,1.0,0.024263037,1.0125539e-06,1.8431603e-05,5.109588e-15,1.7667042e-28,0.00018431139
5063,0.09390064,0.05994424,0.00018752365,0.006868245,0.31678307,1.3785277e-08,0.019226326,1.0,0.5497712,0.046305083,5.9121576e-17,6.843615e-09,0.07631681,1.0,0.029734178,5.3783926e-20,0.00033632072,1.0,0.009629485,2.925659e-07,7.374554e-05,2.7078075e-08,1.1928283e-29,7.766797e-12
5068,0.7587202,0.10276631,2.7601405e-07,0.003396567,1.0,0.004482427,0.021701224,1.0,0.0077178255,0.046305083,1.9687876e-11,0.0031847109,0.07631681,2.6317608e-08,6.396465e-05,0.29192975,0.0002773942,1.0,0.0016283505,1.902681e-07,4.2775218e-07,0.99801636,2.022421e-13,0.66068095
5073,0.09390064,0.05994424,0.01874129,0.01352198,0.44864616,0.10501985,0.1584589,0.3784997,0.37259588,0.046305083,1.3612436e-31,0.0021039026,0.07631681,0.00041574636,0.006130043,2.0773597e-05,0.00016375893,2.3009756e-09,0.011657234,0.0056700693,1.0,0.6875265,6.0338755e-31,0.02260088
5075,1.0,1.0,0.27072728,0.0036991267,0.23957808,0.9999547,0.011683816,1.0,0.99615496,0.046305083,1.6772004e-34,1.7234927e-16,0.25816047,1.0907277e-08,0.11883603,1.6826696e-05,0.0005783527,1.0,0.0025632665,7.2728636e-11,0.9999999,1.0,2.8187328e-26,3.4653453e-06
5078,0.5116465,0.10609732,0.0110541815,2.3650804e-10,0.080063574,0.99455863,3.8986717e-26,1.0,0.10870308,0.046305083,3.2965005e-07,5.746178e-08,0.1839583,3.3622824e-22,0.014199473,0.9999987,0.00020411126,2.301958e-21,0.035931535,5.117594e-08,1.4746818e-09,0.99967,6.4759475e-16,0.0011140571
5083,0.5929794,0.05994424,0.003537891,0.0004938471,0.93546754,3.689966e-17,0.075188704,1.0,0.3350658,0.046305083,0.99999225,3.9683083e-11,0.2081817,1.0066633e-23,1.2039175e-06,2.3134623e-11,0.00056617754,1.0,0.0025632665,7.1333806e-10,0.8969912,1.0,1.6570894e-29,0.0029790977
5084,0.35286087,0.17572631,0.007513351,7.502372e-05,0.0026864838,9.9360103e-11,1.4849508e-23,1.0,0.2180781,0.29050592,0.9667507,1.2396388e-09,0.07631681,6.7970185e-09,0.0051775165,1.2986897e-06,0.00030158262,1.0,1.0,1.6818771e-12,2.696519e-09,5.434289e-07,9.137467e-15,2.121585e-06
5085,1.0,1.0,0.017265717,0.0022144513,0.44864616,0.8959287,0.1584589,0.3784997,0.2662358,0.046305083,3.006636e-39,0.00010518636,0.07631681,0.0005758448,0.03093268,0.0013869064,0.00016375893,9.546806e-11,0.011657234,0.0007234348,6.242701e-08,0.97117525,6.0338755e-31,1.411439e-05
5086,0.09390064,0.05994424,0.00043347277,3.9123092e-06,0.44864616,0.084761254,0.019863704,0.00024242714,0.2662358,0.046305083,1.0184238e-17,1.8708699e-05,0.07631681,0.0018724333,0.1162321,0.00010869202,0.00048703657,1.0,0.0019824235,0.0007234348,6.8896996e-14,4.7057497e-06,4.762982e-32,1.334417e-06
5088,0.13582136,0.05994424,6.044072e-05,0.08532508,0.6500327,0.00065933086,0.019863704,3.1995452e-07,0.005091522,0.046305083,0.00018100669,1.5545746e-08,0.07631681,2.816276e-05,0.0007211953,2.8993985e-10,0.00018304498,1.0,0.0019824235,4.906096e-12,8.9788436e-13,1.0,1.0470191e-09,0.03262097
5093,0.09390064,0.10609732,0.007951147,1.2470906e-12,0.013139184,1.0,3.56255e-24,1.0,0.057161536,0.046305083,0.99999976,3.4919377e-17,0.07631681,3.7312507e-08,0.0015486431,0.00040018267,0.004491933,4.6422135e-21,0.05317309,8.14818e-13,1.818213e-16,3.135908e-09,6.256252e-20,0.00015057171
5101,0.13582136,0.05994424,0.0001272535,6.399607e-06,0.1358977,0.00036536736,0.016312161,1.0,0.0046493006,0.046305083,0.37530237,0.00083654176,0.13686801,4.0314073e-05,0.00017006979,0.012933304,0.00022417044,1.0,0.0019824235,0.009475495,1.0280225e-05,0.00013289119,1.184883e-10,0.17471805
5102,0.09390064,0.10609732,0.034920495,2.2232113e-10,0.0030422227,1.0,3.56255e-24,1.0,0.049966626,0.046305083,1.0,5.013609e-11,0.07631681,7.8475324e-07,0.2625152,1.0,0.00020411126,0.96816516,0.053770196,1.6078687e-10,2.2811716e-20,2.5438987e-06,6.187261e-19,9.21662e-06
5104,0.09390064,0.05994424,0.033241805,0.9999994,0.4221894,0.10501985,1.0726221e-06,0.001972839,0.98691225,0.046305083,2.6397938e-27,5.659298e-07,0.07631681,0.06255766,7.1499217e-06,2.5373582e-08,0.0001898146,2.3009756e-09,0.011657234,0.003664032,0.004143602,3.5876894e-14,6.0338755e-31,0.00058833114
5105,0.09390064,0.05994424,0.013607388,0.01730153,0.44864616,0.10501985,0.1584589,0.3784997,0.38976026,0.046305083,2.8964272e-12,0.000610049,0.09646739,0.08171408,0.00013297927,1.915538e-21,0.00020639747,9.7036074e-14,0.2564673,0.58079845,0.3752918,7.15158e-07,6.0338755e-31,0.0006769751
5108,0.9602195,0.17572631,0.43377942,2.15746e-09,0.050134316,0.9292334,3.4334443e-27,1.3165782e-22,0.10870308,0.046305083,5.499671e-09,5.544711e-12,0.8658876,7.3780336e-25,0.003043927,1.0,0.0019617977,1.08102e-35,0.31270435,1.7194602e-09,1.029565e-08,1.0,6.3238586e-23,0.9999993
5109,0.09390064,0.10609732,0.001281557,5.2962936e-05,0.0028853288,2.0017153e-05,1.3697344e-23,1.0,0.912291,0.046305083,5.0182033e-14,4.74657e-12,0.07631681,5.388735e-07,0.84607196,1.0,0.00033093107,1.0,0.035445064,6.481716e-13,0.040027402,1.0,0.9999596,3.395328e-08
5110,0.99501944,0.05994424,0.013981916,0.0005991837,0.574614,0.12527218,0.016312161,0.00041425606,0.2662358,0.046305083,3.6953922e-38,7.8715756e-13,0.13686801,0.000121805024,0.03614619,0.98329747,0.00020178765,1.0,0.0016283505,3.6171735e-10,1.0893398e-14,6.462751e-14,6.0338755e-31,0.76472664
5115,0.41575256,0.10609732,1.4561644e-05,3.885771e-10,0.0048259553,1.0,3.5368608e-25,1.0,0.19917011,0.046305083,1.0,7.201599e-17,0.07631681,7.50245e-07,0.03550873,1.0,0.0006436516,1.3588105e-12,0.020334642,2.8650086e-13,1.5469277e-05,0.9999999,2.8827992e-22,0.23563558
5116,0.09390064,0.05994424,9.366311e-08,0.01352198,0.66333956,0.10501985,0.1584589,1.3274349e-12,0.14585476,0.046305083,8.947424e-20,0.004325961,0.07631681,0.0007379459,0.0031737448,1.5361327e-06,0.00016375893,2.1492254e-20,0.011657234,0.004475015,0.004143602,1.2034606e-12,2.5549659e-28,0.12732333
5122,0.13582136,0.05994424,2.421622e-07,0.0045613633,0.27746564,1.304183e-06,0.00025997515,0.99090856,0.0069186734,0.046305083,8.7517174e-07,8.082644e-09,0.07631681,3.9980537e-06,0.0009654339,0.98613876,0.0005190159,1.0,0.011657234,0.27607647,5.656418e-17,9.060633e-12,1.4627228e-13,0.0018261656
5124,0.09390064,0.05994424,0.014823902,1.6112073e-08,0.4221894,0.05084429,0.1584589,1.0,0.49861002,0.046305083,5.935696e-20,1.0088853e-05,0.09646739,0.00084196136,2.0281204e-05,1.04411455e-07,0.00021017586,7.211324e-19,0.011657234,0.007200912,5.9128947e-06,1.0,6.0338755e-31,0.037249807
5126,0.09390064,0.10609732,0.020144774,5.9182974e-09,0.011417376,1.0,3.8343667e-25,0.9912009,0.10870308,0.046305083,1.0,3.0969402e-12,0.07631681,4.478707e-06,0.16842897,1.4226538e-06,0.0007121911,1.0,0.048885982,5.8294963e-10,2.4789323e-10,0.99999857,1.06238683e-19,3.7195312e-06
5132,0.60267085,0.05994424,0.0071037062,0.0019377456,0.10205762,0.04446292,0.0020563675,1.0,0.0046493006,0.046305083,0.012683268,1.6218289e-12,0.1839583,3.109647e-24,5.9799186e-07,2.8939592e-12,0.00042579303,4.489906e-10,0.011657234,3.6171735e-10,5.858455e-10,1.0,2.2864113e-13,4.5168912e-05
5134,0.09390064,0.44046637,0.3485034,0.01352198,0.44864616,0.10501985,0.1584589,0.3784997,0.99605197,0.046305083,9.141677e-32,0.0021039026,0.07631681,0.015294579,0.15099308,0.0013869064,0.00016375893,4.3978808e-08,0.011657234,0.080056444,0.0009859322,0.4900495,6.0338755e-31,0.99999917
5136,0.09390064,0.05994424,7.5657e-07,0.0016827029,0.15951541,1.0,0.019717736,1.0,0.32496375,0.046305083,3.006636e-39,1.4436296e-08,0.07631681,4.4599936e-08,0.00016295891,1.00523385e-08,0.000342502,3.006636e-39,0.0025632665,7.0738357e-09,5.9070834e-07,7.996484e-16,1.7667042e-28,0.0004985024
5142,1.0,1.0,0.0038792843,0.3433236,0.4718413,0.019740015,0.1584589,1.0,0.0046493006,0.046305083,2.1346359e-13,0.0007102973,0.07631681,0.0005551967,0.00021303273,0.010111537,0.00016375893,9.302433e-19,0.011657234,2.5708532e-06,1.3118168e-07,0.52362,2.2864113e-13,0.07722039
5147,0.09390064,0.10011661,0.07796669,0.0043588025,0.40084127,7.229608e-13,4.46444e-05,3.006636e-39,0.9600408,0.046305083,3.006636e-39,1.7349568e-05,0.07631681,0.0050716735,0.0060284203,5.280232e-13,0.000834256,1.0061357e-26,0.011657234,0.16331363,0.0037816796,1.0,2.2458944e-32,1.5734951e-05
5150,0.17665558,0.05994424,0.0081538,0.0021585855,0.72174346,1.0985403e-06,0.09830792,1.0,0.84718573,0.046305083,1.8779474e-32,5.34625e-15,0.07631681,1.0,0.00016377578,1.2347955e-05,0.00027655944,2.780091e-07,0.011657234,5.5369803e-10,3.365066e-05,1.0,8.414572e-26,0.0002710166
5154,0.09390064,0.9866833,0.9998586,0.0012178359,0.0019847022,6.122615e-14,1.0871849e-22,1.0,1.0,0.046305083,5.520111e-28,9.009878e-09,0.07631681,1.0686728e-06,0.0129716685,1.4649438e-15,0.0002829023,1.0,0.035931535,2.9354926e-12,7.210201e-10,0.9997211,1.02295646e-16,4.0954973e-07
5160,0.5529831,0.12895359,0.00017133808,3.2465214e-06,0.78077316,1.0,1.7719799e-23,1.0,0.050610077,0.046305083,1.0,1.4356431e-10,0.1839583,2.521132e-25,0.021302437,1.0,0.00040235365,1.0,1.0,9.10191e-12,1.0,1.0,8.3965515e-11,3.781089e-05
5161,0.9999994,0.63426447,0.99583274,0.087141156,0.7408189,0.6644542,0.0020563675,0.07655417,0.7269694,0.99193704,3.715858e-17,9.774595e-06,0.36645103,6.7940824e-26,0.0005086884,6.3413167e-18,0.00028198995,2.0889845e-32,0.081721306,0.0043610916,0.7581194,1.0,2.0707957e-28,3.9884895e-09
5163,0.5529831,0.05994424,0.0024570662,0.01352198,0.021882324,2.7203794e-05,0.0020563675,2.9311148e-10,0.2662358,0.046305083,6.1858175e-20,6.3781496e-05,0.1839583,2.4683326e-20,1.0,2.7511476e-06,0.00016375893,9.51208e-32,0.011657234,0.027062848,1.8803646e-06,0.1295669,6.0338755e-31,0.05983154
5172,0.13582136,0.05994424,0.0064270217,0.9393497,0.18106374,0.9998785,0.1584589,1.0,0.006455059,0.046305083,3.1996081e-12,4.8241745e-05,0.07631681,0.014107896,0.0009721756,2.3310168e-10,0.00026418368,2.9532442e-16,0.011657234,0.003664032,0.00048734585,0.52362,3.9021664e-12,0.018048743
5175,0.09390064,0.05994424,3.413048e-07,0.0046775625,0.6687028,1.0005407e-05,0.0926618,6.222419e-31,0.66000056,0.046305083,7.9232327e-19,0.0005614785,0.07631681,4.870406e-06,1.1842371e-05,3.8865716e-10,0.00016375893,8.067668e-29,0.0054273237,3.2146986e-06,1.1831045e-12,8.43125e-07,2.2458944e-32,0.0001616495
5177,0.5529831,0.10276631,0.032667678,0.005043172,0.03142486,2.1345071e-08,0.00020453265,0.85321033,0.7833289,0.046305083,2.612674e-35,3.4089308e-11,0.39448342,1.8319987e-23,0.00067388953,1.3440817e-12,0.00022095728,1.5858268e-14,0.011657234,0.0034682655,0.0021877424,1.0,2.4422514e-32,0.046568908
5178,0.2205447,0.05994424,0.013268006,9.072372e-06,0.09951226,3.6727415e-05,0.00023062211,1.0,0.09144892,0.046305083,1.8622217e-20,1.0,0.13686801,2.3319278e-06,7.8146346e-05,9.599183e-09,0.00035253723,3.3302182e-29,0.7230463,0.06596438,5.848702e-06,1.363721e-05,1.0,9.21198e-06
5179,0.19573848,0.10609732,0.0005929577,5.3549822e-09,0.0035873265,3.6111373e-16,1.0,1.0,0.10870308,0.046305083,2.5200922e-07,1.0,0.07631681,1.105415e-09,0.75962704,1.0,0.012093371,1.0,0.035931535,5.8131993e-09,1.0,1.0,1.0,0.03844227
5182,1.0,1.0,0.00811043,0.00022956623,0.5602795,0.04803421,0.1584589,0.9999957,0.2662358,0.046305083,1.4315103e-38,5.057034e-09,0.2051175,2.5573243e-05,0.22503056,0.0003200739,0.00016375893,2.3009756e-09,0.660814,0.0003654222,1.0,5.1044276e-14,6.0338755e-31,0.05014491
5184,0.4020529,0.10276631,0.59916323,0.0033004044,0.77540493,0.05084429,0.1584589,1.0,0.98202205,0.046305083,3.006636e-39,4.37228e-15,0.07631681,0.009467719,0.01950179,4.2247484e-23,0.00016375893,7.4242536e-32,0.011657234,9.81106e-11,0.00023491554,9.91834e-08,6.0338755e-31,0.25176927
5185,0.13582136,0.05994424,7.484594e-05,0.21765323,0.18106374,3.96832e-09,0.019863704,1.0,0.0050841863,0.046305083,5.6402183e-12,9.559994e-06,0.07631681,0.0001305082,0.0025638056,0.0010779261,0.00016375893,1.0,0.0019824235,0.0056342874,6.806355e-07,8.559616e-10,1.7302781e-16,0.0010733984
5187,0.19071423,0.10609732,0.34422922,2.6142224e-10,0.0041768854,1.0,1.27299994e-20,1.0,0.05422198,0.046305083,0.9979576,2.0317378e-14,0.24536146,1.8079915e-07,0.06116146,1.0,0.0014422311,1.0,0.048340347,1.0478547e-12,2.2315184e-20,2.77887e-09,2.7678713e-21,0.00978321
5188,0.09390064,0.05994424,0.008673418,0.04198247,0.44864616,0.10501985,0.1584589,1.0,0.2662358,0.046305083,2.2536796e-31,0.00018355883,0.07631681,0.0013227382,0.0013246817,5.175695e-06,0.000248451,1.467566e-06,0.011657234,0.0011142142,2.7038574e-05,0.72955346,6.0338755e-31,1.5036368e-07
5189,0.09390064,0.10609732,0.0002860051,0.00088679296,0.004083605,0.0005137493,4.543555e-23,1.0,0.03516483,0.046305083,9.156331e-18,1.039854e-10,0.07631681,5.0400024e-07,0.51972055,1.0,0.00051866524,1.0,0.016543515,7.1901946e-13,1.0777649e-09,1.0,4.672554e-08,1.0
5191,0.09390064,0.05994424,6.6652234e-07,0.4055238,0.4221894,1.0,0.0026124723,0.99993,0.20974289,0.046305083,1.5651888e-21,0.005307163,0.35193294,0.00010611188,0.0810485,0.0005004539,0.0001898146,7.370806e-32,0.03622963,0.0005939479,3.5578944e-06,0.6875265,6.0338755e-31,0.00010188018
5203,0.09390064,0.10609732,0.041736063,2.3650804e-10,0.010656175,0.9999924,3.56255e-24,0.21477842,0.17739052,0.046305083,5.5010695e-19,4.686091e-09,0.07631681,6.9590154e-05,0.061762206,1.0,0.00031477388,1.0,0.035931535,4.9304654e-09,3.890709e-18,0.29664692,3.728516e-21,0.98714465
5207,0.82614565,0.05994424,0.9430129,0.31620258,0.44864616,0.002905349,0.018350748,1.1094573e-06,0.2662358,0.046305083,1.03476946e-32,4.5840842e-08,0.07631681,0.018418118,0.010633812,1.25127755e-11,0.00024575766,1.0,0.1025287,0.003084638,0.99847084,0.172372,2.4422514e-32,0.0025105642
5208,0.09390064,0.05994424,0.052496403,0.00030106434,0.44864616,1.7319326e-08,0.019863704,1.768647e-27,0.97853935,0.046305083,8.444805e-17,1.930486e-08,0.07631681,3.5832213e-07,0.010953707,9.616657e-07,0.00024768634,1.0,0.031368732,0.4449706,2.3411725e-13,1.0,7.7585094e-22,0.00029422407
5209,0.44268602,0.10609732,2.1587655e-06,0.00036270343,0.30471548,1.0,2.4070327e-23,1.0,0.059073094,0.046305083,0.0006159416,3.117196e-12,0.711512,6.770213e-23,0.0352931,1.0,0.00024407149,1.0,0.10617509,5.6005943e-13,2.6721835e-13,1.0,0.99913895,9.3151317e-07
5219,0.09390064,0.10609732,0.020333076,0.0002776445,0.0062266695,0.998254,2.2773513e-23,1.0,0.50411487,0.046305083,1.0,1.401939e-15,0.07631681,1.0424148e-08,0.7652805,1.0,0.00055391813,1.0,0.7787162,2.4433935e-13,0.07248047,2.144197e-09,9.0657426e-10,2.0478275e-08
5220,0.13582136,0.05994424,2.0991303e-05,0.9996394,0.21103251,6.013144e-14,0.070296586,1.0,0.0055692014,0.046305083,0.03726242,0.001335731,0.07631681,5.9465212e-05,0.22380522,6.59426e-12,0.00046985399,1.0,0.0025632665,5.445162e-10,5.166211e-05,5.0704595e-24,5.4230678e-09,0.46418715
5222,0.9901956,0.10276631,0.0030715123,0.018631103,0.43418127,2.2463292e-19,7.710212e-05,4.8539514e-13,0.00534449,0.046305083,0.9999957,5.1857213e-10,0.09646739,9.6542435e-06,5.6948853e-08,4.9412466e-16,0.00040077878,3.5153135e-17,0.2564673,2.3326332e-12,2.0300037e-09,0.00079555815,5.2525614e-12,0.00047193267
5223,0.5929794,0.05994424,0.0013799414,0.0059407987,0.00012435632,1.0,0.004045827,2.7371406e-08,0.0042371973,0.046305083,1.0,2.5881741e-11,0.14812273,1.697303e-24,7.0068577e-06,1.0,0.0004604421,3.7677591e-31,0.011657234,0.00041439568,0.0007274699,1.0,2.2458944e-32,2.1454669e-07
5232,0.32711187,0.05994424,1.7282356e-06,0.0761251,1.0,0.0071410174,0.027188996,1.0,0.42906272,0.046305083,0.39542443,0.00018355883,0.07631681,0.00011411205,2.3699431e-05,4.9173387e-08,0.0002662318,0.0017738296,0.0025632665,2.0994704e-09,4.0676576e-05,0.99968743,4.364887e-27,1.2518175e-06
5233,0.50506777,0.31205264,1.0,4.905177e-09,0.009406016,1.1131089e-07,4.3330766e-23,2.482002e-37,0.21917495,0.07617714,1.933442e-05,3.074842e-10,0.07631681,9.374705e-06,0.18771648,1.0,0.00020411126,6.1122917e-13,0.12287176,2.823611e-09,4.5238254e-14,0.9999999,6.6626255e-25,0.0035992314
5237,0.09390064,0.10609732,0.07017788,0.99954456,0.00069974846,1.0,2.4042433e-23,1.1663279e-11,0.35883906,0.046305083,1.0,1.328606e-11,0.07631681,2.790621e-07,0.013401168,1.0,0.0002829023,0.00051674613,0.035931535,5.4185306e-12,1.7678942e-09,1.0,5.68158e-13,0.99918526
5238,0.09390064,0.05994424,0.006665615,0.015124875,0.40084127,1.0005407e-05,0.034891997,1.0596318e-09,0.53353196,0.046305083,3.006636e-39,1.3275715e-05,0.07631681,2.4959614e-05,0.00060987956,2.9623538e-07,0.00016375893,1.5075285e-25,0.011657234,0.003592462,1.3367733e-05,1.0,2.2458944e-32,0.0008713225
5240,1.0,0.05994424,0.012176019,0.01352198,0.44864616,8.478749e-09,0.1584589,0.22649832,0.2662358,0.046305083,6.06544e-33,0.00023206181,0.07631681,0.015294579,0.006130043,1.2950637e-08,0.00016375893,7.018026e-16,0.011657234,0.0804826,0.0009859322,1.6701648e-06,6.0338755e-31,0.0025105642
5242,0.31482157,0.10609732,0.051047213,4.9349597e-10,0.0013612729,1.0,3.56255e-24,2.3405128e-27,0.05422198,0.046305083,2.0386175e-09,1.06829e-07,0.12535077,5.0352213e-05,0.32408062,1.0,0.0014976813,3.9410162e-27,0.0856132,6.2449965e-09,1.7188124e-15,1.0,1.1720193e-18,0.00024139247
5243,0.09390064,0.05994424,0.01522754,0.002575198,0.44864616,0.9999995,0.016312161,0.9499721,0.2662358,0.046305083,3.006636e-39,0.0003914773,0.13686801,2.6573582e-05,0.006130043,0.028856378,0.00016375893,1.59802e-11,0.011657234,0.38487187,9.254495e-07,0.6875265,6.0338755e-31,0.003690026
5248,0.09390064,0.10609732,0.03804845,4.004959e-11,0.013139184,0.022277428,3.56255e-24,1.0,0.5130089,0.046305083,1.3041453e-24,8.169554e-15,0.07631681,4.0726852e-07,0.05909041,1.0,0.00020411126,3.2427342e-14,0.020334642,3.0131624e-13,1.0329131e-15,0.759775,7.1223555e-21,0.06911624
5249,0.2455108,0.05994424,2.071991e-07,0.0017270156,0.049305756,1.0,0.06762729,6.074708e-12,0.05673493,0.046305083,1.0,8.3537046e-08,0.13686801,1.5070399e-10,5.9875654e-10,0.9999999,0.0006876077,2.2347519e-12,0.0025632665,6.9870766e-05,1.0,4.2622516e-17,4.1068527e-11,0.00012535424
5251,0.11815516,0.10609732,0.009530863,0.0044772173,0.0018127873,0.00023141774,1.0884464e-22,0.99998736,0.10870308,0.046305083,5.4047916e-12,1.3106354e-14,0.07631681,2.077344e-05,0.0223136,1.0,0.0006306238,0.999969,0.021866366,2.5766422e-12,1.8294755e-10,2.659455e-33,1.6019977e-17,1.85492e-05
5252,0.09390064,0.05994424,0.0065047164,0.01352198,0.44864616,2.7473772e-07,0.1584589,0.0023215916,0.2662358,0.046305083,4.1530074e-36,1.3429759e-06,0.07631681,0.015294579,0.15143465,1.2950637e-08,0.00016375893,7.018026e-16,0.0016283505,0.017627355,0.004143602,1.0538025e-06,6.0338755e-31,0.96696734
5256,0.09390064,0.10609732,0.097482905,3.4505452e-09,0.011417376,0.7387542,5.333873e-27,0.9991026,0.6103689,0.046305083,0.9999999,5.927057e-11,0.07631681,1.1724246e-05,0.5536882,0.99999964,0.00037492247,1.0,0.03261185,1.1685402e-09,7.3898434e-08,8.869609e-11,1.0755839e-24,7.957654e-07
5258,1.0,1.0,0.013792667,9.5263745e-12,0.015364187,1.0,3.8343667e-25,5.678791e-26,0.67524403,0.046305083,1.0,4.686091e-09,0.07631681,1.7139871e-07,0.4407392,1.0,0.00020411126,1.0,0.03261185,1.8912072e-10,1.4159886e-15,4.5932785e-10,1.175358e-20,6.016506e-10
5276,0.09390064,0.05994424,0.00051666144,0.9999999,0.12133858,1.5244888e-12,0.011513319,0.3696033,0.94459105,0.046305083,1.0,1.0,0.15373386,6.659068e-07,0.098876335,0.0016433812,0.0004461667,1.0,0.0019824235,0.00015415598,0.5533524,5.1379664e-12,1.0,6.73414e-06
5280,0.13582136,0.32243612,0.13646503,0.06422335,0.20702624,0.010569163,0.00023062211,1.0,0.05560296,0.6272927,2.3039154e-15,1.1231873e-12,1.0,8.1944796e-07,0.00054743467,5.8752727e-07,0.00019444495,1.0,0.011657234,1.3040236e-09,7.994979e-11,0.96726424,3.9021664e-12,0.0018870161
5287,0.2455108,0.05994424,0.083697096,4.0323648e-05,0.18106374,0.043020368,0.1584589,0.9999989,0.049661662,0.046305083,5.4777003e-05,0.0073649683,0.07631681,4.1818254e-07,9.617358e-06,0.006589088,0.0004308778,2.169874e-16,0.03779956,0.027062848,1.6140469e-06,0.9715827,2.2864113e-13,0.06777626
5291,0.25916305,0.10609732,4.4910404e-08,0.0039715944,0.0026864838,4.0643568e-16,2.0147987e-23,2.93969e-06,0.054282483,0.046305083,0.80830896,1.7559506e-09,0.07631681,1.2381846e-05,0.09463733,1.0,0.00030339282,1.0,0.03261185,3.795498e-13,2.0932906e-11,0.0031609326,0.00029262505,0.0046476726
5293,0.09390064,0.10609732,0.0005364643,5.086594e-10,0.004632387,1.0,7.5765035e-21,1.0,0.07374902,0.046305083,1.0,5.3969445e-15,0.07631681,0.00015224672,0.8969436,1.0,0.0002760589,1.0,0.021866366,6.19992e-13,1.4922329e-20,1.0,1.02727434e-07,0.00067846064
5295,0.09390064,0.05994424,0.0058805165,0.037142105,0.15951541,4.7182525e-09,0.027521316,1.0,0.2662358,0.046305083,4.2059523e-37,0.0021039026,0.07631681,0.00065020623,0.00031503267,4.9173387e-08,0.0034256198,8.52058e-08,0.0064144097,3.8068075e-07,0.00011347617,0.43055728,4.364887e-27,0.0010677578
5299,0.09390064,0.05994424,0.040729657,0.052769873,0.14560603,2.60542e-05,0.017761031,1.0,0.80295813,0.046305083,7.533292e-39,1.4786213e-10,0.07631681,0.043566808,0.09789039,3.9212143e-08,0.0015794339,2.830529e-09,0.0025632665,6.527568e-10,4.7362423e-08,1.4834382e-13,1.9273452e-22,2.57557e-05
5301,0.09390064,0.32243612,0.6725438,0.031404004,0.7161611,1.0,0.1584589,0.122994244,0.8205771,0.7178247,3.5909917e-35,0.0021039026,0.1749142,0.007842105,0.031023858,0.00093048054,0.00091380323,5.0532617e-10,0.011657234,0.00015344558,0.00034835574,3.3525263e-05,6.0338755e-31,0.00058053393
5305,0.09390064,0.05994424,0.001623385,0.03187286,0.3043471,2.8178018e-08,0.07719624,1.0,0.71087307,0.046305083,1.5440908e-18,1.0183001e-12,0.07631681,0.011810193,0.8432887,1.6071839e-15,0.00019582067,1.0,0.0019824235,2.645871e-10,0.004056954,3.006636e-39,1.6246673e-28,8.680877e-05
5311,0.09390064,0.05994424,0.06263023,0.0034459583,0.44864616,0.10501985,0.1584589,0.040540032,0.60852975,0.046305083,9.141677e-32,0.00043791198,0.07631681,0.015294579,0.05162733,2.6264859e-06,0.00016375893,2.3009756e-09,0.011657234,0.042205118,0.004143602,1.0,6.0338755e-31,0.019452801
5315,1.0,1.0,0.9978503,1.4226219e-10,0.07507216,1.0,3.4334443e-27,1.0,1.0,0.046305083,0.99999976,4.3274204e-11,0.33536997,1.8677242e-24,0.4961021,1.0,0.00028913742,0.0016638791,0.03359453,1.4409605e-09,3.280283e-25,1.0,2.980995e-14,0.99999976
5319,0.09390064,0.9754944,0.9996908,0.012417334,1.0,2.1951678e-08,0.9999963,1.0,1.0,0.046305083,6.1795635e-29,3.3122498e-12,0.07631681,0.012554198,6.976318e-05,8.978004e-13,0.00025064658,0.37588277,0.0025632665,2.999726e-10,0.0012014861,3.457051e-18,4.7305952e-29,0.0017686135
5320,0.09390064,0.05994424,0.08102845,0.46116632,1.0,1.0,0.99903595,0.005749595,0.0042371973,0.046305083,0.9974891,0.001367551,0.07631681,0.01695866,0.0003191421,1.0,0.008478851,3.006636e-39,0.028777288,0.0007234348,1.2297822e-06,0.9998779,4.762982e-32,9.171185e-06
5330,0.13582136,0.10609732,0.04014695,3.9786632e-10,0.0031282369,1.0,3.56255e-24,1.0,0.15341066,0.046305083,0.19625801,6.3804934e-10,0.07631681,4.1974698e-05,0.0316508,0.73673487,0.00020411126,1.4994438e-07,0.035931535,2.2170545e-10,1.636256e-11,1.0,5.9920127e-09,5.0411313e-06
5334,0.09390064,0.23985733,0.3237796,0.01352198,0.44864616,0.10501985,0.1584589,0.07912487,0.6344178,0.83177507,9.141677e-32,0.0021039026,0.1749142,0.015294579,0.006130043,0.0013869064,0.00016375893,5.0532617e-10,0.04244934,0.027062848,0.004143602,0.6875265,6.0338755e-31,0.0025105642
5341,0.17665558,0.05994424,0.00012951333,0.988203,0.40084127,6.1864e-15,0.010872191,0.1291938,0.2662358,0.07617714,1.0,0.0017432442,0.07631681,0.00047411615,0.536905,8.116656e-07,0.0011367324,1.0,0.0074105235,0.00014794749,7.052298e-08,1.6070231e-07,8.414572e-26,6.4334495e-07
5342,0.13582136,0.10609732,0.06929907,3.91622e-09,0.0031282369,0.99998367,1.3854893e-23,1.0,0.056746874,0.046305083,0.99897873,4.2254168e-08,0.07631681,0.00011011109,0.02844585,2.0878886e-10,0.00020411126,2.380171e-07,0.035931535,4.576069e-10,6.199362e-10,0.9996099,9.096355e-16,2.6216352e-08
5343,0.09390064,0.05994424,0.0018720119,0.3905929,0.31678307,0.0009647277,0.020670947,9.547448e-25,0.16469246,0.046305083,3.006636e-39,4.9496236e-08,0.07631681,8.3987925e-06,1.1786598e-05,1.4528222e-12,0.0015819866,6.9191155e-30,1.0,1.5661428e-08,4.6745843e-09,1.6047335e-11,8.994008e-25,1.0195429e-05
5345,0.09390064,0.10609732,2.7590063e-06,5.904617e-10,0.009406016,1.5684567e-08,6.889927e-24,2.158186e-11,0.12662445,0.046305083,0.9936347,8.37597e-10,0.38424185,1.7417885e-06,0.011640962,1.0,0.00020411126,1.0,0.03261185,1.7926878e-10,7.104649e-10,1.4117022e-13,2.6510323e-22,4.960279e-10
5346,0.09390064,0.05994424,0.040051665,0.38348362,0.13497634,1.5629766e-08,4.3314867e-05,1.0,0.8498437,0.046305083,3.006636e-39,3.5671424e-06,0.07631681,0.00013519038,0.014178616,5.3875097e-20,0.00066260964,8.237532e-28,0.0025632665,1.4828866e-07,1.0,3.006636e-39,1.6246673e-28,0.007208809
5347,0.09390064,0.10609732,0.019346923,2.417687e-10,0.012134845,2.0047253e-07,3.137432e-25,1.0,0.10870308,0.046305083,5.9348928e-12,3.9967036e-14,0.13686801,2.0053697e-07,0.0068718405,2.345009e-07,0.00020411126,1.740319e-17,0.021866366,2.6559134e-13,1.521776e-11,1.0,4.2186416e-17,0.0010558261
5348,0.09390064,0.05994424,0.00014067045,0.33073562,0.44864616,1.5970985e-09,0.019863704,0.7595978,0.42129767,0.046305083,4.4142783e-22,6.8531995e-07,0.07631681,0.00043577445,0.059919216,3.132669e-06,0.00020689992,1.0,0.0019824235,0.00015888448,1.0,0.89701587,2.4422514e-32,0.029853381
5352,0.09390064,0.05994424,0.009874848,0.087141156,0.44864616,0.39868677,0.1584589,1.0,0.52219325,0.046305083,5.4514498e-36,1.4226582e-05,0.07631681,0.18111235,0.00067779666,3.2730364e-12,0.0002912323,4.645384e-10,0.011657234,0.00011010416,0.19327232,0.6875265,6.0338755e-31,0.2793259
5355,0.60607076,0.05994424,0.26457223,0.050281838,0.44864616,0.4814541,0.1584589,0.8186501,0.49861002,0.046305083,3.006636e-39,2.70193e-09,0.07631681,1.0,0.0016437403,2.4742552e-18,0.00016375893,7.011329e-33,0.011657234,0.00132288,1.0,1.0,2.5549659e-28,0.029858144
5370,0.13582136,0.05994424,0.0067720083,0.96947205,0.18106374,0.00043954243,0.1584589,1.0,0.0046493006,0.046305083,2.3773532e-07,0.0014256537,0.07631681,0.7646789,1.0,0.07838129,0.00016375893,2.6557868e-13,0.53463566,1.29810305e-05,1.5471638e-09,0.7296709,3.9021664e-12,0.15049908
5373,0.13582136,0.05994424,0.00017556151,0.0005249843,0.13888407,0.9966897,0.02123848,1.0,0.107089855,0.046305083,0.06356823,1.0083447e-08,0.07631681,0.99793625,1.0,0.011786443,0.00045894066,1.0,0.0019824235,3.7411603e-06,2.1052324e-09,3.9774527e-06,1.0913432e-09,0.0027029314
5374,0.17665558,0.05994424,0.014785262,0.000116774725,0.4106465,2.6569401e-18,0.013151709,1.0,0.89613646,0.046305083,1.0133629e-24,1.3135946e-20,0.07631681,3.0309115e-05,0.004196694,2.8843294e-10,0.00046560768,1.0,0.0025632665,1.1421792e-12,2.7203352e-08,8.373014e-10,1.1408924e-27,0.26807776
5383,0.09390064,0.05994424,7.37102e-07,0.0057710926,0.6983857,1.6626066e-07,0.046730883,3.66536e-39,0.14585476,0.046305083,0.5941395,5.867467e-14,0.09646739,0.00024416597,0.00017715243,9.044489e-16,0.00023923571,3.6127146e-20,0.011657234,9.712023e-12,3.4262387e-10,1.0,2.2458944e-32,2.0505438e-06
5387,0.09390064,0.05994424,0.008645629,0.054308385,0.13497634,1.3416258e-08,0.09076339,1.0,0.2662358,0.046305083,1.472486e-36,0.013243095,0.07631681,0.012879803,0.0005298205,4.9173387e-08,0.00019582067,1.5774809e-12,0.0025632665,5.601377e-08,0.0009291548,7.9598444e-30,1.6246673e-28,0.9999547
5390,0.15750547,0.05994424,0.0031272988,0.027757738,0.44864616,0.5094857,0.018350748,1.1624782e-16,0.86026293,0.046305083,3.006636e-39,1.084148e-09,0.07631681,0.00010999974,0.000104969324,0.0005218228,0.00039897967,4.313155e-08,0.4551362,1.23130085e-05,1.3641767e-06,2.8939273e-11,2.4422514e-32,0.20019428
5392,0.13582136,0.10609732,0.0007634189,1.0091916e-11,0.0039625447,0.99999976,2.7445264e-24,1.0,0.057161536,0.046305083,1.0,2.664933e-11,0.07631681,1.0,0.9761367,1.0,0.00029457547,1.0,0.035931535,4.2603973e-10,1.278263e-08,0.9784104,0.5976477,0.0013476375
5393,0.09390064,0.05994424,0.0001168576,0.032214742,0.1438104,3.676459e-12,8.299053e-06,1.0,0.2662358,0.046305083,0.99999344,1.0,0.07631681,0.0020215625,0.99585503,0.0013869064,0.00027054542,1.0,0.009629485,0.027062848,2.2323347e-05,2.2763937e-10,1.0,7.843703e-06
5394,0.09390064,0.05994424,0.012176019,0.027899021,0.7319197,0.10501985,0.1584589,0.02100776,0.2662358,0.046305083,2.3024697e-34,8.654173e-06,0.07631681,0.0054249465,0.036945645,6.059792e-08,0.00016375893,2.3009756e-09,0.011657234,0.042205118,0.004143602,0.6875265,6.0338755e-31,0.9984597
5401,0.6540162,0.05994424,0.012176019,0.0012210069,0.44864616,1.0,0.1584589,0.3784997,0.13688383,0.046305083,2.4521406e-11,0.00013061053,0.16950274,8.6836924e-05,1.219402e-07,0.044492144,0.00017983206,2.3009756e-09,0.011657234,0.054208104,0.004143602,0.99802494,6.0338755e-31,5.142457e-07
5408,0.16702566,0.05994424,0.00016178319,0.07414864,0.118943885,2.0491275e-09,0.019248234,1.0,0.4941278,0.046305083,0.99917245,0.0021039026,0.07631681,0.0002190242,0.08271825,4.089521e-12,0.00030192494,1.0,0.22139429,3.8068075e-07,2.890316e-06,0.99719954,8.7787854e-27,1.6771441e-10
5409,0.45235574,0.05994424,0.6928,0.00021219952,0.4900189,0.10501985,7.710212e-05,1.0,0.9893658,0.046305083,2.2515021e-19,2.0228701e-15,0.07631681,0.08291402,0.23866563,3.9436118e-15,0.00020639747,1.259242e-09,0.2564673,2.1117083e-08,6.386141e-05,1.0,6.0338755e-31,0.9979842
5410,1.0,1.0,0.9999951,0.012436639,0.1576788,0.99998176,8.438272e-07,4.0206687e-09,0.009934158,1.0,1.0,0.04291698,0.5632477,9.4336665e-24,0.007553512,2.0562332e-07,0.00023666098,4.2715737e-07,0.04244934,0.027062848,8.745408e-09,1.0,3.9468012e-12,0.70519704
5413,0.13582136,0.05994424,3.2931912e-05,0.20973967,0.1358977,3.0439004e-08,7.501223e-06,3.006636e-39,0.4700105,0.07617714,0.9979266,1.5849082e-07,0.07631681,1.760634e-07,0.3175971,2.6035238e-14,0.0005654136,1.0,0.0060928767,0.027062848,1.9674303e-13,4.2354016e-29,8.210917e-12,0.99814177
5415,0.4411844,0.10609732,0.00020402117,2.8805314e-07,0.988189,1.0,2.821179e-23,1.0,0.014953953,0.046305083,1.0,1.502328e-13,0.2081817,1.2167363e-20,0.91183454,1.0,0.0005064602,0.0017640438,0.24117804,2.4275582e-09,2.7190904e-07,1.0,6.3669052e-09,1.4514472e-10
5416,0.09390064,0.05994424,2.757173e-07,0.01352198,0.44864616,8.478749e-09,7.710212e-05,1.0,0.14585476,0.046305083,0.03610267,3.900726e-05,0.12317237,0.00033892723,4.530549e-05,2.7812202e-08,0.0007476185,2.3328196e-20,1.0,0.0005929402,5.3162696e-09,1.6701648e-06,4.762982e-32,7.562272e-09
5420,0.13582136,0.05994424,2.2352663e-07,0.00020781017,0.2478834,5.401597e-16,0.019248234,1.0,0.0046493006,0.046305083,0.22191766,1.8288358e-15,0.07631681,4.4606065e-08,0.012873111,2.5866145e-06,0.0005792122,1.0,0.018962827,8.1746746e-13,1.0,7.892223e-34,6.936043e-11,0.0059025995
5423,0.13582136,0.10609732,2.046748e-05,9.311857e-05,0.0035686821,1.0,4.318946e-25,1.0,0.2829745,0.046305083,0.99985206,4.5799087e-11,0.07631681,6.058844e-08,0.50977325,2.4701415e-12,0.0003609985,1.3847123e-12,0.035931535,2.4931007e-10,1.6450509e-05,1.0,2.0813143e-08,4.1380954e-05
5429,0.09390064,0.99819475,1.0,0.0005936906,0.002204041,0.9693852,1.6485888e-23,2.1648235e-30,1.0,0.73569775,1.27134796e-23,3.9407457e-12,0.28920108,1.2897017e-09,0.026069667,1.0,0.00030158262,1.0,0.14298524,1.4545135e-12,1.0167505e-10,0.78536576,2.3747733e-16,1.2630895e-05
5432,0.09390064,0.10609732,0.99973553,1.7580866e-06,0.008148275,0.0015242514,3.56255e-24,1.4090586e-12,0.68608224,0.046305083,1.069079e-18,2.817569e-09,0.07631681,0.00010897721,0.09679384,1.0,0.00020411126,1.3036209e-06,0.71985793,8.154819e-09,4.869484e-09,0.9999999,4.164765e-20,0.0065819784
5433,0.09390064,0.05994424,0.00012869247,0.98816246,0.4221894,4.6026486e-08,0.016312161,1.0,0.42129767,0.046305083,3.5495145e-31,1.4599775e-07,0.13686801,0.000802742,0.02506906,0.068334274,0.00078578875,1.0,0.0019824235,0.000421602,0.9997749,1.0,2.4422514e-32,0.0015345007
5435,0.3929468,0.17739674,1.3210798e-06,0.007361326,0.49662098,0.044023886,0.1584589,1.0,0.005941072,0.081119955,0.00095717865,2.2918386e-13,0.07631681,6.945081e-07,0.00038240693,2.5513746e-11,0.00016375893,7.145735e-13,0.7081161,4.1784565e-10,5.5626445e-12,1.0,3.106166e-10,0.017385257
5439,0.09390064,0.05994424,0.054463815,0.20816419,0.15951541,0.08215949,0.024464212,1.0,0.2662358,0.046305083,3.006636e-39,3.3315544e-09,0.07631681,0.018494124,0.00037522498,2.155069e-06,0.00020689992,0.32632715,0.0025632665,5.191177e-09,0.0001204633,1.5423559e-12,1.7667042e-28,0.00029636032
5442,0.09390064,0.05994424,0.009503977,0.99884796,0.40084127,1.0985403e-06,0.84398675,0.00010032206,0.2662358,0.046305083,5.263648e-29,0.002798564,0.09646739,0.0815799,0.0011717126,0.00018481363,0.0002867491,1.8252528e-12,0.011657234,0.0011746667,1.0626536e-13,1.4158301e-10,2.2458944e-32,3.6926306e-07
5443,0.5529831,0.05994424,0.0023366218,0.24256355,0.049847957,0.00011959493,0.015786901,1.0,0.37259588,0.046305083,7.7234763e-25,1.3969578e-08,0.84053683,1.1649024e-23,0.0001397176,0.9826943,0.00055802765,1.1745655e-11,0.008123963,2.2911758e-08,0.00033726197,0.999995,2.4005309e-31,0.0005541431
5445,0.09390064,0.05994424,0.0045098914,0.12240291,0.40084127,2.5873867e-09,0.010037077,3.4454322e-22,0.2662358,0.046305083,7.856643e-15,1.7339357e-08,0.09646739,1.1000019e-05,0.0002753689,0.18310128,0.00031613928,3.181226e-26,0.7356028,0.04592829,1.0,3.9495362e-11,8.414572e-26,1.8373934e-05
5448,0.09390064,0.05994424,0.004389714,0.07263324,1.0,1.0,0.1584589,0.33850858,0.1337816,0.046305083,3.006636e-39,0.0005614785,0.07631681,0.019329343,0.012238728,0.0109870415,0.00016375893,2.1617011e-14,0.011657234,0.03718611,0.000252966,0.96260947,6.0338755e-31,0.00079328596
5449,0.24505165,0.05994424,0.005058719,0.032420818,0.13497634,8.061723e-12,0.10345742,1.0,0.53897464,0.046305083,3.006636e-39,1.524089e-10,0.12036289,3.8301656e-05,0.02011267,1.3166799e-09,0.00034596687,3.8468072e-24,0.012423,1.3731264e-07,2.961928e-05,1.0215438e-18,4.4398774e-31,5.964535e-08
5450,0.17665558,0.05994424,0.0029963895,0.00025142304,0.7821839,0.46465963,0.0002818373,4.223402e-27,0.53353196,0.046305083,1.0654286e-23,7.450018e-12,0.07631681,3.7828744e-05,0.99242085,7.644346e-22,0.0006804577,1.0,0.0019824235,1.2559359e-10,4.2190404e-11,1.0,6.0338755e-31,0.10090901
5463,0.09390064,0.9866833,0.7688532,1.839423e-10,0.011417376,0.03994485,3.56255e-24,4.5737772e-05,1.0,0.046305083,0.0097663365,1.4282682e-11,0.07631681,2.1357271e-05,0.0075617917,1.0,0.00021918798,8.563352e-22,0.035931535,5.351936e-10,1.4746818e-09,0.9999999,7.1223555e-21,0.005625675
5468,0.09390064,0.05994424,0.08165173,0.03228603,0.39369252,0.0007707323,0.017781299,1.0,0.34755713,0.046305083,1.3420238e-21,2.3405257e-16,0.07631681,0.0003659563,3.7014734e-06,9.623262e-22,0.00029318017,2.3939399e-14,0.0025632665,2.5804823e-09,5.0095196e-06,5.5906837e-19,1.7667042e-28,0.00013548126
5469,0.09390064,0.10609732,0.027411599,3.2495344e-09,0.011417376,0.9040291,3.56255e-24,1.0,0.10870308,0.046305083,5.272348e-11,4.9840385e-09,0.24536146,1.4308969e-05,0.0050340733,0.9095964,0.00029457547,7.7545876e-05,0.035931535,3.031373e-09,9.3576355e-06,0.99991286,3.7916712e-20,0.0006262986
5472,0.48129433,0.10609732,0.0054655094,0.00054129143,0.0026864838,0.9938041,1.8606282e-23,0.9981554,0.2644427,0.046305083,4.4032752e-24,9.799722e-12,0.07631681,4.011923e-07,0.00062586577,1.0,0.0012400575,0.9999974,0.035931535,3.570127e-13,2.5624037e-13,1.0,1.7537621e-16,0.16443422
5475,0.13582136,0.05994424,0.042579442,0.5299859,0.07375759,0.0110758785,0.02285768,1.1766064e-06,0.06802101,0.046305083,3.156367e-30,0.0014225941,0.07631681,1.0,0.00085982593,0.02147784,0.00051043305,6.3904657e-18,0.08372091,8.491139e-07,1.4402146e-06,1.3327222e-08,5.905375e-09,0.004458622
5476,0.09390064,0.05994424,0.036057945,0.0025217468,0.6653214,0.10501985,0.1584589,0.3784997,0.2662358,0.046305083,1.008366e-15,0.00055588724,0.09646739,0.0027680604,0.00013380683,1.2347955e-05,0.0002096101,2.3009756e-09,0.011657234,0.00015344558,0.027553845,0.24799511,6.0338755e-31,0.05263388
5482,0.13582136,0.05994424,3.4999422e-07,0.07405061,0.08145779,0.004315729,0.025539387,1.0,0.004391559,0.046305083,0.9999826,6.225652e-05,0.07631681,0.0021723032,1.0222585e-06,6.587841e-18,0.00027753145,5.6940434e-25,0.0025632665,1.0809033e-07,0.08813741,6.386591e-18,8.7913406e-11,0.017506203
5486,0.47794598,0.09818575,4.9893956e-08,0.012116328,0.1300399,1.7776421e-06,0.02237084,0.99999976,0.16469246,0.046305083,0.0018594691,1.781094e-09,0.07631681,0.16226462,1.0,1.5823317e-13,0.000953099,1.0,0.0019824235,2.5767552e-12,9.89073e-10,1.8614966e-07,2.2318374e-24,0.00021235658
5490,0.13582136,0.10609732,0.2142621,6.5797146e-11,0.0031282369,1.0,3.56255e-24,3.006636e-39,0.80244803,0.046305083,0.002840437,7.552585e-09,0.35600263,1.0,0.7465147,1.0,0.00022600578,1.0,0.108042054,7.923692e-10,3.195137e-20,1.0,0.9467426,8.962941e-06
5495,0.13582136,0.32243612,0.0001527695,3.3624616e-05,0.34608096,5.6600125e-28,0.06413357,1.0,0.6915515,0.6745029,4.991086e-05,1.3054007e-15,0.13686801,4.3763585e-08,8.0692305e-05,3.4052168e-06,0.000342502,4.3330545e-18,0.0016283505,3.0025707e-10,2.9296465e-09,4.4777983e-35,2.3230796e-11,0.015774261
5498,0.09390064,0.10609732,4.0346745e-06,3.7918785e-10,0.011417376,0.99930227,5.333873e-27,0.004367832,0.14740434,0.046305083,1.0,4.2194934e-10,0.07631681,7.4026934e-07,0.016952977,1.0,0.00020411126,1.0,0.03261185,2.4811084e-10,3.2591807e-09,0.1072816,1.7441267e-14,0.00047204204
5510,0.09390064,0.05994424,0.0050273407,0.76607084,0.14560603,0.00094586506,0.02285768,1.0,0.2662358,0.046305083,4.2059523e-37,0.03102949,0.07631681,0.031478353,6.8204434e-05,2.5951687e-11,0.00028214406,0.99321437,0.0025632665,4.3214436e-07,0.00121814,7.389688e-08,4.364887e-27,0.0092194555
5513,0.09390064,0.05994424,0.0023323514,0.0054282253,0.5004057,0.03500195,0.018350748,0.00080660504,0.1337816,0.046305083,4.9948447e-37,7.8598094e-07,0.07631681,0.00878431,7.9849684e-07,8.662732e-09,0.00031389642,0.9941445,0.24412547,0.00037998127,0.03475428,2.0807582e-05,2.4422514e-32,0.00018319496
5525,0.09390064,0.05994424,3.278692e-07,6.307509e-05,0.13497634,3.9528737e-07,4.0716237e-05,0.99968874,0.9056408,0.046305083,1.0,4.650938e-05,0.09646739,2.9137163e-07,0.0016819966,2.0322884e-10,0.0006085821,1.0,0.0019824235,2.5202116e-08,0.00027805322,3.006636e-39,6.0870295e-22,3.5856733e-09
5530,0.09390064,0.05994424,0.01475308,0.01352198,0.44864616,8.478749e-09,0.1584589,0.22649832,0.2662358,0.046305083,3.006636e-39,6.184634e-05,0.07631681,0.015294579,0.0006004912,1.7236798e-09,0.00016375893,5.816913e-21,0.011657234,0.2140478,1.2750579e-07,1.6701648e-06,6.0338755e-31,0.0016368227
5534,0.13582136,0.10609732,1.12056874e-07,9.020234e-05,0.0012446726,2.3782044e-20,9.962688e-23,1.0,0.08507436,0.046305083,1.0,7.5889295e-13,0.07631681,1.0,0.05197708,1.0,0.001399441,1.0,0.1858669,2.4975754e-13,2.8622855e-15,2.1747095e-05,1.0,4.8752852e-08
5535,0.09390064,0.05994424,0.012176019,0.3074858,0.44864616,0.10501985,0.99903595,0.3784997,0.2662358,0.046305083,4.9320436e-36,0.2882341,0.16795658,0.66169316,0.10470154,0.0013869064,0.00038398505,2.3009756e-09,0.011657234,0.17492163,0.0001217544,0.6875265,6.0338755e-31,0.08577701
5536,0.09390064,0.10609732,0.016581208,8.752169e-12,0.011417376,8.002519e-10,3.137432e-25,0.78882426,0.16755563,0.046305083,2.9076958e-28,4.9840385e-09,0.5313401,7.9675186e-07,0.063653365,0.017966488,0.00020411126,1.5220167e-30,0.035931535,1.0353541e-09,2.5068868e-13,3.9568695e-09,3.1519703e-18,0.00061043055
5539,1.0,0.05994424,0.09623233,0.007816055,0.38579243,2.0264424e-05,0.011683816,1.0,0.34321278,0.07390926,3.006636e-39,3.0672095e-10,0.32564408,3.340792e-10,0.0006225876,2.7553502e-14,0.00037247094,1.0,0.08372091,3.512732e-10,4.414299e-13,7.898925e-15,1.668011e-21,0.16150697
5540,0.86443305,0.05994424,6.4066074e-07,0.0012210069,0.028568788,1.0,3.4181674e-05,1.2559675e-28,0.13688383,0.046305083,1.0,2.6339096e-05,0.35768265,5.7898e-26,1.041717e-08,0.5500123,0.0003506254,3.8292586e-36,0.011657234,1.1629547e-05,0.00088563695,1.0,9.572516e-22,2.4523455e-08
5541,0.13582136,0.87148964,0.73536605,0.79960763,0.18106374,1.042717e-06,0.018350748,3.0035397e-05,0.011960393,0.07617714,5.913395e-05,5.617906e-09,0.07631681,0.99958354,2.787363e-05,2.9656868e-15,0.00041567918,1.0026214e-09,1.0,0.0031177148,0.0036484855,0.0005116118,5.091666e-12,1.0498439e-05
5542,1.0,1.0,2.4685417e-06,8.381762e-12,0.012208403,1.8402893e-18,4.3330766e-23,1.0,0.25073385,1.0,0.002252087,6.6724295e-14,0.34121248,2.5064534e-08,0.36588797,1.0,0.0004132505,1.0,0.09863405,9.465932e-12,1.493784e-25,1.0,2.2960288e-14,0.00012428981
5543,0.98442346,0.17572631,0.019053224,2.3650804e-10,0.02557546,0.9995592,3.8986717e-26,1.0,0.10870308,0.046305083,4.956476e-05,9.656827e-09,0.1839583,1.6062648e-22,0.0032525796,1.0,0.00025042897,7.0936908e-37,0.053770196,1.4926348e-08,8.210884e-16,1.0,4.152097e-17,4.9003746e-05
5546,0.17665558,0.23985733,0.595426,0.625485,0.44864616,0.10501985,0.99216133,0.42059925,0.9188687,0.9752441,1.088949e-22,0.06647109,0.28920108,0.0039985897,0.0021164082,1.3495781e-10,0.00044264633,5.0532617e-10,0.011657234,0.041352306,0.0071950243,0.9862584,1.6544041e-30,0.06369736
5548,0.09390064,0.05994424,3.723822e-07,0.13148117,0.71977454,4.164992e-06,0.00033607855,6.7282013e-10,0.51445407,0.046305083,0.99531734,4.9041752e-17,0.07631681,0.000114214265,0.043074798,5.1633096e-13,0.0006617813,1.0,0.0019824235,3.5945834e-12,0.022491613,1.6192981e-11,9.1502177e-26,0.0026141054
5560,0.09390064,0.05994424,3.5267533e-07,2.4016914e-05,0.6511616,0.516733,0.0050776587,1.0,0.45553243,0.046305083,1.0,6.037603e-13,0.07631681,3.6205046e-07,0.9805982,3.7527311e-06,0.00036185127,1.0,0.0019824235,4.0063972e-10,3.4970084e-14,2.7645847e-17,2.2458944e-32,0.064918764
5565,0.09390064,0.10609732,0.123289704,1.3425484e-10,0.011417376,0.32009253,4.3643876e-27,0.99997556,0.10870308,0.11936047,7.4312e-12,3.4891766e-12,0.24148174,6.067917e-07,0.025337743,0.14776038,0.00027540012,6.0326256e-33,0.12287176,9.360838e-10,5.0873364e-08,0.005930985,6.190209e-20,6.6171026e-08
5567,0.09390064,0.05994424,0.041790172,0.00013226453,0.44864616,0.10501985,0.1584589,0.3784997,0.2662358,0.046305083,9.141677e-32,0.0021039026,0.07631681,0.015294579,0.0020286255,8.3939617e-14,0.00016375893,9.7036074e-14,0.011657234,0.047195196,0.0008946603,1.2682858e-07,6.0338755e-31,1.9567286e-05
5569,0.11815516,0.9866833,0.99991035,4.6886342e-11,0.011417376,0.9504331,3.5368608e-25,1.0,1.0,0.046305083,1.1859162e-25,2.3810168e-10,0.07631681,6.759567e-07,0.09438463,1.0,0.0010562601,1.0,0.053770196,6.439177e-10,1.8359527e-14,0.00016312324,2.133174e-21,5.2472376e-05
5571,0.13582136,0.05994424,2.9919127e-07,0.060682993,0.06955653,1.0,7.710212e-05,1.0,0.0042371973,0.046305083,0.9999038,1.3374432e-12,0.07631681,0.00011105898,8.8464825e-05,1.0,0.00042034892,3.1374615e-29,0.0016283505,1.8145783e-09,1.265052e-11,1.0,1.7302781e-16,0.0008244189
5574,0.09390064,0.05994424,0.008673418,0.031404004,0.44864616,0.10501985,0.1584589,0.13274682,0.2662358,0.046305083,3.7983198e-33,0.0021039026,0.07631681,0.015294579,0.00090069894,5.175695e-06,0.000248451,2.3009756e-09,0.011657234,0.027062848,5.2445062e-05,0.6875265,6.0338755e-31,0.00058053393
5575,1.0,0.10276631,0.069789276,1.9880467e-08,0.17493731,0.99999905,1.399793e-08,1.0,0.04250423,0.046305083,1.0,4.3606728e-05,0.6527513,3.928593e-17,3.2233344e-05,0.8680823,0.00020268025,4.3648507e-36,0.68419856,0.04517235,1.1322596e-07,1.0,2.7625175e-14,0.30212712
5578,0.09390064,0.05994424,0.002342974,0.8399252,0.40084127,0.9677329,0.005378414,0.16495712,0.2662358,0.046305083,4.487931e-31,7.8598094e-07,0.07631681,0.00022170326,1.5429556e-05,4.9174037e-06,0.0003618775,1.8599113e-12,0.011657234,0.00069517683,5.778066e-07,0.9999896,2.2458944e-32,7.1306524e-05
5585,0.56229216,0.10609732,2.9471735e-06,0.0041976487,0.006783211,0.99999225,2.0147987e-23,1.0,0.059073094,0.046305083,1.0,4.8705286e-11,0.1839583,1.4656086e-23,0.011876427,5.044791e-06,0.00024407149,1.0,0.03261185,4.1263127e-13,3.2806086e-10,3.8498e-25,2.117156e-09,4.801125e-06
5588,1.0,0.10609732,0.029845668,2.2844489e-10,0.013139184,0.9999976,3.56255e-24,1.0,0.10870308,0.046305083,1.6922938e-15,9.379526e-15,0.07631681,6.3230536e-06,0.0013141361,1.0,0.00042732354,1.2979885e-07,0.021866366,3.9415254e-13,1.8901148e-17,1.0,7.72411e-21,0.17302465
5590,0.17158312,0.17572631,0.480552,1.1931738e-11,0.009406016,2.4221686e-10,7.76709e-24,0.9999002,0.96852106,0.046305083,1.9803977e-27,1.1765134e-12,0.07631681,4.3062087e-08,0.7787487,1.0,0.0003639159,0.008104187,0.88428164,5.5497242e-09,7.0519237e-15,1.0,1.4017592e-12,8.341851e-10
5591,0.09390064,0.05994424,0.017567985,0.8374941,0.44864616,0.10501985,1.0,0.3784997,0.2662358,0.046305083,1.2021538e-33,0.14719602,0.07631681,0.022119196,0.00045416525,4.8075683e-05,0.006937078,1.5906964e-16,0.028777288,0.027062848,0.000252966,0.6875265,6.0338755e-31,0.0016159321
5592,0.13582136,0.05994424,7.264898e-05,0.0003948439,0.014578631,1.0976581e-09,0.019226326,1.0,0.015112547,0.046305083,1.0,1.0,0.07631681,1.7316783e-08,0.0018845005,1.14542935e-07,0.0002970893,1.0,0.0019824235,2.1638136e-05,0.00017545407,0.00045832642,1.0,0.2642064
5596,0.56229216,0.292818,0.11475089,0.0021226935,0.08338348,1.0,2.4042433e-23,0.107381605,0.27234718,0.30965918,0.9710306,1.618672e-14,0.2081817,5.4535217e-24,0.057959057,1.0,0.0002829023,1.0,0.021866366,2.6309757e-13,3.805131e-13,1.0,0.02553325,0.059366748
5600,0.09390064,0.10609732,0.0021923492,0.04199857,1.0,1.0,3.1347704e-21,1.0,0.050610077,0.046305083,0.31298837,3.3834813e-10,0.07631681,1.0,0.030293614,1.0,0.002410935,1.0,0.6885972,2.6153982e-11,4.0577502e-12,1.0,1.02255136e-07,1.0
5604,0.5116465,0.10609732,0.02384762,0.30202326,0.019254653,0.0008345589,2.0425183e-23,0.18881306,0.4819704,0.046305083,1.0913782e-05,2.9910302e-10,0.1839583,1.4530165e-23,0.012581087,8.8068774e-08,0.005011114,1.4508459e-11,0.079981185,1.1350299e-12,1.3171209e-06,1.5211639e-06,8.784464e-16,3.3901124e-05
5607,0.09390064,0.05994424,8.893189e-05,0.008600687,0.1438104,0.107623495,0.0002818373,4.3069553e-31,0.2662358,0.046305083,3.090557e-11,1.0,0.07631681,5.335964e-07,0.051315553,1.447939e-07,0.00048025924,1.0,0.0019824235,0.003664032,1.0,0.7749047,1.0,1.0
5618,0.09390064,0.05994424,0.008582101,0.0010721715,0.40924558,2.1072718e-18,0.019695304,1.0,0.9845296,0.046305083,1.2847373e-13,3.1458684e-18,0.12420651,2.9839115e-05,0.38144395,1.6859728e-06,0.0003761124,1.0,0.0016283505,8.1387674e-13,7.1818493e-09,6.1011036e-34,1.2709429e-27,0.09177888
5619,0.17665558,0.05994424,0.01874129,0.43052676,0.44864616,0.044086177,0.1584589,1.0,0.4523616,0.046305083,9.554786e-37,2.314261e-05,0.07631681,0.0011737619,0.00040559625,0.0013869064,0.00035167037,4.6915346e-14,0.011657234,0.003664032,0.00034481374,1.0,6.0338755e-31,1.0
5621,0.8412587,0.10276631,0.00027794775,0.0006348732,0.011303363,3.2379667e-08,0.011683816,1.0,0.16469246,0.046305083,4.6636374e-21,3.5784722e-09,0.48861712,1.8795163e-25,0.00034976375,0.99964464,0.00022095728,1.0,0.0025632665,9.373201e-10,1.7721459e-06,0.75794196,6.751335e-23,5.921351e-05
5622,0.09390064,0.05994424,0.9766972,3.6021742e-05,0.574614,2.407906e-07,0.018350748,1.0,0.92660123,0.046305083,3.7232626e-33,7.257165e-18,0.07631681,1.0,1.09170305e-05,3.5970514e-20,0.00030181615,1.0,0.054583166,1.3076219e-10,9.285903e-05,1.0333219e-17,8.381589e-30,0.0037917583
5624,0.34981948,0.17572631,0.12950122,3.1306055e-10,0.011417376,1.0,3.56255e-24,6.1490353e-12,0.050610077,0.046305083,1.0,6.064521e-12,0.35007638,6.787926e-07,0.010095918,4.1870482e-10,0.00020411126,2.4478706e-05,0.053770196,3.6512077e-10,3.698568e-14,4.967086e-10,4.5837906e-14,1.0
5625,0.5529831,0.05994424,0.0031110542,3.7321177e-09,0.036659822,0.009341904,0.0003178207,0.41644916,0.2662358,0.046305083,0.04910346,3.0591943e-07,0.1839583,1.0409168e-19,1.0,0.0013760902,0.00029493799,5.314016e-10,0.011657234,0.0031800838,0.9343269,1.0,2.4422514e-32,0.9220985
5626,0.09390064,0.05994424,0.00024192124,0.056238472,0.40084127,2.0146207e-13,0.0027203087,6.702962e-06,0.37259588,0.046305083,1.7586504e-07,5.6821257e-08,0.07631681,0.00026989647,0.0205887,0.00026303585,0.0002605449,1.0,0.0019824235,0.30163813,9.43268e-12,1.0,6.0338755e-31,1.5539986e-07
5631,0.09390064,0.10609732,2.4527055e-05,1.7791e-05,0.012164795,0.997366,4.2605156e-23,1.0,0.025128044,0.046305083,0.87765837,4.617869e-16,0.07631681,7.699317e-08,0.0011695949,1.0,0.0006397789,1.0,0.003252419,3.6066758e-13,1.3066095e-10,1.0,7.766808e-09,7.905373e-12
5644,1.0,0.05994424,0.00027913932,0.014148483,0.76526076,0.028076336,0.019863704,0.99999833,0.2662358,0.046305083,0.02670617,6.1868204e-09,0.07631681,0.0011585305,0.94582534,1.2428739e-15,0.000248451,1.0,0.0019824235,8.145484e-11,2.2609825e-08,2.2046954e-13,6.0338755e-31,5.840899e-08
5645,0.09390064,0.05994424,0.03840976,0.006317869,0.2016595,1.0,4.344928e-05,0.8668084,0.35593882,0.046305083,3.9095715e-12,8.8290394e-13,0.07631681,0.00015310112,0.022363076,1.0,0.0002363428,2.5058608e-08,0.011657234,1.3204253e-08,0.04099541,1.0,2.2606795e-24,0.82804537
5647,1.0,0.10609732,0.00043518894,1.4954687e-10,0.12960443,1.0,3.4334443e-27,2.3200782e-33,0.30523065,0.046305083,1.0,1.0094892e-09,0.84093714,4.3700908e-17,0.00017077505,1.0,0.0004724728,1.0,0.10617509,9.2008007e-10,5.332529e-20,1.0,5.82475e-10,0.0053547686
5655,0.13582136,0.05994424,0.5387485,0.007061796,0.21393079,1.0,7.710212e-05,2.5128357e-18,0.0046493006,0.046305083,4.1051336e-09,9.401559e-07,0.07631681,0.00024405125,4.1103422e-07,0.024080196,0.00016375893,3.603007e-15,0.0016283505,0.00021930106,4.512443e-07,4.583906e-17,2.2864113e-13,0.74050397
5656,0.13582136,0.10609732,0.6251514,0.97587365,0.0031282369,0.9999994,3.56255e-24,1.0,0.13488057,0.046305083,2.1800586e-06,5.665838e-08,0.07631681,1.628012e-08,0.3736535,8.933204e-05,0.00057078747,1.3287066e-12,0.15428965,1.9344648e-10,5.878078e-13,1.0,5.926848e-09,1.3357195e-06
5658,0.4333966,0.05994424,0.004850908,0.009371048,0.00020784167,0.22517037,0.0020563675,1.7306817e-07,0.2662358,0.046305083,2.2255778e-26,1.0,0.1839583,7.607074e-24,4.7121e-05,1.9239935e-05,0.0001898146,9.51208e-32,0.011657234,0.041096326,0.0006738337,0.9997974,1.0,0.0062280237
5661,0.09390064,0.10609732,0.0011753321,0.018789686,0.005335504,0.99388653,2.0147987e-23,0.9999988,0.10870308,0.046305083,0.010587524,6.084495e-12,0.07631681,5.112014e-05,0.047309227,2.2851043e-06,0.0002572538,1.0,0.03261185,2.2197369e-10,3.1732115e-13,5.4585167e-09,4.0154315e-14,1.8681602e-06
5668,0.13582136,0.4697083,0.7809794,5.324918e-08,0.0031282369,0.9998542,3.56255e-24,1.0,0.47112507,0.593002,0.99999976,7.208273e-11,0.52062,7.629289e-06,0.93517077,1.0,0.00031633224,1.0377424e-24,0.03344825,5.235875e-09,3.8039616e-10,1.0,0.7805338,0.0015926403
5670,0.43684924,0.05994424,0.009214702,0.19585486,0.83778644,3.74099e-13,0.020347917,1.0671816e-06,0.2935197,0.046305083,4.65729e-36,2.1903825e-16,0.07631681,0.00064057455,0.004050797,0.01362711,0.00057795626,1.0,0.9992655,7.259191e-13,0.28436166,1.0,6.0338755e-31,0.033612654
5671,0.09390064,0.10609732,0.043326724,2.3262466e-10,0.020614363,0.6817539,3.915353e-24,1.0,0.10870308,0.046305083,5.570618e-07,4.741765e-12,0.07631681,3.8558375e-07,0.014698501,0.057453107,0.00020411126,1.2652192e-10,0.021866366,2.8362626e-13,9.726118e-07,0.1553735,1.0998809e-18,0.0001701728
5672,0.29453388,0.05994424,0.008365005,0.16018516,0.38073334,0.13654162,0.0031138612,1.0,0.0069186734,0.046305083,8.0325107e-28,0.0003365715,0.07631681,5.6417966e-06,0.0007190035,0.0042022318,0.0001898146,1.2176813e-16,0.2564673,0.00015344558,3.0226142e-13,0.11471392,3.106166e-10,0.009198669
5675,0.85443586,0.10609732,0.00023527688,8.5169915e-05,7.8360135e-05,3.5161856e-13,2.4042433e-23,1.0,0.6894256,0.046305083,1.0,2.2575372e-10,0.2081817,8.105941e-24,0.33417213,1.0,0.00076149736,1.0,0.035931535,6.682138e-13,1.6503528e-13,0.9999937,0.00012260079,5.462031e-06
5686,0.99999976,0.05994424,0.0013472852,1.5284624e-05,0.00018341678,1.0,0.035518482,1.0,0.0069165444,0.046305083,2.7290667e-15,1.2849021e-08,0.2081817,6.653536e-24,5.1302002e-05,1.0,0.0007492879,3.006636e-39,0.011657234,2.8017881e-08,1.1990618e-19,1.0,9.509912e-30,5.682673e-05
5690,0.09390064,0.05994424,0.14662528,0.11648719,0.40084127,1.9287275e-07,0.7823519,7.091391e-11,0.9065677,0.046305083,3.006636e-39,2.3323915e-05,0.07631681,0.01649335,1.0542901e-06,1.9008757e-08,0.00028618402,8.805611e-21,0.054583166,0.05218394,2.5389898e-08,1.3429305e-13,7.707709e-30,1.9384577e-10
5691,0.09390064,0.05994424,0.0018808766,0.07680746,0.15951541,0.00094586506,0.02285768,1.0,0.2662358,0.046305083,5.974621e-39,5.3691714e-05,0.07631681,0.016489992,0.003255871,4.5853756e-13,0.0002553329,1.7652722e-17,0.0025632665,1.4238361e-06,0.037882537,4.1577203e-11,1.2709429e-27,0.02068404
5693,0.41575256,0.10609732,3.778454e-05,1.11993255e-10,0.011832501,0.009614845,3.56255e-24,4.3500842e-31,0.054282483,0.046305083,1.0,1.0653365e-09,0.09646739,1.2169489e-05,0.4425223,1.0,0.00022414413,1.6838623e-05,0.035931535,1.2695541e-09,3.789061e-09,1.3057277e-05,9.594347e-21,0.35574245
5699,0.5529831,0.05994424,7.432637e-05,0.0789263,0.0026446946,3.0032548e-16,0.021491352,1.0,0.2662358,0.046305083,1.0,9.15467e-07,0.22558899,1.0,0.00016958933,5.665389e-10,0.00025064658,1.0,0.0019824235,2.3824357e-06,3.5814483e-07,1.0,4.364887e-27,0.0988886
5704,0.09390064,0.05994424,0.23525374,0.01352198,0.44864616,1.4011432e-14,0.1584589,0.3784997,0.48461762,0.046305083,4.0997354e-31,0.0021039026,0.07631681,6.9518333e-06,0.006130043,5.7366555e-07,0.0028662619,7.504469e-16,0.06738012,0.031144826,0.004143602,0.6875265,2.0707957e-28,1.7855302e-12
5713,0.09390064,0.05994424,0.012176019,0.01352198,0.44864616,0.10501985,0.1584589,1.1094573e-06,0.2662358,0.046305083,6.7355826e-33,2.5672596e-05,0.07631681,0.0054859254,0.3501488,2.6264859e-06,0.00016375893,1.5453862e-08,0.011657234,0.15228969,0.004143602,0.6875265,6.0338755e-31,0.065054074
5717,0.09390064,0.05994424,0.012176019,0.01352198,0.44864616,0.10501985,0.1584589,1.6750037e-12,0.2662358,0.046305083,7.675327e-35,0.0021039026,0.07631681,0.0013227382,0.33225912,0.99980086,0.00016375893,4.3978808e-08,0.011657234,0.041096326,0.0006738337,0.72955346,6.0338755e-31,0.00044780393
5721,0.09390064,0.31099516,0.04487138,0.020864129,0.6880873,1.7878901e-10,0.1584589,1.0,0.35669348,0.081119955,3.8476906e-30,1.5544474e-15,0.07631681,0.24781945,0.1444115,4.8084172e-11,0.00027394408,0.7911038,0.9998312,9.7971846e-11,4.6055868e-07,2.4132404e-14,6.0338755e-31,0.005505145
5724,0.09390064,0.10609732,0.00012123283,7.658914e-10,0.0031399045,1.0,3.56255e-24,1.0,0.057868335,0.046305083,1.0,6.97844e-11,0.1185629,3.0303636e-07,0.7893486,1.0,0.00021918798,1.0,0.03344825,1.5831772e-06,5.1558617e-20,1.0,3.573645e-08,1.9971138e-09
5726,0.09390064,0.05994424,1.7237095e-05,1.2111668e-05,0.00899659,3.006636e-39,1.04353133e-22,1.0,0.020648083,0.046305083,1.0,2.5140925e-10,0.07631681,0.021780461,0.06136927,1.0,0.0006204486,1.0,0.009629485,2.3885595e-13,4.4274747e-11,1.0,1.5966407e-10,2.4543711e-12
5732,0.09390064,0.10609732,0.3255029,5.233383e-11,0.009998376,0.99998105,4.041952e-24,3.2297878e-23,0.30625802,0.046305083,0.99034953,5.1044783e-17,0.07631681,1.832908e-07,0.99358267,1.0,0.00020411126,1.0,0.019819437,3.0459896e-13,1.02682e-22,0.9999901,1.3878016e-22,0.0035858455
5734,0.5529831,0.05994424,0.004512696,0.01352198,0.27936202,0.105383985,0.0020563675,0.00063010893,0.2662358,0.046305083,3.246574e-16,0.001068833,0.1839583,2.3641883e-24,1.6637345e-06,0.01203192,0.00016375893,2.0437031e-38,0.0054030083,0.027062848,0.0001385785,1.0,6.0338755e-31,0.9909718
5738,0.09390064,0.10609732,1.0,4.4949697e-10,0.024082411,6.7785803e-17,3.56255e-24,6.183305e-09,0.98029834,1.0,3.6326131e-13,1.2018934e-09,0.24536146,3.758272e-05,0.82234025,1.0,0.00020411126,1.0,0.035931535,4.727421e-07,1.5835742e-11,1.0,1.7974014e-15,0.00070814125
5742,0.13582136,0.05994424,8.829189e-05,0.08373181,0.18106374,1.8341032e-08,0.019863704,0.38065034,0.01526244,0.046305083,5.956029e-13,5.5778695e-08,0.07631681,2.2992401e-07,0.016267935,0.016353799,0.00020689992,1.0,0.0019824235,0.0040706443,5.704418e-08,4.146245e-15,3.9021664e-12,0.068286985
5744,0.09390064,0.9754944,0.99999595,0.0033004044,0.73715514,0.04803421,0.016312161,0.9999999,1.0,0.046305083,9.132247e-36,1.4769697e-10,0.13686801,1.7629286e-06,3.4002373e-05,1.1480366e-09,0.0024910802,1.6363028e-15,0.08982352,7.530052e-11,5.5578e-06,1.1190037e-14,4.762982e-32,1.3584639e-05
5745,0.13582136,0.05994424,7.2628507e-07,0.005339522,0.13050863,5.653337e-07,0.090859294,1.2207109e-28,0.014301637,0.046305083,0.99933124,3.337771e-15,0.07631681,1.6018911e-06,1.1181226e-05,1.5663448e-13,0.00019582067,2.2896475e-11,0.04572298,7.82922e-12,4.0444498e-05,3.006636e-39,2.3230796e-11,0.003794164
5750,0.09390064,0.05994424,0.011281089,0.031404004,0.6289888,0.36667395,0.1584589,0.2937217,0.2662358,0.046305083,2.160181e-36,0.0021039026,0.07631681,0.015294579,0.0076080216,3.4929174e-06,0.00042579303,1.59802e-11,0.011657234,0.054208104,3.7876966e-05,0.9439906,6.0338755e-31,0.00058053393
5752,0.3202229,0.14426152,0.028917214,0.0034459583,0.66333956,0.4614908,0.1584589,0.00025846311,0.9857145,0.20450345,3.2508315e-27,2.687174e-07,0.38096955,0.008314147,0.093497455,6.241597e-06,0.00025249517,2.3009756e-09,1.0,0.046166193,0.004787843,0.6875265,2.0707957e-28,1.0019567e-08
5757,0.4333966,0.05994424,0.00015681957,0.0011158973,0.025871228,1.1369432e-12,7.431328e-08,0.99999964,0.15032205,0.046305083,1.0,4.8488173e-16,0.458882,2.6884343e-25,1.1603834e-05,1.0,0.0003618775,1.0,0.05490089,7.2824754e-13,2.1885434e-10,1.0,2.4422514e-32,6.943749e-05
5759,0.09390064,0.10609732,0.0018840099,9.2299945e-10,0.013139184,0.99539447,3.8343667e-25,1.0,0.4455227,0.046305083,1.0,1.3304823e-15,0.07631681,6.4480435e-07,0.015813863,1.0,0.00025262084,1.0,0.019819437,6.216581e-13,7.2527964e-17,0.55793434,2.7678713e-21,0.99999285
5760,0.09390064,0.05994424,4.7199745e-05,0.19304396,0.5004057,0.9977137,0.1584589,1.992708e-16,0.6601835,0.046305083,2.3114854e-23,0.004589753,0.37135705,0.0020279544,0.0014066938,8.746737e-14,0.00022369089,5.488629e-38,0.35864797,0.0010148246,0.10227211,3.2553832e-21,2.5549659e-28,3.731487e-11
5765,0.74769044,0.10276631,0.012176019,0.017362464,0.44864616,0.84204906,0.016312161,0.94530445,0.2662358,0.046305083,1.065185e-30,1.0175061e-05,0.13686801,0.00030910422,0.9818823,5.619027e-05,0.00030897695,2.3009756e-09,0.011657234,0.042205118,0.00048775063,0.9568406,6.0338755e-31,0.40589604
5771,0.17665558,0.05994424,0.16022713,0.0033350044,0.1438104,0.10501985,0.1584589,0.47838423,0.2662358,0.046305083,2.0451666e-18,1.0,0.07631681,2.5095324e-07,0.0015797497,0.0004472583,0.000513129,4.113824e-10,0.011657234,0.027062848,0.031790536,0.92345864,1.0,0.006557011
5772,0.5925877,0.10609732,0.00016588227,2.2928949e-05,1.32985615e-05,2.5982905e-10,2.3906529e-23,1.0,0.0642034,0.15957624,1.0,1.0,1.0,8.126859e-27,0.463948,1.0,0.00068649615,1.0,0.7939992,6.426937e-12,2.5467552e-19,1.0,1.0,0.00012257087
5774,0.544184,0.87148964,0.0022231012,0.55853724,0.0038258282,0.0037461892,9.5791875e-06,0.9999999,0.2662358,0.046305083,2.4645042e-08,2.0190097e-07,0.1839583,3.9365166e-23,0.00067044765,7.525896e-20,0.004491933,1.2722286e-19,1.0,2.129627e-08,0.0039814455,7.811151e-17,5.144188e-29,0.73584384
5776,1.0,1.0,0.031068297,0.06478323,0.15951541,0.00094586506,0.022883628,1.0,0.60852975,0.046305083,4.2059523e-37,0.0021039026,0.07631681,0.01632049,0.0030168635,4.9173387e-08,0.00019582067,3.632897e-17,0.0025632665,3.8068075e-07,0.69271976,0.43055728,4.364887e-27,0.00076506956
5777,0.09390064,0.05994424,0.0034534822,0.9682138,0.15951541,0.005321031,0.025539387,1.0,0.3350658,0.046305083,1.1747842e-20,3.809059e-07,0.09646739,0.0028663857,1.7210122e-06,1.1588697e-16,0.000439459,1.8324944e-16,0.0025632665,4.3214436e-07,2.5758954e-08,2.3022462e-11,1.2709429e-27,0.0009896791
5779,0.09390064,0.14426152,0.2276431,0.01352198,0.44864616,5.656193e-09,0.1584589,0.014272491,0.5746312,0.1314709,9.141677e-32,0.0021039026,0.07631681,0.015294579,0.0002856236,0.0013869064,0.00016375893,4.6915346e-14,0.6586509,0.4262668,0.004143602,0.6875265,6.0338755e-31,0.0011889419
5782,0.13582136,0.05994424,0.14997476,0.0052079665,0.15453833,0.89633805,0.09566008,1.0,0.011879965,0.046305083,1.0,2.6685839e-12,0.07631681,0.00017859218,0.36219367,5.371677e-09,0.0002429077,1.0,0.0025632665,8.219154e-13,6.338261e-06,1.2196937e-17,4.826907e-14,0.9999963
5784,0.13582136,0.05994424,0.14610085,0.9561801,0.18106374,0.043020368,1.0,1.0,0.0046493006,0.046305083,1.4524469e-10,0.05334406,0.07631681,0.008131113,0.0021558828,0.024080196,0.00043153542,2.169874e-16,0.011657234,0.041352306,3.1161887e-10,0.52362,6.268984e-13,0.99031454
5788,0.09390064,0.10609732,0.0006008882,2.487249e-10,0.00041551676,1.0,3.881773e-24,1.2852284e-34,0.05422198,0.046305083,1.0,1.0,0.07631681,4.4539854e-11,0.86319005,1.0,0.00020411126,1.2486116e-27,0.035931535,3.6073504e-09,7.0742713e-12,0.9996952,1.0,0.0036859054
5789,0.09390064,0.10609732,0.025749642,0.00027237734,0.009088631,2.2693891e-09,2.0673282e-23,0.9999995,0.10870308,0.046305083,3.1843328e-08,2.0693554e-16,0.07631681,0.0016156258,1.0,0.0003837472,0.000642507,2.2758817e-17,0.021866366,1.40299855e-11,1.1046525e-12,9.882056e-10,1.1105751e-14,1.0
5791,0.50756395,0.10609732,0.018647509,3.6319715e-08,0.0031282369,0.98887795,3.56255e-24,1.2368871e-13,0.10368012,0.046305083,1.8420338e-06,3.919298e-09,0.07631681,9.542206e-06,0.053665616,1.0,0.00020411126,3.3261706e-35,0.035931535,5.9953825e-10,2.2207002e-12,1.0,0.7623121,0.00033363924
5793,0.09390064,0.97919023,1.0,0.6839489,0.14560603,2.183496e-12,0.02285768,2.0605963e-12,0.9970906,0.72821885,3.006636e-39,2.0611313e-05,0.07631681,0.05223034,1.0,0.0012339243,0.00047541928,5.982764e-16,1.0,1.2863637e-08,2.1651335e-11,1.5990101e-05,1.2709429e-27,8.181137e-08
5796,0.09390064,0.05994424,0.032191176,0.058015734,0.063746504,1.0,0.95236456,2.3298644e-11,0.14409234,0.046305083,1.0,0.0021665804,0.07631681,0.00015172239,1.0433963e-06,1.0,0.00023359574,9.576166e-30,0.011657234,0.18709539,4.8953815e-13,0.47677028,6.0338755e-31,9.1535995e-08
5797,0.35170192,0.05994424,0.018677069,0.0022144513,0.44864616,0.03710878,0.1584589,3.2562305e-08,0.2662358,0.046305083,1.6364218e-22,4.0196643e-05,0.07631681,0.00012830245,0.21120717,2.1375527e-05,0.00030897695,5.347419e-09,0.011657234,0.0068543325,0.0054160566,0.90322244,2.2606795e-24,6.390515e-05
5801,0.09390064,0.10609732,0.08518043,4.703541e-10,0.009406016,0.9999914,7.6203837e-22,0.9999999,0.9150022,0.046305083,5.6620927e-18,5.8662737e-09,0.07631681,5.724336e-05,0.0052442243,0.96232456,0.00020411126,8.433544e-12,0.035931535,3.9884263e-10,2.0115185e-09,0.9851893,4.382825e-19,7.803562e-05
5806,0.5529831,0.05994424,0.045567557,0.0012396968,0.49776816,2.1721134e-13,0.025759669,1.0,0.84644496,0.39649582,3.4408666e-19,2.784645e-15,0.1839583,8.838144e-23,6.3092775e-05,1.4314724e-15,0.00020689992,3.880827e-23,0.0025632665,1.7924451e-10,0.00081510923,5.5388693e-05,6.619215e-22,0.019385917
5808,0.56229216,0.10609732,0.003804843,0.0018258196,0.025153251,0.99991953,2.4042433e-23,1.392579e-38,0.08507436,0.29050592,0.0002952683,5.3453327e-15,0.35768265,4.7417388e-23,0.0005999649,1.0,0.00059979764,1.0,0.021866366,2.854155e-13,4.1965206e-11,1.0,0.998109,3.132616e-07
5811,0.15841892,0.05994424,0.0082867965,0.9999999,0.08523716,1.0,0.32806084,0.28009552,0.0042371973,0.046305083,1.0,0.030726885,0.07631681,0.0017398082,0.7318343,1.0,0.0050998423,3.6465244e-21,0.6772569,0.027062848,0.004143602,0.99999905,6.0338755e-31,0.0027137822
5818,0.13582136,0.10609732,4.6432092e-08,3.3588288e-10,0.008255802,1.06089576e-13,3.4657534e-25,2.3347688e-28,0.054282483,0.046305083,1.0,1.4667341e-10,0.07631681,2.1113505e-07,0.9991885,1.0,0.00040013477,1.0,0.03359453,1.5249387e-09,1.8739042e-17,0.951196,1.0,8.725692e-06
5823,0.60267085,0.05994424,0.03046913,0.029156346,0.03179696,0.00039331455,0.00018143833,1.0,0.24972261,0.046305083,1.394169e-22,6.46453e-09,0.3019916,3.426995e-26,1.7438995e-05,2.2079779e-07,0.00020689992,6.886705e-06,0.06897644,0.039700292,1.633657e-09,1.0,1.0470191e-09,0.11482009
5827,0.3898292,0.05994424,8.167284e-05,0.25631458,0.05933801,1.7770448e-05,0.019248234,4.6982336e-07,0.0055692014,0.046305083,1.0536775e-05,3.5361802e-07,0.07631681,0.00033431812,0.0007302928,2.0868063e-07,0.00041944272,1.0,0.006572451,3.9404078e-08,2.8522222e-06,1.6731829e-09,1.5501331e-12,0.99816173
5832,0.13582136,0.10609732,4.203855e-05,4.746405e-09,0.0031282369,1.0,3.56255e-24,0.0010962209,0.19488552,0.046305083,0.74955237,4.4662614e-11,0.29940787,7.6471886e-05,0.033242494,0.0008269925,0.0002828872,1.6501403e-26,0.035931535,2.1079115e-10,2.1100351e-14,1.0,7.653325e-09,1.8747835e-06
5842,0.96266013,0.6877299,0.27756158,1.6361811e-11,0.16349328,1.0,3.8986717e-26,4.8141235e-05,0.73186016,0.5934298,0.0013357461,4.9056237e-10,0.2081817,1.831663e-23,0.009646982,1.0,0.00038823762,1.0,0.12287176,4.338102e-09,1.7286788e-19,1.0,1.0370195e-14,8.890017e-05
5845,0.31930003,0.10276631,0.0056323935,0.0048586945,0.40084127,7.9377436e-14,0.42576036,4.883284e-06,0.2662358,0.046305083,2.5769832e-33,5.3691714e-05,0.07631681,0.00937873,0.05095388,1.2950637e-08,0.0004544968,4.1585103e-20,0.011657234,0.07705231,7.107141e-07,3.7793336e-06,6.0338755e-31,0.0025105642
5854,0.09390064,0.05994424,0.0048793633,0.07884626,0.15951541,0.0005934666,0.017761031,1.0,0.2662358,0.046305083,3.006636e-39,3.076253e-08,0.16950274,0.067479715,0.0010529627,2.6157346e-07,0.0002663674,1.1511112e-23,0.0025632665,2.8729656e-09,2.737807e-06,1.48679e-12,5.144188e-29,0.0010976007
5855,0.09390064,0.05994424,0.012176019,0.01352198,0.44864616,0.10501985,0.1584589,1.0,0.2662358,0.046305083,9.141677e-32,0.0021039026,0.07631681,1.0,0.0013387167,0.0013869064,0.00016375893,2.3009756e-09,0.011657234,0.059066717,0.00016422976,0.6875265,6.0338755e-31,0.0005070558
5864,0.09390064,0.05994424,0.014177763,0.020429011,0.44864616,0.05084429,0.1584589,1.0,0.56454206,0.046305083,3.006636e-39,9.023706e-06,0.07631681,0.0054859254,0.012313648,1.4175492e-13,0.0002167969,7.725855e-27,0.011657234,0.0032467167,0.00011447049,1.881647e-10,6.0338755e-31,0.0001736943
5867,0.09390064,0.10609732,0.0054533854,0.005228477,0.005463942,0.99999964,2.4070327e-23,0.015433332,0.14940676,0.046305083,5.4531613e-19,1.4356431e-10,0.07631681,6.457794e-06,0.29094332,1.0,0.00024407149,1.0,0.035931535,3.8231224e-13,1.0,1.0,1.2031002e-16,0.0005361057
5870,0.09390064,0.10609732,0.006378546,1.4484942e-09,0.011417376,0.9989605,3.137432e-25,0.99999905,0.32917997,0.046305083,0.49814674,1.6736075e-09,0.13686801,9.836424e-06,0.02890551,0.00035213318,0.0002572538,1.0,0.03261185,2.2170545e-10,9.377215e-12,0.99993515,1.5293768e-18,4.901454e-05
5877,0.17583634,0.05994424,0.03627585,0.3808017,0.07874412,0.05954051,7.0600886e-06,1.0,0.0055692014,0.0951895,1.282097e-15,0.00018783486,0.07631681,1.26216e-07,0.00015808249,5.1713474e-11,0.00026950534,1.0,0.0025632665,1.6878262e-06,5.8983474e-10,1.0,1.0913432e-09,0.27972504
5878,0.99999714,0.05994424,0.0012408054,7.745106e-09,0.9622082,1.0,0.0020563675,7.106401e-20,0.2662358,0.046305083,1.0,0.00016617753,0.6463393,7.1256875e-24,1.9538625e-06,0.54664993,0.00055735896,4.7456486e-30,0.03622963,7.196991e-08,1.7586455e-09,1.0,6.0338755e-31,9.471136e-06
5879,0.48669112,0.05994424,0.009293082,0.13610728,0.5004057,0.46914527,0.1584589,8.641488e-14,0.42129767,0.046305083,4.3000704e-34,0.010846115,0.07631681,0.0008084349,0.001852308,0.0013869064,0.00043637143,2.3009756e-09,0.011657234,0.003229961,0.9999938,1.5690337e-12,4.762982e-32,0.0006732659
5881,0.09390064,0.10609732,1.336489e-05,1.8931074e-08,0.0045363833,2.3653875e-17,5.333873e-27,2.3847375e-07,0.085785694,0.046305083,1.0,1.324364e-13,0.07631681,1.0882159e-07,1.0,1.0,0.0012246035,1.0,0.114354864,4.008377e-10,8.7560806e-26,6.771963e-10,2.3575936e-11,0.08125626
5887,0.13582136,0.10609732,0.00010222954,3.2246106e-05,0.00064733136,3.0083236e-23,2.789752e-20,6.677191e-14,0.20998406,0.046305083,0.928034,1.0,0.07631681,2.1542165e-12,1.0,1.0,0.00642623,1.0,0.1858669,1.612656e-11,6.9156064e-15,1.0,1.0,2.6469417e-07
5889,0.09390064,0.05994424,0.00013836092,0.062963285,0.17365032,1.2744848e-08,0.019226326,1.0,0.2662358,0.046305083,5.324631e-06,0.00035419723,0.07631681,0.035357837,0.2500568,1.0197852e-08,0.00019582067,1.0,0.0019824235,3.0551892e-09,0.0066912123,0.098152064,1.2709429e-27,6.585367e-07
5891,0.09390064,0.10609732,0.0052655702,4.0271113e-11,0.011417376,0.004715148,1.3534806e-18,0.9999999,0.10870308,0.046305083,1.0,2.4772061e-11,0.07631681,4.4070643e-05,0.11122014,0.99979085,0.00027813597,1.0,0.03261185,2.927891e-10,9.4378754e-17,9.416344e-15,7.207969e-19,1.9961265e-06
5892,0.09390064,0.05994424,2.3286202e-07,0.087141156,0.44864616,0.10501985,0.1584589,2.0429879e-10,0.14585476,0.046305083,0.13939096,0.004325961,0.07631681,0.01970409,0.00020525626,7.255315e-13,0.00020639747,2.1492254e-20,0.011657234,0.004475015,2.1744854e-05,0.6875265,6.0338755e-31,0.0025105642
5895,0.09390064,0.05994424,1.6418113e-06,0.0009106563,0.26238808,0.9993038,0.011683816,1.0,0.50895154,0.046305083,6.580127e-19,1.5519584e-12,0.2309254,6.5347454e-06,4.300712e-05,8.383925e-11,0.00036149906,1.0,0.0016283505,9.786753e-13,1.9100993e-16,0.9999695,2.2250247e-27,5.9102946e-05
5897,0.09390064,0.79249614,0.89565384,0.00013226453,0.44864616,0.002905349,0.018350748,4.855121e-19,1.0,0.39649582,7.3648394e-34,7.8598094e-07,0.07631681,0.019564698,0.0013615672,0.042334702,0.00022095728,1.0,0.03779956,0.0025745465,3.2826185e-05,0.08958243,2.4422514e-32,0.0025105642
5901,0.19678396,0.10276631,0.016272895,0.00086611585,0.4413343,3.5582812e-05,0.054596197,0.009315288,0.4941278,0.046305083,4.669686e-06,1.4031898e-13,0.29585013,5.4020253e-05,5.9510523e-07,3.8172034e-14,0.0014874961,4.5248996e-27,0.19396167,1.0025775e-09,4.06101e-08,1.0,7.707709e-30,2.226893e-12
5904,0.2255608,0.26783937,0.0038536936,0.012957121,0.40084127,0.00023401465,0.011598362,7.0428063e-16,0.8062095,0.5619913,2.5769411e-20,0.00018466727,0.1749142,0.005531777,0.38873857,3.0607359e-09,0.00030897695,1.0,0.0019824235,0.00072125683,2.869816e-07,5.4632605e-06,9.509912e-30,5.0518156e-06
5906,0.13582136,0.10609732,2.6874846e-05,1.6596596e-08,0.0018318396,0.0004823812,3.1119849e-24,1.0,0.0869944,0.046305083,1.0,1.2452818e-12,0.07631681,1.0625108e-07,0.96703535,1.0,0.0003169958,1.0,0.03359453,2.4192598e-10,2.9847456e-28,1.0,1.0,2.1277397e-07
5907,0.24859501,0.05994424,0.012176019,0.01352198,0.44864616,0.9999937,0.1584589,1.0,0.2662358,0.046305083,7.436556e-24,3.0526906e-05,0.07631681,0.0033305048,0.12094373,0.0013869064,0.00030897695,4.6915346e-14,0.011657234,0.098352164,2.2890749e-08,2.1447626e-05,6.0338755e-31,1.0
5913,1.0,1.0,0.8058801,0.00022397752,0.5563308,0.134728,0.0035697983,1.0,1.0,0.046305083,1.0,4.5865543e-14,0.17500326,0.00016464511,0.014270017,9.4694624e-14,0.00026781275,1.0,0.011657234,8.038592e-10,5.137712e-08,1.0,2.2458944e-32,1.2565331e-05
5915,0.11815516,0.10609732,0.013382899,2.3650804e-10,0.011417376,1.1708856e-08,3.56255e-24,1.0,0.19009706,0.046305083,1.5805146e-26,1.7213218e-08,0.07631681,1.7731566e-08,0.021917505,1.0,0.00043700394,1.0666101e-19,0.035931535,1.736734e-10,4.2102223e-22,1.0,5.2703024e-20,2.8272822e-05
5917,0.09390064,0.05994424,0.026228122,0.0011535881,0.5261966,1.0985403e-06,0.42576036,1.0,0.2662358,0.046305083,3.530614e-13,1.0357816e-07,0.09646739,0.0038552594,1.237389e-05,7.5447155e-11,0.00031440798,0.07202174,0.011657234,1.107066e-07,0.0030672085,0.68009627,6.0338755e-31,0.014953771
5919,0.9985703,0.05994424,0.003584469,0.8419132,0.09790352,0.9999789,0.10059185,0.99997926,0.011990656,0.046305083,9.393409e-06,5.7169596e-05,0.07631681,0.010846397,0.0003283112,1.0,0.0005509109,6.0505827e-32,0.0025632665,1.775619e-06,0.00041648437,1.9195924e-19,1.6246673e-28,8.0534264e-05
5923,1.0,0.34936154,0.69069374,0.006843891,0.546016,3.9147287e-07,0.010872191,2.974393e-19,0.9941976,0.88370156,1.610871e-32,0.00012210332,0.1749142,0.0019695472,0.8167706,1.6007398e-09,0.0001898146,1.0,0.0074105235,7.7590325e-05,3.055683e-10,1.0,2.2458944e-32,1.8376947e-07
5925,0.09390064,0.10609732,0.02082768,2.487249e-10,0.011417376,6.200515e-08,3.7992354e-24,0.019729547,0.2776952,0.046305083,1.0098636e-11,4.9840385e-09,0.44452208,6.582786e-07,0.007090209,0.37302935,0.00022814856,2.6957103e-10,0.035931535,2.0713242e-10,5.5183746e-09,0.5508063,6.187261e-19,0.015056242
5926,0.09390064,0.05994424,0.06514577,0.022960046,0.23957808,0.00094586506,0.02285768,1.0,0.6414942,0.046305083,4.462836e-38,6.4073027e-09,0.24673085,0.004650559,0.019205403,2.2169632e-12,0.00045771172,1.0,0.0016283505,8.250308e-11,0.0015878449,1.4270685e-13,4.364887e-27,0.83954257
5929,0.3995753,0.10276631,0.03749739,0.65498525,0.18106374,0.043020368,0.1584589,0.999997,0.0046493006,0.046305083,5.637667e-28,4.84867e-08,0.16795658,0.0005551967,0.00079234055,0.001817623,0.00018258409,4.821037e-14,0.011657234,4.1430767e-06,2.893832e-12,0.52362,2.2864113e-13,0.3933665
5941,0.44268602,0.10609732,1.6486127e-05,3.3637355e-06,0.025093073,1.0,1.7765078e-23,1.0,0.36803517,0.046305083,1.0,2.7124998e-09,0.1839583,1.7388597e-24,0.00042785547,1.0,0.0010909837,1.0,0.079981185,2.971505e-13,8.7416424e-08,1.0,0.99999976,4.4105163e-06
5946,0.09390064,0.10609732,0.28581122,2.3650804e-10,0.020398084,0.026904063,3.56255e-24,0.9999974,0.5111459,0.046305083,8.2804545e-14,3.396078e-09,0.07631681,9.921298e-06,0.99222,0.7133418,0.00020411126,3.8645476e-06,0.035931535,1.0129275e-10,5.5189976e-12,0.99941885,3.1519703e-18,2.4079386e-06
5947,0.4839726,0.05994424,0.000514977,0.8538626,0.0008962174,5.507075e-19,0.00020453265,0.47627917,0.0046851654,0.046305083,1.0,3.7881158e-08,0.22558899,2.3683237e-23,0.00013053122,7.378431e-13,0.00036070796,2.3351802e-19,0.011657234,0.0042948504,0.0008472597,0.9986551,1.3375324e-12,0.03819148
5949,0.53503454,0.05994424,0.012176019,0.01352198,0.44864616,0.05084429,0.26358315,1.0,0.53353196,0.046305083,3.006636e-39,3.183575e-05,0.07631681,0.006657472,0.00067779666,1.5201653e-08,0.0028662619,1.8593308e-22,0.028777288,0.003664032,0.004143602,2.9538467e-05,6.0338755e-31,0.0025105642
5951,0.13582136,0.05994424,0.97945315,0.0052071367,0.21845597,3.5452103e-06,0.1584589,1.0,0.17672053,0.046305083,1.3477623e-17,0.0031847109,0.07631681,3.3784585e-07,0.00027278377,8.600751e-06,0.00025008706,6.6379596e-07,0.054583166,0.16147146,9.546001e-08,0.8814885,2.2577155e-16,1.4875666e-06
5954,0.18930306,0.17572631,0.05221698,0.00033784687,0.0026864838,0.67451656,2.4042433e-23,8.7322074e-24,0.10870308,0.046305083,2.6690203e-13,4.095678e-09,0.07631681,5.9295104e-05,0.17565757,1.0,0.00029839823,0.2707856,0.035931535,1.3498161e-12,3.222434e-12,1.0,1.3837414e-15,0.055664476
5959,0.09390064,0.05994424,0.007070578,0.018274661,0.44864616,0.10501985,0.1584589,1.0,0.1337816,0.046305083,3.7319242e-32,1.2391343e-05,0.07631681,0.00598468,2.911116e-06,0.0013869064,0.00016375893,2.3009756e-09,0.011657234,0.003664032,0.16776893,2.0230188e-13,6.0338755e-31,0.081532784
5962,0.13582136,0.10609732,0.0033641031,0.00011818441,0.0020289537,1.0,2.4042433e-23,1.5788552e-36,0.08034598,0.046305083,0.0012996973,9.036941e-11,0.07631681,1.0,0.013704634,1.0,0.00068649615,1.0,0.0856132,8.4178704e-13,7.923238e-10,1.0,0.9980134,7.733507e-06
5966,0.5529831,0.05994424,0.003996537,0.0012210069,0.09857482,1.0,0.00018143833,1.0,0.13688383,0.046305083,1.0,1.0,0.3019916,1.2698368e-29,2.1820463e-09,0.05361336,0.00016375893,1.939449e-36,0.011657234,0.027062848,5.064974e-05,1.0,1.0,0.9972691
5971,0.17665558,0.05994424,0.014706349,0.01352198,0.3666133,0.10501985,0.016312161,0.0006109486,0.2662358,0.046305083,3.8429344e-32,0.0009638931,0.13686801,0.00017654485,0.00039055978,0.19832896,0.00030897695,2.3009756e-09,0.03779956,0.027062848,4.356462e-05,0.92345864,6.0338755e-31,8.3051345e-05
5975,0.09390064,0.05994424,3.0389762e-07,0.49631283,0.370471,0.99818784,0.019226326,1.0,0.32496375,0.046305083,3.0203522e-15,1.368273e-06,0.07631681,0.0001480742,0.0014821091,9.008579e-15,0.0008174926,1.0,0.0019824235,3.319539e-10,1.0,0.00451996,3.4455137e-28,0.013005278
5976,0.94280803,0.05994424,1.7879486e-06,0.00013048318,6.2320273e-06,7.080196e-16,2.461084e-05,1.0,0.2638164,0.046305083,1.0,7.3198487e-07,0.310961,2.4567929e-23,0.4838452,0.009158504,0.0005783527,1.0155391e-10,0.8124534,3.0557412e-10,5.7037225e-05,1.6350146e-05,2.5561564e-27,1.3584525e-09
5977,0.09390064,0.10609732,0.013702193,0.0010557204,0.0026864838,0.9661048,2.8064522e-23,1.0,0.5468497,0.046305083,2.728692e-06,1.2860484e-10,0.07631681,1.0253612e-05,0.11725667,1.0,0.0011273323,1.0,0.03359453,3.1000945e-13,9.154612e-12,0.9999999,4.431763e-20,2.4870175e-07
5978,0.13582136,0.05994424,0.95114845,1.0,0.040193338,0.9999738,0.018350748,0.9917973,0.14508577,0.046305083,5.2473186e-14,1.9752213e-09,0.07631681,5.1481966e-05,0.0028743737,1.0,0.00053076295,4.333104e-18,0.011657234,1.7637866e-07,8.835488e-14,0.9878741,2.2864113e-13,0.0095037315
5984,0.09390064,0.05994424,0.7378609,0.17138252,0.3666133,0.10501985,0.99903595,0.3784997,0.9939966,0.046305083,5.0137027e-23,0.0007090664,0.07631681,0.11527103,0.14142105,0.0013869064,0.00020972705,4.6030807e-15,0.011657234,0.022045491,0.90179384,0.6875265,6.0338755e-31,3.8166693e-08
5986,0.96339417,0.17572631,8.2220635e-05,6.4366895e-07,0.0022795203,0.99947196,4.3330766e-23,1.0,0.056746874,0.046305083,1.0,4.836845e-09,0.2081817,2.7757384e-21,0.03443669,1.0,0.00032617073,1.0,0.035931535,1.9073264e-11,1.0,1.0,1.0,2.7687334e-05
5988,0.09390064,0.05994424,0.004542348,0.002643427,0.66333956,2.1597898e-13,7.710212e-05,0.99999416,0.2662358,0.046305083,5.751086e-17,5.776079e-11,0.07631681,0.07812778,0.10417229,3.132669e-06,0.00023126575,1.0,0.011657234,7.064428e-08,8.583535e-06,8.6803587e-10,2.4422514e-32,0.0014214362
5989,0.45007396,0.10276631,0.82226914,0.0039127897,0.28912443,0.10501985,0.1584589,1.0,0.6780344,0.5273592,2.092457e-29,1.0,0.16795658,8.485461e-06,0.7413955,0.0013869064,0.0003428578,1.7097861e-17,0.6118289,7.1169e-06,9.349685e-10,0.9011638,1.0,0.106593445
5995,0.09390064,0.05994424,0.00048871397,0.022000806,0.13497634,3.068646e-08,0.081426546,1.0,0.2662358,0.046305083,3.5457207e-11,0.00068078534,0.07631681,2.2705846e-05,0.000282602,2.1529665e-07,0.00019582067,1.0,0.006572451,2.5509e-07,1.4616771e-07,7.1170904e-20,2.207545e-31,9.6149915e-06
5997,1.0,1.0,0.8380896,0.00010475035,0.12832409,4.8113236e-07,0.011683816,1.0,0.34921208,0.8279396,6.492908e-26,1.350682e-15,0.15002693,0.00011540912,8.420824e-06,0.6959504,0.00075388566,1.0,1.0,9.107823e-10,2.4200963e-09,0.99999607,1.3627081e-13,0.0006482315
6002,0.15841892,0.10609732,0.00012452851,4.773717e-08,0.010264092,3.6376016e-15,3.9297757e-25,0.99988616,0.051689018,0.046305083,0.028272735,1.0653594e-12,0.43603134,8.37588e-07,0.11586672,1.0,0.00089643605,1.0,0.10617509,2.455705e-09,1.3543612e-14,1.0,2.3575936e-11,0.0060941502
6007,0.2455108,0.05994424,3.8529004e-07,0.043034013,0.15420923,1.4308066e-11,0.025539387,0.0041304966,0.016589079,0.046305083,0.03566774,0.003504939,0.07631681,0.0011619865,2.5862893e-05,6.813375e-16,0.00048603758,2.5381108e-10,0.0025632665,4.878357e-11,0.039396226,1.9505656e-19,9.673721e-15,0.16021177
6012,0.13582136,0.49985918,0.59201664,0.00010753183,0.0012570944,0.99482745,2.0147987e-23,1.0,0.9584874,0.7026082,0.70015395,9.0551615e-11,0.1749142,1.0636625e-07,0.020169863,2.3416423e-12,0.00045731704,1.0,0.03261185,3.702113e-13,2.7177006e-08,2.4230465e-10,7.63051e-10,0.9999567
6015,0.09390064,0.05994424,4.281519e-06,0.00075247284,0.55134195,1.0,0.020347917,1.0,0.14585476,0.046305083,6.8574344e-33,1.1897179e-10,0.16795658,0.0012401171,0.13562843,1.4636251e-08,0.00032015936,0.6048373,0.011657234,1.9107658e-05,2.926481e-12,1.0,2.4422514e-32,0.27477637
6016,0.09390064,0.05994424,1.1965027e-06,3.3522418e-05,0.33685923,1.7457684e-13,1.9247733e-05,1.0,0.14585476,0.046305083,0.04498338,8.32683e-17,0.38096955,5.518152e-06,2.8867247e-05,0.4921504,0.0007099809,1.0,0.008123963,1.5650989e-10,0.00031958483,1.0,6.2085505e-23,1.0609039e-05
6019,0.16179545,0.05994424,0.0058805165,0.40826184,0.15951541,3.7728022e-11,6.5684594e-06,1.0,0.2662358,0.046305083,1.18376635e-30,8.989553e-09,0.5313401,0.0001022784,0.00014566534,6.2354657e-12,0.0049671945,2.7349532e-16,0.0064144097,1.3311642e-05,0.24288492,1.923274e-07,1.2709429e-27,0.059192207
6024,1.0,0.14426152,0.09607198,0.0034736916,0.20573747,6.614012e-08,0.09076339,1.0,0.6414942,0.1314709,3.006636e-39,1.9115646e-16,0.07631681,0.0010089052,0.00020686342,5.9466355e-11,0.00019582067,0.99870086,1.0,1.2344622e-09,1.6117067e-10,7.715834e-21,4.7305952e-29,0.002059219
6028,0.57268083,0.05994424,0.5393332,0.18995968,0.33219913,3.5523945e-07,7.655132e-06,2.7099444e-17,0.9756059,0.046305083,1.0,5.2628572e-17,0.09646739,3.3015829e-06,0.58001584,1.3092896e-09,0.0008978088,1.0,0.0054273237,1.9404364e-10,9.919811e-13,3.303109e-19,3.106166e-10,0.0011822444
6031,0.67892116,0.05994424,0.0028521854,0.023667974,0.7133517,1.3568281e-10,8.438272e-07,1.0,0.2662358,0.046305083,1.0,9.750091e-08,0.22558899,2.8793e-25,2.1737264e-06,1.3989508e-05,0.004975108,3.006636e-39,0.028777288,3.1863312e-06,3.3896988e-05,1.0,6.0338755e-31,0.37558317
6035,0.3701623,0.05994424,0.008229093,0.13346082,0.16564564,1.0,1.2791237e-06,1.0,0.004121889,0.046305083,1.0,8.015794e-10,0.07631681,5.170497e-07,1.0,0.20364112,0.00045689003,8.478551e-21,0.10295808,0.031161785,2.4840562e-08,1.0,2.2864113e-13,3.9426905e-05
6036,0.7919571,0.05994424,0.007754219,0.047199722,0.0023742465,0.9998294,0.0020563675,1.0,0.2662358,0.046305083,3.006636e-39,0.0023073955,0.1839583,7.0507615e-24,5.581264e-08,1.8509724e-15,0.00025865564,1.1582354e-35,0.011657234,0.0005074941,7.48777e-08,1.0,6.0338755e-31,0.0025574614
6038,0.09390064,0.10011661,0.38016027,0.022540718,0.574614,0.10501985,0.1584589,1.0,0.6660548,0.046305083,4.5005105e-33,3.585392e-07,0.07631681,0.035099097,0.0045719193,5.4343377e-15,0.00026418368,0.756315,0.011657234,7.45515e-08,0.00037710872,3.3603078e-06,6.0338755e-31,0.02377776
6040,1.0,1.0,0.538112,0.00081076,0.003977089,0.9310993,1.19762e-22,1.0,0.9486538,0.046305083,1.4920008e-07,2.1229514e-08,0.07631681,9.548182e-07,0.9598675,1.0,0.00024407149,1.0,0.035931535,1.2978976e-12,2.6767973e-06,0.00085180905,1.6138718e-18,1.5309497e-05
6042,0.09390064,0.05994424,0.012176019,0.01352198,0.44864616,0.10501985,0.1584589,0.3784997,0.2662358,0.046305083,9.141677e-32,0.0021039026,0.07631681,0.015294579,0.0020286255,0.0013869064,0.00016375893,2.3009756e-09,0.011657234,0.027062848,0.004143602,0.28068012,6.0338755e-31,4.5309207e-05
6046,0.5957166,0.10276631,0.025854273,0.0012011491,0.042097792,1.0,0.02285768,1.0,0.0042371973,0.046305083,0.99999976,5.660034e-13,0.07631681,3.3664914e-05,0.0014752713,1.0,0.00019582067,0.9999701,0.0025632665,9.701346e-11,0.0005014354,0.99963677,9.673721e-15,0.004862189
6047,0.09390064,0.05994424,0.25427547,0.0054604313,0.40084127,4.0543326e-11,0.0031738246,1.0,0.45347273,0.046305083,4.6339645e-38,2.204616e-09,0.13686801,4.1680623e-09,3.7759435e-06,7.4356903e-06,0.00028267692,1.0,0.16128159,0.0014734588,0.0012794232,0.0066680308,8.381589e-30,4.6617896e-09
6048,0.09390064,0.23155656,0.07280666,0.12128375,0.66333956,0.05084429,0.1584589,1.0,0.6659742,0.046305083,3.006636e-39,1.7481656e-05,0.07631681,0.0026423475,0.004480644,1.4434739e-14,0.00028125077,3.3862264e-28,0.011657234,0.003664032,1.2266049e-08,2.0230188e-13,2.5549659e-28,0.006710547
6049,0.13582136,0.05994424,0.00024349087,0.004200514,0.26848677,7.961438e-05,0.0002818373,1.0,0.0046851654,0.046305083,0.9999995,1.145457e-14,0.07631681,2.7932035e-06,0.39116147,1.2978976e-12,0.0005055556,1.0,0.0019824235,1.0093187e-11,1.08156254e-16,1.231726e-14,2.2864113e-13,0.00089601724
6052,0.09390064,0.05994424,0.009123456,0.002643427,0.44864616,0.00011257946,0.1584589,0.3784997,0.2662358,0.046305083,9.141677e-32,1.8551556e-07,0.07631681,0.13101266,0.3675933,3.132669e-06,0.00020689992,0.9999999,0.011657234,0.0013688887,0.17557666,1.135873e-26,2.4422514e-32,4.5309207e-05
6056,0.15841892,0.05994424,0.46382248,0.00013226453,0.1438104,0.4614908,0.1584589,1.0,0.45347273,0.046305083,3.006636e-39,1.0,0.07631681,9.780274e-10,0.071523465,7.6352926e-08,0.00022373887,4.644481e-21,0.054583166,0.61256665,2.0833109e-09,0.6875265,1.0,1.9801324e-07
6059,0.15838231,0.10276631,2.0810448e-07,0.0029874726,0.13497634,8.939477e-08,0.09900264,1.0,0.14585476,0.046305083,9.2263775e-12,2.007024e-08,0.07631681,0.000148273,0.0011104922,0.0008929422,0.0006442586,3.006636e-39,0.0016357065,9.100695e-08,1.916032e-09,1.9929864e-34,6.0870295e-22,4.043111e-07
6063,0.09390064,0.10609732,0.38346502,4.631344e-10,0.013139184,0.9999964,3.56255e-24,1.0,0.10870308,0.29050592,5.2749546e-14,1.1206281e-12,1.0,1.3680744e-07,0.15653482,1.0,0.00020411126,2.3665286e-10,0.021866366,8.1103933e-13,9.434645e-15,1.0,9.318364e-15,0.06668575
6068,1.0,1.0,0.97477174,0.09394721,0.4221894,0.4614908,1.0726221e-06,1.0,0.6245587,0.30965918,3.3172068e-23,0.00010061695,0.07631681,0.0017044093,0.00067779666,1.04808506e-11,0.00028965613,2.3009756e-09,0.054583166,0.004309938,1.537456e-07,0.6875265,2.0707957e-28,7.053081e-11
6078,0.09390064,0.05994424,0.012176019,0.01352198,0.20927177,1.0,0.1584589,0.3784997,0.14409234,0.046305083,1.4118832e-05,0.0021039026,0.07631681,0.015294579,0.006130043,1.0,0.00016375893,2.2796245e-19,0.011657234,0.027062848,0.004143602,0.9999949,6.0338755e-31,0.0025105642
6082,0.09390064,0.11247053,0.58926713,0.012957121,0.40084127,1.0985403e-06,0.034891997,1.0,0.90926915,0.085110664,2.7343755e-34,0.00083456485,0.07631681,0.0033183866,0.0025664212,5.97345e-08,0.00019444495,1.7079335e-26,0.2564673,0.01211214,0.00958475,0.5935925,6.0338755e-31,0.0008713225
6089,0.78230536,0.05994424,0.012039773,0.002575198,0.016091546,1.0,0.0020563675,0.024528679,0.37259588,0.046305083,1.5991458e-25,0.0021039026,1.0,6.552857e-24,2.7390231e-05,4.012272e-13,0.00016375893,4.011437e-36,0.011657234,0.8059336,0.00013266454,1.0,6.0338755e-31,0.2507848
6090,0.11815516,0.10609732,0.028176717,7.829384e-08,0.011417376,0.00977322,3.56255e-24,1.0,0.26866207,0.046305083,1.407387e-17,6.8695385e-08,0.07631681,2.7143311e-05,0.007934645,1.4568211e-08,0.00038509906,3.306803e-07,0.035931535,1.4727956e-09,0.9999974,0.018569754,1.5293768e-18,8.6679815e-05
6091,0.13582136,0.05994424,0.0077969083,0.028032253,0.18106374,0.0058448105,0.016312161,1.0,0.0046493006,0.046305083,3.0396588e-05,0.00023093258,0.13686801,8.550535e-05,0.00015600616,0.0036884819,0.00018132574,8.246988e-15,0.011657234,0.10049175,1.7952349e-05,0.30753493,3.9021664e-12,0.87726325
6093,0.9911075,0.10276631,0.00035803058,0.055996206,0.07580583,5.5334587e-12,0.0002217335,1.0,0.2662358,0.046305083,1.0,9.886154e-06,1.0,3.5259507e-24,1.1723911e-05,0.9999882,0.0003618775,1.0,0.006572451,0.0011880781,6.4993907e-07,1.0,6.696311e-32,0.0762049
6097,0.09390064,0.05994424,0.07459683,0.10348621,0.60370564,0.10501985,1.2791237e-06,0.7047671,0.2662358,0.046305083,3.006636e-39,0.00013275276,0.07631681,0.019495495,1.0,0.9248219,0.00018023394,2.3009756e-09,0.011657234,0.05865267,4.60659e-09,0.00013196481,2.2606795e-24,0.011715833
6099,0.09390064,0.32243612,0.99999833,6.9284376e-08,0.44864616,0.4614908,0.1584589,0.99725443,0.99919933,1.0,7.8882936e-38,1.3725872e-06,0.1749142,2.9300025e-05,0.6425117,4.8377187e-05,0.0068452493,2.80121e-24,0.06738012,0.7117292,1.5034232e-09,1.0,2.0707957e-28,1.9866998e-13
6102,0.13582136,0.30668238,0.4392038,0.11027766,0.18106374,0.09765114,0.1584589,1.0,0.020146722,0.30965918,3.0591748e-22,0.0015745913,0.24536146,1.812191e-06,0.004505783,1.1457114e-05,0.00042579303,5.3854543e-09,0.011657234,0.054208104,2.50748e-13,4.6123434e-05,1.7302781e-16,0.007136471
6115,0.81357694,0.10276631,0.007272931,0.0020612981,0.28118795,6.2399914e-14,0.09566008,1.0,0.3350658,0.046305083,6.4156036e-17,9.165661e-18,0.09646739,0.00016141246,8.529817e-06,8.9432254e-20,0.00024666707,1.6043472e-08,0.0025632665,6.0200306e-10,1.0,3.006636e-39,4.7305952e-29,0.0003270931
6116,0.09390064,0.05994424,0.013607388,0.009371048,0.4221894,0.10501985,0.1584589,0.3784997,0.2662358,0.046305083,1.4052994e-33,0.008012741,0.07631681,0.0011813083,0.098294996,1.2555592e-15,0.0005405217,9.7036074e-14,0.011657234,0.047195196,1.0,1.2682858e-07,6.0338755e-31,1.0496687e-05
6122,0.13582136,0.10609732,4.093754e-05,5.1808674e-10,0.002573349,0.07022508,7.8235034e-23,1.613055e-12,0.41081592,0.046305083,0.00046822,6.206452e-09,0.07631681,0.000423582,0.081581004,1.0,0.00020411126,5.518843e-22,0.035931535,1.869666e-10,1.784415e-14,1.0,0.45783728,2.1719852e-07
6132,0.13582136,0.05994424,0.0018934961,1.0,0.30563197,1.4259783e-08,0.42576036,1.0,0.0050841863,0.046305083,9.5942984e-12,0.012334718,0.07631681,0.00015501562,3.1625263e-05,1.0135518e-05,0.00016375893,1.5185462e-07,0.011657234,0.054391,1.5138786e-06,2.958073e-14,1.7302781e-16,0.005824144
6136,0.09390064,0.05994424,0.012176019,0.051303227,0.44864616,0.10501985,0.1584589,0.3784997,0.2662358,0.046305083,9.141677e-32,0.0021039026,0.07631681,0.015294579,0.006130043,0.0013869064,0.00016375893,2.3009756e-09,0.011657234,0.027062848,0.004143602,0.6875265,6.0338755e-31,0.0025105642
6139,0.09390064,0.10609732,0.0018411962,0.006630746,0.004185967,6.7944637e-28,1.0884464e-22,1.0,0.10870308,0.046305083,0.999964,1.3202589e-12,0.07631681,0.00014129396,0.6243647,1.0,0.00073247164,1.0,0.03344825,5.631036e-13,1.5566283e-11,6.117083e-14,1.0894951e-05,0.011924327
6140,0.09390064,0.10609732,0.031829674,3.5361658e-10,0.02301306,3.400783e-13,3.56255e-24,1.0,0.17155215,0.046305083,2.482718e-25,3.396078e-09,0.5057625,5.997989e-06,0.08217215,4.7701815e-06,0.00020411126,2.2271063e-07,0.10617509,3.512209e-10,5.336771e-09,0.017675947,3.7916712e-20,0.0017430475
6142,0.19507182,0.05994424,0.3531138,0.7777612,0.18106374,1.1723339e-15,0.1584589,1.0,0.011550976,0.046305083,0.0003200574,0.0031847109,0.07631681,1.935552e-06,0.00026381368,3.930471e-11,0.00028198995,8.615756e-08,0.054583166,0.13569348,0.001273432,4.0749994e-05,2.2577155e-16,2.252135e-06
6144,0.09390064,0.05994424,0.0014874636,0.00095327286,0.14731796,3.2980897e-06,0.044893276,1.0,0.2662358,0.0951895,3.4794898e-18,7.86588e-11,0.17856261,3.262229e-06,0.99508566,1.008815e-05,0.00037761847,1.0,0.0016283505,3.818704e-10,0.013676801,1.0,3.8457751e-19,3.3038647e-05
6150,0.09390064,0.05994424,0.0001465925,0.105701424,1.0,1.134095e-06,0.023166621,1.0,0.2662358,0.046305083,1.6820392e-25,0.00041761724,0.07631681,0.00010683957,0.0017649309,8.802633e-11,0.0037606463,1.0,0.004965229,1.4616276e-08,1.6017084e-05,0.013692375,4.364887e-27,0.00016159078
6154,0.09390064,0.05994424,0.0023151482,0.01762634,0.44864616,0.05084429,0.1584589,5.763497e-31,0.49861002,0.046305083,7.704e-39,2.4357314e-05,0.07631681,0.012242706,0.99997735,4.181114e-05,0.00042034892,1.6885594e-12,0.0016283505,3.3423828e-07,1.4679761e-06,1.2764375e-13,6.0338755e-31,1.3045179e-05
6155,1.0,1.0,0.00021698303,0.037141815,0.17132996,1.5278365e-08,0.019863704,0.8150676,0.2662358,0.046305083,0.9146485,1.0,0.07631681,5.832883e-06,0.8519663,4.1191947e-10,0.00027394408,1.0,0.0019824235,0.0043676207,0.00014188894,2.9759685e-13,1.0,0.44272107
6164,0.09390064,0.05994424,0.008160497,0.057287846,0.40084127,1.2139532e-07,3.682984e-06,1.9747686e-06,0.2662358,0.046305083,9.810206e-32,1.1043097e-07,0.13686801,0.00071969343,8.379188e-07,7.759869e-11,0.00026206087,2.5959068e-33,0.03779956,0.00072125683,4.634934e-09,1.0,2.2458944e-32,3.6812386e-07
6166,0.09390064,0.10609732,0.20841038,1.8897035e-10,0.0104946755,7.6235345e-08,3.56255e-24,0.0015652255,0.22964625,0.046305083,3.4671114e-20,2.7883965e-08,0.07631681,7.6471886e-05,0.028826686,1.0,0.00022600578,7.727381e-21,0.03344825,2.2170545e-10,1.684693e-08,0.9999993,7.381962e-21,0.00032939753
6168,0.7089464,0.17572631,9.893124e-06,2.2649857e-10,0.009406016,4.3193708e-07,4.3330766e-23,1.560356e-26,0.054282483,0.046305083,0.0071070865,2.7883965e-08,0.07631681,6.608043e-05,0.0010963816,0.95574486,0.000390936,0.030274928,0.035931535,1.8584974e-11,2.0859876e-12,0.7614517,1.1731996e-19,0.00017742273
6171,0.13582136,0.10609732,1.0,4.195212e-09,0.003237868,0.9999987,3.137432e-25,1.0,0.2568446,0.091239415,0.0007398697,4.7471264e-14,1.0,6.82447e-08,0.10883062,1.0,0.00023658585,1.0,0.089466564,4.656581e-13,1.9623754e-16,3.2712702e-08,0.5542207,4.3798427e-06
6172,0.09390064,0.05994424,0.0003143783,1.481493e-09,0.8509192,4.581567e-07,1.5670054e-09,1.0,0.9573488,0.046305083,1.0,7.136105e-13,0.13686801,1.0,1.0,2.155287e-14,0.00028787655,1.0,0.0019824235,4.134953e-06,1.3197003e-08,1.243286e-08,2.2606795e-24,6.1559044e-06
6183,0.09390064,0.05994424,0.019010637,0.94546765,0.15951541,0.41686535,1.0,1.0,0.2662358,0.046305083,2.011957e-38,0.018759353,0.07631681,1.0,0.0021279156,2.9720016e-18,0.010729158,4.112806e-09,0.012423,1.1901456e-06,0.14479496,0.13086686,8.7787854e-27,1.048747e-11
6184,0.22413866,0.05994424,0.007056708,0.027898278,0.037699096,0.057478633,0.02285768,1.0,0.2662358,0.046305083,3.3814538e-26,1.0,0.07631681,6.4193716e-07,8.693025e-06,2.1139678e-07,0.00021682607,1.2059649e-20,0.0025632665,3.1724842e-10,7.293522e-07,0.16966455,1.0,0.0045071538
6185,0.13582136,0.10609732,0.034252595,2.9538484e-07,0.0032429688,1.0,1.9606505e-20,1.0,0.08156789,0.046305083,1.5068249e-13,3.9225495e-10,0.07631681,1.9076442e-06,1.0,1.0,0.00026113554,4.5457327e-26,0.035931535,7.14114e-10,7.221296e-17,1.0,7.684221e-08,0.0011674201
6190,0.09390064,0.10609732,0.97782576,1.0918901e-10,0.011417376,1.6948684e-07,3.881773e-24,0.0057692844,0.10870308,0.07390926,2.4343504e-07,1.3212302e-10,0.5748851,1.8535426e-06,0.0022801526,0.0006302392,0.00024920068,1.0018765e-19,1.0,5.2590426e-10,4.50709e-11,0.9999995,5.4098987e-19,7.772866e-05
6197,0.56380963,0.05994424,0.0733537,0.0012210069,0.3666133,1.0,0.20706835,0.0037278556,0.60093313,0.046305083,6.4201883e-15,2.2719405e-05,0.07631681,1.5303469e-05,0.0057899137,5.096685e-07,0.00022318003,0.65599364,0.011657234,0.0011653695,2.061539e-09,5.4401034e-15,6.0338755e-31,0.00018278162
6198,0.37568435,0.05994424,2.9212342e-07,0.01352198,0.44864616,0.03710878,0.1584589,7.756614e-15,0.14585476,0.046305083,7.156525e-24,0.0021039026,0.07631681,2.7351447e-05,0.004726123,0.0013869064,0.00018304498,2.692591e-25,0.011657234,0.6189965,1.3505263e-07,0.6875265,6.0338755e-31,0.13288881
6207,0.278159,0.10609732,7.6133256e-05,5.1461495e-05,0.0038127513,9.855014e-07,1.5219003e-23,1.0,0.014953953,0.046305083,1.0,9.21231e-12,0.07631681,4.8281876e-05,0.9914791,1.0,0.0005783527,1.0,0.0016357065,2.155544e-12,2.7508195e-06,1.0,0.43876824,3.9101513e-09
6212,0.09390064,0.05994424,0.00013993317,0.010022755,0.44864616,0.14322811,0.019863704,5.1906396e-10,0.3350658,0.046305083,2.669577e-19,2.2686712e-05,0.07631681,0.0005758448,0.020038769,1.6048085e-07,0.0002096101,1.0,0.0019824235,0.00093859975,1.250281e-10,1.0,6.0338755e-31,5.7819084e-06
6218,0.09390064,0.05994424,6.683738e-05,0.01352198,0.41605037,0.053447388,0.019863704,6.849367e-15,0.1337816,0.046305083,3.5453997e-24,0.00041761724,0.07631681,0.0008324228,0.013115974,0.00027955213,0.00016375893,1.0,0.0019824235,0.027062848,0.00012313516,0.0001688811,6.0338755e-31,0.00079328596
6228,0.09390064,0.05994424,0.027963636,4.1345328e-07,0.44864616,1.7878901e-10,4.344928e-05,4.935145e-30,0.2662358,0.046305083,5.3511105e-21,3.667843e-09,0.24536146,0.007531022,0.0020977117,1.2614311e-14,0.0002285372,1.02882375e-14,0.03779956,0.31307948,0.053644553,1.0,2.2606795e-24,1.6062555e-07
6229,0.17320125,0.10276631,0.017686442,0.004620174,0.81100416,1.0,0.018350748,3.559939e-18,0.2662358,0.046305083,3.5554788e-07,7.8598094e-07,0.07631681,0.0008427655,8.2644365e-06,5.7488294e-12,0.00020689992,1.0,0.011657234,7.565408e-05,0.08419313,1.0,2.4422514e-32,1.057642e-07
6230,0.51905054,0.05994424,0.91105765,0.062313117,0.26848677,0.004367598,0.1584589,1.0,0.007587252,0.046305083,1.4359751e-13,3.3280087e-10,0.07631681,1.3778568e-06,0.010984311,5.549086e-10,0.00020183172,1.0,0.011657234,5.930498e-10,1.5470811e-09,4.0364254e-14,2.2864113e-13,0.0059013036
6233,0.5929794,0.10609732,2.6204882e-05,0.00048467808,4.121232e-05,1.8430312e-16,8.90855e-23,7.707474e-15,0.018196397,0.046305083,1.0,4.223364e-11,0.07631681,2.3526007e-24,0.78944284,1.0,0.00044842053,1.0,0.016543515,6.9123694e-13,1.0064415e-21,1.0,8.3567273e-13,1.5837216e-08
6235,0.09390064,0.05994424,0.012176019,0.087141156,0.1438104,0.10501985,0.1584589,0.47838423,0.2662358,0.046305083,2.3024697e-34,1.0,0.07631681,5.832883e-06,0.006130043,3.2730364e-12,0.00028314517,2.3009756e-09,0.011657234,0.31307948,0.1397899,0.6875265,1.0,0.006557011
6236,0.09390064,0.05994424,0.00020108314,0.03922675,0.10031105,0.00048714408,0.06132636,1.0,0.21790788,0.046305083,0.106729224,5.3439258e-15,0.07631681,7.7678027e-07,0.24647902,1.0,0.00043637143,1.0,0.006572451,4.3249597e-12,1.8044682e-10,6.3453587e-10,1.6570894e-29,1.1371761e-05
6238,0.13582136,0.05994424,0.933618,0.033302635,0.31536984,0.09954256,0.1584589,2.0936867e-29,0.61479104,0.046305083,1.7519584e-29,1.603152e-06,0.38096955,0.0002514518,1.0,0.14253795,0.00016375893,1.607821e-12,0.005171375,0.041096326,6.352627e-06,1.0,5.2525614e-12,0.8849347
6241,0.09390064,0.10609732,0.038109705,2.3650804e-10,0.011832501,0.04787924,3.56255e-24,2.2728747e-14,0.10870308,0.046305083,1.4270541e-18,5.746178e-08,0.07631681,2.9993003e-05,0.07777682,1.0,0.00020411126,1.36490235e-05,0.035931535,1.9390298e-11,4.2439918e-13,0.9883836,4.062601e-18,0.00022567654
6246,0.17320125,0.10276631,0.55035007,0.0048920633,0.44864616,0.46914527,0.1584589,0.040540032,0.8490951,0.046305083,3.006636e-39,0.0021039026,0.16950274,0.0026892766,0.06779477,0.0013869064,0.004491933,3.6806072e-11,0.028777288,0.06747348,0.000675705,1.0,6.0338755e-31,0.2803683
6251,0.13582136,0.05994424,0.0073033203,0.0006673708,0.25296736,1.0,0.1584589,5.2273556e-27,0.005941072,0.046305083,1.0,5.9418226e-13,0.09646739,0.00013005873,1.4034538e-06,6.1599096e-22,0.00043232436,0.99999964,0.011657234,1.7571156e-10,5.932938e-11,8.883441e-22,1.0470191e-09,0.062496446
6254,0.13582136,0.05994424,0.32491517,0.21574031,0.18106374,1.0,0.1584589,6.792914e-19,0.0046493006,0.07390926,3.006636e-39,3.038103e-06,0.14227797,2.7651095e-06,6.47579e-06,0.005903998,0.00016375893,1.9015878e-29,0.03779956,0.009304209,4.1472212e-17,0.8645353,3.9021664e-12,0.01416153
6256,0.17665558,0.05994424,0.008812412,0.0046647796,0.029428313,1.0,1.0,1.0,0.014976469,0.046305083,0.99969494,4.354058e-07,0.07631681,0.032957505,0.23387866,1.0,0.010664619,5.421314e-06,0.0025632665,1.9680097e-06,0.649266,3.858699e-06,5.9308445e-30,1.0
6257,0.09390064,0.10609732,0.017241566,5.173846e-10,0.03925591,0.3957625,3.915353e-24,5.322252e-25,0.26866207,0.046305083,1.3669019e-05,3.2153447e-11,0.07631681,6.063919e-07,0.0009872745,0.10050791,0.000274712,1.7610672e-07,0.035931535,2.0589511e-11,1.0,1.0,7.479858e-13,0.0003725132
6262,0.2088716,0.46084678,0.88316107,0.002172304,0.5325163,7.943233e-07,3.682984e-06,3.006636e-39,0.8205771,0.6053711,5.063463e-31,1.722963e-13,0.28920108,6.1443825e-05,3.306295e-05,7.819258e-10,0.00023856969,2.8694214e-17,0.03779956,6.596078e-10,4.4727537e-09,1.0,2.2458944e-32,0.8940515
6265,0.09390064,0.05994424,0.10973198,0.03685617,0.44864616,1.5479031e-07,0.1584589,1.6750037e-12,0.45347273,0.046305083,1.548998e-27,0.0021039026,0.07631681,2.0782712e-05,0.029021138,5.7366555e-07,0.00022373887,4.6915346e-14,0.054583166,0.30212215,3.0192392e-05,0.72955346,2.0707957e-28,7.254184e-12
6267,0.4333966,0.46781898,1.0,0.0152646685,0.006068732,3.3056386e-14,0.09076339,1.0,0.6395603,0.30965918,2.6767078e-17,0.00040169584,0.1839583,1.6679472e-21,4.8781226e-06,1.471372e-07,0.0005576185,1.1783487e-26,0.0025632665,2.5763458e-07,0.014576346,0.0005334604,4.7305952e-29,0.0036150564
6268,0.40809065,0.05994424,0.012176019,0.0018565244,0.44864616,1.0,0.1584589,1.0,0.13688383,0.046305083,1.8493262e-06,3.9470272e-08,0.07631681,0.0006749298,5.0655694e-06,8.805168e-05,0.00016375893,1.33231955e-17,0.011657234,0.003664032,0.00015422581,0.99494416,6.0338755e-31,0.00020563239
6269,1.0,1.0,0.015532692,0.0012210069,0.44864616,1.0,7.710212e-05,3.683605e-08,0.13688383,0.046305083,1.0,3.368431e-05,0.07631681,0.00027166127,1.40334855e-08,0.99999666,0.00017983206,2.3009756e-09,0.011657234,0.4262668,1.1434997e-07,3.6650155e-10,6.0338755e-31,7.563755e-06
6272,0.13582136,0.05994424,0.00023618243,0.00331338,0.34869018,1.634765e-05,4.6766163e-06,1.07314276e-29,0.01377545,0.046305083,0.9999999,3.489212e-06,0.24536146,2.9989398e-05,0.69864786,5.6934292e-05,0.00036144324,1.0,0.0019824235,0.6982598,3.0399175e-10,0.07207488,3.9912037e-14,0.6854338
6274,0.75554055,0.05994424,0.03835923,0.009383397,0.031453785,1.0,0.0020563675,2.7077326e-10,0.84635717,0.046305083,0.9999989,0.0021039026,0.1839583,1.4746874e-24,5.9206228e-05,1.0,0.00016375893,3.006636e-39,0.011657234,0.027062848,0.004143602,1.0,6.0338755e-31,4.0499108e-05
6276,0.7869847,0.23242444,0.9523543,0.13641393,0.44864616,0.04803421,0.1584589,0.9999906,0.2662358,0.1314709,3.2811592e-25,0.0005840971,0.07631681,0.0018033047,0.9980294,0.0013869064,0.00052369887,2.3009756e-09,0.8874799,0.11473824,0.0037335502,0.6875265,6.0338755e-31,0.0033300268
6278,0.09390064,0.10609732,6.1673513e-06,0.00035897046,0.0047679218,1.1386262e-21,8.01276e-23,5.537185e-16,0.80998325,0.046305083,1.0,2.7227963e-15,0.07631681,1.7950511e-07,0.96609926,1.0,0.0004997336,1.0,0.09261059,2.8894837e-10,2.393299e-08,1.0,0.0015718724,3.7330716e-09
6279,0.5116465,0.10609732,0.008195472,9.418051e-11,0.6653084,1.0,3.7734622e-27,0.9999999,0.10870308,0.091239415,1.0,2.227198e-09,1.0,1.7528646e-25,0.003539583,1.0,0.0002816584,1.0728497e-26,0.035931535,1.5021784e-10,1.18012e-07,0.42112005,1.1334753e-18,0.00014629577
6283,1.0,1.0,0.18430908,0.00056260533,0.26848677,0.062419407,0.1584589,3.0130016e-13,0.025283083,0.046305083,1.1597267e-10,5.105007e-12,0.07631681,1.8410223e-05,0.00064296636,6.3605744e-06,0.0002363428,0.99995947,0.011657234,1.6320655e-09,5.3946223e-07,0.9999938,2.7625175e-14,0.15969628
6284,0.14974806,0.05994424,0.027395414,0.8733554,0.44864616,5.7049636e-08,0.99903595,1.0,0.2662358,0.046305083,3.0520918e-12,0.0002590977,0.09646739,0.13432036,1.9653688e-05,1.2950637e-08,0.00020972705,5.2104226e-16,0.011657234,0.06596438,7.423097e-08,7.1875565e-06,6.0338755e-31,0.0010077668
6285,1.0,1.0,0.20090541,6.841188e-09,0.011417376,0.9999963,3.56255e-24,1.0,0.16640143,0.07390926,1.2819496e-16,2.7740772e-09,0.14227797,1.3260895e-07,0.0128167495,1.0,0.00021918798,6.913721e-26,0.035931535,5.629047e-10,2.280193e-16,0.9999993,1.4427235e-20,0.004295715
6287,0.3498894,0.10609732,1.7322388e-07,1.4280298e-09,0.0948167,1.0,3.4334443e-27,1.0,0.080249615,0.046305083,1.0,4.8977163e-13,0.1839583,1.6134905e-25,0.00072930724,1.0,0.00030942584,1.0,0.03344825,3.934073e-10,4.841887e-23,1.0,0.005390099,3.1868358e-06
6288,1.0,0.05994424,0.03198176,2.690893e-09,0.7161611,0.05084429,0.0026124723,0.0001083933,0.53353196,0.046305083,1.240524e-38,0.00024128525,0.07631681,0.00039475225,0.0014416497,3.7808343e-11,0.0007473336,3.342305e-31,0.028777288,2.2630712e-07,1.04458116e-10,9.274763e-07,2.2606795e-24,1.7855778e-05
6293,0.09390064,0.05994424,0.11522469,0.08928752,0.1438104,0.10501985,0.999752,0.030946702,0.52219325,0.046305083,6.3497753e-37,1.0,0.07631681,0.012062181,0.014529529,0.0013869064,0.0050998423,4.4706394e-16,0.028777288,0.68882906,0.039190914,0.6875265,1.0,0.002534652
6294,0.09390064,0.32243612,0.89089644,0.004393365,0.44864616,1.5050627e-07,0.018350748,1.0,0.80967796,0.70710397,3.006636e-39,7.8598094e-07,1.0,1.7853581e-05,0.008241724,3.2089817e-13,0.00030181615,1.0,0.054583166,0.0020855903,2.8554777e-07,1.6953884e-08,8.381589e-30,1.0030483e-12
6295,0.6809598,0.05994424,0.012736971,0.01352198,0.020112153,0.10507258,0.0020563675,1.9010177e-11,0.99272513,0.046305083,5.3815613e-17,1.0583266e-06,0.1839583,2.2634655e-25,2.2381117e-05,7.266329e-08,0.00030897695,2.7927104e-21,0.0016357065,1.5539927e-06,8.027342e-11,1.0,6.0338755e-31,0.0030115186
6299,0.09390064,0.05994424,0.17903785,0.0001635266,1.0,0.04803421,0.20706835,1.0,0.82578653,0.046305083,8.338242e-17,4.039938e-14,0.09646739,0.00017712236,2.2757073e-05,7.5447155e-11,0.00018083367,0.0015080939,0.011657234,1.3971889e-09,7.355523e-07,1.36445e-06,6.0338755e-31,0.5616515
6303,0.09390064,0.10609732,0.01845792,6.600983e-11,0.009406016,7.0887627e-06,7.76709e-24,1.0,0.29509836,0.046305083,3.454548e-17,4.318812e-11,0.07631681,2.595894e-05,0.0027083522,1.0,0.00039954152,0.35637704,0.15428965,2.3380478e-10,2.4751775e-13,2.4476538e-08,1.1554029e-19,1.9857935e-10
6304,0.13582136,0.05994424,0.009867731,0.2533484,0.18106374,0.043020368,0.022481032,1.0,0.0051192413,0.046305083,7.3255957e-16,0.00014023398,0.13686801,4.1025673e-06,4.2955842e-05,1.8313385e-19,0.00020639747,2.169874e-16,0.011657234,0.9655776,3.8432996e-10,3.5503072e-12,2.2864113e-13,0.23111719
6305,0.17665558,0.47920367,0.9809753,0.01352198,0.1438104,1.7878901e-10,1.2791237e-06,0.005303897,0.8205771,0.8098421,1.7827807e-23,1.0,0.1749142,7.5151805e-09,0.011487869,3.204183e-05,0.00030897695,5.0532617e-10,0.99286497,0.0035273852,0.031790536,0.92364526,1.0,0.0114000095
6313,0.09390064,0.05994424,0.012176019,0.01352198,0.44864616,5.656193e-09,0.1584589,0.3784997,0.2662358,0.046305083,9.141677e-32,0.0021039026,0.07631681,0.015294579,0.006130043,0.0013869064,0.00016375893,4.6915346e-14,0.011657234,0.027062848,0.004143602,0.6875265,6.0338755e-31,0.0011889419
6316,0.09390064,0.05994424,0.00032268284,0.0033004044,0.574614,0.053447388,0.019863704,0.0004159987,0.3174984,0.046305083,1.0819006e-24,7.104832e-08,0.07631681,0.0028118223,0.093621746,1.5190616e-11,0.00016375893,1.0,0.0019824235,2.174937e-09,0.08693543,6.330944e-05,6.0338755e-31,0.02377776
6317,0.5005376,0.17572631,0.0070893797,1.2807011e-08,0.004847604,9.636349e-07,4.0338848e-22,1.3711931e-23,0.19009706,0.046305083,1.5527128e-20,1.0,0.07631681,5.0184623e-10,0.001081199,0.03782153,0.0005378361,8.1008206e-10,0.03344825,4.4606896e-09,2.4864212e-12,0.05816204,1.0,0.04601788
6318,0.09390064,0.10609732,0.12069531,1.3198328e-09,0.011417376,0.026475297,3.56255e-24,5.709175e-27,0.10870308,0.046305083,0.9999732,2.7883965e-08,0.07631681,9.636583e-06,0.0002794189,1.0,0.0004707903,0.986497,0.035931535,2.2038106e-11,2.509838e-10,0.9999993,7.381962e-21,0.0028143008
6320,1.0,1.0,0.00765887,0.015727127,0.16218992,0.23947664,0.1584589,1.0,0.0050841863,0.046305083,0.005566691,1.9999465e-05,0.07631681,0.0024789553,0.0006410384,1.1780259e-10,0.00028406095,2.3425971e-13,0.011657234,0.98802596,4.6023675e-12,6.6010515e-17,3.9021664e-12,1.0
6327,0.09390064,0.10609732,0.008332877,2.487249e-10,0.011417376,0.6576293,3.881773e-24,1.0,0.10870308,0.046305083,0.013151506,1.2500997e-10,0.07631681,1.6361171e-06,0.0016051679,0.99999356,0.00020411126,0.16061161,0.035931535,2.0713242e-10,1.4707676e-06,0.99999344,6.187261e-19,0.00039721082
6331,0.17665558,0.05994424,2.3286202e-07,0.01352198,0.44864616,1.0,7.710212e-05,5.268946e-16,0.14585476,0.046305083,1.0,0.0012260374,0.16950274,5.7116217e-06,1.8930454e-05,0.09685804,0.00034535953,2.1492254e-20,0.011657234,0.004475015,7.227778e-08,0.99999964,2.2606795e-24,2.4221215e-06
6337,0.5529831,0.05994424,1.2909277e-06,0.027757738,0.06337598,1.0,0.0003448351,1.0,0.4612008,0.046305083,1.0,3.0086483e-07,0.33536997,7.087753e-26,2.6166894e-08,0.9630444,0.00047023527,1.0798768e-15,0.054583166,0.00023782387,0.0013225373,1.0,1.03412786e-29,6.48466e-09
6342,0.9613223,0.05994424,0.00027926895,0.017615508,0.22503118,1.0,0.0002217335,0.70286334,0.6151989,0.046305083,0.9992555,0.0036177007,0.2081817,3.0491855e-25,0.0026803864,0.07211241,0.0018896116,1.0,0.26112,0.0016563517,1.9819252e-11,0.999995,2.0707957e-28,2.6177467e-09
6344,0.8700295,0.10609732,0.0030236118,0.0010376722,0.00306492,6.1376066e-21,2.4042433e-23,4.698038e-13,0.10870308,0.046305083,3.2031027e-22,1.6488503e-11,0.07631681,0.9213525,0.3794834,1.0,0.0055064843,1.0,0.45712054,1.2581171e-11,1.4273074e-14,1.0,2.6187975e-11,0.7574327
6352,0.13582136,0.10609732,0.01262901,1.1226821e-08,0.0031282369,1.0,3.56255e-24,0.99972457,0.056746874,0.07617714,0.78380215,3.679425e-09,0.07631681,7.6471886e-05,0.004598327,0.0010995049,0.00044557248,1.5911584e-30,0.793212,8.698574e-10,4.352282e-13,1.0,7.653325e-09,1.337806e-07
6353,0.13582136,0.05994424,0.011614559,0.013715602,0.06795589,3.576334e-14,1.0,1.0,0.08630819,0.046305083,0.99999976,1.868445e-08,0.09646739,2.165502e-06,7.064629e-07,5.2529603e-09,0.007407917,1.0,0.0025632665,2.1838242e-09,2.3837083e-05,2.7563826e-24,1.2283127e-10,0.0019287927
6354,0.51361257,0.10609732,0.0057464284,7.725403e-05,0.003095743,0.0003675342,2.0147987e-23,1.0,0.32250005,0.046305083,0.04551113,4.9605125e-15,0.16795658,1.2112764e-06,0.48090568,1.0,0.00026862416,1.0,0.019819437,2.5654268e-12,1.0,3.54899e-14,2.460665e-13,0.05012933
6356,0.09390064,0.10609732,0.03319675,2.3650804e-10,0.0023782935,0.026904063,3.56255e-24,1.0,0.10870308,0.046305083,3.3485134e-20,1.0,0.07631681,5.6576606e-09,0.039808273,0.99586856,0.00020411126,8.4101545e-12,0.035931535,2.2170545e-10,1.4746818e-09,0.99991286,1.0,0.00052613195
6359,0.09390064,0.05994424,0.7345961,4.228521e-08,0.6264737,1.3601224e-16,1.6635042e-06,3.006636e-39,0.95745826,0.046305083,3.742713e-19,8.04473e-13,0.16950274,4.5481673e-05,0.08286269,3.6993934e-14,0.00057795626,8.216483e-05,0.028777288,2.3632946e-10,0.96179175,1.0,8.414572e-26,0.00012556014
6361,0.5001774,0.10609732,0.0006020505,4.680392e-09,0.0019561676,6.730352e-23,4.018907e-23,1.0,0.803093,0.046305083,0.99999785,1.0,0.09646739,1.5360024e-09,0.045882158,1.0,0.00049722893,1.0,0.035931535,3.790458e-08,1.0,1.0,1.0,0.0008749307
6362,0.27928856,0.05994424,0.01819418,0.01220865,0.4711519,1.2826937e-05,0.09830792,1.0,0.90117186,0.046305083,4.125523e-33,1.9269802e-08,0.07631681,1.066014e-06,0.036563426,0.00021323127,0.0002860217,0.99998486,0.011657234,0.0044065155,2.7003372e-07,0.8673396,2.2458944e-32,5.878081e-06
6368,0.5116376,0.17572631,2.5674359e-05,4.4753964e-10,0.004576511,4.2677723e-22,3.7554194e-23,3.5674836e-18,0.3840316,0.046305083,1.4067912e-17,1.0,1.0,4.3712737e-07,0.011650474,3.7694692e-16,0.00041727038,3.006636e-39,0.035931535,2.7703603e-05,2.0902115e-10,0.88387364,1.0,3.7202633e-05
6370,0.40809065,0.05994424,0.0042564212,0.0005940945,0.20573747,1.3414306e-09,0.09576062,1.0,0.157382,0.046305083,1.0892168e-11,8.002033e-17,0.07631681,0.00019397313,8.401484e-06,4.1865288e-14,0.00032265607,1.2830259e-06,0.0084867235,8.077179e-11,1.2219712e-07,9.659491e-29,1.6246673e-28,2.4572564e-05
6371,0.09390064,0.05994424,0.012176019,0.99982446,0.4221894,0.10501985,0.1584589,0.3784997,0.2662358,0.046305083,9.141677e-32,0.00044326347,0.07631681,0.008923475,0.118088864,7.3297116e-07,0.0001898146,2.3009756e-09,0.011657234,0.027062848,0.004143602,0.6875265,6.0338755e-31,0.001348323
6374,0.818484,0.10276631,6.6765165e-07,6.1362066e-08,0.00031200398,0.4233458,0.0035697983,0.00036199237,0.93982047,0.046305083,1.0,1.0,0.1839583,2.927979e-26,0.00053933234,0.0002808159,0.00016375893,1.0,0.0016283505,7.201779e-13,9.037841e-14,0.014186643,1.0,0.008744446
6376,0.13582136,0.10609732,1.2259808e-07,4.384431e-11,0.0038811474,9.546928e-12,4.3255433e-24,1.0,0.056746874,0.046305083,1.0,8.03263e-10,0.07631681,3.1260433e-06,0.9772127,1.0,0.00034704857,1.0,0.03261185,8.966534e-10,1.0063133e-24,1.0,0.91154194,1.9915212e-06
6381,0.09390064,0.05994424,0.025345763,0.01352198,0.44864616,0.04803421,0.1584589,0.25534675,0.2662358,0.07390926,9.141677e-32,0.0021039026,0.07631681,0.0009670527,0.0020427278,0.077424265,0.0028662619,3.6806072e-11,0.028777288,0.027062848,0.004143602,0.7881814,6.0338755e-31,0.000108766355
6396,0.09390064,0.10609732,0.04768931,2.338061e-10,0.00622613,1.0,3.7992354e-24,1.0,0.05422198,0.046305083,1.0,1.845585e-12,0.07631681,1.0696903e-06,0.0041693435,1.0,0.00020411126,5.636906e-16,0.021866366,5.0507103e-13,3.1362202e-12,0.19783631,7.237312e-19,0.0002564371
6397,0.17665558,0.05994424,0.000813052,0.37894416,0.16112357,7.5010956e-11,0.06413357,1.1147089e-22,0.4523616,0.046305083,3.006636e-39,3.745547e-08,0.13686801,7.961466e-06,1.2912034e-06,2.6129559e-14,0.0006513697,1.4369423e-24,0.0025632665,6.033418e-11,8.227025e-10,3.006636e-39,1.6246673e-28,1.5377436e-05
6401,0.09390064,0.10609732,0.16432688,1.590906e-08,0.011417376,1.005158e-10,3.137432e-25,1.0,0.35230803,0.046305083,3.2336234e-22,4.8443555e-11,0.13686801,1.8448733e-07,0.8201141,1.0,0.00036390458,1.0033457e-18,0.15428965,2.3858493e-10,4.1771052e-08,1.0,5.417106e-19,0.000376931
6402,0.09390064,0.05994424,1.3257784e-07,0.03446316,0.11952317,0.10501985,0.0026124723,9.244507e-15,0.14585476,0.046305083,2.621489e-09,1.0,0.07631681,7.8927895e-09,0.0014066938,0.3656853,0.00016375893,1.5053283e-24,0.011657234,0.006080585,3.4952427e-07,0.9733882,1.0,0.77630985
6404,0.5529831,0.05994424,0.00039950188,0.81047726,0.002395467,0.07604073,1.0,6.482582e-20,0.14585476,0.046305083,0.1266266,5.66847e-07,0.1839583,2.7831574e-23,2.476068e-05,8.4160165e-11,0.23110269,1.3117578e-26,0.011657234,0.00038906347,0.22581646,1.0,2.4422514e-32,0.016681936
6406,0.09390064,0.10609732,0.0095928665,4.069367e-09,0.010264092,1.6959513e-08,4.9557564e-26,1.0,0.36372787,0.046305083,0.80448633,2.2371658e-08,0.07631681,9.044108e-07,0.90060985,0.7778162,0.00029408833,0.8609031,0.03359453,2.5914148e-11,1.7318533e-12,0.9999925,6.565613e-14,0.002753377
6410,0.99999917,0.05994424,0.056161966,0.2623479,0.002018742,1.0,0.0020563675,1.0,0.72341925,0.046305083,2.9299332e-34,1.0,0.1839583,2.5522006e-27,0.00016656778,1.5573738e-11,0.00022369089,3.006636e-39,0.054583166,0.12850448,0.0014317783,1.0,1.0,4.4197854e-08
6411,0.51473016,0.17572631,0.81970125,4.7632103e-09,0.009406016,0.0003763843,4.018907e-23,0.9999993,0.10870308,0.046305083,2.2382761e-07,2.3451599e-12,0.55143994,0.00067744375,0.019643568,0.9960829,0.00037650974,3.006636e-39,0.10617509,3.0895053e-09,0.4408861,1.0,3.2048603e-16,4.1523177e-10
6413,0.1538923,0.10609732,0.00011325478,0.00040181418,0.0026864838,3.8788205e-20,2.4070327e-23,0.9999999,0.10870308,0.046305083,8.3163206e-14,2.525165e-10,0.07631681,7.49417e-08,0.8287173,1.0,0.0009175014,1.0,0.035931535,2.8235243e-13,1.5373936e-14,1.0,2.310523e-05,0.00060016534
6416,0.09390064,0.292818,1.0,0.0026999703,0.003095743,0.92189443,2.2573717e-23,4.387972e-14,0.4530505,0.30965918,0.9999765,2.5221587e-12,0.07631681,1.9075533e-06,0.14371864,0.998601,0.00031240252,1.0,0.019819437,8.02911e-13,6.457469e-09,1.4747527e-12,4.8830007e-19,0.9996749
6417,0.09390064,0.05994424,0.0029818933,2.5541258e-06,0.12133858,2.556733e-06,0.09830792,4.411887e-15,0.2662358,0.046305083,6.1018684e-20,1.0,0.07631681,2.0689888e-06,0.006319046,1.03154125e-05,0.00038932226,2.9146528e-07,0.011657234,3.5568257e-05,0.36540478,0.97713804,1.0,2.164964e-07
6420,0.9967104,0.10609732,0.0029698857,8.4118216e-07,0.00093689584,1.0,3.9297757e-25,3.006636e-39,0.05422198,0.046305083,1.0,4.991968e-11,0.07631681,1.0689239e-07,0.0058836844,1.0,0.0006111547,5.0296725e-18,0.035931535,6.047155e-10,3.2107512e-13,1.0,0.00022620111,2.7566202e-08
6430,0.09390064,0.05994424,0.6414318,0.026412899,0.15951541,0.00143103,0.03744375,1.0,0.42111132,0.07390926,3.006636e-39,0.0009412595,0.14227797,0.00028559007,0.05150187,4.9173387e-08,0.0005576185,3.746339e-09,0.0025632665,2.5202553e-05,5.5261502e-08,0.018165503,4.364887e-27,0.0013512257
6439,0.8751777,0.10609732,0.0110541815,2.3650804e-10,0.08276571,0.9999753,3.8986717e-26,0.00032163394,0.10870308,0.046305083,4.396876e-05,2.7883965e-08,0.1839583,2.5602118e-23,0.014199473,0.9999137,0.00020411126,8.6662595e-26,0.035931535,1.9506824e-10,1.0,0.023975834,2.0601773e-18,0.00037769353
6441,0.09390064,0.10609732,0.011407521,2.016271e-08,0.008148275,0.1433979,1.9606505e-20,1.0,0.07776915,0.046305083,2.7831565e-16,1.056911e-09,0.07631681,1.6755076e-06,0.0029771393,1.0,0.0002585225,6.0821495e-24,0.035931535,1.5607388e-09,3.6808165e-23,1.0,3.070835e-20,3.7132577e-06
6445,0.09390064,0.05994424,0.0038804396,0.37657428,0.15951541,0.0014556159,0.015786901,1.0,0.2662358,0.046305083,3.006636e-39,4.6585114e-08,0.13686801,0.00024042386,0.008241771,4.796165e-17,0.00031313425,0.9993438,0.0016283505,1.7817984e-08,8.82215e-06,0.08736308,4.761755e-21,1.9112342e-05
6446,0.09390064,0.05994424,0.0035486459,0.09144315,1.0,0.00143103,0.027521316,1.0,0.2662358,0.046305083,3.006636e-39,1.2008073e-07,0.07631681,0.0028721294,0.11588104,8.087551e-08,0.0012923281,0.12615336,0.0064144097,2.664802e-10,1.2327594e-08,0.4946752,4.364887e-27,0.0006250982
6450,0.17665558,0.05994424,2.3120195e-07,0.034398977,0.6310193,8.478749e-09,0.1584589,1.0,0.14585476,0.046305083,4.2200476e-14,0.00057174254,0.07631681,2.841646e-05,0.00014044851,3.2634795e-20,0.00031121608,2.7645544e-31,0.011657234,9.6566226e-05,3.8956745e-08,3.814391e-12,6.0338755e-31,0.00065385696
6456,0.5116465,0.10609732,0.0011503631,1.1541257e-11,0.001139148,0.9999995,4.196134e-27,2.5851373e-06,0.10870308,0.046305083,1.0,5.0514134e-13,0.470089,4.073125e-24,0.15254924,1.0,0.00025042897,1.0,0.029907197,3.0948069e-13,1.791466e-23,0.99999726,9.172018e-20,0.0008436566
6457,0.782445,0.10276631,0.01219203,0.11981038,0.44864616,0.10501985,0.1584589,1.0,0.15280591,0.046305083,6.9036684e-22,5.57968e-06,0.07631681,6.00334e-05,0.0049133673,6.1026267e-12,0.0011417256,7.789539e-27,0.03779956,0.024922993,0.0006130978,0.9366759,2.5549659e-28,2.3220723e-06
6465,0.09390064,0.05994424,0.10973198,0.01352198,0.1438104,0.4614908,0.1584589,0.47838423,0.45347273,0.046305083,6.6195483e-28,1.0,0.07631681,5.2938008e-06,0.0013872994,5.7366555e-07,0.00022373887,2.3009756e-09,1.0,0.002757335,0.0150741,0.6875265,1.0,4.2693207e-10
6467,1.0,0.05994424,5.1206058e-05,0.7654945,0.6388928,5.1325683e-06,4.6766163e-06,0.00076564273,0.21521766,0.046305083,3.7199531e-34,1.5291738e-09,0.07631681,0.00015592363,0.034556743,6.6617843e-18,0.00041842397,1.0,0.0019824235,9.380054e-06,1.8846771e-06,7.688654e-14,9.1502177e-26,0.00025164077
6468,0.09390064,0.05994424,0.0001168576,0.14781323,0.3148628,0.22501843,8.027536e-06,1.0,0.52219325,0.046305083,6.4613443e-22,0.000111313326,0.07631681,0.011411048,0.64773977,6.557716e-07,0.00019582067,1.0,0.0019824235,4.3214436e-07,0.98311365,1.842134e-06,4.364887e-27,0.1729692
6469,0.99999976,0.10609732,0.003722306,9.161526e-09,0.0008595265,1.0,3.137432e-25,3.6726596e-20,0.075663656,0.046305083,1.0,2.0254782e-13,0.16795658,7.4321535e-11,0.5939462,1.0,0.0004989673,3.006636e-39,0.053770196,6.0310548e-09,7.561224e-15,0.99994516,3.8894505e-09,6.9485196e-07
6471,0.99501944,0.05994424,0.011833433,0.14519542,0.17103833,2.6957964e-11,0.14117905,1.0,0.2662358,0.046305083,3.006636e-39,0.003611973,0.07631681,0.021611098,2.03593e-05,0.06721783,0.00036185127,2.8287576e-21,0.0084867235,7.7696555e-08,1.0634935e-12,4.4655456e-11,4.7305952e-29,1.48622175e-05
6477,0.09390064,0.05994424,0.029014962,0.036001984,0.28912443,0.10501985,0.1584589,0.47838423,0.2662358,0.046305083,3.6666176e-32,1.0,0.07631681,5.832883e-06,0.04983677,1.7274101e-15,0.00023923571,2.3009756e-09,0.011657234,0.027062848,2.7342421e-05,0.6875265,1.0,0.0021152191
6484,0.09390064,0.05994424,0.0058805165,0.021000091,0.15951541,0.0004320121,0.025759669,1.0,0.99801564,0.046305083,3.006636e-39,8.946101e-06,0.07631681,0.0013143596,0.00031503267,5.3823834e-13,0.00019582067,1.2887113e-23,0.0025632665,3.8068075e-07,0.0012261816,1.15353934e-07,4.364887e-27,0.9288623
6488,0.09390064,0.05994424,0.0804103,0.01352198,0.44864616,0.10501985,0.1584589,0.3784997,0.2662358,0.046305083,1.618657e-32,0.0049222,0.07631681,0.026147138,0.0010150181,0.0013869064,0.00016375893,4.9437544e-16,0.011657234,0.9998215,0.004143602,0.28068012,6.0338755e-31,4.5309207e-05
6490,0.09390064,0.05994424,0.00018596918,0.024380272,0.44864616,2.7548278e-08,0.019863704,0.5448631,0.2662358,0.046305083,8.311192e-23,4.5994213e-05,0.07631681,0.0054859254,0.0031080935,1.2950637e-08,0.00016375893,1.0,0.0019824235,0.0804826,0.00029213444,5.730704e-05,6.0338755e-31,0.03148562
6493,0.2455108,0.05994424,0.008316502,0.3445593,0.014578631,0.055082794,0.999038,6.9666e-06,0.7366596,0.046305083,5.842582e-19,1.0,0.07631681,1.3665483e-08,3.7286205e-05,5.9815676e-08,0.0012376615,3.4750964e-27,0.0016283505,1.1605793e-05,1.216348e-06,1.0584093e-06,1.0,0.9976954
6506,0.09390064,0.05994424,0.00017166154,0.99419713,0.13497634,2.2722748e-08,0.107221656,0.004090169,0.6846945,0.046305083,3.8006324e-14,0.0005214797,0.07631681,1.0,0.08876738,9.900625e-09,0.0002793579,1.0,0.0019824235,4.6048095e-07,1.4307032e-06,3.006636e-39,1.6246673e-28,0.00029990583
6509,0.09390064,0.05994424,0.007910543,0.9605404,1.0,1.8095052e-12,0.021875154,1.0,0.2662358,0.046305083,3.893424e-34,1.9141285e-07,0.07631681,0.0017824178,0.0023280568,1.605555e-10,0.005096033,1.0657831e-14,0.0064144097,5.5428023e-10,0.00073062134,3.0369633e-13,1.7667042e-28,0.00020229604
6511,0.13582136,0.10609732,0.047050737,1.9597241e-08,0.004067931,1.0,4.3643876e-27,1.0,0.080249615,0.046305083,1.0,2.901792e-19,0.48940003,6.3612296e-11,0.007885562,1.0,0.00035695752,1.0,0.030810965,6.361236e-13,5.889661e-20,1.0,0.95774645,5.578897e-07
6514,0.09390064,0.10609732,0.9767701,0.20508239,0.0026864838,0.8399555,9.57065e-23,1.0,0.8834058,0.046305083,7.9273443e-19,9.265934e-12,0.07631681,6.2721424e-06,0.034459673,1.0,0.0004654657,0.99992216,0.15428965,3.9248674e-11,9.0065744e-10,0.89403814,1.9331965e-17,1.6283622e-09
6516,0.09390064,0.05994424,1.8933427e-07,0.06352842,0.7574397,7.9377436e-14,0.09830792,2.470642e-07,0.37259883,0.046305083,5.411557e-09,1.2689645e-05,0.07631681,0.00015750833,2.5608997e-05,2.6565783e-12,0.00016375893,1.3880355e-28,0.011657234,0.0007258401,0.87932295,2.2352495e-13,8.414572e-26,0.12517098
6519,0.13582136,0.05994424,3.8576658e-05,0.018493555,0.26908448,0.7922776,2.5481273e-05,1.0,0.011879965,0.046305083,1.0,1.05937e-15,0.07631681,1.7213218e-08,0.024323184,8.4663857e-13,0.0003995689,1.0,0.0019824235,5.0671837e-08,5.9207434e-07,1.0,7.748244e-15,0.0015605838
6525,0.09390064,0.05994424,0.070745826,0.01352198,0.44864616,0.05084429,0.1584589,0.3784997,0.53353196,0.046305083,3.006636e-39,0.0021039026,0.07631681,0.015294579,0.0030734611,1.5201653e-08,0.00016375893,3.349935e-18,0.1025287,0.036490932,0.0009859322,3.4507984e-06,6.0338755e-31,0.0025105642
6527,0.2127052,0.05994424,0.009930397,0.00010014638,0.2557913,0.0025053858,0.1584589,0.99908686,0.2662358,0.046305083,5.915171e-09,1.0,0.38096955,4.0731473e-07,2.7444197e-05,1.03871e-05,0.0006864523,2.3009756e-09,0.03622963,0.0062011923,0.0017562404,2.090142e-23,1.0,0.011919368
6528,0.13582136,0.10609732,0.018572362,1.18616175e-08,0.0018339107,1.0,3.56255e-24,0.024756907,0.17590457,0.046305083,1.0,8.758368e-15,0.43289948,1.2187712e-06,0.5029305,1.0,0.0002572538,1.0,0.020334642,6.323665e-12,2.177785e-16,1.0,0.018064497,2.116663e-05
6530,0.09390064,0.10609732,0.11072452,0.010137768,0.0026864838,1.0,2.4042433e-23,1.0,0.1709487,0.046305083,4.946611e-20,2.7883965e-08,0.31143272,3.4131567e-06,0.2667965,0.99995255,0.00030151792,0.99984753,0.36767152,4.3399634e-13,7.1453435e-08,0.9999987,4.776212e-16,7.588714e-09
6538,0.09390064,0.10609732,1.3427081e-05,0.002942842,0.003095743,0.9943884,2.7942633e-23,1.0,0.054282483,0.046305083,1.0,3.8196975e-16,0.07631681,2.8231274e-05,0.02737899,1.0,0.00027281343,1.0,0.019819437,8.227496e-10,1.0496656e-11,2.5068416e-11,5.971273e-16,6.166283e-05
6540,0.09390064,0.05994424,0.08583295,0.81802744,0.5261966,1.2139532e-07,0.09830792,0.00012389435,0.99757725,0.046305083,3.006636e-39,3.1659554e-14,0.07631681,0.0007860464,0.0015963536,5.4343377e-15,0.00048242699,3.7767357e-05,0.011657234,1.2261418e-08,0.010460523,1.0,8.414572e-26,0.00077502575
6541,0.09390064,0.10609732,0.009072927,1.540462e-09,0.0120790405,1.2181868e-10,3.56255e-24,0.00054429553,0.10870308,0.046305083,3.194007e-18,1.1206281e-12,0.07631681,8.717477e-05,0.011213864,0.0011459853,0.0002572538,0.027275749,0.021866366,2.3872501e-11,3.5882046e-09,0.028738871,1.2806733e-13,0.0005455108
6542,0.09390064,0.05994424,0.00037158624,0.008906239,0.4633368,7.0156045e-07,8.227287e-06,1.0,0.2662358,0.046305083,5.144957e-35,2.2292258e-16,0.07631681,9.281246e-06,0.00023174871,6.356671e-18,0.000508782,1.0,0.0025632665,4.9645454e-11,0.00017741292,7.260808e-14,3.4455137e-28,0.00025957666
6544,0.38645583,0.10609732,0.0030222237,0.14878513,0.0023113252,1.0,8.420424e-24,1.0,0.08110535,0.046305083,1.0,2.703475e-10,0.09646739,1.7341297e-06,0.00064824877,1.0,0.00025406093,1.0,0.03261185,1.4540248e-09,5.725856e-21,4.0244816e-09,0.6261929,3.0813142e-06
6546,0.5529831,0.10609732,3.0530107e-05,7.50802e-05,0.018342277,0.77556175,2.4042433e-23,0.9659529,0.013749619,0.046305083,1.0,2.902034e-09,0.2081817,2.1923318e-22,0.92994666,1.0,0.00040013477,1.0,0.03344825,6.0261556e-13,1.3608635e-10,1.0,0.00012260079,3.078568e-06
6548,1.0,1.0,1.0,0.9522237,0.43158323,0.043020368,0.9993862,1.0,1.0,0.9448931,3.364078e-11,0.007866086,0.1749142,0.00026056924,0.0003772781,1.157789e-07,0.005661417,5.480125e-19,0.028777288,0.00024412782,0.0008924944,0.06712236,2.2864113e-13,0.6168306
6549,0.09390064,0.05994424,0.0016001186,2.2520777e-05,0.019079842,1.0,0.05201311,1.0,0.21602221,0.046305083,1.0,9.722359e-17,0.09427853,1.0501201e-07,1.9440024e-06,1.0,0.0009407933,1.0,0.0064144097,7.1923e-11,0.008298357,1.0,3.9308487e-21,2.445114e-06
6552,0.9998017,1.0,0.045660667,0.0001874636,0.14547671,1.7892691e-13,2.4070327e-23,0.999992,0.8752533,0.081119955,1.7276228e-13,3.7093223e-13,0.1839583,6.271703e-23,0.28686318,0.94198644,0.00026209932,1.622963e-10,1.0,8.701547e-13,1.942704e-09,0.99928504,1.4792507e-13,0.00012556337
6555,0.4839726,0.05994424,0.002101324,0.21574031,0.6482329,0.6134294,1.0,1.0,0.0046493006,0.046305083,0.91444767,0.0031847109,0.1839583,2.4643207e-23,1.2235471e-05,0.042214885,0.07654155,5.531844e-31,0.011657234,0.027062848,2.3037124e-08,0.9999974,3.9021664e-12,0.35977527
6563,0.09390064,0.05994424,0.012176019,0.0014350394,0.44864616,0.028036624,0.1584589,0.17262368,0.2662358,0.046305083,6.809287e-26,0.00023206181,0.07631681,0.015294579,0.0010283235,5.567485e-08,0.00024719257,5.2104226e-16,0.011657234,0.0804826,0.004143602,1.6701648e-06,6.0338755e-31,0.053773228
6564,0.09390064,0.05994424,0.012176019,0.01352198,0.44864616,0.10501985,0.1584589,1.0,0.2662358,0.046305083,1.7176798e-36,6.204199e-07,0.07631681,0.008644631,3.3032473e-05,4.8075683e-05,0.00016375893,2.3009756e-09,0.011657234,0.003664032,0.00016422976,0.28068012,6.0338755e-31,4.5309207e-05
6565,0.09390064,0.05994424,0.003837149,0.0004195779,0.3666133,4.169223e-09,0.019863704,3.1045931e-27,0.53353196,0.046305083,6.9244144e-25,3.4380598e-06,0.07631681,0.08171408,0.62276393,5.650876e-17,0.00023057927,1.0,0.006572451,0.06596438,3.3586116e-07,1.0,6.0338755e-31,0.0008884781
6566,0.09390064,0.05994424,0.005985999,0.51980174,0.40084127,3.138111e-12,1.0,0.114330485,0.2662358,0.046305083,4.6053148e-36,6.0594093e-06,0.07631681,0.009011409,0.025359064,3.5391904e-06,0.008768675,3.459435e-09,0.054583166,0.0023097126,0.57815665,1.0,7.707709e-30,7.081058e-13
6570,0.9119864,0.17572631,0.99999976,3.7832457e-10,0.21469843,1.0,3.4334443e-27,1.0,0.39669245,0.21891475,0.9999676,2.789158e-11,1.0,2.460459e-24,0.7721699,1.0,0.00064515346,3.8420137e-38,0.92107344,6.0364864e-09,3.574763e-23,1.0,0.00014978612,3.9991746e-06
6573,0.09390064,0.10609732,0.11096586,1.9344389e-10,0.011417376,0.6817539,3.881773e-24,2.8052995e-07,0.31238246,0.13643548,0.9999982,2.428095e-09,0.07631681,1.8535426e-06,0.0092328945,0.99998164,0.00020411126,2.4981693e-22,0.12287176,1.1040839e-08,1.4707676e-06,0.99999917,6.187261e-19,1.0801516e-06
6574,0.13582136,0.05994424,2.3908275e-05,0.021559339,0.31568965,0.87651604,0.073902875,4.554559e-22,0.005941072,0.046305083,6.990792e-18,2.5473994e-06,0.07631681,0.00011956049,0.0007454718,3.1726546e-07,0.00016375893,1.0,0.0019824235,1.1607895e-05,2.903038e-15,1.0,3.106166e-10,0.045471914
6579,0.5529831,0.05994424,0.008701372,0.08642134,0.14104699,0.99997234,0.00018143833,1.0,0.34321278,0.046305083,1.108209e-37,0.00010434379,0.33536997,6.064885e-25,3.2246041e-06,0.94662195,0.00016375893,1.939449e-36,0.011657234,0.027062848,6.554122e-12,1.0,6.0338755e-31,0.065437935
6581,0.09390064,0.05994424,0.034108847,0.92826796,0.44864616,1.4287574e-06,0.019863704,3.006636e-39,0.33540437,0.046305083,4.2773254e-36,1.6150278e-09,0.07631681,0.0038737732,0.013304499,4.6132826e-20,0.00047311076,1.0,0.0019824235,0.9222622,0.000947041,0.00066730555,2.4422514e-32,5.758385e-05
6583,0.15841892,0.05994424,0.008296822,1.0454393e-06,0.5325163,2.4663402e-10,0.011883531,5.4203194e-23,0.37259588,0.046305083,1.3441417e-18,1.4899517e-13,0.07631681,0.0006223554,0.02013768,3.8754107e-09,0.000399715,1.0,0.03779956,1.993443e-11,0.0044825654,0.98670095,8.414572e-26,0.03418797
6585,0.09390064,0.05994424,0.008709866,0.09219251,0.24080594,0.00094586506,0.02285768,1.0,0.2662358,0.046305083,3.275627e-09,0.00071482186,0.09646739,0.00014559717,0.2850982,4.9173387e-08,0.0006848335,1.0,0.0016357065,1.8472793e-08,0.0041451273,3.9714076e-05,1.1967817e-26,3.9685033e-06
6588,0.09390064,0.10609732,0.91433257,9.445833e-10,0.012585885,1.0,3.56255e-24,1.5139424e-18,0.19659688,0.046305083,1.31075e-07,4.4857393e-09,0.12317237,2.6679114e-05,0.02853397,1.0,0.00029457547,1.0,1.0,1.7942922e-10,0.00043680528,1.0,3.728516e-21,0.0051381853
6591,0.13582136,0.10609732,3.1770264e-07,3.124136e-05,0.00032829618,5.9429614e-11,1.5219003e-23,0.00045883635,0.46694338,0.046305083,1.0,5.745453e-16,0.15373386,9.415335e-08,0.06599923,1.0,0.00067797943,1.0,0.021866366,4.1653042e-13,4.970227e-16,0.9999999,0.24587882,3.690814e-07
6599,0.25372016,0.09818575,0.042835254,0.0063988864,0.0294917,1.462158e-11,0.3314514,1.0,0.004391559,0.07617714,0.00012310734,1.0,1.0,6.8158816e-09,5.678372e-05,1.1351535e-08,0.00034518837,1.0,1.0,6.9069633e-10,2.0955294e-07,3.7786245e-13,1.0,0.0007708968
6600,0.4839726,0.05994424,0.0005670038,0.6570348,0.6482329,2.3504496e-07,0.0003445456,1.0,0.009278024,0.046305083,0.99997723,0.0006327014,0.1839583,3.070164e-22,0.00026759607,1.1640372e-10,0.00020639747,1.0,0.0019824235,0.07627166,0.005757117,1.0,3.9021664e-12,0.3636399
6602,0.13582136,0.23155656,0.014165198,0.41384807,0.16564564,0.3665822,0.20706835,1.0,0.0046493006,0.046305083,1.9019637e-08,0.0053179855,0.07631681,0.0010275817,0.00016590046,2.8285015e-06,0.0001898146,8.246988e-15,0.011657234,0.3391742,9.171964e-09,0.30753493,3.9021664e-12,0.14914566
6609,0.60267085,0.05994424,0.00053320115,2.4905605e-08,0.02032159,1.0,0.0020563675,3.1779784e-13,0.0065230774,0.046305083,1.0,1.0,0.35768265,9.770795e-19,0.0009993889,0.9999999,0.00026763382,3.7212426e-35,0.03779956,9.3812805e-11,6.528654e-09,1.0,1.0,1.0
6610,0.13582136,0.10609732,0.020368392,1.4579703e-10,0.00032346175,1.0,3.56255e-24,1.0,0.053557195,0.046305083,1.0,7.0167455e-11,0.09427853,5.9032146e-07,0.00021336265,1.0,0.00022600578,1.1550424e-25,0.035931535,2.5885802e-10,1.6125136e-16,1.0,2.816104e-08,1.9715335e-08
6612,0.09390064,0.05994424,0.00572928,0.06149481,0.15951541,0.6600379,0.025759669,1.0,0.2662358,0.046305083,6.4094755e-36,6.8531995e-07,0.07631681,0.03684539,0.0029559853,1.1091675e-10,0.00020689992,1.7389326e-07,0.0025632665,4.540904e-08,0.55554926,7.437786e-14,1.7667042e-28,0.016994206
6614,0.09390064,0.05994424,0.01522754,0.01352198,0.063746504,1.0,0.1584589,0.3784997,0.3364685,0.046305083,2.2582224e-17,0.005307163,0.07631681,0.00053049385,0.0015143406,1.0,0.00016375893,2.2796245e-19,0.011657234,0.027062848,0.00013775246,1.0,6.0338755e-31,0.015516107
6616,0.09390064,0.05994424,0.008076716,0.021537943,0.1438104,0.10501985,0.1584589,0.47838423,0.2662358,0.046305083,8.8250476e-05,1.0,0.07631681,4.7676985e-10,0.108271785,0.0026694757,0.00016375893,0.99999964,0.0016357065,0.027062848,2.447886e-09,0.92902315,1.0,0.15431161
6617,1.0,1.0,0.031068297,0.9541665,0.15951541,0.00094586506,0.03399753,1.0,0.6981063,0.046305083,4.2059523e-37,0.0080826925,0.07631681,0.0044178707,0.0030168635,1.1588697e-16,0.004554345,1.7195406e-07,0.0064144097,2.0761756e-05,0.62073,0.09479474,4.364887e-27,0.00076506956
6619,0.09390064,0.05994424,0.07266059,0.053371,0.118943885,0.00094586506,9.5791875e-06,1.0,0.52219325,0.046305083,4.349881e-33,1.0178157e-05,0.07631681,0.00018725885,0.17252648,3.8492027e-15,0.00023251318,1.0,0.0025632665,7.6198357e-06,0.9989157,2.025687e-05,5.5140424e-23,1.0
6626,0.13582136,0.05994424,0.00018636358,0.6959504,0.16564564,9.0933345e-06,0.99357694,1.0,0.0046851654,0.046305083,0.75702214,0.0022373737,0.07631681,0.0013922725,0.00013257982,1.534964e-11,0.005096033,1.0,0.004965229,0.114802554,1.1079417e-09,3.3957183e-06,2.6842929e-11,0.14842287
6628,0.13582136,0.05994424,0.027618147,0.0013081104,0.11675669,1.1865092e-05,1.0,4.5586525e-26,0.024932463,0.046305083,2.3586625e-12,1.6368195e-13,0.07631681,0.00010255859,0.0011078148,1.7268531e-19,0.20441456,0.01339711,0.012423,9.435798e-11,9.920469e-10,4.1178884e-15,7.705529e-09,2.431082e-06
6629,0.09390064,0.10609732,0.02418914,0.008226623,0.0022097803,1.213839e-06,3.2528717e-16,1.0,0.14503387,0.046305083,5.106741e-12,8.278659e-09,0.07631681,0.00026586046,0.17634864,1.5915496e-08,0.000491274,1.0,0.035931535,4.4025693e-13,7.741051e-11,3.761889e-10,4.2831492e-16,5.4124473e-07
6631,0.09390064,0.10946458,0.005902364,0.07309526,0.5261966,6.0753926e-08,0.010629494,4.281584e-22,0.2662358,0.046305083,6.4989373e-31,5.8242267e-18,0.07631681,0.0032406098,0.17081694,5.2270016e-10,0.0004960721,3.1192972e-11,0.96742636,7.359899e-11,0.0014555854,0.0008247952,2.2458944e-32,0.01192816
6633,0.13582136,0.05994424,0.027395414,0.6256156,0.16564564,0.17726825,0.1584589,1.0,0.0050841863,0.046305083,9.715534e-06,0.0053179855,0.07631681,0.0003515688,0.00016590046,6.4548044e-14,0.00026423435,5.7419587e-08,0.011657234,0.4880856,0.0026763766,0.97639036,6.5785204e-19,8.348682e-06
6635,0.98985124,0.05994424,0.0019747533,8.259839e-05,0.080339395,1.9778977e-13,0.002509768,1.4625343e-19,0.49852794,0.046305083,1.351681e-06,1.907132e-09,0.2081817,6.032829e-27,3.3841445e-06,6.275632e-07,0.0011071375,7.838725e-19,0.22380175,0.0047510383,2.0093863e-07,3.2341668e-06,2.4422514e-32,0.0035356209
6638,0.42333943,0.10609732,0.01121211,8.681087e-10,0.00012683473,1.0,4.018907e-23,1.0,0.07627104,0.046305083,1.0,1.0,0.07631681,2.2222957e-10,0.040144663,1.0,0.00076167413,3.006636e-39,0.7689974,1.2323425e-09,1.0,1.0,1.0,0.009189346
6640,0.13582136,0.05994424,0.37169,0.17751278,0.18106374,0.09765114,0.016312161,1.0,0.0050841863,0.07617714,8.407557e-12,0.00059310725,0.13686801,1.6220434e-05,0.00021303273,0.12842146,0.00016375893,6.3313045e-08,0.04244934,0.32526633,0.00014665053,0.9585112,1.7302781e-16,2.8487904e-05
6642,0.18312137,0.10609732,0.023332018,0.019509975,0.0025015324,1.6754768e-05,6.513447e-19,1.0,0.10870308,0.046305083,0.0852113,3.421441e-09,0.3557747,3.6518217e-05,0.14743863,1.0,0.00066417723,1.0,0.035931535,2.967404e-13,1.7358406e-13,1.0,7.562853e-19,0.001346261
6643,0.09390064,0.10609732,0.0007519531,0.00097577524,0.0034602059,5.4207337e-30,2.6119229e-23,1.0,0.12554532,0.046305083,1.0,1.3036671e-14,0.07631681,4.7080255e-07,0.32986927,1.0,0.00030158262,1.0,0.09006251,2.014172e-12,1.0,2.6851622e-27,0.0002667155,0.00026369072
6644,0.11815516,0.10609732,0.29852474,7.903404e-05,0.0027850592,0.528482,2.0877672e-23,1.4792903e-13,0.38809296,0.046305083,0.99999964,1.3687641e-10,0.13686801,4.6740244e-08,0.00070119376,1.0,0.00095111056,1.0,0.20101844,3.070701e-12,5.491241e-10,4.263281e-11,1.09986514e-16,1.8573014e-09
6645,0.5529831,0.05994424,8.7734634e-08,0.017615508,0.12929682,0.04684483,0.0002217335,3.5231896e-08,0.14585476,0.046305083,1.0,9.023706e-06,0.35768265,1.18540814e-20,1.0,0.012631032,0.00019444495,1.0,0.0019824235,6.6134826e-06,0.0013324382,1.0,6.0338755e-31,6.01425e-06
6650,0.17665558,0.05994424,0.88503426,0.99998856,0.274223,8.863344e-09,0.10139208,1.0,0.8509575,0.046305083,8.243087e-30,5.339968e-06,0.07631681,0.014421275,0.007662633,9.315513e-09,0.0004977968,3.006636e-39,0.0025632665,1.6956446e-07,0.066195495,1.3142201e-29,1.6246673e-28,1.7454935e-05
6652,0.11815516,0.4697083,0.21848091,2.2049607e-09,0.011417376,2.6856267e-32,3.8343667e-25,2.7975784e-17,0.8157942,1.0,1.0,2.2120119e-13,0.22281624,6.8193043e-07,0.019477597,1.0,0.0005355574,1.0,0.03261185,1.4885187e-07,3.481969e-20,0.9964541,1.0011343e-10,0.99560755
6655,0.09390064,0.10609732,0.22550991,2.3650804e-10,0.011417376,1.2181868e-10,3.56255e-24,1.0,0.79265386,0.5273592,5.5081994e-15,2.7883965e-08,0.07631681,8.6304295e-05,0.97740525,0.9999844,0.00020411126,2.6594531e-08,0.12287176,2.5227964e-10,6.664395e-13,0.019988496,6.322855e-20,7.3797844e-07
6656,0.5929794,0.49985918,0.04916067,4.4077875e-09,0.008609095,0.0074911993,3.5393325e-24,6.464926e-20,0.41949308,0.7443041,1.0,1.1871853e-11,1.0,2.3221073e-24,0.012438127,1.0,0.00033199854,1.0,0.035931535,3.9937955e-09,2.126947e-16,1.0,6.690133e-17,0.007976444
6659,0.09390064,0.05994424,0.97382957,3.782903e-05,0.12133858,1.7755874e-22,0.09764992,2.0535587e-37,0.48461762,0.046305083,3.3379512e-14,1.0,0.09646739,1.3543647e-09,2.2296965e-05,1.0041657e-17,0.000595562,7.1861746e-07,0.054583166,8.070462e-08,9.6726795e-09,7.9547575e-12,1.0,6.536067e-13
6665,0.09390064,0.05994424,4.5218003e-06,0.14839,0.44864616,0.9112755,0.1584589,4.198731e-05,0.34992817,0.046305083,2.2333067e-35,0.0021039026,0.07631681,0.008575344,0.01072068,1.456705e-06,0.0007568121,3.006636e-39,0.011657234,0.01076338,1.8554116e-08,6.433753e-06,6.0338755e-31,0.00011706916
6667,0.60267085,0.05994424,2.8735099e-07,0.03481136,0.008132001,1.0,8.438272e-07,1.0,0.0042371973,0.046305083,1.0,6.3124663e-13,0.28110483,4.8180774e-25,1.4277374e-05,1.0,0.00016375893,4.642922e-36,0.011657234,3.5534814e-10,2.4497587e-07,1.0,3.106166e-10,0.342528
6668,0.09390064,0.4697083,0.59576726,1.9638893e-11,0.0067089135,1.1246949e-07,8.463037e-22,1.1003697e-22,0.6058759,0.7831411,3.347473e-12,1.3234048e-09,0.1749142,4.2251276e-07,0.0005811177,1.0,0.0006003818,9.67671e-15,0.035931535,2.9594291e-09,1.5560543e-16,1.0,4.1602217e-21,0.0003829419
6674,0.5529831,0.05994424,4.801107e-07,0.01352198,0.029919298,1.0,0.0020563675,1.0,0.016832868,0.046305083,1.0,4.515994e-08,0.1839583,1.0695153e-26,2.5519926e-06,1.0,0.00020380341,2.2809394e-14,0.0016283505,6.9782764e-06,6.333955e-14,1.0,6.0338755e-31,0.0022911427
6675,0.09390064,0.10609732,0.07366335,2.3650804e-10,0.011417376,0.026904063,3.56255e-24,1.0,0.15690792,0.046305083,3.2844145e-18,2.7883965e-08,0.07631681,5.139996e-08,0.04579573,0.99586856,0.00020411126,0.8081613,0.035931535,2.2170545e-10,7.623697e-15,0.9998512,3.1519703e-18,0.0002006945
6677,0.09390064,0.05994424,0.012176019,0.06870721,0.44864616,0.10501985,0.1584589,0.9999999,0.2662358,0.046305083,1.0687784e-31,3.183575e-05,0.07631681,0.03716945,0.2187973,0.0013869064,0.00016375893,2.3009756e-09,0.011657234,0.003664032,0.004143602,0.9011638,6.0338755e-31,0.17253017
6683,0.17665558,0.05994424,0.7440353,0.9970958,0.3666133,0.05084429,0.9891615,1.0,0.9250896,1.0,3.006636e-39,0.003715102,0.13686801,3.5263506e-06,0.004438672,2.4374275e-08,0.00568288,2.3635311e-23,0.028777288,0.07760592,6.7877004e-06,1.8921593e-05,6.0338755e-31,0.00053817796
6687,0.39313722,0.15499684,0.06996061,0.0026620429,0.046609987,4.0013337e-10,1.1596754e-22,1.0,0.10870308,0.046305083,6.178403e-12,9.466169e-08,0.1839583,1.1331147e-21,0.003191019,0.09821478,0.00031256487,1.2879613e-09,0.26524475,3.3910158e-13,2.7570144e-08,1.1609452e-23,1.1414609e-15,4.586448e-05
6694,0.13582136,0.05994424,3.7070265e-07,0.027267762,0.11930289,8.287634e-07,0.09076339,5.2864614e-31,0.017005496,0.046305083,0.99971217,0.0010312716,0.07631681,1.1085573e-06,0.00046415997,1.1354848e-08,0.004491933,8.072358e-34,0.0040989774,3.7885335e-09,0.014333676,6.8756882e-34,1.172404e-10,0.0039865314
6698,1.0,1.0,0.0026996338,0.01264926,1.0,1.0,0.02285768,0.8077199,0.006717925,0.046305083,0.0683879,1.0,0.07631681,1.1359688e-06,0.0012714069,9.532786e-13,0.0008493779,5.1663443e-24,0.0025632665,4.8356896e-10,5.390238e-06,0.16512802,1.0,0.9519172
6701,0.13582136,0.10609732,0.017700488,2.1219745e-05,0.0031282369,1.0,3.56255e-24,1.0,0.056746874,0.046305083,6.4154515e-06,8.864527e-09,0.07631681,0.00018893702,0.13976622,0.9955427,0.0002572538,1.8438008e-20,0.035931535,1.9963874e-08,6.413351e-10,1.0,7.059127e-07,1.1502627e-06
6704,0.5116465,0.19085461,1.0,1.4946504e-10,0.21654297,1.0,4.196134e-27,0.99943465,0.90550643,1.0,0.9999981,4.0721155e-09,0.2081817,8.660155e-24,0.0050971336,1.0,0.00042732354,1.0,0.03261185,2.2395004e-09,3.66968e-18,0.9999999,2.7678713e-21,0.0031255141
6707,0.85019124,0.05994424,0.0011920825,0.9988814,0.03616499,3.0023475e-10,1.0,3.006636e-39,0.0069186734,0.046305083,0.000693692,1.0,0.07631681,1.6160477e-09,0.6459886,0.27019593,0.017290419,0.008829843,0.028777288,0.0004018306,0.0011297108,1.0,1.0,0.9766724
6708,0.09390064,0.05994424,0.0075513385,0.087948084,0.44864616,0.10501985,0.1584589,0.9997807,0.2662358,0.046305083,3.006636e-39,2.5137288e-05,0.07631681,0.0061109886,8.027862e-05,2.1375527e-05,0.00016375893,6.643531e-09,0.011657234,0.027062848,0.00016422976,2.1626838e-07,2.5549659e-28,4.5309207e-05
6709,0.13582136,0.10609732,0.034602866,0.56342036,0.0028683722,0.9999883,2.4042433e-23,1.0,0.05375699,0.046305083,1.4569758e-07,2.5346546e-08,0.07631681,4.5748242e-05,0.059653766,2.768951e-12,0.00027063058,1.0,0.035931535,7.28884e-13,2.5759605e-11,1.246643e-07,1.4771431e-05,8.112306e-05
6710,0.09390064,0.05994424,1.9861334e-07,0.9984124,0.15951541,0.9999994,0.29352096,1.0,0.97953576,0.046305083,7.316847e-18,1.2303602e-07,0.07631681,0.92311174,0.0125939585,3.0947967e-06,0.00022284834,1.0,0.0019824235,7.2150294e-07,0.0034655011,1.6333641e-09,4.4520273e-28,5.029817e-06
6716,1.0,1.0,0.47649822,0.10372943,0.037699096,4.880189e-07,0.02285768,1.0,0.48461762,0.29050592,5.13061e-35,1.0,0.07631681,1.0,1.0,1.7068735e-09,0.00026754072,1.124834e-06,0.012423,3.866907e-06,0.027354976,1.0,1.0,7.973886e-11
6721,0.09390064,0.10609732,0.8865233,1.0527579e-10,0.013472197,4.7955695e-10,3.137432e-25,0.0015673074,0.70193964,0.046305083,9.535329e-17,2.448488e-13,0.5145392,1.00200825e-08,0.533335,1.3607694e-05,0.00020411126,5.6507854e-11,0.021866366,3.2123683e-13,9.510026e-14,1.0711259e-15,2.1405137e-18,3.8598184e-05
6722,0.09390064,0.05994424,0.012176019,0.0011117021,0.4221894,0.10501985,0.9992506,1.9886152e-12,0.2662358,0.046305083,7.675327e-35,0.00054750434,0.07631681,0.010988263,0.7564286,1.3861678e-09,0.0003001707,2.3009756e-09,0.011657234,0.9201205,0.0006738337,0.62991226,6.0338755e-31,0.0002402685
6731,0.09390064,0.05994424,1.6462043e-07,0.114279635,0.24738699,0.4614908,7.710212e-05,3.87169e-15,0.31492916,0.046305083,1.0,1.0,0.07631681,7.583624e-08,0.0029898067,1.1606149e-20,0.0017029948,7.1919565e-19,0.009936156,0.0006738308,1.0,9.8683395e-11,1.0,9.741281e-12
6732,0.13582136,0.10609732,0.026369257,2.554641e-08,0.00052849,1.0,3.56255e-24,1.0,0.05422198,0.046305083,0.06322809,1.1464282e-07,0.07631681,4.3048807e-05,0.027800856,1.0,0.00020411126,4.980443e-29,0.5050901,3.8953812e-10,1.3500614e-11,1.0,7.653325e-09,3.9763607e-05
6736,0.09390064,0.10609732,0.8064645,8.922373e-08,0.011417376,0.027088411,4.9408118e-24,0.4751422,0.10870308,0.046305083,0.97089976,5.0312164e-11,0.09646739,0.8032991,1.0,1.0,0.00020411126,1.2847147e-05,0.035931535,1.4311546e-09,1.0,0.9999957,7.1223555e-21,2.4717412e-05
6737,0.09390064,0.05994424,0.020042706,0.6407283,0.4221894,0.003220278,0.99160683,0.09680089,0.2662358,0.046305083,9.141677e-32,5.647529e-06,0.07631681,0.146407,0.0017581676,6.4169205e-11,0.00037923467,1.0,0.011657234,0.03868811,0.02578382,0.4519825,2.4422514e-32,0.001348323
6738,0.13582136,0.05994424,0.006050831,0.021480557,0.1699809,1.0,0.014591461,1.0,0.0733672,0.046305083,1.0,8.049051e-11,0.09646739,1.0,0.0026740665,9.739914e-10,0.00051253557,1.0,0.01569301,4.8403953e-10,2.4724439e-05,1.0,7.8096855e-11,0.16586536
6744,0.09390064,0.05994424,0.012969294,0.069622256,0.15951541,0.00094586506,0.039466906,1.0,0.2662358,0.046305083,3.006636e-39,0.0049222,0.07631681,0.030416338,0.17704247,9.582382e-07,0.00019582067,3.0429015e-16,0.0025632665,0.00020198767,4.5892783e-05,0.43055728,4.364887e-27,0.00076506956
6748,0.5529831,0.79572594,0.99740183,0.0008729126,0.080571994,0.6824964,0.0031920872,0.00045712065,0.99999714,1.0,1.0,3.5163058e-07,0.6000979,3.710657e-26,9.879634e-08,4.079282e-17,0.00031818118,1.2035437e-34,0.054583166,3.5534814e-10,0.00046071594,1.0,6.0338755e-31,3.2996708e-05
6755,0.3985752,0.05994424,0.014106541,0.0042552417,0.23957808,1.0,0.02285768,1.0,0.13688383,0.046305083,1.7203663e-16,2.1743694e-12,0.07631681,0.00014607831,8.128158e-06,1.1746295e-09,0.00052380137,0.35652718,0.0025632665,3.3424427e-10,3.3272904e-06,1.0,1.2709429e-27,5.8515084e-06
6763,0.39313722,0.10609732,0.013172371,0.00010394774,0.044282634,3.9136956e-09,1.9243834e-23,1.0,0.10870308,0.07617714,1.0,8.794204e-12,0.88607943,2.7105463e-23,0.14872955,1.0,0.00087631936,5.969167e-08,0.30866122,2.0504234e-11,3.1441804e-08,1.0,1.0934776e-15,0.9988422
6764,0.8582878,0.10609732,6.5100634e-05,2.7593252e-11,0.013009673,1.0,3.8343667e-25,0.960122,0.050610077,0.046305083,1.0,5.9046476e-11,0.07631681,3.037909e-08,0.0102614565,1.0,0.0004824861,1.0,0.03261185,8.181441e-10,4.7338165e-18,1.0,6.007802e-14,2.1008946e-05
6766,0.13582136,0.10609732,0.16449983,4.2130863e-09,0.0028098726,1.0,3.56255e-24,1.0,0.0905871,0.046305083,0.9999182,1.7814897e-11,0.41039434,9.404954e-06,0.034425974,0.00014214571,0.0002598054,2.8040929e-34,0.035931535,3.3544707e-09,3.2532815e-16,1.0,1.5363101e-09,1.3046697e-05
6767,0.22413866,0.05994424,0.00744029,0.025266374,0.40084127,1.0985403e-06,0.42576036,0.7043391,0.2662358,0.07617714,3.8839644e-32,0.0021039026,0.07631681,0.0033478371,0.0010190362,0.0013869064,0.00016375893,5.753923e-11,0.04244934,0.027062848,0.00958475,0.68009627,6.0338755e-31,0.18283321
6770,0.09390064,0.05994424,0.6292815,0.016442506,0.69935364,4.5572e-06,0.23675074,5.1123178e-15,0.9777574,0.046305083,3.006636e-39,7.273461e-18,0.07631681,0.0043441574,0.47739038,5.3114804e-11,0.00033431588,0.73213524,0.011657234,1.5842602e-11,4.2864727e-07,5.3670705e-12,2.2458944e-32,3.597637e-06
6775,0.09390064,0.1711978,0.0010438871,0.8074029,0.07732872,1.0,0.019863704,1.0,0.14409234,0.30965918,1.0,0.00096684915,0.24536146,0.00054329773,0.0020373943,1.0,0.00016375893,1.0,0.0019824235,0.0016563517,4.6089087e-07,0.01638813,6.0338755e-31,0.99999964
6776,0.09390064,0.05994424,0.15759654,0.000127103,1.0,9.5255535e-07,0.42576036,9.041124e-20,0.48461762,0.046305083,1.3306299e-22,1.0,0.07631681,2.4276338e-05,0.0006267127,5.8121173e-15,0.0049714856,3.3486098e-12,0.06738012,0.0003168677,9.997394e-07,0.2737949,1.0,9.14569e-13
6777,1.0,1.0,0.0042243684,0.0005830139,0.1538164,0.9999939,0.09764992,1.0,0.009597353,0.046305083,2.2630668e-07,8.135996e-05,0.537438,0.00017517926,8.874348e-05,0.6948419,0.00019444495,3.279771e-32,0.03622963,0.020061314,5.3006588e-08,0.98147535,1.3166841e-10,0.02645963
6780,0.09390064,0.05994424,0.0056072758,0.99529606,0.47533303,1.0,0.024416326,1.0,0.9404931,0.046305083,1.4440846e-26,1.6006007e-11,0.07631681,1.732705e-05,0.045647837,1.2347955e-05,0.0005015633,1.0,0.0025632665,2.1840385e-11,0.99846494,1.0,2.8187328e-26,1.7889923e-06
6783,0.09390064,0.10609732,0.003345523,0.00030361998,0.00379122,0.91359466,7.454824e-23,4.412557e-09,0.05671124,0.046305083,1.8469575e-13,3.5483792e-15,0.13686801,6.41798e-09,0.024843922,1.0,0.00027281343,1.0,0.032960944,1.0578391e-12,6.880491e-11,0.06427819,2.8149913e-20,5.1847474e-07
6787,0.09390064,0.10609732,0.023627866,2.3650804e-10,0.011832501,0.026904063,4.9557564e-26,0.99939454,0.10870308,0.046305083,2.8195056e-27,2.7883965e-08,0.07631681,3.2017995e-06,0.020632436,0.8929831,0.00020411126,1.1106467e-11,0.035931535,1.9506824e-10,7.637174e-15,0.08510966,1.5293768e-18,0.0002006945
6788,0.60267085,0.05994424,0.014971897,9.957422e-06,0.55886537,0.049937595,0.0020563675,1.0,0.006455059,0.046305083,0.999998,7.5792196e-14,0.1839583,6.8282267e-25,3.28217e-08,9.936232e-16,0.006411055,4.667708e-07,0.44792444,1.404632e-11,1.3188915e-07,1.0,2.2864113e-13,0.0016016702
6789,0.09390064,0.05994424,0.012176019,0.017362464,0.1438104,0.10501985,1.0,1.0,0.2662358,0.046305083,1.1926074e-33,1.0,0.07631681,0.030341921,0.0046845963,0.0013869064,0.18589315,1.1532643e-05,0.011657234,0.027062848,0.047055934,0.6875265,1.0,0.053028718
6793,0.09390064,0.10609732,0.08159472,1.9024236e-09,0.011832501,0.9940162,3.5368608e-25,0.9992582,0.10870308,0.046305083,6.717252e-21,2.9910302e-10,0.07631681,4.1360316e-05,0.05117916,0.394996,0.00025788002,1.2292161e-12,0.035931535,9.2951863e-10,3.9272814e-07,0.99926645,6.190209e-20,0.0002006945
6796,1.0,1.0,0.010746461,0.001170685,0.81012535,1.0,1.2791237e-06,5.6993963e-15,0.18593839,0.046305083,1.0,9.320771e-17,0.07631681,5.545882e-06,3.0000754e-05,3.627149e-14,0.00029378623,5.373974e-16,0.011657234,5.2856252e-12,0.00020764081,1.0020219e-26,2.2606795e-24,4.72174e-06
6799,0.13582136,0.05994424,0.0001616108,0.0056639942,0.03616499,5.042403e-28,0.009837261,1.0,0.8784697,0.046305083,2.2338954e-08,1.0,0.07631681,5.9943326e-13,0.0013698407,6.3321984e-08,0.0003298205,1.0,0.054583166,2.491552e-05,9.000516e-13,7.726342e-06,1.0,1.6946897e-05
6801,0.17665558,0.05994424,1.289516e-07,0.01352198,0.44864616,0.053447388,0.019863704,0.9968033,0.14585476,0.046305083,8.979186e-09,0.0010282163,0.07631681,0.0038138868,0.019636486,0.00027955213,0.0003425964,1.0,0.0019824235,0.004475015,0.00012313516,0.0003470484,6.0338755e-31,0.0025105642
6806,0.5929794,0.05994424,0.012453458,7.59401e-06,0.04048702,0.9999927,0.0002217335,1.0,0.2662358,0.046305083,1.0,2.655646e-12,0.688951,1.1122568e-24,0.002805307,1.5387324e-05,0.00043637143,1.0,0.006572451,1.6589087e-09,4.6831395e-14,2.3084365e-08,4.762982e-32,0.8123592
6807,0.09390064,0.87148964,0.009228098,0.0076642134,0.44864616,0.10501985,0.1584589,0.0103845745,0.2662358,0.046305083,1.1550515e-17,0.0021039026,0.07631681,0.0032323217,0.0003391401,0.0059351893,0.00018132574,2.3009756e-09,1.0,0.027062848,1.0,0.28068012,6.0338755e-31,4.5309207e-05
6809,0.13582136,0.10609732,0.017284174,3.5794603e-10,0.0031282369,1.0,6.7231085e-25,1.0,0.11349127,0.046305083,1.6584718e-05,2.3243334e-15,0.15373386,8.387643e-06,0.021958042,1.0,0.0004199128,4.8637564e-13,0.035931535,6.1657505e-11,3.4186258e-11,1.0,5.4635053e-05,6.3412335e-05
6812,0.09390064,0.10609732,1.12701635e-07,1.3180788e-10,1.0,4.932725e-27,5.862069e-20,1.0,0.36438963,0.046305083,1.0,1.138194e-10,0.07631681,0.00014104035,0.3656226,1.0,0.0004829784,1.0,0.03261185,1.9588231e-08,7.514917e-18,1.0,7.632514e-15,0.72122574
6813,0.58891064,0.6411309,0.2199215,0.000233838,0.0017544106,0.99999964,1.6485888e-23,3.6512247e-12,0.05375699,0.30965918,7.719183e-08,2.4298495e-14,0.65277565,6.144645e-10,0.07398546,1.0,0.00025788002,1.0,0.0665105,3.4870277e-12,8.500844e-11,1.0,0.017428271,0.9966978
6816,0.13582136,0.05994424,0.07233065,0.062313117,0.26848677,0.019740015,0.1584589,1.0,0.43040285,0.046305083,8.144536e-15,6.282486e-13,0.07631681,0.0001437459,0.0005637508,4.0922653e-13,0.00017983206,0.21664897,0.011657234,3.6171735e-10,1.3041494e-06,3.8434796e-06,2.2864113e-13,0.00419734
6819,0.11815516,0.10609732,0.011677359,4.032282e-08,0.015364187,9.039427e-14,4.3643876e-27,1.0,0.93173814,0.046305083,1.6629328e-23,2.6727773e-11,0.13686801,1.8163337e-07,0.121974476,1.3082902e-06,0.0006859383,1.0,0.053770196,4.454523e-10,2.662182e-13,0.9999845,2.5339995e-21,0.00072330114
6823,0.26209968,0.10276631,0.011265941,0.003931282,0.15951541,0.013390656,9.5791875e-06,1.0,0.37259588,0.046305083,1.0,2.687174e-07,0.07631681,1.3034895e-05,0.026650032,0.00028227374,0.00021682607,0.9999988,0.0025632665,1.4733488e-05,1.0,1.0,5.9308445e-30,0.036338806
6833,0.8038432,0.10609732,0.0001959327,2.9574526e-10,0.34178782,1.4631581e-13,4.300545e-27,5.302421e-06,0.10870308,0.046305083,0.9908703,2.9910302e-10,0.2081817,5.1598248e-24,0.38659275,1.0,0.0004836893,1.0,0.035931535,9.132907e-10,8.827666e-15,1.0,7.275047e-17,1.0
6834,1.0,1.0,2.4879876e-07,0.12629503,0.037699096,0.9114841,0.016948503,1.0,0.9890953,0.046305083,0.99999905,1.0,0.07631681,1.1906973e-06,0.030208062,3.1177166e-10,0.0002363428,1.0,0.0016357065,1.3857129e-05,1.3062545e-12,0.5577594,1.0,0.9999994
6841,0.6623387,0.35933328,2.1245602e-07,0.00012617945,0.003095743,0.9949639,2.0171366e-23,1.0,0.020029085,0.046305083,0.9978154,2.8591864e-15,0.07631681,2.0983191e-07,0.09297579,1.0,0.0002701176,1.0,0.039896064,7.27965e-11,4.9930816e-11,0.99922144,0.9999783,1.2972022e-05
6846,0.13582136,0.05994424,1.8593161e-07,0.0014335697,0.09841708,8.7438435e-05,4.841107e-06,1.0,0.0055692014,0.046305083,0.9999709,5.6344427e-09,0.7018078,2.141496e-06,3.7443453e-05,6.2443917e-12,0.000399715,1.0,0.008123963,2.1812643e-09,6.0728e-11,0.9981285,8.185838e-15,0.00187853
6852,0.65897346,0.37319618,0.99999976,0.24984302,0.44864616,0.00102044,0.019863704,1.0,0.2662358,0.30965918,8.168347e-13,6.00104e-08,0.07631681,9.240709e-06,8.7348184e-05,1.84197e-12,0.00028643105,1.0,0.0019824235,3.095801e-05,8.388112e-08,0.9672094,2.4422514e-32,5.35311e-07
6863,0.09390064,0.10011661,0.0609917,0.0025217468,0.44864616,0.10501985,0.1584589,0.3784997,0.30983233,0.046305083,2.1340945e-13,0.000610049,0.09646739,0.0054859254,0.00013297927,0.0013869064,0.00016375893,2.9078404e-09,0.011657234,0.027062848,0.004143602,0.4900495,6.0338755e-31,0.007924031
6868,0.09390064,0.9866833,0.9999999,0.03247188,0.006447153,0.9999962,2.4042433e-23,2.1857678e-30,1.0,0.091239415,0.000109061206,1.4452492e-16,1.0,1.7369168e-06,0.5387686,0.0004405722,0.0003494849,0.0661965,0.09863405,3.7110037e-11,1.3025103e-08,0.13753852,4.776212e-16,1.1828563e-06
6869,0.09390064,0.10609732,1.4705205e-07,0.002846034,0.0062596435,2.6351653e-20,4.3018313e-24,0.9963218,0.08190593,0.046305083,1.0,3.8553237e-11,0.07631681,5.9513308e-08,0.14515099,1.0,0.00048448986,1.0,0.03359453,4.5057704e-09,5.1907886e-21,1.0,1.330154e-09,5.02966e-08
6872,0.09390064,0.05994424,0.038357154,0.2692576,0.15951541,0.00094586506,0.02285768,1.0,0.16469246,0.046305083,1.2991869e-36,1.1351339e-08,0.24536146,0.019355312,0.014400279,7.365859e-17,0.00020639747,1.72892e-11,0.024286639,1.1590147e-06,0.058496162,0.6805717,4.761755e-21,6.0840946e-05
6873,0.41575256,0.05994424,0.010597623,0.0017350302,0.44864616,1.0,0.1584589,0.3784997,0.36169964,0.046305083,1.9932421e-29,0.00013061053,0.07631681,3.2215548e-06,6.08936e-08,5.096685e-07,0.00016375893,8.361298e-33,0.0016283505,0.027062848,1.3078477e-08,2.772527e-07,6.0338755e-31,1.1532385e-08
6881,0.8779622,0.10609732,0.7804866,3.2388034e-10,4.9439193e-05,1.0,7.8235034e-23,1.2603294e-22,0.15296477,0.046305083,0.99972993,1.0,0.1839583,1.252315e-24,0.0007092918,1.0,0.00020411126,2.7081808e-37,0.035931535,9.555833e-09,5.288477e-09,0.8553151,1.0,6.8482273e-06
6882,0.13786817,0.05994424,0.0056154947,0.098957084,0.15951541,1.0,0.02534976,1.0,0.13688383,0.046305083,3.006636e-39,0.0013821292,0.07631681,5.1991838e-06,5.4517148e-08,3.107058e-05,0.0008031918,1.4461767e-11,0.0025632665,4.3214436e-07,1.9718081e-08,1.0,1.2709429e-27,1.1868366e-07
6891,0.09390064,0.05994424,0.0037062897,0.12801154,0.15951541,0.0014556159,0.030994583,1.0,0.2662358,0.046305083,3.006636e-39,0.0005614785,0.07631681,0.026895601,6.8204434e-05,3.2570001e-06,0.00019582067,0.21090487,0.0025632665,3.8068075e-07,0.29733816,1.212563e-10,4.364887e-27,0.00076506956
6892,0.09390064,0.05994424,0.004413213,0.016055191,0.40084127,1.0985403e-06,0.42576036,5.5352285e-21,0.2662358,0.046305083,1.1986803e-37,1.3275715e-05,0.07631681,0.0021339718,9.017422e-05,0.0013869064,0.00016375893,5.753923e-11,0.011657234,0.002757335,3.6216697e-05,1.0,6.0338755e-31,0.020713607
6893,0.34981948,0.975474,0.8198115,2.1140931e-09,0.011417376,0.9999999,1.7266868e-21,4.4341973e-06,0.14503387,0.046305083,2.47857e-20,2.1473186e-10,1.0,4.3469137e-07,0.008775715,1.0,0.0054515856,6.0087773e-21,1.0,2.0703408e-10,1.3324419e-09,1.0,2.8827992e-22,0.0001033895
6894,0.15723225,0.05994424,0.0243817,0.0067640627,0.55134195,1.0,0.1584589,3.006636e-39,0.5176586,0.046305083,1.0,0.0021039026,0.16950274,0.9991247,3.8265004e-09,3.1522108e-05,0.00016375893,4.6915346e-14,0.03779956,0.027062848,1.1480091e-11,1.0,6.0338755e-31,2.9249898e-09
6895,0.09390064,0.10609732,0.0608259,4.1144302e-13,0.025185263,0.043922156,3.56255e-24,1.0,0.10870308,0.046305083,4.2852584e-08,9.476637e-10,0.07631681,0.00011991237,0.03016681,0.49617907,0.00022600578,4.3446293e-12,0.035931535,1.9975306e-07,8.300137e-15,0.05129409,2.5813494e-12,0.00033488558
6898,0.09390064,0.05994424,0.029014962,0.00013226453,0.44864616,0.10501985,0.1584589,0.3784997,0.2662358,0.046305083,9.141677e-32,0.0021039026,0.07631681,0.015294579,0.006130043,0.0013869064,0.00016375893,2.3009756e-09,0.011657234,0.027062848,1.8482015e-05,0.6875265,6.0338755e-31,0.0025105642
6900,0.13582136,0.10609732,0.15082477,2.6415908e-06,0.0020901393,2.20673e-22,4.850668e-23,0.9999999,0.3773017,0.046305083,2.8950948e-05,2.429218e-15,0.07631681,7.203413e-05,1.0,1.0,0.006067007,1.0,0.0856132,3.447493e-09,3.0293144e-17,1.0,1.0,0.008188545
6905,0.09390064,0.05994424,2.9876978e-06,0.0034501362,0.32243758,0.08052398,0.0926618,3.006636e-39,0.5481036,0.046305083,5.2596397e-07,1.4456335e-06,0.09646739,2.9850774e-08,5.3541035e-06,8.527554e-12,0.00022373887,0.99593735,0.054583166,0.0009221691,2.818108e-12,1.3429305e-13,7.707709e-30,6.931989e-13
6907,0.09390064,0.05994424,0.05112327,0.01352198,0.66333956,0.10501985,0.1584589,1.0,0.8509575,0.046305083,3.006636e-39,1.9732568e-06,0.24673085,0.00013236597,1.8877094e-05,0.011590668,0.00016375893,4.1408705e-15,0.011657234,0.25024274,6.487479e-13,2.0699076e-09,6.0338755e-31,5.654379e-06
6910,1.0,1.0,0.9968285,0.00034774854,0.4413343,3.6588034e-07,0.04984616,1.0,1.0,0.046305083,3.006636e-39,1.8170976e-15,0.07631681,2.5681704e-05,0.121913746,9.5517426e-05,0.00035550416,3.994734e-12,0.007920439,2.276109e-12,1.0,1.0,2.887817e-23,4.908591e-07
6917,0.09390064,0.95011604,0.4706043,3.8293074e-11,0.01759805,0.0017495886,4.9408118e-24,1.0,0.47277427,0.1314709,9.6061975e-24,2.5135253e-11,0.07631681,3.6237012e-05,0.9731895,0.0032493486,0.00024990924,2.7104718e-17,1.0,3.3364492e-10,2.490738e-14,0.9990792,1.5293768e-18,7.566934e-07
6919,1.0,1.0,0.001306557,7.8966965e-11,0.0058405087,2.2975592e-24,3.56255e-24,3.006636e-39,0.6256082,0.046305083,1.0,6.3316665e-12,0.09646739,1.2894814e-07,0.9422081,1.0,0.000490487,1.0,0.26524475,9.760373e-10,1.0,1.0,0.9995932,0.0025533754
6924,0.13582136,0.05994424,0.0012669583,0.1277236,0.30563197,1.6079076e-15,0.0010228963,1.0,0.0046493006,0.046305083,2.5508247e-15,2.775532e-07,0.07631681,0.00030299046,1.0121508e-07,2.531971e-07,0.00025374308,0.98818934,0.011657234,0.0013688887,9.150046e-05,6.445065e-06,3.9021664e-12,0.13376895
6928,0.9935846,0.05994424,4.877948e-05,0.7740212,0.28912443,4.9860947e-08,0.9911141,0.99999976,0.15280591,0.046305083,2.1195566e-27,1.0,0.07631681,1.4463976e-06,0.010264227,0.00049482065,0.0005456645,1.0,0.0019824235,0.2441728,6.135358e-07,1.5988026e-05,1.0,0.006598402
6936,0.09390064,0.10609732,0.9715,7.660828e-10,0.016389959,2.6065035e-07,7.8235034e-23,1.1722837e-13,0.10870308,0.046305083,1.2822661e-18,2.7883965e-08,0.07631681,4.704947e-05,0.041120518,1.0,0.0004707903,0.0023389314,0.9166285,7.630001e-10,1.0,0.98898965,2.6510323e-22,5.7490604e-07
6937,0.41671476,0.05994424,0.75879556,0.96087235,0.45734832,2.6904794e-07,0.020347917,1.0,0.008294653,0.046305083,2.5719368e-17,9.810312e-11,0.07631681,1.5308548e-05,8.563648e-05,1.5575015e-11,0.00044538674,2.3129392e-07,0.011657234,4.2220494e-12,9.167552e-10,1.0,1.7302781e-16,0.9999968
6938,0.09390064,0.10609732,0.0032808054,0.0006657115,0.0026864838,0.9974457,2.0147987e-23,1.0,0.10870308,0.046305083,0.0009195072,1.1386643e-08,0.07631681,7.716958e-05,0.017749688,1.0,0.00024407149,1.0,0.03261185,4.3399634e-13,1.0093164e-08,9.839264e-11,4.6404017e-16,8.819955e-06
6941,1.0,0.10609732,0.0003413896,5.6352245e-10,1.4062167e-05,1.0,3.8986717e-26,1.0,0.10870308,0.046305083,1.0,2.1078161e-09,0.2081817,8.904307e-22,0.20111121,1.0,0.00020411126,1.0,0.053770196,2.8636035e-10,1.1888094e-12,1.0,0.11808142,0.00016863988
6943,0.5484766,0.05994424,0.015566657,0.088528164,0.3666133,0.21963799,0.1584589,2.8811905e-17,0.4941278,0.046305083,9.735963e-28,3.9730967e-05,0.07631681,0.0003386101,0.0022327406,5.9697e-09,0.0061422037,1.0,0.06738012,0.027062848,2.8705276e-07,1.0,1.6346129e-29,1.5261022e-10
6944,0.6832289,0.10609732,2.2066162e-05,0.0038180815,0.0012819752,1.0,1.8634196e-23,3.644232e-12,0.111633375,0.046305083,1.0,5.3534166e-10,0.48861712,5.9250485e-25,0.00086586137,1.0,0.00053651544,1.0,0.035931535,4.6039656e-12,1.0736215e-07,1.0,1.0,0.0004763987
6949,0.51626617,0.10609732,0.0003833625,8.782051e-06,0.557112,1.0,1.215046e-23,1.0,0.08507436,0.046305083,1.0,1.0808388e-12,0.65648013,2.9298363e-24,0.31594208,1.0,0.00024407149,1.0,0.10617509,4.270685e-12,8.0337626e-14,1.0,0.20137787,0.002334866
6960,0.09390064,0.05994424,0.0013372564,0.0352995,0.44864616,0.03592954,0.019863704,1.0,0.2662358,0.046305083,1.1079584e-17,2.4555081e-06,0.537438,0.013375628,0.6190515,0.0030332045,0.00016375893,1.0,0.0062909992,0.7247212,1.5029257e-06,6.663476e-14,6.0338755e-31,0.008618811
6963,0.09390064,0.05994424,0.097926274,0.85570806,0.40084127,1.0768678e-05,0.054596197,4.147194e-15,0.87353235,0.046305083,3.006636e-39,8.682817e-08,0.07631681,1.8635569e-06,0.059217446,1.5201653e-08,0.00016375893,2.9075472e-31,0.011657234,0.006976605,0.00031402364,1.0,2.2458944e-32,5.3360814e-08
6966,1.0,1.0,0.107790105,0.28929368,0.037699096,4.622273e-05,0.019226326,1.0,0.78382367,0.046305083,0.00019695166,1.0,0.07631681,0.0015059133,0.005944562,1.01955875e-17,0.00032289946,1.0,0.08607055,1.1301138e-07,6.9290195e-08,1.5329702e-09,1.0,0.8353351
6970,0.09390064,0.10609732,6.922717e-06,8.180146e-10,0.015478964,0.9996649,5.333873e-27,2.4420759e-31,0.054282483,0.046305083,1.0,1.4432093e-18,0.15373386,4.8903544e-08,0.08384701,1.0,0.00048267696,1.0,0.16377407,4.3868633e-12,7.3152035e-17,0.23173058,3.220415e-22,0.877718
6971,0.15723225,0.05994424,0.06655556,0.03240522,0.44864616,8.525098e-12,0.22637956,0.44158572,0.8498437,0.046305083,4.767782e-39,0.00019245033,0.07631681,0.18907997,0.9917875,0.46470162,0.00016375893,4.6915346e-14,0.011657234,0.027062848,0.00037528187,0.6875265,7.005332e-28,1.05509025e-05
6979,0.6744648,0.05994424,0.9806897,0.04637361,0.037699096,1.0,0.011683816,1.0,0.26614684,0.046305083,1.0,1.0,0.19388974,5.0485764e-15,0.00011439925,5.476562e-05,0.000485734,1.0,0.10860781,1.9680097e-06,1.1780302e-06,0.9999851,1.0,9.694784e-10
6980,0.1233277,0.10609732,8.625337e-05,0.0008633067,0.004051549,1.0,1.7333768e-23,1.0,0.080249615,0.046305083,1.0,8.32655e-12,0.16824047,9.927936e-08,0.08521101,1.0,0.0006855534,1.0,1.0,3.6944173e-13,7.443888e-14,1.0,0.99797875,3.3353643e-08
6981,0.09390064,0.10609732,0.028342806,6.353421e-11,0.011417376,1.1748914e-05,5.056283e-16,1.0,0.10870308,0.046305083,0.00020736422,2.3769611e-07,0.07631681,4.109631e-09,0.10997149,0.9999881,0.006964567,3.7847875e-07,0.0856132,3.5275904e-10,4.160205e-14,0.99999917,3.7916712e-20,0.739036
6985,0.2455108,0.05994424,0.0034931968,0.052398834,0.22806782,0.004682702,0.02285768,1.0,0.007167812,0.046305083,0.99995506,0.00019796437,0.09646739,3.2461776e-05,2.2051443e-06,2.7532978e-09,0.00036945983,0.9999999,0.0025632665,8.533261e-09,0.05670915,4.8767155e-09,8.7913406e-11,0.003016198
6986,0.09390064,0.05994424,0.0035076798,0.01352198,0.44864616,0.10501985,0.1584589,1.845562e-18,0.1337816,0.046305083,3.006636e-39,0.0005614785,0.07631681,0.019997409,0.0012015123,1.117191e-14,0.00016375893,9.116246e-19,0.0016283505,0.046594977,9.491068e-07,6.6175124e-07,6.0338755e-31,0.00071124156
6988,0.14184178,0.10609732,0.44750306,2.3425935e-06,0.0031282369,1.0,3.137432e-25,1.0,0.61648023,0.046305083,1.613146e-10,1.3857863e-14,0.13686801,7.55756e-08,0.59180164,1.0,0.00046568358,0.0006169813,0.15428965,2.0703408e-10,0.9957807,1.0,0.00011169323,9.151344e-06
6990,0.09390064,0.05994424,0.00011101864,0.23537834,0.37528476,1.6675948e-09,0.010872191,0.9157813,0.52219325,0.046305083,1.801636e-23,0.0014163244,0.07631681,0.114488035,0.42617556,2.1739744e-13,0.00023923571,1.0,0.0019824235,0.003592462,0.014304628,4.5585682e-07,2.2458944e-32,0.0014132337
6993,0.09390064,0.05994424,0.033085335,0.14106151,0.14560603,0.00094586506,1.0,1.0,0.99782145,0.046305083,3.006636e-39,3.8847185e-05,0.07631681,0.05100596,0.0021279156,2.5951687e-11,0.08765471,6.1109425e-16,0.0025632665,3.8068075e-07,0.0052488283,0.44194716,4.364887e-27,0.00041055706
6996,1.0,0.10609732,0.00040501647,0.009109955,0.0002597455,8.487544e-22,2.4042433e-23,2.127826e-06,0.05375699,0.046305083,0.9999765,1.0,0.40027294,0.05767154,0.98509926,1.0,0.00035817688,1.0,0.15334032,9.80785e-13,1.0,1.0,1.0,0.00026086406
6999,0.09390064,0.05994424,2.9094736e-07,0.27899197,0.4221894,8.31594e-10,0.019863704,5.6039464e-18,0.72292405,0.046305083,0.14601491,7.8598094e-07,0.07631681,0.019945415,0.11646013,3.0739858e-10,0.0011476032,1.0,0.031368732,0.00019219011,0.00041563084,1.0,8.381589e-30,1.314859e-11
7000,0.09390064,0.05994424,8.85977e-07,4.0305906e-08,0.03529525,1.7092711e-06,2.8008359e-24,1.0,0.011558727,0.046305083,0.9999999,1.105574e-15,0.07631681,1.0084015e-05,0.00016867672,1.0,0.0005101942,1.0,0.003252419,2.1634349e-13,1.0,1.0,1.6993645e-15,3.1158914e-10
7001,0.09390064,0.05994424,0.029293623,0.0009537589,0.23983854,1.0,0.018350748,1.0,0.0042371973,0.046305083,1.0,5.8242267e-18,0.07631681,0.00019673767,4.0164247e-07,1.0,0.00033509254,0.5203693,0.011657234,1.5335222e-10,0.0003943688,1.0,2.4422514e-32,1.3235932e-05
7002,0.09390064,0.05994424,0.001491329,0.0011408889,0.4287923,0.036109608,0.025568306,0.000101216865,0.7380032,0.046305083,3.006636e-39,2.1533308e-18,0.07631681,0.0017574438,0.000102533064,3.8511613e-20,0.00026482728,7.737092e-08,0.0016283505,7.3214584e-13,0.29034698,3.2865975e-24,1.7667042e-28,0.0009565103
7003,0.09390064,0.05994424,5.8670994e-05,0.026005046,0.13497634,6.646969e-08,0.08151347,0.7687783,0.2662358,0.091239415,1.6501429e-23,0.00016097564,1.0,0.0025795358,0.0019522373,9.900625e-09,0.00019582067,1.0,0.06596575,2.6551913e-07,0.0062334626,3.006636e-39,6.0870295e-22,5.9156253e-08
7004,0.09390064,0.9754944,0.99996793,2.666758e-06,0.4221894,7.644295e-09,0.1584589,1.4946017e-29,1.0,0.046305083,1.2349809e-08,5.432434e-10,0.07631681,0.040954374,0.44100624,5.5841793e-09,0.00030332716,1.0,0.011657234,8.09302e-05,0.9998435,0.20194006,2.4422514e-32,1.0144705e-05
7005,0.09390064,0.10609732,0.00013018616,0.00015792175,0.004051549,4.6577833e-07,1.7719799e-23,1.0,0.10870308,0.046305083,6.804894e-20,1.563552e-08,0.07631681,7.922935e-06,0.10142285,1.0,0.00032849,1.0,0.035931535,2.9796207e-13,4.4619307e-17,0.9999975,0.0016666568,6.076915e-06
7006,0.4411844,0.10609732,6.654922e-05,5.915258e-10,8.619998e-06,0.9999956,2.821179e-23,1.0,0.06584948,0.046305083,1.0,5.3228275e-15,0.12127647,3.3091574e-22,0.021039007,1.0,0.00044304694,1.0,0.021866366,7.0944276e-13,4.2826253e-24,1.0,0.0049588936,6.6500193e-06
7009,0.09390064,0.10609732,0.6977319,2.904984e-10,0.021783194,0.99998486,3.7554194e-23,1.0,0.1448456,0.046305083,2.2096718e-09,7.649595e-15,0.07631681,1.4098603e-07,0.0087819975,1.0,0.0005522186,0.00023709348,0.021866366,6.282857e-13,4.0385337e-15,1.0,1.0302373e-22,0.02908599
7010,0.09390064,0.10609732,0.10386892,7.749693e-11,0.011417376,0.45816824,3.137432e-25,1.0,0.7008556,0.046305083,1.0,8.9385855e-13,0.2585178,1.6770952e-07,0.001422279,8.26458e-07,0.00036383801,1.0,0.6151327,4.4839746e-10,7.176142e-12,6.510994e-17,1.2478227e-17,2.797843e-11
7011,0.82594335,0.05994424,0.029183308,5.8655877e-07,0.09021652,5.5246115e-08,0.00020453265,1.0,0.06734335,0.046305083,0.9999994,5.8534816e-11,0.2081817,1.0053775e-23,0.00023247085,0.9997254,0.0009416474,1.0431165e-05,0.08982352,3.314727e-08,1.7196759e-10,0.13135253,2.2864113e-13,0.00902996
7014,0.09390064,0.05994424,4.2722175e-07,0.08469961,0.42553365,8.777748e-08,0.008913667,3.1000252e-27,0.2184399,0.046305083,0.9892758,1.8586918e-05,0.28145996,0.48023605,0.30161712,7.002613e-11,0.004491933,1.4391773e-36,0.0040989774,0.00014443425,7.801538e-08,1.0,2.2458944e-32,1.0118491e-06
7016,0.4333966,0.05994424,2.3579087e-06,0.0008346352,0.28478637,1.9794314e-08,0.0020563675,7.8193776e-25,0.42249262,0.046305083,0.9710645,3.9473058e-08,0.1839583,3.109647e-24,3.1652396e-06,5.3330305e-11,0.00016375893,2.2414394e-36,0.011657234,1.1181617e-09,0.00019421149,1.0,6.0338755e-31,0.5037648
7022,0.09390064,0.05994424,2.3286202e-07,0.0012210069,0.44864616,1.0,0.016312161,0.27184302,0.13688383,0.046305083,0.009817819,0.00010434379,0.13686801,1.2532757e-05,6.179434e-05,0.117070235,0.0001961187,2.061255e-25,0.011657234,0.0060452614,5.034588e-10,0.00021713473,6.0338755e-31,7.567324e-07
7026,0.09390064,0.05994424,0.010655748,0.9373001,0.14560603,0.41686535,0.027521316,1.0,0.42129767,0.046305083,3.0136294e-31,0.009344742,0.12317237,0.00024046237,0.000106675565,2.0311362e-11,0.0011094835,4.960038e-08,0.5993813,3.8068075e-07,0.024138896,3.713424e-07,8.7787854e-27,4.244366e-12
7027,1.0,0.05994424,0.007512362,0.35934934,0.013062397,0.9999918,8.438272e-07,1.0,0.01357031,0.046305083,1.0,1.0,0.2081817,5.144941e-26,2.4472287e-05,1.5835404e-08,0.0005722866,1.1330473e-33,0.054583166,0.99230474,6.1951105e-06,1.0,1.0,1.9353804e-06
7029,0.09390064,0.10609732,0.054684006,5.9216215e-11,0.011417376,1.0,3.7992354e-24,0.12368454,0.26443526,0.046305083,1.0,6.6588146e-10,0.07631681,5.3662006e-07,0.00047034826,3.868455e-08,0.00020411126,1.0,0.035931535,1.0156423e-09,1.7885331e-12,2.4995912e-13,7.479858e-13,0.00010341937
7031,0.09390064,0.05994424,5.5680866e-06,0.06671772,0.37528476,1.0985403e-06,0.024717148,2.1500312e-14,0.3886683,0.046305083,8.521541e-15,0.0023073955,0.48595536,0.00937873,4.5931884e-05,2.7606907e-07,0.0001898146,5.486517e-22,0.03622963,0.0006729054,0.00958475,1.0,6.0338755e-31,4.3309484e-10
7035,0.33936843,0.10609732,0.007902717,3.993677e-11,0.010656175,0.026160624,3.137432e-25,1.0,0.062153894,0.046305083,1.0,5.9428594e-11,0.17006275,1.4502069e-06,0.0004105792,1.0,0.00059495016,2.3172675e-16,0.050118137,3.9663924e-08,1.12591075e-13,1.0,4.09141e-15,7.85903e-06
7041,0.15977015,0.10609732,0.19790141,4.430497e-08,0.011417376,0.026475297,3.56255e-24,0.0015652255,0.16800801,0.046305083,0.1624908,2.7883965e-08,0.07631681,3.6180302e-06,0.039906994,1.0,0.00022600578,7.392017e-06,0.035931535,2.2170545e-10,1.0,0.99999976,7.381962e-21,3.3898603e-05
7043,0.09390064,0.05994424,0.5531758,0.3754072,0.44864616,0.10501985,0.1584589,0.9999987,0.2662358,0.046305083,6.7355826e-33,0.00021074757,0.07631681,0.0070879064,0.0009106494,3.2730364e-12,0.00022949859,1.8384638e-08,1.0,0.4880856,0.08616856,0.6875265,6.0338755e-31,0.09002955
7045,0.09390064,0.05994424,2.2161947e-07,0.14526579,0.15951541,0.0005934666,0.017761031,1.0,0.14585476,0.046305083,2.9335768e-13,5.445412e-10,0.07631681,0.97759205,1.0,7.221651e-18,0.0002663674,1.7810016e-21,0.0025632665,6.2112926e-10,4.76651e-05,2.3269213e-25,5.144188e-29,0.016601723
7052,0.09390064,0.05994424,0.010552451,0.0023348716,0.574614,0.10501985,0.1584589,1.0,0.1337816,0.046305083,1.0707162e-32,5.414076e-09,0.07631681,0.006959566,4.6733454e-05,7.5447155e-11,0.00016375893,0.756315,0.011657234,2.174937e-09,0.00019421149,7.693783e-06,6.0338755e-31,0.02377776
7054,0.09390064,0.05994424,0.000101642145,0.17611702,0.56604964,3.1330957e-05,0.019226326,1.0,0.6522179,0.046305083,2.6072648e-22,8.042798e-09,0.07631681,0.007415239,0.119361825,6.7799434e-08,0.00022095728,1.0,0.0019824235,4.8805395e-09,5.7942005e-05,5.3452022e-18,5.144188e-29,0.9672617
7056,0.09390064,0.05994424,0.022815118,0.93345684,0.14560603,0.024646983,0.017761031,1.0,0.9100188,0.046305083,3.006636e-39,1.3971604e-08,0.07631681,0.07731274,0.025434423,3.7838418e-19,0.00025548926,5.108686e-17,0.0025632665,9.974358e-07,2.3722196e-06,6.297017e-12,5.144188e-29,0.00032566924
7057,0.33813998,0.10609732,0.014580276,6.146063e-10,0.0104946755,0.9969789,5.317788e-25,1.0,0.10870308,0.046305083,0.87854993,3.7330267e-10,0.07631681,2.0661357e-06,0.02675963,0.98942167,0.00020411126,1.0,0.03261185,3.4381797e-10,2.23894e-17,3.400398e-22,1.5293768e-18,0.002509979
7059,0.09390064,0.05994424,0.17894386,0.011696349,0.7357273,0.084761254,0.019863704,0.00024635214,0.7862231,0.046305083,3.6310432e-08,6.98605e-17,0.07631681,0.8552648,0.96319157,8.831698e-25,0.00020314437,1.0,0.0019824235,1.6551389e-12,1.4709633e-08,1.0097612e-05,6.0338755e-31,0.9979449
7062,0.39313722,0.10609732,0.12149937,2.487249e-10,0.3918651,0.00018767302,3.8986717e-26,1.0,0.63673216,0.046305083,6.1265013e-19,2.7883965e-08,0.27645928,6.5595155e-22,0.36910623,0.9999963,0.00024990924,3.9101096e-19,0.035931535,2.2170545e-10,1.4746818e-09,1.0,6.322855e-20,2.797138e-06
7064,0.09390064,0.05994424,0.037426464,0.003172945,0.24713588,1.0,0.016312161,0.9394991,0.0042371973,0.046305083,1.4018098e-06,6.087676e-12,0.13686801,0.00012918474,0.0011280967,1.0,0.00016375893,2.0583008e-17,0.011657234,3.5366854e-10,0.0010754506,1.2505297e-09,2.5549659e-28,0.14195713
7069,0.09390064,0.10609732,0.011348327,0.0013645809,0.0022097803,3.6719503e-05,7.9307765e-23,1.0,0.10870308,0.046305083,6.6358783e-21,2.1880997e-11,0.15469666,6.768558e-05,0.0015858926,0.9999789,0.00027540012,0.99999964,0.035931535,3.5947048e-13,1.470799e-10,4.818837e-30,8.521138e-18,0.00021748323
7079,1.0,1.0,0.0064270217,0.0012522627,0.043646276,1.628426e-05,0.016312161,5.2883815e-06,0.096208066,0.046305083,2.3935894e-17,1.0,0.19388974,1.0393627e-09,0.0007939255,0.000112871945,0.00025249517,2.0694246e-14,0.054583166,0.027062848,2.2546605e-08,1.0,1.0,2.0029105e-05
7083,0.13582136,0.05994424,0.0069311904,0.01301875,0.18106374,0.9849101,0.019863704,0.99999976,0.0046493006,0.046305083,2.3384147e-20,7.5496287e-10,0.16795658,0.008413316,0.00088230835,7.921545e-07,0.00031389642,1.0,0.006572451,0.00018119578,3.0186232e-08,7.3197e-39,3.9021664e-12,0.012071719
7084,0.09390064,0.10609732,0.29699135,2.9608224e-10,0.009406016,3.963846e-18,2.6047785e-23,1.0,0.9487564,0.046305083,6.8147235e-17,5.0838275e-11,0.07631681,2.0103353e-05,0.052706875,0.007694139,0.00020411126,0.15404567,0.035931535,2.179051e-10,3.429889e-09,1.0,9.056588e-20,9.769634e-09
7088,1.0,0.05994424,0.109493464,1.315909e-07,0.21122153,1.1672016e-16,0.0026124723,1.0,0.004608535,0.07390926,7.7923774e-05,1.7042073e-15,0.28839296,3.760272e-07,4.3857704e-05,0.117869444,0.0009532529,4.1578882e-14,0.9808312,1.2027046e-10,4.528827e-09,5.7342554e-19,2.2577155e-16,2.7138107e-05
7094,0.09390064,0.05994424,0.00744029,0.0009422833,0.37528476,9.606468e-10,0.42576036,1.0,0.2662358,0.046305083,5.9865395e-28,0.22275236,0.07631681,0.025298592,0.025594821,7.3297116e-07,0.0001898146,1.5795747e-18,0.011657234,0.06308077,3.712321e-05,0.68009627,6.0338755e-31,0.0005052369
7096,1.0,1.0,0.027940065,0.4523463,0.5004057,0.0005247449,0.020347917,1.0,0.9405123,0.046305083,3.006636e-39,2.5968152e-09,0.07631681,0.0001881593,0.0021210297,9.994949e-08,0.00074895273,1.1880176e-13,1.0,4.9375517e-09,2.3478006e-12,0.9965012,8.381589e-30,2.5390875e-11
7097,0.1538923,0.10609732,0.059952892,2.8580485e-10,0.008445554,1.0,3.56255e-24,0.21477842,0.3019125,0.39649582,1.0370823e-15,2.740051e-07,0.07631681,1.6338176e-05,0.08749332,1.0,0.0003878895,0.99941015,0.035931535,1.9506824e-10,5.2401876e-14,1.0,3.728516e-21,0.0016629392
7098,0.29336098,0.05994424,3.692672e-05,0.036842715,0.037699096,0.0010071741,0.019226326,1.0,0.19921878,0.046305083,5.1293503e-23,1.0,0.07631681,7.851974e-10,0.0011007636,6.645099e-10,0.00036945983,1.0,0.0019824235,4.034564e-07,1.9813602e-07,2.052225e-13,1.0,0.010089253
7099,0.13582136,0.10609732,0.5196155,0.094759375,1.0,0.0007551631,1.3548829e-22,0.6044081,0.13993454,0.046305083,0.19804585,1.0776919e-07,0.07631681,2.0185837e-08,0.11289303,1.0,0.0011432873,1.0,0.15428965,1.7799569e-12,6.036541e-10,1.0,0.80768055,1.7781797e-07
7101,0.09390064,0.10609732,5.68237e-06,0.9896572,0.0019124374,5.913402e-07,2.4042433e-23,0.99999845,0.054282483,0.046305083,1.0,2.1967037e-09,0.24536146,4.0770636e-05,0.22086181,1.0,0.00053850276,1.0,0.03359453,5.6101054e-11,1.258596e-13,1.0,8.084063e-20,8.45203e-05
7102,0.950002,0.05994424,0.003996537,0.0434929,0.040838756,0.9999956,0.0020563675,0.41644916,0.2662358,0.046305083,3.1481404e-16,0.0021039026,0.1839583,6.3300577e-24,1.3115496e-05,0.040087044,0.00016375893,7.930535e-38,0.011657234,0.04368838,0.004143602,1.0,6.0338755e-31,0.037799396
7112,1.0,1.0,0.8868788,2.3477864e-09,0.011417376,3.000998e-09,3.137432e-25,1.0,0.76821476,1.0,4.750436e-20,2.3173524e-08,0.13686801,8.715712e-06,0.04771877,1.0,0.0003505447,4.1706617e-36,0.035931535,3.078404e-10,1.5398913e-10,0.9996474,7.1223555e-21,2.5254016e-05
7114,1.0,1.0,1.4697118e-06,0.0040055593,0.574614,0.0047160545,0.016312161,1.0,0.14585476,0.046305083,5.5814565e-19,8.766587e-16,0.13686801,2.1378435e-06,0.0018009722,2.1249772e-08,0.0007545243,0.99901736,0.011657234,7.3112925e-11,1.0,0.0550489,2.4422514e-32,0.09430848
7115,0.09390064,0.05994424,2.3286202e-07,0.01352198,0.44864616,0.071882464,0.1584589,1.904713e-05,0.14585476,0.046305083,3.8260358e-19,0.0013163353,0.07631681,0.015294579,0.00023905215,0.00018481363,0.0002456382,4.03649e-09,0.011657234,0.004475015,1.1522192e-14,4.1167097e-15,6.0338755e-31,0.0009414312
7117,0.51905054,0.05994424,0.010695115,0.9923706,0.18106374,0.00055129535,0.016312161,4.1628857e-15,0.0069186734,0.046305083,5.3113865e-08,1.0916625e-05,0.13686801,0.982385,1.0,0.015208841,0.00016375893,7.264493e-10,0.011657234,0.0056700693,3.3329192e-10,1.0,3.106166e-10,0.2884064
7119,1.0,0.10609732,9.711337e-05,7.3339135e-05,6.221676e-05,6.0269727e-09,1.5219003e-23,1.0,0.3894669,0.046305083,1.0,1.0,0.12127647,1.887425e-27,0.7558228,1.0,0.0006756342,1.0,0.035931535,2.870254e-13,6.151306e-10,1.0,1.0,0.0010417158
7121,0.09390064,0.05994424,0.2523396,0.021686358,0.7046413,0.10501985,0.1584589,1.0,0.2662358,0.046305083,4.8385465e-30,3.3122498e-12,0.07631681,0.018174736,0.18246455,4.83168e-17,0.000729004,0.9997135,0.2564673,1.404632e-11,0.0010115968,1.1531624e-06,6.0338755e-31,0.099338114
7122,0.09390064,0.05994424,1.3791988e-07,0.0015966713,0.47395396,1.0,0.019863704,1.0,0.37049505,0.046305083,1.0,2.25322e-06,0.07631681,0.00027166127,0.57064056,0.000310556,0.00016375893,1.0,0.0019824235,6.9782764e-06,3.6352785e-11,4.905703e-12,6.0338755e-31,6.8714354e-09
7123,0.09390064,0.05994424,0.028541852,0.087141156,0.68019325,0.05084429,0.0031138612,4.7143e-33,0.73497176,0.046305083,3.006636e-39,6.068264e-05,0.07631681,0.0003096779,0.00034222848,1.8235666e-18,0.00026206087,2.0605275e-06,0.011657234,0.00024306364,0.00038636624,1.5006942e-06,2.2606795e-24,0.010619109
7124,0.7671056,0.05994424,0.003766872,0.031910665,0.010018782,0.2932119,0.0926618,1.07627495e-29,0.37259588,0.046305083,2.3230276e-10,5.4866996e-06,0.1839583,5.8829605e-23,4.6666253e-05,4.4848946e-08,0.00016375893,1.548731e-36,0.011657234,0.009655624,0.00200058,1.0,8.414572e-26,0.0018812948
7125,0.4801375,0.10609732,0.001714187,1.9081452e-11,1.0,9.82634e-19,3.8343667e-25,0.00018295826,0.6291999,0.046305083,1.0,1.0,0.07631681,6.177207e-10,0.21374297,1.0,0.000571972,1.0,0.03261185,2.8299567e-09,1.0,0.9999244,1.0,0.0008756179
7126,0.4102703,0.10609732,0.1840622,1.1640927e-10,0.0023782935,0.023990355,3.56255e-24,1.0,0.6056677,0.046305083,7.546776e-18,1.0,0.07631681,6.315794e-08,0.0024942304,1.0,0.00027920134,0.0017051583,0.15428965,2.2170545e-10,2.6511153e-13,1.0,1.0,3.4583295e-06
7128,0.09390064,0.05994424,0.01581995,0.025669944,0.44864616,0.10501985,0.1584589,0.3784997,0.2662358,0.046305083,1.11673835e-08,5.3034903e-05,0.09646739,0.07211269,0.0015160894,0.0013869064,0.00017958447,0.025042996,0.011657234,0.0007234348,0.031790536,0.6875265,6.0338755e-31,1.3045179e-05
7133,0.13582136,0.10609732,0.0005724964,0.010076902,0.0002597455,6.53447e-21,1.6485888e-23,3.5178452e-34,0.05375699,0.046305083,1.0260175e-05,1.0,0.13686801,1.6106609e-11,0.325422,1.0,0.0012684731,1.0,0.0856132,6.740907e-13,0.6416258,1.0,1.0,2.0952044e-05
7137,0.5988252,0.05994424,0.00017866235,2.023484e-05,0.00012922467,1.0,1.9701992e-23,1.0,0.014953953,0.046305083,1.0,1.0,0.2081817,4.865896e-18,0.13104928,1.0,0.0005427351,1.0,0.0016283505,9.058676e-13,1.2730129e-15,1.0,1.0,1.0
7138,0.16485062,0.05994424,0.01581995,0.01352198,0.44864616,0.10501985,0.1584589,1.1094573e-06,0.2662358,0.046305083,2.495437e-36,0.0005660723,0.07631681,0.015294579,0.04875175,0.0013869064,0.00016375893,2.3009756e-09,0.011657234,0.027062848,0.031790536,0.6875265,2.5549659e-28,0.9248303
7140,0.137259,0.17572631,0.0037687726,0.0005321874,0.0022097803,5.9228273e-12,1.1495014e-22,1.0,0.24611956,0.046305083,4.170063e-18,6.0856653e-09,0.07631681,2.7988938e-06,0.0040354086,1.0295042e-08,0.00031240252,0.99999976,0.03344825,3.849442e-13,8.1891363e-07,1.3350531e-15,4.2831492e-16,0.00022369559
7141,0.09390064,0.05994424,0.0227132,0.01352198,0.44864616,0.10501985,0.99987614,0.3784997,0.2662358,0.046305083,3.006636e-39,0.002663241,0.07631681,0.00012977047,0.020368045,1.2555592e-15,0.00016375893,1.1908527e-18,0.011657234,0.16754137,1.0,1.1764079e-12,6.0338755e-31,0.02037199
7147,0.38645583,0.10609732,1.2921481e-06,3.490368e-08,0.0032429688,1.0,3.8343667e-25,3.006636e-39,0.050610077,0.046305083,1.0,7.9103994e-11,0.07631681,2.1333918e-08,0.00019894358,1.0,0.0003609985,1.0,0.03261185,2.0665059e-10,1.0,1.0,0.1179756,1.6708452e-07
7151,0.09390064,0.10609732,0.020165255,5.5941973e-10,0.011417376,6.054221e-09,3.56255e-24,4.3923697e-17,0.10870308,0.046305083,2.9079196e-19,2.7883965e-08,0.07631681,0.00011011109,0.001600591,4.120927e-12,0.00039964283,2.2962688e-07,0.035931535,3.8953812e-10,4.4018286e-10,0.0037152893,6.322855e-20,4.980384e-05
7154,0.09390064,0.05994424,0.01571159,0.069622256,0.15951541,0.0015873021,0.039466906,1.0,0.6522179,0.046305083,4.2059523e-37,0.0021039026,0.07631681,0.030416338,0.00045074028,3.6852192e-09,0.00026384235,1.6908754e-10,0.0025632665,7.0243464e-06,4.5892783e-05,0.43055728,4.364887e-27,0.00076506956
7155,0.29913616,0.05994424,0.017879333,0.0020008686,0.44864616,1.0,0.1584589,0.33764637,0.32685453,0.046305083,6.858727e-30,3.480613e-05,0.07631681,0.00030615172,8.7266136e-07,0.9999598,0.00022369089,4.0458652e-19,0.054583166,0.027062848,0.004330667,0.74485976,2.0707957e-28,3.8804304e-14
7156,0.09390064,0.05994424,0.012176019,0.01352198,0.44864616,0.10501985,0.1584589,0.3784997,0.2662358,0.046305083,3.006636e-39,0.0005614785,0.07631681,0.015294579,0.006130043,0.00018481363,0.00016375893,2.1617011e-14,0.011657234,0.027062848,0.004143602,0.6875265,6.0338755e-31,0.0025105642
7158,0.49188045,0.10609732,2.035908e-06,0.007205383,0.000384595,4.425801e-12,1.5219003e-23,1.0,0.11650712,0.046305083,1.0,2.2233902e-13,0.07631681,1.6726438e-09,0.8499316,1.0,0.0003618775,1.0,0.035931535,8.869684e-13,5.3771196e-13,1.0,0.99999523,8.597884e-05
7161,0.13582136,0.05994424,2.3035269e-05,5.937549e-06,0.21258125,2.4393832e-25,1.9247733e-05,1.0,0.012570334,0.046305083,1.0,4.9634895e-13,0.07631681,1.3263798e-08,0.0030470744,7.216633e-12,0.00041969953,1.0,0.0016357065,4.101739e-12,7.1049717e-06,1.0,3.1050718e-09,0.0004048034
7164,0.09390064,0.05994424,0.06646192,0.0082491245,0.15951541,1.0,0.022883628,0.20547885,0.291283,0.046305083,3.478662e-05,0.00062557025,0.07631681,4.291291e-07,9.801535e-05,1.4624525e-09,0.00026754072,1.11437325e-10,0.012423,4.4358876e-07,0.0001423633,1.0,4.364887e-27,4.0327703e-14
7165,0.13582136,0.05994424,0.095340535,0.9971136,0.18106374,0.00096528576,0.1584589,1.8969682e-11,0.2033854,0.046305083,3.0284563e-19,0.0007067308,0.24536146,0.0021318954,0.000658355,3.8659852e-19,0.0002509675,1.2364409e-25,0.011657234,0.5897952,2.721044e-06,2.4294198e-07,1.0470191e-09,0.08732417
7166,0.17665558,0.05994424,0.011823032,0.19562021,0.40084127,6.010937e-07,0.96733254,3.7254637e-26,0.2662358,0.046305083,3.8787552e-23,0.0010889351,0.07631681,0.0022277397,4.0589428e-05,0.0013869064,0.007020849,1.07939816e-17,0.028777288,0.0001697139,1.0777285e-08,1.0,6.0338755e-31,8.361639e-09
7167,0.09390064,0.10609732,0.24396926,1.3620971e-10,0.009406016,1.1411165e-12,1.06004486e-23,1.0,0.17155215,0.046305083,7.338751e-21,1.6104507e-09,0.24673085,0.00022462939,0.045838486,1.0,0.00020411126,1.0693617e-12,0.035931535,0.00045324405,2.8980533e-11,1.0,3.070835e-20,0.00072046614
7170,0.09390064,0.05994424,0.9995529,0.00023921471,0.13497634,1.0,1.5366939e-05,1.0,0.4368011,0.07617714,1.0,0.0003914773,0.07631681,2.380933e-08,0.008685012,0.00037279347,0.00036149906,1.0,0.00956654,1.3640844e-06,3.7734562e-06,1.0,1.0491686e-27,2.9710218e-06
7175,0.09390064,0.10609732,0.035072606,0.0013493674,0.004342081,3.5777578e-07,2.4042433e-23,7.648503e-18,0.10870308,0.046305083,2.9923564e-16,4.873793e-10,0.07631681,2.0781763e-05,0.16494283,1.0,0.00034880303,0.97126263,0.6243197,1.122948e-11,2.2877378e-09,0.9999999,2.0637582e-16,0.0001602349
7177,0.09390064,0.10609732,0.031829674,1.478971e-10,0.011417376,0.6817539,3.7992354e-24,1.0,0.10870308,0.046305083,0.035956983,2.7883965e-08,0.07631681,6.6236325e-06,0.0010856537,0.9999654,0.00025032324,1.46754715e-08,0.035931535,2.2038106e-11,4.0220624e-10,0.99991286,7.458366e-19,3.249575e-05
7179,0.48398104,0.10276631,0.97377986,0.77596337,0.7319197,0.016197287,0.018350748,0.009596591,0.2662358,0.046305083,9.307535e-36,2.3335622e-07,0.07631681,0.055455536,0.006466586,5.0927676e-14,0.00052279385,1.0,0.011657234,0.9997491,0.018011654,0.023752641,2.4422514e-32,0.00058053393
7180,0.09390064,0.10609732,0.02058894,3.970612e-10,0.011417376,1.0,3.137432e-25,1.0,0.13835359,0.046305083,1.5593482e-10,1.3801397e-09,0.13686801,4.6495214e-11,0.027688613,1.0,0.00047381435,9.147836e-06,0.035931535,2.6069924e-10,1.0,1.0,3.070835e-20,6.816067e-06
7183,0.33559775,0.10276631,0.0009140702,0.0019382373,0.35750794,2.9393062e-17,0.021491352,0.9999999,0.3350658,0.046305083,3.4915536e-23,1.067827e-12,0.07631681,6.1016886e-05,0.8487131,1.6554459e-15,0.00069211115,1.0,0.0019824235,1.7091988e-10,3.77406e-08,3.3953345e-08,5.9308445e-30,0.007618906
7184,0.3701623,0.05994424,0.5393091,0.000115420466,0.22766489,0.09765114,0.0026124723,1.0,0.011902667,0.07390926,1.0,7.27142e-11,0.3613113,0.000101848804,4.76255e-06,7.263733e-17,0.00026417463,3.6233115e-14,0.03779956,3.4251062e-07,1.1741786e-06,1.1302571e-13,1.7302781e-16,3.2720745e-06
7186,0.24536933,0.10609732,0.004948981,9.464873e-05,0.0050477744,1.1700931e-08,1.0191402e-22,1.0,0.10870308,0.046305083,0.00011465316,1.2946723e-10,0.07631681,1.316645e-05,1.0,1.2013352e-07,0.0007041841,1.0,0.035931535,3.4212054e-13,1.700239e-16,0.99999976,2.8405829e-13,1.321208e-07
7190,0.09390064,0.05994424,0.2705573,0.34661493,0.4221894,6.084616e-06,0.018350748,0.8755957,0.48461762,0.046305083,2.6902614e-32,1.2544953e-05,0.07631681,1.916902e-05,0.0012578251,1.6378803e-14,0.0003276474,1.0,0.054583166,0.0013688887,0.4730969,0.12760177,8.381589e-30,2.936516e-13
7192,0.09390064,0.05994424,3.8680287e-07,0.00041574615,0.80876976,0.999961,0.1584589,1.0,0.13953175,0.046305083,9.511285e-16,3.3688536e-12,0.07631681,1.694243e-06,0.00024215062,3.911451e-08,0.000248451,0.9999981,0.011657234,1.7451676e-11,2.481894e-10,8.133905e-07,6.0338755e-31,6.2199383e-06
7193,0.17665558,0.05994424,0.2604075,0.8968225,0.2833686,0.43441242,0.02534976,1.0,0.45347273,0.046305083,1.4683013e-29,6.6201255e-07,0.07631681,4.5595953e-06,0.010503849,1.7068735e-09,0.0009836517,1.0,0.012423,2.6019066e-07,0.0017749952,0.9560895,9.415872e-31,1.5445366e-05
7196,0.09390064,0.05994424,0.00010612221,0.27299598,0.21547954,5.198332e-16,0.24547324,1.0,0.2662358,0.046305083,0.9999995,1.3926963e-15,0.07631681,0.00041134327,0.28443632,0.00011749157,0.00023981831,1.0,0.0019824235,1.9345229e-11,3.2609077e-10,1.4089785e-30,1.6246673e-28,0.0021391404
7206,0.09390064,0.05994424,0.090627015,0.99227494,0.15951541,0.43441242,0.02285768,1.0,0.45347273,0.046305083,3.346071e-37,0.0021039026,0.07631681,4.7158625e-05,0.0010647497,4.786854e-20,0.0049931575,2.6474643e-06,0.015497587,1.0003059e-06,0.01747246,0.25996202,8.7787854e-27,3.0406757e-11
7208,0.13582136,0.10609732,5.235312e-05,3.241702e-10,0.0012232326,1.0,7.6203837e-22,0.9999832,0.121669866,0.046305083,0.000895806,9.2214424e-14,0.07631681,1.5335418e-07,0.0056765387,1.0,0.00022600578,1.8265445e-35,0.021866366,2.8382323e-13,1.4380127e-15,1.0,0.73353755,1.2615718e-06
7214,0.09390064,0.05994424,0.005020233,0.85376716,0.3666133,0.10501985,0.99999774,1.0,0.2662358,0.046305083,3.006636e-39,0.00025098378,0.07631681,0.025807586,0.04875175,6.7140156e-12,0.00026326894,2.4909082e-06,0.011657234,2.5708532e-06,0.3402044,1.0,6.0338755e-31,0.12732333
7215,0.56229216,0.3700091,0.17125498,2.036243e-09,0.067969896,1.0,3.4334443e-27,1.0,0.33247077,0.48059297,0.024369057,7.8084683e-10,0.7327797,1.4383746e-23,0.20881814,1.0,0.00021918798,3.0253159e-34,0.035931535,9.2451113e-10,5.2831036e-13,1.0,5.4635053e-05,0.00012859187
7218,0.13582136,0.10609732,0.004656427,2.065987e-09,0.00360455,0.21029527,3.56255e-24,7.2540886e-34,0.07831443,0.091239415,1.6013086e-08,1.130479e-17,1.0,1.5101366e-09,0.17509797,2.6606438e-07,0.00020411126,7.962163e-20,0.021866366,6.2258987e-12,4.872852e-22,1.0,0.00039851386,7.2106736e-06
7221,0.09390064,0.05994424,8.518402e-08,0.01177882,0.44864616,0.0630329,0.019863704,1.0,0.14585476,0.046305083,0.99999523,2.0385055e-06,0.07631681,1.0,0.94979185,1.6048085e-07,0.00030031355,1.0,0.0019824235,0.0013394305,5.0460475e-10,1.0,6.0338755e-31,0.008773708
7226,0.13582136,0.5943586,0.41501537,4.5409082e-10,0.0031282369,0.9999902,3.56255e-24,1.332224e-23,0.5960479,0.046305083,0.010892886,2.3185258e-10,0.07631681,7.681825e-10,0.00026846005,0.062094733,0.000274712,8.613141e-24,0.053770196,1.8912072e-10,5.985106e-19,1.0,9.561302e-09,6.5148987e-07
7227,0.09390064,0.05994424,0.007177242,0.0012547498,0.44864616,0.10501985,0.1584589,1.3014879e-06,0.2662358,0.046305083,5.0381745e-35,7.145266e-05,0.07631681,0.65151286,1.0,0.0045524277,0.00018083367,2.1424238e-08,0.0016283505,0.002237705,0.00019542578,0.7283052,6.0338755e-31,0.007915035
7230,0.5116465,0.10609732,0.018856414,1.1715166e-10,0.042983986,0.9999598,4.196134e-27,1.0,0.10870308,0.046305083,1.0,4.9840385e-09,0.470089,2.7978488e-22,0.0019362505,1.0,0.00027825637,1.0,0.24614833,1.3062614e-09,5.2883913e-11,1.459898e-11,3.182765e-20,0.00018823628
7232,0.09390064,0.05994424,0.0012734211,0.008649769,0.44864616,0.10883321,0.9942688,1.0,0.4448929,0.046305083,3.006636e-39,9.617531e-08,0.13686801,6.5051455e-07,8.8997804e-05,2.2259796e-06,0.00028297649,1.0,0.011657234,0.0013688887,0.0026136953,5.137789e-16,9.1502177e-26,9.78828e-05
7239,0.09390064,0.05994424,0.00036349372,0.4579269,0.44864616,4.2663538e-12,0.020347917,1.0,0.1337816,0.046305083,1.0360504e-37,3.8069965e-07,0.07631681,4.280099e-05,0.00054197444,0.008495524,0.0015819866,2.0106214e-16,0.0040805847,5.3114473e-08,3.1108743e-07,1.0,2.4422514e-32,0.9929351
7240,0.2855308,0.05994424,0.057865046,8.20559e-09,0.44864616,0.03710878,0.1584589,1.0,0.2662358,0.046305083,0.039783232,0.00013064778,0.09646739,1.0,3.3361775e-05,0.0059351893,0.00034211625,2.640255e-10,0.011657234,0.0010635275,5.9990307e-10,0.92345864,6.0338755e-31,0.027881194
7241,0.13582136,0.10609732,4.3272263e-05,0.00015748986,0.0017269836,8.1764207e-13,1.7719799e-23,5.2528337e-15,0.07243505,0.046305083,0.9999989,1.892482e-09,0.5189971,0.00015471644,0.88209504,1.0,0.0008696475,1.0,0.35059893,2.7541747e-13,1.4489287e-12,1.0,1.0,5.6260205e-07
7245,0.51905054,0.05994424,0.0077969083,0.21574031,0.18106374,1.0,0.0026124723,1.0,0.0046493006,0.046305083,1.8356088e-05,1.5787521e-06,0.07631681,0.00027928225,0.17878166,0.00035348744,0.00016375893,1.2273701e-08,0.011657234,0.0029428294,2.422184e-06,0.52362,3.9021664e-12,0.078213975
7253,0.09390064,0.05994424,0.012176019,0.01352198,0.44864616,0.10501985,0.1584589,0.3784997,0.2662358,0.046305083,1.4052994e-33,0.0002691179,0.07631681,0.004939438,0.006130043,0.0013869064,0.00018083367,6.810065e-19,0.011657234,0.072083175,0.004143602,0.6875265,2.5549659e-28,0.5175924
7264,0.13582136,0.05994424,0.0016914037,0.081032835,0.07308117,1.2530587e-08,0.09396901,1.0,0.004391559,0.046305083,1.2817263e-10,1.2397245e-08,0.07631681,0.00010353266,1.2687466e-05,9.417571e-10,0.0002812465,3.738468e-06,0.0025632665,5.3465743e-12,5.3119766e-06,1.4323107e-34,2.3592442e-11,0.0058726943
7266,0.44515803,0.05994424,2.4478177e-07,0.0039756857,0.13497634,1.0,0.07908848,1.0,0.13688383,0.046305083,1.0,2.191765e-07,0.07631681,4.473028e-08,7.1284504e-08,0.0006174857,0.0005870364,1.0,0.012423,7.940266e-08,1.0,2.588522e-13,2.1101257e-27,9.19639e-15
7269,0.2455108,0.10609732,4.4154683e-07,8.990644e-06,0.004860738,0.00064701587,2.696829e-23,0.58469695,0.035101414,0.046305083,0.5862392,3.9244265e-18,0.07631681,7.8332005e-06,0.99990606,1.0,0.00055782293,1.0,0.07751058,1.7106223e-12,2.0336366e-11,1.0,1.0,2.219927e-06
7270,0.09390064,0.10609732,1.9084566e-05,5.827514e-11,0.013009673,2.67352e-20,3.8343667e-25,8.143879e-16,0.10870308,0.046305083,1.0,2.9406344e-10,0.07631681,3.5777713e-05,0.045410838,1.0,0.0003509247,1.0,0.14164153,1.5809232e-09,1.5503207e-14,8.9485946e-10,6.1685916e-13,3.5885826e-08
7274,0.09390064,0.05994424,0.00014261165,0.9999267,1.0,0.053447388,0.019863704,0.7472172,0.2662358,0.046305083,2.874228e-19,0.0014163244,0.07631681,0.015294579,0.030705253,1.4757705e-07,0.0001898146,1.0,0.0019824235,0.027062848,0.00012313516,6.330944e-05,6.0338755e-31,0.001348323
7280,1.0,1.0,0.014447166,2.3047102e-08,0.0031282369,1.0,3.56255e-24,3.006636e-39,0.10368012,0.046305083,0.93621373,4.2254168e-08,0.07631681,2.3309773e-05,0.018444758,1.0,0.00053422543,2.1146538e-09,0.035931535,2.0393086e-10,3.274488e-14,1.0,0.20688838,1.0
7285,0.09390064,0.05994424,0.90808284,0.0014350394,0.44864616,2.3041905e-05,0.1584589,0.3784997,0.48461762,0.046305083,3.2368886e-14,0.00018355883,0.07631681,1.4920357e-05,0.00013975357,2.4662006e-06,0.00045417954,5.615689e-09,0.054583166,0.016335186,5.064974e-05,0.6875265,6.0338755e-31,7.45382e-14
7287,0.64938986,0.10609732,4.9585287e-06,3.014251e-05,0.0014860873,1.0,1.5219003e-23,0.65899086,0.05375699,0.046305083,0.9962089,2.4675091e-16,0.07631681,1.5446405e-08,0.009535861,1.0,0.000844306,1.0,0.021866366,2.7641686e-13,2.2961923e-09,1.0,0.145877,8.600307e-08
7291,0.83562285,0.10276631,0.0029925886,0.027075808,0.015715234,8.255822e-10,0.017761031,1.0,0.37259588,0.046305083,1.4340584e-29,3.5122838e-07,0.1839583,2.7663186e-22,0.0029617697,7.545265e-07,0.00027272737,0.99777967,0.06574309,4.7133186e-11,7.217147e-06,0.00022079259,1.7667042e-28,0.40924907
7294,0.09390064,0.05994424,6.484017e-05,0.02385132,0.15951541,7.5038685e-08,0.017410161,0.9999962,0.9484166,0.046305083,0.9989812,6.0348993e-06,0.07631681,2.7412128e-05,0.70357156,9.782391e-12,0.0002970893,1.0,0.0016357065,1.1712831e-08,9.721081e-13,3.303219e-05,4.364887e-27,2.9302068e-06
7295,0.09390064,0.10609732,0.00045695752,0.0025399765,0.003095743,5.4516253e-14,1.6485888e-23,8.052379e-12,0.078100935,0.046305083,7.0280966e-13,7.2740276e-15,0.38598981,7.536647e-11,0.09592939,1.0,0.00031633224,1.0,0.019819437,4.672939e-11,2.502946e-16,2.3077648e-14,2.7502072e-16,0.1474435
7301,0.09390064,0.10609732,0.92219365,6.415587e-11,0.009406016,0.00014961569,1.1950006e-22,3.006636e-39,0.85946476,0.046305083,1.8307246e-18,5.197153e-12,0.07631681,9.157613e-07,0.00039294313,0.0011395497,0.004491933,3.006636e-39,0.25820637,1.8855091e-10,6.928374e-11,0.8205103,7.904257e-12,5.0204103e-12
7305,0.85019124,0.05994424,0.01789814,0.00959907,0.16564564,3.14624e-05,1.0,1.0,0.020566808,0.046305083,1.6318946e-24,1.9198805e-09,0.07631681,1.7294527e-05,0.0026538924,0.95467466,0.008578539,0.00031097763,0.4902968,0.0025330863,1.0239549e-18,7.570633e-15,2.9833796e-13,1.1516183e-06
7310,0.09390064,0.10609732,2.46644e-07,8.497602e-11,0.010827831,6.730352e-23,3.3072865e-24,1.0,0.33422372,0.046305083,0.9999995,4.363765e-15,0.82079995,1.212237e-10,0.9916688,1.0,0.00020411126,1.0,0.09798748,2.1630562e-12,1.6295889e-21,1.0,6.690133e-17,0.0017636836
7311,0.09390064,0.05994424,0.78565896,0.0023348716,0.574614,0.47937214,0.20706835,1.0,0.28584045,0.046305083,3.1508884e-33,6.593965e-10,0.07631681,4.8167505e-05,0.0002906038,3.116414e-14,0.00022373887,0.756315,0.054583166,6.3576856e-08,4.218884e-09,1.3677587e-11,2.0707957e-28,1.4249506e-08
7312,0.999736,0.05994424,0.0109127965,0.007156498,0.4151453,1.0,0.06004675,1.0,0.20608167,0.046305083,1.0,9.339523e-18,0.07631681,1.2646291e-06,1.4140892e-05,7.649986e-08,0.00022423202,1.0,0.0025632665,2.7174979e-12,0.76204145,1.0,1.02646187e-25,4.0840955e-06
7314,0.13582136,0.05994424,0.004808733,0.050504338,0.18106374,2.4347992e-06,0.1584589,1.0,0.0050841863,0.046305083,1.5949515e-10,3.3556213e-07,0.07631681,0.00045163726,8.756778e-06,0.0013107705,0.00020689992,1.0,0.011657234,0.0013688887,0.00015306039,0.94925606,3.9021664e-12,0.28932843
7321,0.18455723,0.10609732,0.058196884,1.2895485e-10,0.010264092,1.4834052e-08,3.5368608e-25,1.0,0.6285141,0.046305083,1.7466146e-20,1.3612757e-11,0.07631681,1.4746705e-06,0.584362,1.0,0.0003779889,1.0,0.035931535,2.6367835e-09,1.0,0.9990146,2.2109272e-21,2.423306e-05
7326,0.09390064,0.05994424,0.014662042,0.0023246726,0.4633368,0.1704026,0.016948503,1.0,0.2662358,0.046305083,5.628477e-33,3.4302695e-12,0.07631681,0.0012612075,0.25125328,2.848922e-07,0.00032104147,1.0,0.0025632665,1.3726432e-11,0.99882656,1.0,2.1768782e-25,4.4610297e-06
7327,0.13582136,0.05994424,0.05226779,0.043122545,0.1966613,2.0151532e-05,0.019863704,5.872869e-31,0.97815955,0.046305083,1.0,2.5905176e-06,0.07631681,0.00016765289,0.17050153,1.1515872e-05,0.00043637143,1.0,0.0019824235,0.003828161,3.2286814e-06,0.00012456627,7.707625e-14,0.99999106
7329,0.13582136,0.10609732,0.00015294863,6.605195e-05,0.0030556037,0.32848218,8.244501e-23,3.006636e-39,0.0655692,0.046305083,1.0,7.0500455e-10,0.07631681,1.7244853e-06,0.090890355,1.0,0.0008608506,1.0,0.035931535,2.3459644e-13,5.561302e-14,2.5755915e-15,0.82149875,1.1893869e-05
7330,0.09390064,0.05994424,6.168312e-07,0.67930835,0.118943885,0.00094586506,0.02285768,1.0,0.14585476,0.046305083,3.9354707e-13,0.00022261048,0.07631681,0.007959502,0.017313331,6.618521e-18,0.00020639747,1.1861621e-15,0.0025632665,2.5514447e-07,1.0,0.13065663,4.761755e-21,2.1506078e-06
7339,0.37568435,0.05994424,0.009228098,0.07212548,0.4221894,4.7927788e-18,0.1584589,1.0,0.2662358,0.046305083,5.831404e-34,3.5327964e-06,0.07631681,0.025558611,0.009473258,1.5769325e-13,0.0001898146,1.1194687e-22,0.011657234,0.35593918,0.0030974802,0.19756103,6.0338755e-31,5.486153e-07
7340,0.13582136,0.05994424,0.003094675,0.039106727,0.08145779,0.2161751,0.022883628,1.0,0.004391559,0.046305083,0.0073763616,0.00029814205,0.09646739,0.00057782955,4.8608103e-07,2.58907e-07,0.00019582067,3.8748077e-15,0.0025632665,3.8068075e-07,0.012070639,3.006636e-39,2.5296902e-11,0.0685274
7343,1.0,1.0,0.38818875,0.01352198,0.44864616,0.44119912,0.1584589,5.3200245e-05,0.62126166,0.81822985,4.4498962e-32,9.935908e-06,0.1749142,0.023945836,0.02863229,2.6264859e-06,0.00016375893,2.6903669e-11,0.04244934,4.215016e-06,3.716549e-06,0.9719178,6.0338755e-31,0.0025105642
7345,0.09390064,0.05994424,0.00025365892,0.58661026,0.37528476,1.6675948e-09,0.22947235,0.51460993,0.2662358,0.046305083,3.0221683e-18,0.002993004,0.07631681,0.67116594,0.90599906,3.4779805e-16,0.0003361066,1.0,0.0019824235,0.003592462,1.5793302e-06,4.5585682e-07,2.2458944e-32,0.0014132337
7350,0.21015628,0.05994424,4.082783e-05,1.5964252e-06,0.2515102,1.0,0.010872191,1.0,0.29344103,0.046305083,1.0,1.8975952e-14,0.07631681,7.066099e-08,0.0025452138,0.01939326,0.000567676,1.0,0.004965229,7.3308905e-13,2.2625823e-20,9.5409627e-26,3.056209e-13,0.0040833727
7351,0.09390064,0.05994424,0.012176019,0.01352198,0.44864616,0.10501985,0.1584589,0.3784997,0.2662358,0.046305083,9.141677e-32,0.0021039026,0.07631681,0.015294579,0.006130043,0.0013869064,0.00016375893,3.5051173e-09,0.011657234,0.027062848,0.004143602,0.6875265,6.0338755e-31,0.0025105642
7353,0.13582136,0.05994424,0.96335983,2.2540323e-06,0.18106374,2.0253228e-06,0.018350748,1.0,0.0046493006,0.046305083,2.493479e-19,4.3159244e-07,0.07631681,0.0006745819,2.6594284e-07,6.069071e-11,0.0016380815,3.346424e-07,0.028777288,0.0015652784,3.3354375e-10,3.97555e-07,6.2821536e-12,0.9946232
7355,0.09390064,0.05994424,0.024510195,0.087141156,0.66333956,0.10501985,0.1584589,0.015194199,0.2662358,0.046305083,1.71402e-37,1.8359764e-05,0.07631681,0.01669256,0.04983677,3.2730364e-12,0.00026418368,6.688747e-08,0.011657234,1.29810305e-05,0.0031442333,0.6875265,6.0338755e-31,0.0025105642
7357,0.09390064,0.05994424,1.8971721e-06,0.88164324,0.14560603,0.00094586506,0.02285768,1.0,0.75511897,0.046305083,5.3517444e-13,0.007106609,0.07631681,0.16876052,0.0006906277,6.782326e-26,0.00023923571,9.356204e-27,0.0025632665,4.260583e-06,0.07953087,2.0869159e-07,4.364887e-27,0.0004734166
7358,0.17665558,0.05994424,0.019727398,0.044944864,0.44864616,0.10501985,0.1584589,1.0,0.2662358,0.046305083,6.2689486e-24,0.037822258,0.07631681,0.0038138868,0.006130043,0.46470162,0.00030897695,6.810065e-19,0.011657234,0.06308077,0.004143602,0.92345864,6.0338755e-31,0.4194466
7368,0.09390064,0.05994424,0.0049566515,0.031404004,0.3666133,8.478749e-09,0.1584589,0.9999968,0.2662358,0.046305083,3.006636e-39,6.184634e-05,0.2526216,0.015294579,0.00029909235,6.423616e-12,0.00036144324,4.895044e-21,0.011657234,0.0804826,5.1130744e-09,4.6159166e-05,6.0338755e-31,0.00058053393
7373,0.09390064,0.05994424,0.043454528,0.0034459583,0.44864616,0.10501985,0.1584589,0.040540032,0.60852975,0.046305083,2.1103838e-34,0.0021039026,0.07631681,0.0011813083,0.008676362,2.0773597e-05,0.00016375893,2.3009756e-09,0.0016283505,0.027062848,1.0,0.6875265,6.0338755e-31,0.00667603
7374,0.09390064,0.05994424,0.06444267,0.999995,0.40084127,7.9377436e-14,0.7907404,1.6815956e-06,0.3350658,1.0,1.068512e-11,9.0771486e-05,1.0,0.33255738,2.1995149e-05,1.2950637e-08,0.00032113484,6.9109013e-18,0.011657234,0.014356039,0.1686927,7.963647e-05,2.2458944e-32,8.7999804e-05
7378,0.13582136,0.10609732,0.0033646866,4.090191e-05,0.007887434,1.0,2.0649322e-23,1.0,0.1448456,0.046305083,1.0,6.743502e-18,0.07631681,8.2572205e-06,0.5033237,1.0,0.0003790478,1.0,0.021866366,4.037552e-13,2.282958e-11,1.0,0.9996592,9.336074e-06
7380,0.09390064,0.05994424,1.0903788e-07,0.017615508,0.44864616,0.05218313,0.019863704,1.0,0.34992817,0.046305083,9.769801e-09,2.7434437e-05,0.07631681,0.00029583919,0.04446831,3.0607359e-09,0.00020084917,1.0,0.0019824235,0.0007034088,1.2957456e-08,0.7749047,6.0338755e-31,0.00010815233
7385,0.09390064,0.05994424,0.25611034,0.01352198,0.44864616,0.47937214,0.1584589,1.0,0.48461762,0.046305083,2.6902614e-32,0.0021039026,0.07631681,3.3702697e-06,0.0009106494,8.3939617e-14,0.0002467014,9.7036074e-14,0.054583166,0.05417362,0.00016422976,7.15158e-07,6.0338755e-31,1.3131147e-11
7390,0.09390064,0.05994424,0.00021433157,0.01352198,0.44864616,0.053447388,0.019863704,0.7134505,0.52219325,0.046305083,5.8889524e-24,0.00016258596,0.07631681,0.980703,0.075181626,7.925202e-14,0.00016375893,1.0,0.0019824235,0.009919762,0.21370268,6.114794e-05,6.0338755e-31,0.11358844
7392,0.87267166,0.8644499,0.9748207,4.560215e-12,0.013139184,0.90677506,3.7718398e-25,3.006636e-39,0.45857188,1.0,5.662269e-17,3.0025478e-14,0.1749142,1.8354983e-06,0.010267211,7.660192e-12,0.00047160938,1.0,0.021866366,2.445781e-13,8.00065e-12,5.8197495e-15,7.0810674e-14,0.00034053758
7394,0.09390064,0.05994424,0.036057945,0.01352198,0.44864616,0.10501985,0.26358315,0.3784997,0.2662358,0.046305083,9.141677e-32,0.0021039026,0.07631681,0.015294579,0.08668888,0.0013869064,0.00017983206,2.8238352e-14,0.011657234,0.027062848,0.004143602,0.6875265,6.0338755e-31,0.035993844
7395,0.09390064,0.05994424,2.3286202e-07,0.8713727,0.3148628,0.005321031,0.036267262,1.0,0.14585476,0.046305083,2.9775847e-18,0.0080826925,0.07631681,0.00035919348,0.0037052073,4.9173387e-08,0.0002505293,8.563369e-33,0.0025632665,6.983644e-08,1.8215982e-06,2.7477272e-05,1.2709429e-27,0.00049213425
7397,0.09390064,0.05994424,2.054283e-07,0.0006145651,0.3666133,0.003603627,0.018350748,0.99999607,0.2184399,0.046305083,1.0381233e-15,1.8575314e-07,0.4715134,0.0001018724,0.0077634,0.10018006,0.000274662,1.0,0.03622963,0.00022147232,0.0015460294,0.17925988,9.1502177e-26,3.739182e-05
7398,1.0,1.0,0.050452102,0.01352198,0.44864616,1.7314925e-24,0.20706835,0.005983551,0.2662358,0.046305083,9.141677e-32,0.0021039026,0.07631681,0.0034472912,0.006130043,2.0773597e-05,0.00016375893,4.6915346e-14,0.011657234,0.04878276,1.0,0.6875265,6.0338755e-31,2.6634057e-06
7400,0.5110516,0.10609732,0.008026765,6.340238e-11,0.013588348,9.194103e-06,8.29023e-23,1.0,0.25321937,0.046305083,3.2527276e-28,3.061454e-09,0.07631681,1.3256282e-06,0.00013449592,1.0,0.00020411126,0.31605053,0.035931535,1.9664728e-10,4.762392e-13,1.0,1.11967e-21,7.81427e-05
7404,0.13582136,0.05994424,0.00030968647,0.025782224,0.40641952,2.4171562e-14,0.018350748,1.0,0.0176837,0.046305083,0.108253434,2.9408604e-09,0.09646739,0.00014518749,3.514378e-07,0.00035568132,0.0002663674,3.0968033e-24,0.0016283505,9.82907e-09,1.68305e-05,0.00010092754,3.106166e-10,0.18273613
7408,0.09390064,0.05994424,0.00016885324,0.021748897,0.4221894,0.03592954,8.299053e-06,0.7472172,0.2662358,0.046305083,0.78312105,0.00023830461,0.07631681,0.00033892723,0.2613572,0.00027955213,0.00039739872,1.0,0.0019824235,0.0007234348,4.9377563e-10,1.2086542e-13,6.0338755e-31,3.692426e-05
7409,0.09390064,0.10609732,0.050046172,2.8372665e-11,0.011417376,1.0,3.3458744e-25,1.0,0.10889457,0.046305083,0.9960557,1.3910975e-12,0.17006275,3.88895e-11,0.0018491264,3.7779564e-08,0.001444334,2.0877513e-38,0.0856132,4.373895e-09,1.5518496e-26,1.0,7.183412e-16,0.00017699641
7418,0.5529831,0.05994424,0.0046093594,0.0032541815,0.14555794,0.020827007,0.00020453265,0.049946077,0.2662358,0.046305083,5.384313e-17,3.251432e-09,0.36803064,2.1569158e-25,1.3222167e-06,0.025658617,0.00020689992,0.06832728,0.011657234,0.006146895,1.6288313e-05,1.0,2.4422514e-32,0.34346497
7419,1.0,0.05994424,0.0019952708,0.026540453,0.4221894,0.99999976,0.018350748,3.7057374e-13,0.2662358,0.046305083,3.006636e-39,5.7780436e-10,0.07631681,0.0053840233,0.0011805339,2.4928258e-13,0.00025548926,1.0,0.0016283505,0.00013176589,1.1546707e-07,0.18375602,2.4422514e-32,0.0010697473
7421,0.17665558,0.23155656,0.025963495,0.62961507,0.44864616,4.43959e-12,0.018350748,1.0,0.2662358,0.046305083,2.7554221e-34,1.6861578e-07,0.07631681,0.013860077,0.29406688,0.008519093,0.0004168762,0.9999552,0.011657234,0.00018215163,0.1815767,0.23611508,2.4422514e-32,0.00014664982
7424,0.17583634,0.10609732,0.010926805,2.8387323e-08,0.0031282369,1.0,3.56255e-24,1.0,0.062153894,0.046305083,0.9999958,9.985988e-09,0.07631681,3.4662842e-06,0.051804274,6.192516e-11,0.00064915634,1.2300472e-18,0.035931535,3.192479e-10,3.8266206e-11,0.9999999,1.6969077e-06,4.0909443e-05
7426,0.09390064,0.05994424,0.14709865,0.004154971,0.574614,0.10501985,0.1584589,1.0,0.9907002,0.046305083,7.51498e-39,5.1854417e-15,0.07631681,0.015535696,0.02115208,5.6542644e-12,0.00016375893,0.0015080939,0.011657234,3.4799439e-09,0.00019421149,4.854459e-06,6.0338755e-31,0.71408385
7427,0.09390064,0.32243612,0.8351557,0.003172945,0.7899483,0.10501985,0.1584589,1.0,0.7794826,0.70992315,3.006636e-39,7.1738555e-16,0.1749142,0.00023547662,0.0214782,7.5447155e-11,0.00016375893,0.017523622,0.011657234,9.7971846e-11,5.015501e-08,2.4132404e-14,6.0338755e-31,0.15479413
7429,0.09390064,0.05994424,0.23525374,0.01352198,0.44864616,0.47937214,0.1584589,0.3784997,0.48461762,0.046305083,2.6902614e-32,0.0021039026,0.07631681,1.4920357e-05,0.006130043,5.7366555e-07,0.00022373887,4.9437544e-16,0.054583166,0.027062848,0.004143602,0.6875265,2.0707957e-28,3.0406757e-11
7430,0.21652412,0.10609732,0.008793752,1.667876e-11,0.02319303,0.99999964,3.8343667e-25,3.7572975e-30,0.82821935,0.046305083,1.0,8.195932e-22,0.07631681,7.4454842e-09,0.7232047,1.0,0.00044726254,1.0,0.019819437,3.2224386e-13,2.4263553e-16,9.4091855e-14,4.19739e-16,2.1852748e-06
7437,0.4834111,0.10276631,0.0064001787,1.0944205e-08,0.5243949,1.0,0.1584589,0.000111404865,0.13688383,0.046305083,1.0,1.7231304e-06,0.07631681,9.753695e-05,3.1457213e-05,0.028234027,0.00021530282,6.269188e-39,0.0054030083,0.0010049888,1.1450592e-05,1.1257334e-08,6.0338755e-31,8.375159e-09
7446,0.43356434,0.05994424,0.0016352611,0.005476339,0.08145779,1.5479312e-09,0.02285768,1.0,0.004391559,0.07617714,5.96249e-15,8.135996e-05,0.07631681,9.540549e-06,2.421715e-06,1.2547904e-08,0.0006222014,3.006636e-39,1.0,1.0971992e-06,1.0,4.7756137e-05,7.4804754e-12,0.019449363
7449,0.09390064,0.05994424,0.0003272194,0.00052290346,0.6522658,1.8483261e-08,0.011598362,1.4607798e-24,0.34321278,0.046305083,2.3627529e-06,1.4945888e-16,0.07631681,0.0016823898,0.9416878,1.1244885e-12,0.000252959,1.0,0.006572451,2.8889089e-11,6.8965016e-09,1.0,2.2458944e-32,4.0207315e-08
7451,0.09390064,0.05994424,0.03903585,0.01352198,0.5512113,0.10501985,0.1584589,0.019851128,0.4523616,0.046305083,2.3231245e-18,0.00081993407,0.07631681,0.00033290405,0.82664555,0.011431113,0.0054865805,0.9999999,0.013523195,0.027062848,1.7373957e-06,0.84382766,6.0338755e-31,0.0638638
7455,0.31583336,0.292818,0.00010303312,0.00028949243,0.0018969798,5.971146e-09,9.121375e-23,1.0,0.18220048,0.30965918,0.16737205,3.3840472e-11,0.07631681,1.965873e-05,0.0027749885,1.0,0.0004461667,1.0,0.03261185,2.8867742e-13,2.688837e-08,2.7135931e-19,0.82283956,1.7842525e-07
7461,1.0,0.05994424,6.7961014e-06,5.278374e-05,0.3666133,0.9999832,0.1584589,1.0,0.545215,0.046305083,4.3541844e-24,0.0005614785,0.07631681,0.00027681692,0.00068925676,9.863094e-10,0.00081669725,5.9075353e-17,0.011657234,0.004475015,2.6646244e-10,0.8035683,4.762982e-32,0.0001745034
7462,0.09390064,0.05994424,0.0004117741,0.00023239218,0.9070457,1.4173852e-08,0.019863704,9.91189e-31,0.29077804,0.046305083,1.0,2.1207638e-06,0.07631681,3.8127968e-05,0.9381413,3.709751e-11,0.0005703823,1.0,0.0019824235,7.5729586e-05,1.0821529e-08,3.1469066e-14,6.0338755e-31,0.0004676375
7468,0.9462235,0.10276631,0.072073676,0.00063734944,0.24004889,1.0,0.0020563675,1.0,0.90481925,0.046305083,1.0,1.551157e-05,1.0,6.732171e-24,0.00012294638,0.8616473,0.00019444495,1.128532e-16,0.011657234,0.084094025,2.3892307e-08,1.0,6.0338755e-31,0.0065085012
7470,0.25093615,0.05994424,0.5481731,6.594913e-07,0.28912443,0.21963799,0.1584589,1.1670693e-14,0.8336424,0.046305083,1.0903683e-11,1.0,0.07631681,1.4445666e-07,0.013187901,2.4662006e-06,0.00024768538,3.6184563e-14,0.054583166,5.8441703e-05,0.013015613,6.901581e-09,1.0,6.08871e-12
7473,0.14184178,0.8809803,0.022849796,9.156354e-09,0.0031282369,1.0,3.137432e-25,0.12888578,0.15341066,0.046305083,0.0005637054,8.419195e-11,0.13686801,3.661921e-07,0.58393997,0.9688506,0.00029380614,0.0007143782,1.0,3.6744319e-09,9.611394e-07,1.0,5.4635053e-05,0.00017857821
7479,0.09390064,0.18197545,0.9211065,0.0062644826,0.44864616,0.044174604,0.019863704,3.4674263e-10,0.9997929,1.0,0.99840975,0.0001239369,0.07631681,0.0054805996,0.9620509,0.00027955213,0.00016375893,1.0,0.0019824235,0.06308077,1.0632645e-08,2.5678467e-26,1.6544041e-30,0.55834526
7480,0.09390064,0.10609732,0.030310528,0.0017139332,0.0026864838,1.5162535e-19,2.0171366e-23,6.352436e-16,0.67456293,0.046305083,0.0013013677,3.4846105e-14,0.23579821,2.1695287e-06,0.30769232,1.0,0.0006168511,1.0,0.03261185,1.9988058e-09,1.919797e-12,2.1366385e-18,7.595908e-17,0.015280373
7483,0.8946749,0.05994424,0.7635555,0.01352198,0.082672246,1.9794314e-08,0.0020563675,7.9386304e-08,0.8427748,0.046305083,2.7241164e-37,1.3537551e-05,0.1839583,1.9380037e-24,0.0005875503,3.4759958e-07,0.0003827868,4.12878e-34,0.011657234,0.15443861,1.4807083e-08,1.0,6.0338755e-31,2.3114826e-06
7486,0.5978772,0.05994424,0.33564064,0.0002936647,0.11952317,0.00011974785,7.710212e-05,6.588166e-26,0.37259588,0.046305083,1.4016389e-16,1.0,0.07631681,1.3738948e-08,0.5130098,0.051893283,0.00018266402,4.6915346e-14,0.0054030083,0.12850448,3.845751e-09,0.7002392,1.0,0.9998766
7489,0.09390064,0.05994424,0.004157474,0.05722396,0.6355522,1.5045304e-06,0.65053517,1.0,0.2662358,0.046305083,2.8174069e-21,0.00020748208,0.07631681,0.02653056,0.020402001,2.8761912e-08,0.00022128278,2.3380327e-19,0.011657234,5.3484953e-05,3.2228086e-06,0.00018923216,2.2458944e-32,7.1306524e-05
7490,0.13582136,0.10609732,0.0005198935,0.008433883,0.0002597455,0.9369609,2.0147987e-23,1.0,0.06887205,0.046305083,0.99998415,1.0,0.07631681,3.662034e-09,0.04419498,1.0,0.00035026038,1.0,0.49644148,7.9251345e-12,1.0,1.0608367e-06,1.0,9.230831e-08
7491,0.09390064,0.05994424,0.036057945,0.087141156,0.44864616,0.10501985,0.1584589,0.3784997,0.34321278,0.046305083,9.141677e-32,0.00081993407,0.07631681,0.0054249465,0.0020286255,3.2730364e-12,0.00020639747,2.3009756e-09,0.011657234,0.8235977,0.9932179,0.28068012,6.0338755e-31,0.19526939
7494,0.09390064,0.05994424,6.357982e-07,0.0016048745,0.1745299,0.4273024,0.059433494,1.0,0.27962214,0.046305083,7.942899e-07,1.5993274e-08,0.45597228,1.197062e-06,0.07589339,0.12543559,0.00043141923,1.0,0.0051946533,4.4469294e-12,9.929134e-11,0.99999857,3.9308487e-21,1.0838407e-08
7504,0.09390064,0.10609732,0.031829674,1.1777831e-10,0.011417376,1.1748914e-05,4.9557564e-26,1.0,0.10870308,0.046305083,0.9999192,5.604076e-10,0.3557747,5.9309605e-06,0.022382934,0.9173404,0.00020411126,4.7770394e-05,0.035931535,4.1747758e-10,5.336771e-09,0.99991286,3.7916712e-20,0.0029314095
7506,0.11815516,0.10609732,0.0006123637,1.310822e-08,0.009406016,6.900836e-11,8.420424e-24,1.0,0.10870308,0.046305083,1.0,6.5764925e-07,0.07631681,5.4088916e-05,0.14073697,1.0,0.00038509906,1.0,0.03261185,1.9664728e-10,1.1682435e-17,1.701992e-15,1.4766824e-21,6.63505e-06
7509,0.09390064,0.05994424,2.3286202e-07,0.06350412,0.15951541,0.0007707323,0.017781299,1.0,0.14585476,0.046305083,4.672321e-16,6.844245e-08,0.07631681,0.026915276,0.00061921927,9.981669e-12,0.00020689992,2.1269932e-11,0.0025632665,1.2157797e-10,0.07924419,7.823618e-13,1.7667042e-28,7.0639754e-07
7511,0.09390064,0.05994424,0.9497055,0.40103942,0.5481135,0.4614908,0.1584589,1.0,0.5357674,0.046305083,3.5178299e-35,2.3719855e-08,0.07631681,0.0001477432,0.0019400599,1.1847023e-21,0.0003268515,0.7756323,0.054583166,1.2397002e-09,0.020842163,1.36445e-06,2.0707957e-28,7.966468e-11
7513,0.56823534,0.05994424,2.3625266e-07,0.003642062,0.39057168,1.0,6.7906267e-06,1.0,0.14585476,0.091239415,0.9913625,2.5514538e-10,1.0,7.051268e-07,8.602904e-05,2.2268257e-05,0.00016375893,2.515944e-25,0.03779956,0.0006381025,9.553464e-09,7.3273267e-09,6.0338755e-31,0.017109318
7519,0.60725737,0.10276631,0.02354921,0.16277528,0.35290492,0.5890325,0.0020563675,4.103714e-29,0.00401448,0.046305083,0.99996865,0.0031847109,0.1839583,9.993857e-24,0.002591896,3.1533404e-11,0.00016375893,1.2162337e-11,0.0054273237,0.93675405,7.2495815e-11,1.0,3.9021664e-12,0.07165174
7521,0.48398104,0.17572631,4.3293285e-06,8.2022694e-10,0.02301306,0.99359596,3.7992354e-24,2.6202162e-07,0.054282483,0.046305083,1.0,4.9885935e-09,0.09646739,5.0402614e-06,0.012173105,0.18238239,0.0002572538,1.4914955e-17,0.035931535,6.549317e-10,7.199561e-11,1.0,7.211268e-19,4.863827e-05
7526,0.13582136,0.05994424,0.0077969083,0.2816696,0.44692734,0.022962378,0.1584589,5.2908183e-24,0.0069186734,0.046305083,7.69599e-29,0.003794409,0.07631681,4.2475214e-05,0.26589885,0.0032733027,0.00016375893,4.154085e-21,0.011657234,0.027062848,4.644075e-13,0.41546458,3.106166e-10,0.089952
7527,0.09390064,0.05994424,6.413274e-05,0.00432407,0.21322963,1.6526776e-09,0.058581125,0.0049021617,0.2662358,0.046305083,1.0,2.2877217e-08,0.07631681,0.0061840685,0.19041592,3.2236983e-07,0.0003609985,1.0,0.0019824235,2.110097e-09,6.2296267e-06,9.054973e-18,1.6246673e-28,1.4887571e-07
7531,0.2906514,0.05994424,7.233652e-05,0.0024649547,0.1538164,0.033380445,0.004298641,1.0,0.011274427,0.046305083,1.1537373e-09,0.00059310725,0.19388974,3.257581e-06,1.4990056e-05,0.005810551,0.00020098597,3.006636e-39,0.011657234,0.0013200571,1.9630573e-08,1.0,1.0282464e-15,0.4678002
7537,0.13582136,0.10609732,6.1659694e-06,3.646681e-07,0.035043675,0.9999471,7.933508e-21,1.0,0.053349674,0.046305083,0.9999999,1.0610314e-09,0.07631681,1.0,0.792759,1.0,0.00041023878,1.0,0.003252419,5.7199495e-10,1.0,1.0,0.9672762,1.0
7543,0.09390064,0.05994424,0.052855685,0.01352198,0.44864616,0.05084429,0.1584589,2.0376953e-10,0.53353196,0.29050592,3.006636e-39,0.004325961,0.07631681,0.00033892723,0.00019724746,3.5072892e-10,0.00016375893,3.349935e-18,0.011657234,0.9625787,5.7474936e-06,3.1728025e-19,2.5549659e-28,0.0025105642
7544,0.8857235,0.05994424,5.2601166e-07,8.579104e-09,0.0059682643,0.013369481,0.53645307,1.0,0.096208066,0.046305083,1.0,0.0026260566,0.2081817,3.015608e-23,4.436274e-06,0.9993186,0.0005937871,5.330305e-30,0.015623424,0.017453399,4.3953016e-10,1.0,1.46905e-13,0.02897238
7546,0.09390064,0.05994424,0.0006681424,0.03055657,0.22051905,0.06248033,9.194549e-06,1.0,0.99927706,0.046305083,0.000118633565,2.0147366e-16,0.07631681,1.1739954e-05,1.0,0.008495524,0.0010751847,1.0,0.004965229,7.413019e-13,2.3407042e-06,0.99936646,4.2745196e-21,3.9057395e-05
7547,0.6776655,0.05994424,0.00018179732,0.16807356,0.06153153,0.99999905,0.00030749026,3.0333217e-13,0.2662358,0.046305083,0.2896706,1.3407261e-05,0.1839583,1.4920193e-24,0.031660486,5.1973373e-05,0.00016375893,1.0,0.0019824235,0.0018939052,1.323521e-09,1.0,6.0338755e-31,0.04468797
7548,0.09390064,0.05994424,0.19216014,8.064743e-06,0.72044957,2.1680698e-24,0.0045988527,1.0509332e-38,0.9928947,0.046305083,1.8852307e-19,2.9732266e-14,0.27954385,4.6169416e-07,0.0011090196,3.7642632e-11,0.00016375893,0.00069746224,0.011657234,1.3147149e-09,1.0,0.91000193,8.414572e-26,0.15682891
7554,0.5116465,0.10609732,0.010700767,4.7144965e-11,0.008730462,0.9999987,7.8235034e-23,1.0,0.10870308,0.046305083,2.7907734e-09,1.7385468e-14,0.1839583,4.878132e-23,0.001428579,1.0,0.00020411126,1.2614832e-23,0.021866366,6.1399497e-13,3.8712746e-16,1.0,2.2717298e-22,0.00043790738
7555,0.5116465,0.10609732,6.4181254e-06,0.004418215,0.0006577862,1.0,2.4070327e-23,0.89042777,0.059802033,0.046305083,1.0,1.6916525e-14,0.22558899,3.7579236e-25,0.0031506424,1.0,0.0002825007,4.18595e-12,0.021866366,8.358645e-12,4.396871e-13,1.0,2.5190381e-16,3.8016558e-06
7560,0.12794645,0.05994424,0.00042898676,0.0033317967,0.44864616,1.2053346e-09,0.019863704,0.7134505,0.3350658,0.046305083,7.2120886e-28,1.5575058e-07,0.07631681,0.003948067,0.016430814,3.2094964e-09,0.000565335,1.0,0.0019824235,0.046399616,3.217042e-05,0.99999964,2.4422514e-32,0.0050810007
7561,0.99997246,0.05994424,0.007214107,0.0072286227,0.451603,1.0985403e-06,0.0926618,1.2809123e-10,0.2662358,0.046305083,3.4059603e-26,6.800308e-07,0.07631681,0.0019207041,0.01789157,0.014244679,0.00016375893,3.7133782e-06,0.011657234,0.0003312325,1.4204675e-05,3.4932563e-07,2.2458944e-32,0.00011694108
7564,1.0,1.0,1.768167e-06,5.2841266e-11,0.0016090547,1.0,4.3330766e-23,0.9999043,0.049966626,0.046305083,1.0,8.8907805e-11,0.07631681,3.030964e-08,0.01254368,1.0,0.00022814856,3.312581e-29,0.050118137,1.4509684e-10,8.347849e-18,0.99997675,5.692516e-20,1.0
7568,0.09390064,0.05994424,0.0032568967,1.0,0.44864616,0.0019669328,1.2699003e-07,0.72464484,0.96059793,0.046305083,3.006636e-39,1.4852134e-07,0.07631681,2.453874e-06,8.3049126e-05,3.9365632e-11,0.0008192207,0.029436825,0.62643224,0.0011880781,1.0,0.081399694,3.140285e-23,2.439556e-07
7569,0.09390064,0.05994424,0.012176019,0.01352198,0.44864616,0.10501985,0.1584589,0.3784997,0.2662358,0.046305083,9.141677e-32,0.00081993407,0.07631681,0.0054249465,0.006130043,0.0029737332,0.00016375893,2.3009756e-09,0.011657234,0.027062848,0.004143602,0.6875265,6.0338755e-31,0.9654943
7570,0.34981948,0.17572631,0.038504977,1.2992827e-11,0.011417376,9.649172e-08,3.5368608e-25,0.01352842,0.35767373,0.046305083,1.5239309e-19,7.852759e-12,1.0,3.379059e-06,0.862623,1.0,0.00036383801,1.0,0.36767152,2.0703408e-10,5.762838e-16,1.0,5.417106e-19,6.892822e-08
7574,0.996209,0.17572631,0.007490646,3.842076e-07,0.0006719538,1.0,3.8986717e-26,1.0,0.13854343,0.046305083,0.019373782,6.428316e-10,0.12127647,6.260731e-23,0.74712986,0.027289739,0.0006309027,1.3199726e-22,0.0856132,1.9288213e-09,6.3018497e-15,1.0,6.500771e-09,0.00017928182
7575,0.09390064,0.10609732,0.0302816,3.154046e-10,0.008148275,0.999998,3.137432e-25,0.88857156,0.5691587,0.046305083,2.8030884e-26,1.4804408e-11,0.27923587,1.4650476e-06,0.08882436,1.0,0.0006745925,0.011566711,0.15428965,1.7194602e-09,3.4341598e-15,1.0,3.8448195e-20,1.5451091e-08
7576,0.09390064,0.26236472,0.19325486,7.1200357e-09,0.011417376,1.0,3.137432e-25,1.0,0.051689018,0.081119955,1.2574496e-27,1.4804408e-11,0.13686801,3.4925743e-06,0.121492825,1.0,0.00040364487,1.0,1.0,2.823841e-10,2.8669612e-16,1.0,3.5773426e-22,0.16314611
7577,0.09390064,0.05994424,2.1028104e-07,0.006150045,0.67473495,1.2139532e-07,0.0926618,3.8629776e-05,0.14585476,0.046305083,1.0,0.0021039026,0.31143272,0.007883846,0.40379825,3.8854054e-15,0.00039940496,7.5619874e-19,0.0051946533,3.2146986e-06,1.9283351e-10,0.1795973,2.2458944e-32,1.0753732e-06
7587,0.09390064,0.10011661,0.999933,0.0015474138,0.574614,1.4029009e-09,0.1584589,1.0,0.9897363,0.07390926,5.837421e-39,1.8007694e-13,0.14227797,2.286852e-07,0.0011567677,3.116414e-14,0.0051096603,1.4514653e-08,0.4116897,1.904946e-10,1.7119538e-16,2.1201956e-06,2.0707957e-28,1.880092e-08
7595,0.13582136,0.05994424,2.7914515e-07,0.062313117,0.4211853,0.0058448105,0.1584589,1.0,0.0046493006,0.046305083,0.9982521,2.427891e-07,0.07631681,8.836204e-06,2.5570367e-05,2.588612e-12,0.00016375893,2.254515e-15,0.011657234,7.621248e-13,1.7812398e-07,9.71182e-08,3.9021664e-12,0.0016316281
7597,0.09390064,0.05994424,0.009588345,0.04198247,0.44864616,5.078198e-18,0.1584589,0.0017697242,0.3350658,0.046305083,2.1125891e-28,0.0021039026,0.07631681,0.0020475734,0.1182171,8.0588336e-08,0.0008035547,0.9999678,0.04244934,2.5708532e-06,2.4662543e-11,1.7230175e-05,6.0338755e-31,0.7490219
7604,0.6891803,0.05994424,0.054713223,0.0034459583,0.660103,0.994224,0.26358315,0.01040549,0.6924329,0.046305083,1.3098937e-17,0.020297287,0.31143272,0.0038138868,0.0939936,0.6911275,0.0003506254,0.8414484,0.03622963,0.027062848,1.19328715e-05,1.2697921e-08,6.0338755e-31,0.00022712044
7611,0.09390064,0.05994424,0.012176019,0.01352198,0.44864616,0.10501985,0.26358315,0.3784997,0.2662358,0.046305083,9.141677e-32,0.0021039026,0.07631681,0.015294579,0.006130043,0.0013869064,0.00016375893,2.3009756e-09,0.011657234,0.027062848,0.004143602,0.6875265,6.0338755e-31,0.0025105642
7616,0.09390064,0.05994424,0.9916904,0.01352198,0.44864616,0.4614908,0.1584589,0.3784997,0.55465657,0.046305083,3.3807824e-34,0.00081993407,0.07631681,0.00078354403,9.8184195e-05,5.7366555e-07,0.00022369089,2.3009756e-09,0.054583166,0.877268,0.054045603,0.6875265,2.0707957e-28,5.2432227e-08
7617,0.13582136,0.10609732,0.00018901793,2.3558954e-05,0.0035226734,0.0047809496,2.0649322e-23,1.5401623e-24,0.0869944,0.046305083,1.0,1.8215748e-14,0.07631681,5.1804477e-07,0.9880817,1.0,0.00064993266,1.0,0.020424785,2.395508e-13,8.7883645e-13,0.9999573,1.0,4.037931e-06
7622,0.09390064,0.05994424,0.122355,0.069622256,0.15951541,0.43441242,0.022883628,1.0,0.45347273,0.046305083,3.006636e-39,0.0021039026,0.07631681,2.452799e-05,0.017410593,2.0311362e-11,0.00026754072,1.7859338e-10,0.26893857,4.4436797e-06,0.018863348,0.41032937,8.7787854e-27,1.762635e-09
7629,0.8688079,0.10609732,6.7288565e-05,1.081442e-10,5.847555e-05,0.12798737,7.8235034e-23,9.412178e-15,0.5012748,0.046305083,0.9999573,4.686091e-09,0.2081817,8.560837e-22,0.023181047,1.0,0.00020411126,1.0,0.035931535,9.0425156e-10,4.098053e-13,1.0,1.330154e-09,1.0
7638,0.09390064,0.05994424,1.8755647e-05,0.0029202949,0.15951541,0.22501843,0.019226326,1.0,0.157382,0.046305083,0.9999813,5.815276e-06,0.07631681,0.0069259736,0.00048784548,3.1498465e-12,0.00042579303,1.0,0.0019824235,2.205585e-07,0.000116445255,4.211922e-16,1.2709429e-27,1.5759404e-07
7641,0.09390064,0.05994424,0.0023848428,0.48340717,0.118943885,0.00094586506,0.022883628,1.0,0.2662358,0.046305083,2.4460668e-38,0.007106609,0.07631681,0.01632049,0.00031158808,1.4323992e-10,0.00034435204,5.1483107e-10,0.0025632665,3.8068075e-07,6.5895925e-05,0.0685118,4.364887e-27,0.00031150374
7643,0.40809065,0.05994424,0.008456667,0.66937566,0.13088512,1.0,0.1584589,0.21095292,0.0069165444,0.046305083,0.95806396,1.9283834e-05,0.07631681,0.001296202,0.25807878,1.0,0.00048703657,1.0117097e-24,0.011657234,5.2949144e-07,1.697426e-09,0.9999987,4.762982e-32,0.0003361095
7648,0.8655975,0.6140455,0.9997886,4.9019343e-07,0.013139184,1.0,3.56255e-24,1.0,0.83313805,0.7066881,1.8884134e-14,7.132029e-15,0.1749142,5.8016486e-08,0.0018257067,1.0,0.00071159576,4.9994806e-28,0.09863405,3.0131624e-13,2.2819045e-11,0.759775,3.1041456e-18,4.726821e-05
7650,0.29056263,0.17572631,0.05219071,9.003865e-09,0.00053227245,0.01597711,3.88201e-24,3.006636e-39,0.066007785,0.046305083,1.0,1.0,0.2309254,1.5250216e-11,0.0048049185,0.003095059,0.00028643105,0.0010351617,0.053770196,1.4349321e-09,2.7452758e-12,1.0,1.0,6.1001714e-07
7651,0.18930306,0.17572631,1.5309628e-06,0.99990106,0.0020296683,6.5208687e-06,2.4042433e-23,1.8490687e-06,0.054282483,0.046305083,0.9999989,3.082808e-08,0.24536146,2.0384336e-06,0.01804996,3.4907562e-06,0.0002829023,1.0,0.035931535,2.3892576e-12,2.3326903e-09,5.0604787e-09,1.6213683e-08,0.00024099578
7657,0.09390064,0.10609732,0.0004341727,5.425025e-07,0.009998376,4.7900472e-29,5.7207446e-22,8.2228634e-22,0.10870308,0.046305083,1.0,1.3768378e-16,0.2309254,8.51072e-08,0.99914217,1.0,0.00059056573,1.0,0.019819437,3.5041564e-12,1.5210661e-21,1.0,2.7256924e-10,0.0011927919
7659,0.13926475,0.05994424,0.00013702264,0.0021772252,0.2153895,1.0,0.0035697983,0.00030303464,0.007356777,0.046305083,1.0,6.225652e-05,0.07631681,8.447337e-09,0.00045092468,0.1048075,0.00032104147,1.0,0.0054030083,0.008011459,4.356674e-10,5.4769154e-12,7.33454e-17,0.9896639
7661,0.812534,0.23985733,0.9597945,0.04695317,0.0010079709,5.3707265e-07,0.00018143833,1.0,0.99896026,0.82170403,3.6440607e-37,1.0,0.7963582,8.48318e-28,4.707636e-09,5.5504847e-06,0.00045784106,1.9658683e-22,0.90148014,3.095801e-05,1.0,1.0,1.0,6.295828e-12
7667,0.09390064,0.05994424,0.0059091165,0.01352198,0.66333956,0.05084429,0.1584589,2.0376953e-10,0.61403215,0.046305083,3.006636e-39,0.00081993407,0.07631681,0.0054249465,0.0016748888,1.5201653e-08,0.00016375893,8.1480665e-18,0.011657234,0.027062848,0.004143602,3.1728025e-19,6.0338755e-31,0.22883122
7668,0.09390064,0.05994424,2.2603614e-05,0.009293662,0.40084127,1.5045304e-06,0.004298641,1.6638275e-38,0.9914247,0.046305083,0.3411882,2.0506416e-06,0.54152644,5.234792e-06,0.00012780658,0.04140786,0.00018132574,2.8773635e-09,0.0051946533,0.001307789,8.48429e-11,7.0895004e-14,2.2458944e-32,4.8037836e-09
7669,0.4411844,0.05994424,0.004541507,5.6013243e-07,1.0298506e-05,0.00010939534,1.399793e-08,0.9999844,0.2662358,0.046305083,1.0,2.8777007e-05,0.24536146,1.43302445e-11,0.17329587,0.99904054,0.0002026074,2.0081823e-25,0.011657234,2.1329894e-05,5.234804e-10,1.0,2.2606795e-24,4.1781565e-05
7673,0.13582136,0.05994424,5.927436e-05,0.0003556783,0.18106374,1.6623022e-07,0.9911141,0.00066238735,0.020753745,0.39649582,0.99946016,8.708401e-06,0.07631681,0.0027114744,0.0001748515,8.3332145e-14,0.00029728058,1.0,0.0019824235,0.0069167838,0.00022942555,5.1909747e-06,3.106166e-10,0.6153896
7674,0.13582136,0.10609732,0.119985,5.187792e-09,0.0032429688,1.0,3.56255e-24,1.0,0.056746874,0.046305083,0.00010487327,1.2602103e-09,0.16950274,2.9193647e-05,0.014262867,0.3265818,0.00020411126,1.9191727e-10,0.050118137,4.2631263e-11,1.9264224e-11,1.0,1.785762e-08,0.0001890318
7679,1.0,0.05994424,0.017765649,0.002848334,0.44864616,0.10501985,0.9999336,0.908282,0.2662358,0.046305083,5.552042e-13,5.119884e-07,0.07631681,0.11280044,0.94817376,1.507374e-09,0.00028946623,2.3009756e-09,0.011657234,0.010270347,6.998618e-08,0.6875265,6.0338755e-31,0.9335933
7683,0.17665558,0.05994424,0.01581995,0.5607198,0.4221894,0.10501985,0.1584589,0.41962862,0.2662358,0.046305083,3.181944e-25,0.017030176,0.07631681,0.0014132861,0.006130043,0.0013869064,0.00040640146,2.3009756e-09,0.011657234,0.0071410337,0.022747714,0.92345864,6.0338755e-31,0.28467357
7684,0.17665558,0.05994424,0.18578225,0.013685706,0.44864616,0.4614908,0.1584589,0.3784997,0.55465657,0.046305083,6.654404e-30,0.013896745,0.07631681,0.00016929013,0.0008730083,5.7366555e-07,0.00046172136,2.3009756e-09,0.054583166,0.21110992,6.479796e-07,2.1447626e-05,2.0707957e-28,1.2372354e-11
7686,0.09390064,0.05994424,0.00971981,0.13598992,0.15951541,0.0007707323,0.024464212,1.0,0.2662358,0.046305083,3.006636e-39,7.8598094e-07,0.07631681,0.009983349,0.00065530156,3.042198e-07,0.00022847204,0.07428974,0.0025632665,3.810537e-08,0.00019332484,1.4476242e-13,1.7667042e-28,0.010093387
7687,0.44505912,0.05994424,0.012176019,0.62083536,0.1438104,0.03710878,0.1584589,5.1430443e-06,0.2662358,0.046305083,9.141677e-32,1.0,0.07631681,0.006067846,0.006130043,0.0013869064,0.00016375893,2.3009756e-09,0.4074297,0.40250522,0.008921096,0.6875265,1.0,0.016966857
7693,0.09390064,0.05994424,0.019206934,0.07197172,0.44864616,0.0037705598,0.018350748,4.855121e-19,0.2662358,0.046305083,7.3648394e-34,7.8598094e-07,0.07631681,0.019564698,0.0027447543,0.0053327414,0.00020689992,1.0,0.03779956,0.0013688887,4.74615e-06,3.9484885e-07,2.4422514e-32,0.0025105642
7694,0.13582136,0.10609732,0.8701677,1.1811097e-11,0.009440841,1.0,3.137432e-25,3.006636e-39,0.066007785,0.046305083,0.99991345,1.8549153e-09,0.4715134,1.0919099e-06,0.35850528,0.9716598,0.00036352698,1.5327251e-12,0.7779227,3.7039304e-12,1.2632752e-22,5.9546204e-09,0.00011799287,9.667949e-07
7695,0.09390064,0.10609732,0.12491137,0.00063230953,0.0026864838,0.021933539,2.0171366e-23,8.4667125e-05,0.17729516,0.07617714,5.2554453e-05,2.227198e-09,0.24536146,1.3802766e-07,0.014161577,1.0,0.00033110782,1.0,0.27944276,9.547143e-13,3.957836e-09,7.034339e-11,4.776212e-16,6.732643e-10
7697,0.09390064,0.10609732,0.019128045,1.7321596e-09,0.011417376,0.43945688,3.881773e-24,0.016158482,0.10870308,0.046305083,8.480726e-08,5.746178e-08,0.07631681,1.4113968e-07,0.012333741,2.0006336e-12,0.0002572538,1.46754715e-08,1.0,1.0317195e-08,1.0,0.2699497,6.187261e-19,3.3701213e-05
7703,0.09390064,0.05994424,0.21945627,0.066147074,0.15951541,5.549769e-08,1.0,4.957327e-18,0.48461762,0.07617714,3.006636e-39,0.00023215343,0.07631681,4.951345e-05,0.0021279156,1.8940207e-16,0.07654155,1.086835e-25,0.2646472,1.8995086e-05,0.000120706034,2.0641249e-08,8.7787854e-27,3.0406757e-11
7705,0.99996793,0.05994424,0.003996537,0.33907372,0.0036492413,1.0,0.0020563675,1.0,0.0042371973,0.046305083,0.9996444,1.2523759e-07,0.1839583,6.145187e-24,0.00010468962,1.0,0.00024507113,3.006636e-39,0.2564673,0.00016495671,8.639733e-08,1.0,6.0338755e-31,0.034786478
7710,0.2455108,0.05994424,0.0064270217,0.17751278,0.41682658,0.09765114,0.1584589,1.0,0.0050841863,0.046305083,1.2259117e-13,0.00780949,0.07631681,4.4112436e-05,0.00011195053,4.764901e-05,0.00030897695,5.3854543e-09,0.011657234,0.020477973,4.0164546e-06,8.982245e-06,1.7302781e-16,0.0044277115
7714,0.09390064,0.10609732,0.040763225,2.8153815e-10,0.01855756,2.5459056e-07,7.6203837e-22,1.0,0.10870308,0.046305083,3.676397e-15,5.6150085e-11,0.07631681,0.00025916393,0.026184782,1.0,0.00020411126,0.99964666,0.035931535,2.5227964e-10,3.429889e-09,1.0,7.1223555e-21,0.00013649696
7715,0.21228968,0.10276631,0.0007540916,0.00035981106,0.10796696,0.9999945,0.090859294,0.00020437942,0.06357768,0.046305083,4.6389565e-21,1.9574931e-16,0.07631681,3.823974e-06,0.0007037799,0.0013485143,0.00035534427,1.0,0.0025632665,1.1891495e-12,4.934685e-11,3.006636e-39,1.2956201e-11,0.003353305
7718,0.09390064,0.05994424,0.012176019,0.01352198,0.063746504,1.0,0.016312161,0.99642,0.14409234,0.046305083,1.0295217e-12,0.00010434379,0.13686801,3.8172137e-05,0.006130043,1.0,0.00016375893,2.141659e-24,0.011657234,0.18766147,0.004143602,0.999998,6.0338755e-31,0.0024067927
7721,0.25372016,0.05994424,1.059354e-07,0.9865813,0.32227963,0.022962378,1.0,1.0,0.019482847,0.29050592,0.066228405,0.0011752044,0.07631681,0.0022081062,0.009953545,4.185511e-12,0.0002684831,6.1652364e-25,0.34783295,1.39486e-08,4.7459658e-11,1.0,3.106166e-10,0.13945876
7723,0.09390064,0.05994424,0.014384641,0.01352198,0.1438104,0.10501985,0.1584589,0.47838423,0.3350658,0.046305083,5.450391e-13,1.0,0.07631681,5.832883e-06,0.10255148,6.828009e-09,0.0003664152,1.6316885e-17,0.011657234,0.0007234348,0.0018386669,0.6875265,1.0,0.9998858
7725,0.19071423,0.18197545,0.1156179,0.15291528,0.40084127,0.91937375,0.024717148,0.2536526,0.34321278,0.30965918,6.633339e-31,0.00664048,0.07631681,0.018899247,0.0013082281,3.2730364e-12,0.00035367065,5.5985128e-09,0.011657234,0.004479432,0.02472725,0.7961908,6.0338755e-31,2.4416968e-05
7730,0.09390064,0.05994424,0.00744029,0.36984232,0.40084127,1.0985403e-06,0.9999976,0.7043391,0.2662358,0.046305083,3.8839644e-32,0.023641765,0.07631681,0.0735742,0.0010190362,0.0013869064,0.00025897025,5.753923e-11,0.011657234,0.15285474,0.00958475,0.68009627,6.0338755e-31,0.0025105642
7734,0.11815516,0.10609732,0.23469228,4.817829e-10,0.011417376,5.3899143e-09,3.8343667e-25,6.436756e-18,0.19009706,0.046305083,0.99999917,7.432943e-12,0.07631681,4.6850593e-05,0.17845549,1.0,0.0004374184,1.0,0.24614833,1.2013945e-05,1.3195126e-10,6.354179e-24,7.1223555e-21,0.0004079537
7735,0.09390064,0.10609732,0.104221605,0.0019849902,0.013078315,1.7439524e-08,7.8235034e-23,1.0,0.1310157,0.046305083,1.33427625e-08,1.8512287e-09,0.07631681,0.00061008334,0.0005381328,1.0,0.0002572538,8.877006e-22,0.035931535,1.481999e-09,4.1311284e-11,0.98898965,1.1225451e-19,9.157276e-10
7736,0.09390064,0.05994424,0.0007288279,0.015864365,0.6680081,4.2068972e-08,0.010872191,2.12198e-08,0.97599834,0.046305083,1.600312e-17,4.3941483e-16,0.07631681,0.00019897035,0.7098197,3.504749e-13,0.00051043305,1.0,0.0019824235,2.5878903e-09,2.7952422e-07,0.0001002081,2.2458944e-32,0.0005321108
7742,0.9678801,0.10276631,0.010437677,0.00013100244,0.3666133,0.071882464,0.1584589,1.0,0.52219325,0.046305083,5.828759e-11,1.0418354e-06,0.07631681,0.035212304,0.915315,2.764005e-13,0.00016375893,0.999938,0.0016357065,0.0014800084,3.2545897e-05,5.3537173e-16,6.0338755e-31,2.1092244e-06
7758,0.53731745,0.05994424,0.0001499872,0.00033623562,0.058992036,2.8931485e-19,0.088367,0.99999845,0.37259588,0.046305083,1.0,1.2257893e-18,0.14227797,1.5932327e-11,1.0,0.7408137,0.00085148844,1.0,0.4158268,1.8440653e-12,6.056767e-11,4.1334516e-23,1.2242407e-21,5.9892478e-09
7761,0.21652412,0.10609732,2.8283264e-07,0.008909842,0.039299138,0.16038196,3.0364307e-24,1.0,0.0070939222,0.046305083,1.0,6.303145e-16,0.07631681,7.454562e-06,0.010027639,1.0,0.00046062432,1.0,0.0019824235,1.2263474e-12,3.06509e-19,1.0,1.6993645e-15,8.5430725e-11
7776,0.09390064,0.10609732,0.002529311,7.719408e-05,0.0009315042,6.255269e-29,9.121375e-23,1.0,0.20092024,0.046305083,1.0,1.0,0.07631681,1.8243959e-09,0.13111681,1.0,0.00051790744,1.0,0.03261185,8.5290623e-13,7.192437e-15,9.744977e-31,1.0,1.9355614e-06
7777,0.09390064,0.05994424,0.0006755917,0.017615508,0.44864616,0.107623495,0.019863704,0.7134505,0.8509575,0.046305083,5.532359e-13,2.187631e-06,0.07631681,0.18907997,0.1298061,0.00027955213,0.00016375893,1.0,0.0019824235,0.027062848,0.029916542,0.7749047,6.0338755e-31,0.0013380303
7783,0.4333966,0.05994424,0.003996537,0.039949957,0.0016503062,3.5309242e-09,0.04785536,1.0,0.2662358,0.046305083,1.2196124e-28,0.0021039026,0.1839583,2.861952e-08,2.4729674e-05,1.2907836e-06,0.00019582067,3.49103e-18,0.0025632665,3.8068075e-07,0.025162566,0.99833906,4.364887e-27,0.011809498
7788,0.09390064,0.05994424,6.503542e-05,0.00023016038,0.31168818,1.0902851e-07,0.06540002,0.99997556,0.3793611,0.0951895,5.2288485e-13,2.4750647e-05,0.07631681,7.694955e-07,3.999972e-08,7.5968616e-14,0.00024287621,4.16179e-15,0.0025632665,7.283528e-10,3.0999462e-07,3.006636e-39,5.9308445e-30,0.00016089094
7789,0.09390064,0.05994424,0.3575244,0.9135362,0.1438104,0.071882464,0.1584589,0.47838423,0.2662358,0.046305083,1.7548975e-26,1.0,0.07631681,0.000166665,0.13705562,0.0013869064,0.00016375893,6.594729e-05,0.011657234,0.027062848,5.0776158e-05,2.3157294e-09,1.0,0.002465052
7790,0.09827416,0.10609732,0.012807401,1.0706077e-10,0.011417376,0.11247303,3.5368608e-25,0.044932667,0.10870308,0.046305083,2.2886637e-16,2.9910302e-10,0.07631681,1.739818e-06,0.017420614,1.0,0.00029452157,1.0,0.035931535,4.5518084e-10,2.5496547e-07,1.0,2.8827992e-22,0.0005183539
7804,0.09390064,0.05994424,3.5188289e-06,0.0010844361,0.67523384,0.7576281,0.035518482,1.0,0.8624752,0.046305083,1.0950432e-07,1.1798903e-13,0.08081178,0.00013250222,4.5699882e-05,0.000986517,0.00042579303,2.0047049e-35,0.011657234,7.201779e-13,2.9494058e-23,1.0,2.2458944e-32,1.9570854e-07
7805,1.0,1.0,0.012176019,0.01352198,0.44864616,0.04803421,0.1584589,0.019819386,0.2662358,0.046305083,1.1385472e-30,0.029119214,0.07631681,1.0,0.00932848,0.0013869064,0.00016375893,2.3009756e-09,0.011657234,0.027062848,0.004143602,0.6875265,1.6544041e-30,0.000108766355
7806,0.09390064,0.10609732,1.9751109e-05,0.0002802449,0.0026864838,0.005451534,3.334372e-23,1.0,0.054282483,0.046305083,1.0,7.532925e-11,0.09646739,0.00019461651,0.23948571,1.0,0.00027281343,0.9506999,0.035931535,1.3997936e-11,3.052501e-11,1.0,1.870006e-16,2.0716758e-05
7813,0.09390064,0.10609732,0.025225114,1.6213643e-09,0.021057434,3.752861e-09,4.9557564e-26,1.4548777e-26,0.3845969,0.046305083,0.0010222631,1.32748435e-14,0.07631681,5.643792e-07,0.04336651,9.604359e-14,0.00020411126,1.4085696e-12,0.021866366,4.73643e-13,4.06938e-10,0.9817075,1.0593598e-19,0.746229
7815,0.13582136,0.10609732,2.0698177e-05,2.8472646e-10,0.0031282369,4.093068e-21,3.8343667e-25,1.0,0.10376668,0.046305083,1.0,4.6519384e-09,0.07631681,0.00041771756,0.04159169,1.0,0.0002809375,1.0,0.03261185,3.140457e-09,2.29865e-21,0.51819265,0.96048963,9.1044507e-07
7818,0.27928856,0.05994424,1.0603077e-06,0.015506093,0.31273353,5.9945067e-16,0.0834131,1.0,0.14585476,0.046305083,0.00013332552,4.2206702e-05,0.07631681,6.980603e-05,0.00029629364,9.086953e-09,0.00046128078,1.0,0.007920439,7.175444e-08,2.9308183e-05,0.000110891146,2.0644574e-25,1.8096771e-09
7823,0.2455108,0.30064502,3.2452674e-05,6.3946445e-08,0.00064733136,4.4272188e-08,3.9297757e-25,0.005839136,0.09238133,0.046305083,1.0,1.0,0.07631681,3.080724e-10,0.91410506,1.0,0.0016511973,1.0,0.035931535,4.954909e-07,5.6656163e-25,1.0,1.0,3.1227805e-06
7826,0.09390064,0.05994424,0.0038630408,0.087141156,0.66333956,0.10501985,0.1584589,4.1489817e-15,0.2662358,0.046305083,1.7173221e-33,4.1480544e-06,0.7481367,0.9999999,0.00048604823,3.421465e-10,0.00057708984,2.4233762e-24,0.03622963,0.007379718,0.0040779347,1.0,4.762982e-32,0.00021392915
7827,0.6809598,0.05994424,0.9341592,0.087141156,0.040838756,0.9998547,0.0020563675,0.012557738,0.42111132,0.07390926,1.1888728e-12,0.0051672948,0.5167039,3.3753373e-23,1.3115496e-05,8.8323335e-11,0.0004904376,9.51208e-32,1.0,0.027062848,0.9115944,1.0,6.0338755e-31,0.00023246463
7830,0.31709746,0.05994424,0.005139928,0.004620174,0.6653214,0.00046950343,0.018350748,0.3784997,0.2662358,0.046305083,3.006636e-39,2.0943466e-07,0.07631681,0.0039755013,0.011040523,0.0007061693,0.00022095728,1.0,0.011657234,0.00083979557,0.00023099071,0.008378036,2.4422514e-32,0.004895895
7832,0.09390064,0.05994424,0.00031501078,0.36089146,0.15951541,4.879053e-34,0.014242248,1.0,0.7741365,0.046305083,1.0831909e-28,1.6810567e-06,0.07631681,1.858564e-05,0.86376756,3.721608e-05,0.00019582067,1.0,0.0019824235,1.6148676e-06,0.009036332,0.7928233,2.8187328e-26,0.00015320582
7833,0.09390064,0.05994424,0.012176019,0.4493316,0.44864616,0.10501985,0.99903595,0.41666147,0.2662358,0.046305083,9.141677e-32,0.0080826925,0.38096955,0.11527103,0.006130043,0.9042632,0.00020972705,2.3009756e-09,0.03622963,0.027062848,0.004143602,0.6875265,6.0338755e-31,7.508721e-05
7835,0.13582136,0.05994424,0.0034064322,0.9775848,0.47841832,0.9999999,0.0926618,4.4900724e-12,0.014365163,0.046305083,0.010122631,1.6325843e-14,0.07631681,3.0159359e-05,1.6898264e-07,1.33799e-22,0.0002363428,0.9887826,0.011657234,2.8196202e-11,1.1384543e-18,1.4930438e-17,7.33454e-17,0.01276215
7842,0.13582136,0.05994424,0.3866989,0.08453667,0.18106374,6.849419e-11,0.0026124723,1.0,0.5366633,0.046305083,0.7940717,0.0003599013,0.09646739,4.3431464e-05,0.00080698665,1.9706744e-05,0.00016375893,2.169874e-16,0.011657234,0.68133503,3.4932437e-09,0.578327,2.2864113e-13,0.99992025
7843,0.5884227,0.05994424,0.005867977,0.0043400237,0.042367455,2.9995179e-05,0.0926618,1.3249297e-10,0.2662358,0.046305083,1.5449358e-30,7.827917e-13,0.35768265,4.501218e-24,3.4141658e-06,1.9804651e-09,0.004491933,3.3376697e-22,0.028777288,3.5771056e-10,1.5165781e-05,1.0,8.414572e-26,0.089208394
7848,0.09390064,0.05994424,0.009024189,0.008999885,0.451603,1.0985403e-06,4.181868e-05,1.0,0.38976026,0.046305083,2.8617579e-25,9.59743e-06,0.24536146,0.022069179,0.012000518,9.107933e-06,0.0002167969,1.2807715e-31,0.011657234,0.00054570584,1.0455394e-07,4.5814423e-09,2.2458944e-32,0.0072661065
7849,0.09390064,0.05994424,0.070745826,0.9999999,0.44864616,0.10501985,0.1584589,1.0,0.2662358,0.07617714,1.4052994e-33,0.03240996,0.07631681,0.015294579,0.006130043,0.017753802,0.00016375893,2.3009756e-09,0.3003979,0.027062848,0.004143602,0.6875265,2.5549659e-28,0.0005070558
7851,0.17665558,0.10609732,0.0001508869,0.00017026678,9.7176824e-05,0.023137799,3.856904e-23,1.0,0.0350615,0.046305083,1.0,1.0,0.07631681,4.3833505e-12,0.69241774,1.0,0.00094784074,1.0,0.09223186,3.027126e-13,3.4128145e-11,1.0,1.0,3.8333234e-09
7854,0.8176014,0.10609732,0.055395678,0.002020541,0.0017443731,0.9870544,1.8634196e-23,6.4239586e-31,0.4727112,0.046305083,0.9999275,3.4720433e-15,0.17006275,1.1109815e-07,0.8109797,1.0,0.0003087855,2.415439e-06,0.020334642,3.430376e-11,0.81166595,0.9995059,0.9986051,0.07405922
7857,1.0,1.0,0.99366117,0.0064065983,0.12832409,4.655901e-06,0.016948503,1.0,0.06593658,0.73551124,5.8804362e-05,6.938592e-16,0.76385957,8.269624e-06,1.0,0.00036595316,0.00019582067,1.0,0.989139,7.337318e-11,1.5117206e-05,0.9999995,1.0913432e-09,0.0037492265
7858,0.13582136,0.05994424,7.484594e-05,0.23563325,0.18106374,3.96832e-09,0.019863704,1.0,0.0050841863,0.046305083,1.1041411e-07,0.0006327014,0.07631681,0.0020286283,0.0011862682,0.0010779261,0.00016375893,1.0,0.0019824235,0.07627166,1.5454192e-05,3.620196e-10,1.7302781e-16,0.03186287
7860,0.13582136,0.05994424,0.0032225624,0.019540593,0.18106374,0.019740015,0.1584589,1.0,0.00401448,0.046305083,1.2484899e-16,0.00015214382,0.31839174,5.6571203e-05,0.00011004224,2.3030172e-05,0.00018132574,2.0670811e-18,0.011657234,0.27553195,7.422633e-11,0.7047024,3.9021664e-12,0.06718179
7863,0.5529831,0.05994424,4.22982e-07,0.7868302,0.024395775,1.0,0.9529995,1.8611584e-18,0.0042371973,0.046305083,0.99998856,2.0034308e-06,1.0,1.3569201e-23,4.9091946e-06,1.0,0.0032524434,3.006636e-39,0.028777288,0.011284216,1.3073281e-09,1.0,6.0338755e-31,0.99999976
7865,0.16485062,0.05994424,0.012176019,0.01352198,0.44864616,0.10501985,0.1584589,0.3784997,0.2662358,0.046305083,3.006636e-39,0.0005614785,0.07631681,0.015294579,0.006130043,0.00018481363,0.00020356434,2.1617011e-14,0.011657234,0.027062848,0.004143602,0.6875265,6.0338755e-31,0.31716192
7867,0.32658762,0.05994424,0.0025475805,0.0989609,0.18106374,4.118299e-10,0.0026124723,1.0,0.0073059932,0.046305083,1.7458333e-11,2.32798e-08,0.07631681,1.2690588e-05,3.5287732e-05,2.226676e-06,0.00016375893,6.850032e-19,0.0016283505,0.009497284,1.2497475e-09,1.7527964e-05,1.7302781e-16,0.4973859
7869,0.9998287,0.10609732,4.4766043e-08,1.3675208e-08,0.007912583,4.6495685e-21,4.3255433e-24,0.62567264,0.051689018,0.046305083,1.0,5.927057e-11,0.35768265,1.8340561e-21,0.0017846497,1.0,0.00097597693,1.0,0.03261185,9.867064e-10,2.4467918e-18,1.0,6.690133e-17,1.242815e-05
7870,0.7849306,0.05994424,0.018260766,0.07156683,0.024285784,1.0,0.1584589,1.0,0.013236236,0.046305083,7.60451e-12,1.0,0.07631681,6.9782236e-12,6.8982365e-05,1.0,0.0049964283,1.5492068e-32,0.06738012,0.0007234348,1.8766668e-08,0.61820513,1.0,8.7821644e-13
7875,0.09390064,0.10609732,0.001974057,0.0031312674,0.0024129683,2.9177236e-13,2.4375068e-23,2.4923854e-19,0.42727134,0.046305083,0.9999275,2.7552627e-09,0.07631681,2.6747347e-08,0.2257604,1.0,0.004488576,1.0,0.17115408,3.8231224e-13,1.0753873e-16,0.00028739855,3.5342352e-15,1.8214484e-08
7878,0.09390064,0.10609732,0.012106885,9.33778e-10,0.009406016,0.7926073,7.8235034e-23,0.97831213,0.10870308,0.046305083,2.8711822e-26,1.3462135e-09,0.07631681,3.4204757e-05,0.0022162304,1.0,0.0002572538,4.7288995e-10,0.035931535,1.9664728e-10,9.727951e-19,1.0,5.370002e-22,3.3171873e-05
7880,0.09390064,0.10609732,0.0038500566,6.094559e-05,0.0026864838,0.9999999,1.215046e-23,1.0,0.10870308,0.046305083,5.658562e-22,1.31304455e-11,0.19388974,7.9090444e-07,0.02262633,1.0,0.00067797943,1.0,0.03344825,4.3475613e-13,1.8157804e-08,1.0,8.5138615e-14,0.79610646
7891,0.13582136,0.10609732,0.0077708676,3.8293074e-11,0.0031282369,5.974064e-12,3.137432e-25,1.7069126e-24,0.2555732,0.046305083,1.0788823e-06,5.5072047e-10,0.8156922,7.355278e-08,0.9891747,1.0,0.00020411126,1.0,0.10617509,1.7240884e-08,1.094153e-16,1.0,0.99998856,6.3914576e-06
7892,0.09390064,0.10609732,0.99999976,0.0004230451,0.00285689,1.3133852e-07,1.8584717e-23,1.0,0.14806293,0.046305083,0.69905496,3.819831e-15,0.07631681,5.8917857e-07,0.0024782207,1.0,0.00029452157,1.0,0.021866366,2.5000968e-13,1.4301026e-15,0.39993745,9.747129e-17,2.0088444e-05
7896,0.09390064,0.05994424,1.3210974e-06,0.17266518,1.0,0.0009647277,7.404681e-06,1.0,0.40725407,0.046305083,4.9396017e-18,2.668272e-06,0.07631681,0.01905293,0.02715708,6.7030865e-09,0.00056874123,3.6623e-31,0.0025632665,1.5692226e-08,0.00028584234,4.03045e-13,2.4005309e-31,1.8939989e-05
7898,0.09390064,0.10609732,1.0,0.00021962229,0.00285689,0.94865745,1.8584717e-23,1.2930614e-35,0.6572908,0.046305083,8.213365e-06,6.229307e-16,0.07631681,3.5069627e-06,0.03395266,1.1975138e-09,0.0048019486,0.0021577505,0.05317309,2.697882e-13,1.5753054e-14,7.6657103e-10,8.25205e-16,1.1890046e-05
7901,0.550262,0.05994424,0.012176019,0.03685617,0.7098931,0.42433903,0.1584589,0.3784997,0.2662358,0.046305083,3.006636e-39,0.003451348,0.07631681,0.0023664425,0.012857149,2.3352245e-08,0.001432791,2.4707862e-13,0.028777288,6.986506e-06,0.004143602,1.8344583e-10,1.6544041e-30,0.0012483537
7902,0.13582136,0.10609732,0.18072751,0.0033039073,0.0011289427,0.9999249,1.6145468e-21,1.0,0.44948322,0.046305083,2.4353944e-10,6.1572956e-09,0.07631681,9.339229e-07,0.40473747,5.56611e-07,0.00035165795,1.0,0.035931535,9.165934e-12,3.72135e-08,0.9885987,1.7890436e-06,3.9908123e-08
7904,0.09390064,0.10609732,0.26258302,5.924096e-11,0.011417376,1.0,3.5368608e-25,1.0,0.31228003,0.046305083,1.4012222e-08,2.9910302e-10,0.16950274,2.2555137e-06,0.056139383,0.9996989,0.00028679118,0.00059001497,1.0,2.3858493e-10,3.1822907e-07,1.0,1.5195814e-21,1.9772106e-06
7906,0.09390064,0.10609732,0.075101875,3.2388034e-10,0.01451386,2.2564073e-08,4.3330766e-23,1.0,0.10870308,0.046305083,8.1288254e-16,2.7740772e-09,0.07631681,2.3943458e-05,0.010210905,0.9990086,0.00021918798,2.4079496e-13,0.035931535,1.4799728e-10,1.0,0.9308567,3.2454742e-22,0.99998856
7909,0.09390064,0.05994424,0.23193216,0.7004837,0.40084127,8.619818e-06,0.5731041,0.7043391,0.48461762,0.046305083,1.14299355e-32,0.0080826925,0.07631681,1.9021136e-05,0.0010190362,5.7366555e-07,0.00035381096,5.753923e-11,0.054583166,0.04238213,0.00958475,0.68009627,2.0707957e-28,1.0535828e-11
7913,0.09390064,0.05994424,9.366311e-08,0.0072835446,0.40084127,2.4779698e-05,0.09830792,5.0240298e-20,0.34992817,0.046305083,4.6388303e-22,0.00012175358,0.37135705,0.022069179,4.4580397e-06,1.5201653e-08,0.00018023394,5.5475182e-33,0.011657234,0.0005823106,3.8210233e-05,1.9854358e-06,2.2458944e-32,0.00013637479
7916,0.13582136,0.10609732,0.00017571005,2.5683028e-05,0.00092835916,9.555792e-25,8.01276e-23,1.0,0.35705978,0.046305083,0.27221864,1.6450158e-10,0.07631681,1.0,0.012349132,1.0,0.00052334607,1.0,1.0,7.2949177e-13,4.1176911e-19,1.0,1.0,1.246114e-07
7922,0.09390064,0.05994424,0.012176019,0.01352198,0.44864616,0.10501985,0.1584589,0.10561978,0.2662358,0.046305083,7.675327e-35,0.0021039026,0.07631681,0.0013227382,0.016963953,0.0013869064,0.00016375893,2.3009756e-09,0.011657234,0.041096326,0.0006738337,0.72955346,6.0338755e-31,0.00044780393
7927,0.09390064,0.10609732,0.07785116,1.1071384e-10,0.013139184,0.42212492,3.7992354e-24,0.015682459,0.10870308,0.07617714,1.0,4.436024e-13,0.09646739,0.00010362985,0.0043710456,0.0026665498,0.00020411126,0.022156218,0.07751058,8.944435e-13,7.5378835e-11,1.0,1.6081014e-18,0.00043629154
7929,0.09390064,0.32169214,0.51277727,0.8174388,0.15951541,0.00094586506,0.015116729,1.0,0.99895906,0.046305083,3.006636e-39,4.266549e-05,0.07631681,0.0010473697,0.0027309407,4.9173387e-08,0.0003096673,2.3276078e-15,0.0025632665,6.057076e-07,0.0052488283,0.43055728,4.364887e-27,0.00076506956
7935,0.09390064,0.9866833,0.99949086,1.2034785e-09,0.011417376,0.9998932,4.9200215e-27,1.0,1.0,0.046305083,0.09381432,1.2396858e-13,0.07631681,3.6277902e-07,0.018515095,1.0,0.00078566634,9.796947e-10,0.03359453,8.0927126e-10,1.0,1.0,3.4850594e-16,3.3553124e-06
7938,0.28043586,0.9640746,0.20824374,0.0034459583,0.44864616,0.10501985,0.1584589,4.0160588e-22,0.5373881,0.1314709,3.006636e-39,0.00068859855,0.41527018,0.0013578241,0.31434736,0.016469102,0.00030897695,1.7271913e-13,1.0,0.019988673,3.9777335e-12,0.92345864,6.0338755e-31,0.013041654
7939,0.14974806,0.05994424,2.3286202e-07,0.087141156,0.66333956,0.44119912,0.1584589,5.049273e-07,0.14585476,0.046305083,1.1280493e-25,1.2229988e-05,0.37135705,0.01063324,0.29594353,2.415457e-13,0.00020639747,2.061255e-25,0.011657234,0.27764037,0.19734423,0.8017108,6.0338755e-31,0.00062419986
7941,0.09390064,0.9866833,0.9999833,1.205164e-10,0.011417376,1.0,1.9606505e-20,0.044932667,1.0,0.046305083,1.0,1.0776919e-07,0.07631681,4.4861795e-06,7.277754e-05,1.0,0.00028914513,7.2192696e-10,0.035931535,5.969371e-07,6.258889e-09,0.99998987,7.381962e-21,0.99866426
7943,0.09390064,0.05994424,0.0065047164,0.099762246,0.44864616,0.10501985,0.1584589,1.1094573e-06,0.6522179,0.046305083,9.141677e-32,0.00021074757,0.07631681,1.0,0.118088864,0.0013869064,0.00016375893,2.3009756e-09,0.0016283505,0.39728332,0.029916542,0.6875265,6.0338755e-31,0.0025105642
7950,0.09390064,0.05994424,0.0058805165,0.048293144,0.15951541,0.00094586506,1.0,1.0,0.2662358,0.046305083,4.2059523e-37,0.0021039026,0.07631681,0.05100596,0.0021279156,4.9173387e-08,0.08639795,7.882826e-10,0.0025632665,3.8068075e-07,1.0,0.15530562,4.364887e-27,0.00076506956
7956,0.09390064,0.05994424,0.009082466,0.5834373,0.15951541,0.00094586506,0.02146201,1.0,0.37259588,0.046305083,3.006636e-39,0.0003914773,0.13686801,0.0004480896,9.8768935e-05,1.0520492e-06,0.00019582067,5.733614e-10,0.0025632665,3.8068075e-07,0.030895837,0.026472932,4.364887e-27,0.0011254245
7961,0.09390064,0.10609732,0.00038429358,8.933585e-06,0.002546604,8.4196875e-16,6.336802e-23,1.0,0.10870308,0.046305083,1.0,1.7350674e-19,0.09646739,2.3470086e-08,0.024789881,1.0,0.0003838355,1.0,0.019819437,2.5499026e-13,1.0,0.99999046,1.0444818e-17,0.0017751432
7967,0.5529831,0.05994424,0.00326307,0.60164464,0.15932567,0.00031912932,9.5791875e-06,1.0,0.45270395,0.046305083,0.11921658,4.515994e-08,0.1839583,8.452422e-22,5.575228e-05,1.564052e-17,0.00020639747,5.6901548e-18,0.0054030083,1.1247462e-08,2.3757798e-08,1.0,1.2709429e-27,0.36092895
7970,0.17665558,0.05994424,0.13532443,0.04513209,0.15951541,0.41686535,0.02285768,1.0,0.4941278,0.046305083,4.0362684e-38,0.0051672948,0.07631681,0.006743737,0.0017230436,2.092113e-11,0.0013786751,8.0597896e-11,0.10860781,6.947247e-06,0.0011357609,0.47748905,2.0177547e-28,3.0902624e-11
7973,0.09390064,0.10609732,2.8191296e-05,0.005749529,0.0024129683,0.059878897,2.1486564e-23,0.5302077,0.10075781,0.046305083,1.0,5.002992e-09,0.31143272,3.293836e-07,0.0014248984,0.0041987435,0.00038696744,1.0,0.44501945,4.1263127e-13,2.5541708e-10,7.868716e-11,7.9957985e-08,5.0329946e-10
7979,0.09390064,0.05994424,0.0049566515,0.06083982,0.3666133,1.0,0.9351311,0.04656715,0.13688383,0.046305083,0.00030424815,0.0080826925,0.07631681,0.011874922,8.66305e-06,6.0070456e-06,0.00062469713,2.3009756e-09,0.011657234,0.60021025,0.00016682384,0.79931587,6.0338755e-31,1.1868366e-07
7980,0.3701623,0.05994424,0.0051699253,0.012002362,0.40030324,0.00037155012,0.1584589,1.0,0.0046493006,0.046305083,0.99659437,2.0415463e-14,0.09646739,4.4227313e-06,6.3962295e-07,6.7009984e-07,0.000449876,0.9999969,0.011657234,2.7880291e-12,6.741117e-08,1.461388e-08,2.2864113e-13,0.00061901455
7982,0.09390064,0.05994424,0.06838759,7.3904025e-06,0.5383831,0.99999976,0.1584589,0.01241285,0.2662358,0.046305083,8.4784897e-13,8.976559e-06,0.07631681,0.123233296,0.04218406,1.0211032e-11,0.0002285372,1.1354877e-18,0.011657234,1.4510229e-05,0.0008090973,0.58128804,6.0338755e-31,0.0025105642
7984,0.4173517,0.10609732,4.0646823e-06,8.276767e-05,0.0006405914,9.4956796e-08,1.215046e-23,1.0,0.071885146,0.046305083,4.0161784e-12,1.0,0.2585178,5.474625e-13,0.01429706,3.0749372e-13,0.00062002306,1.0,0.021866366,1.7078325e-11,6.1011826e-16,0.085908055,1.0,0.0040798658
7986,0.09390064,0.05994424,3.0874955e-07,0.00026073723,0.12289385,0.99999964,0.052785978,1.0,0.19169314,0.046305083,1.0,1.3939902e-05,0.4470434,1.0948713e-06,0.005982956,0.9865693,0.0007342048,1.0,0.20977508,2.2044156e-07,4.115826e-07,1.0,2.6035016e-27,2.5689957e-09
7987,0.22208333,0.05994424,0.0045705484,0.3941856,0.043646276,0.019740015,0.1584589,1.0,0.0046493006,0.046305083,9.005853e-25,1.0,0.07631681,2.3053214e-08,2.4251718e-05,3.419262e-06,0.00036144324,2.77451e-21,0.011657234,0.027062848,2.976492e-12,0.52362,1.0,0.033112973
7989,1.0,1.0,4.364074e-06,0.01352198,0.44864616,0.4614908,0.1584589,5.824702e-30,0.36954206,0.1314709,4.2948326e-07,0.027649425,1.0,8.5864944e-05,0.0041162325,1.062221e-05,0.00022369089,2.1492254e-20,1.0,0.0077610575,5.72748e-05,0.92902315,5.67781e-28,1.6973646e-09
7992,0.29253995,0.05994424,0.06300735,0.06870721,0.36043698,0.03710878,0.1584589,0.973613,0.59347665,0.046305083,4.0451068e-35,1.0,0.07631681,3.568615e-07,0.0012230462,3.204183e-05,0.0002096101,1.5453862e-08,0.011657234,0.40006402,0.057757635,1.0,1.0,0.9672897
7993,0.09390064,0.05994424,0.00029315197,0.017615508,0.44864616,1.5278365e-08,0.019863704,0.7134505,0.2662358,0.046305083,0.10593446,2.687174e-07,0.16795658,0.0026892766,0.74637353,5.288223e-07,0.004491933,1.0,0.004965229,0.027062848,1.2077263e-05,5.4715676e-09,6.0338755e-31,0.00041747713
7994,0.09390064,0.05994424,0.00023292945,0.01015371,0.05660526,4.514708e-09,0.014242248,1.0,0.98918307,0.046305083,1.0,1.0,0.07631681,1.0,0.9317183,5.7366555e-07,0.00029379744,1.0,0.009629485,9.592601e-11,3.919715e-10,7.628728e-06,1.0,4.0683594e-12
7996,1.0,1.0,0.001099682,0.004858895,0.0011150477,1.0,0.046730883,3.006636e-39,0.3350658,0.046305083,1.1366794e-18,0.0010201591,0.3937441,8.795056e-24,0.00012261177,0.80659294,0.0010165374,1.8602752e-36,0.028777288,3.8829825e-07,2.49078e-11,0.9999999,2.2458944e-32,0.001111818
7999,0.11815516,0.10609732,0.0039486033,3.3995904e-09,0.011417376,1.0,3.5368608e-25,4.897215e-34,0.10870308,0.046305083,2.7825107e-11,3.8608315e-13,0.15373386,2.7495844e-06,0.020905219,1.0,0.000758141,2.4771069e-26,0.035931535,4.77578e-10,2.9836134e-09,1.0,1.120306e-22,0.20400292
8002,0.13582136,0.05994424,6.586697e-05,0.21734546,0.18106374,3.8307594e-08,1.0,1.0,0.011365057,0.046305083,2.4686482e-05,0.00020452702,0.07631681,0.00050571584,5.716993e-05,0.00090137584,0.08168865,1.0,0.0019824235,0.027062848,2.0851246e-06,1.0,3.9021664e-12,0.044704713
8004,0.09390064,0.10609732,0.0607027,2.1750894e-10,0.015252632,0.0051423353,3.56255e-24,1.0,0.4455227,0.046305083,4.595404e-19,5.843218e-15,0.07631681,0.00015430465,0.0705953,2.5690395e-06,0.00033245367,0.9999944,0.021866366,4.8254825e-13,6.254703e-12,1.0,9.059418e-21,2.4428477e-05
8006,0.17665558,0.05994424,0.003301983,0.0012430045,0.28094354,0.9986576,0.019226326,1.0,0.32496375,0.046305083,1.7415548e-24,1.5241836e-08,0.41527018,0.00052652374,0.011074082,5.3158828e-17,0.00036945983,1.0,0.0062909992,4.491045e-10,7.2329414e-05,8.396203e-10,4.364887e-27,7.3525603e-06
8007,0.17665558,0.05994424,0.00014261165,0.01352198,0.44864616,0.03592954,0.019863704,0.7134505,0.2662358,0.046305083,1.1524333e-16,0.0010282163,0.07631681,0.0038138868,0.59702194,0.00027955213,0.0003425964,1.0,0.0019824235,0.027062848,1.5029257e-06,3.6538074e-13,6.0338755e-31,0.0009414312
8010,0.09390064,0.05994424,0.012176019,0.01352198,0.44864616,1.7878901e-10,0.1584589,1.0,0.2662358,0.046305083,8.788945e-33,3.183575e-05,0.07631681,0.08237904,0.00067779666,0.0013869064,0.00016375893,2.3009756e-09,0.011657234,0.016792336,0.029916542,0.6875265,6.0338755e-31,1.38398655e-05
8016,0.09390064,0.05994424,0.06655556,0.01352198,0.44864616,0.10501985,0.1584589,1.0,0.992502,0.046305083,1.5538017e-37,1.6670316e-07,0.07631681,0.03716945,0.00067779666,0.0013869064,0.00016375893,1.2370926e-13,0.011657234,0.003664032,0.0014341773,0.6875265,6.0338755e-31,0.0051977867
8017,0.09390064,0.05994424,0.004627196,0.031404004,0.44864616,0.10501985,0.1584589,5.0571514e-16,0.3350658,0.046305083,6.938208e-35,3.0233798e-05,0.07631681,1.0,0.00090069894,1.5833721e-06,0.0006233473,5.351836e-13,0.011657234,2.432171e-05,1.0109309e-08,0.6875265,4.762982e-32,0.00058053393
8019,0.09390064,0.05994424,0.18685378,0.0075444384,0.44864616,7.128285e-06,0.018350748,0.3784997,0.48461762,0.046305083,2.167364e-34,7.8598094e-07,0.07631681,1.0,0.024362108,1.6435925e-07,0.00051725004,1.0,0.054583166,0.003084022,0.1815767,0.07017581,8.381589e-30,3.0406757e-11
8032,1.0,0.10609732,5.903878e-05,4.4951647e-11,0.87894046,1.0,3.4334443e-27,2.195891e-09,0.050610077,0.046305083,1.0,4.3158178e-17,0.66928357,4.730767e-25,0.006708421,1.0,0.0006007943,1.0,0.05317309,1.3050192e-12,9.0589615e-15,1.0,1.0,0.000101392005
8033,0.09390064,0.05994424,0.13332339,0.82697964,0.63710064,0.031939447,1.0,1.0,0.5746312,0.046305083,3.006636e-39,1.5277174e-15,0.07631681,0.000323537,0.0076990635,2.0923503e-13,0.009462158,0.9999999,0.011657234,2.2951668e-10,0.012541548,3.5681225e-11,2.4422514e-32,0.088386714
8034,0.09390064,0.05994424,0.29991835,6.9088665e-06,1.0,0.0010315458,0.1584589,1.0,0.9266993,0.046305083,1.3509848e-24,0.0021039026,0.07631681,0.9808733,1.0,1.9258885e-16,0.0006611229,7.905253e-12,0.054583166,0.07962368,1.3968174e-06,3.9114884e-06,2.0707957e-28,2.9280793e-11
8036,1.0,0.10609732,0.3565884,3.2468468e-12,0.011417376,1.0,4.9557564e-26,3.1167563e-27,0.31228003,0.046305083,1.7021213e-08,4.9840385e-09,0.24673085,8.693871e-06,0.9097182,1.0,0.00020411126,7.974868e-09,0.03344825,3.7654444e-09,1.7865377e-09,1.0,2.7678713e-21,0.0018025545
8038,0.94219786,0.05994424,0.00461922,0.050186012,0.039930012,1.0,0.026580624,0.5753831,0.004391559,0.046305083,1.0,2.0514028e-05,0.1839583,8.587747e-24,1.6324638e-07,6.4988775e-08,0.0018580043,5.2074487e-05,0.0016283505,2.1551166e-05,0.0015306431,1.0,5.9576416e-13,0.017601784
8041,0.09390064,0.05994424,0.00017562798,0.06874726,0.4221894,0.053447388,0.9911141,0.7134505,0.2662358,0.046305083,3.7305828e-19,0.002993004,0.07631681,0.22565341,0.38098323,1.8085654e-21,0.0004233204,1.0,0.0019824235,0.046594977,0.051383663,1.8608076e-05,6.0338755e-31,0.009541659
8043,0.13582136,0.10609732,9.04166e-05,1.8986762e-08,0.002912962,9.5555614e-20,4.796579e-20,2.5764143e-17,0.09785719,0.046305083,0.9352284,6.5699775e-09,0.19388974,1.4600172e-08,0.09819073,1.0,0.00065491634,1.0,0.048885982,8.181441e-10,7.491576e-14,1.0,1.0,7.5594977e-07
8044,0.09390064,0.10609732,0.00030610035,1.4377053e-08,0.0012442269,3.2147057e-08,7.6203837e-22,1.0,0.05422198,0.046305083,1.0,2.6079675e-10,0.07631681,1.1946328e-06,0.9743343,1.0,0.0005058641,0.99835724,0.03344825,2.7377554e-09,9.35099e-13,1.0,7.275047e-17,6.35737e-05
8050,0.09390064,0.05994424,0.0009637053,0.001102031,0.6938256,0.0047160545,0.018350748,3.9839986e-30,0.2662358,0.046305083,1.7187284e-36,3.5122838e-07,0.07631681,0.0003702731,8.348426e-05,0.005281431,0.00031613928,1.0,0.011657234,0.00019247492,1.0,3.1555668e-11,2.4422514e-32,0.001504536
8053,0.5176871,0.17572631,0.00023421017,8.752169e-12,0.011417376,2.7575504e-16,3.137432e-25,1.0,0.10870308,0.046305083,0.65271914,2.0840442e-11,0.2309254,9.183158e-06,0.08280842,1.0,0.00020411126,1.0,0.03344825,9.780107e-10,4.7603673e-24,1.0,5.1667625e-15,0.04241901
8056,0.5880415,0.23985733,0.0021980277,0.009557729,0.27599534,4.5818993e-07,0.050745293,1.0,0.82083887,0.6630341,1.0,1.3910254e-09,0.44367024,3.1531695e-09,0.004459378,0.00012037969,0.0003935411,1.0,0.0074105235,2.3393782e-09,2.4973468e-07,4.1943725e-20,1.6570894e-29,1.4912456e-06
8058,0.11815516,0.10609732,0.1858929,4.572086e-12,0.010827831,1.12220136e-10,7.76709e-24,1.2568189e-06,0.29811656,0.046305083,8.2274703e-16,6.221654e-18,0.07631681,2.1012573e-05,0.0013394424,1.0,0.0006305078,1.5449919e-11,0.020334642,7.735051e-13,1.511268e-14,0.003151487,4.7133514e-16,0.09317267
8068,0.09390064,0.05994424,0.003661382,0.02905077,0.3682469,5.980056e-21,0.07727903,1.0,0.96586657,0.046305083,2.2216091e-10,3.578251e-18,0.07631681,0.00031821124,0.62660146,6.179317e-25,0.0005045273,1.0,0.0019824235,2.3835933e-10,0.041256953,1.8839765e-30,1.6246673e-28,1.1236979e-07
8070,0.09390064,0.05994424,0.016859932,0.1272504,0.44864616,0.10501985,0.1584589,2.941397e-29,0.2662358,0.046305083,2.0871981e-34,7.184486e-06,0.07631681,0.016714662,0.0025707874,1.3493736e-23,0.0061422037,1.250006e-15,0.028777288,0.046594977,0.015664326,1.0,6.0338755e-31,0.00025078646
8073,0.09390064,0.10609732,4.3002733e-06,0.00048443401,0.0026864838,5.4876943e-09,2.4042433e-23,1.0,0.21722259,0.046305083,0.99999726,9.688836e-09,0.3557747,2.4239746e-06,0.9160465,1.0,0.00024407149,0.42272997,0.03344825,2.5548286e-10,2.9761874e-11,0.9802626,1.0934776e-15,0.00026586198
8077,0.09390064,0.32243612,0.56236887,0.0016908081,0.44864616,0.10501985,0.1584589,1.0,0.86819106,0.6053711,3.006636e-39,6.624129e-07,0.1749142,2.6897354e-07,0.0007745698,2.1375527e-05,0.00016375893,1.3526495e-18,0.0016283505,0.0038805688,9.581859e-09,1.0,6.0338755e-31,0.015635684
8078,0.09390064,0.05994424,0.21680543,0.99993753,0.4221894,0.10501985,0.9995983,0.41962862,0.2662358,0.046305083,1.1663027e-16,0.001367551,0.07631681,0.09110143,0.1164428,3.2730364e-12,0.00042197737,1.9876948e-07,0.2564673,0.005877047,0.026876178,0.6875265,6.0338755e-31,0.0009888093
8080,0.13582136,0.05994424,0.87716246,0.08723144,0.081025906,1.4993573e-05,0.02285768,1.0,0.014914986,0.046305083,2.7887728e-09,0.00013820519,0.07631681,0.00031287852,0.00025702015,5.756247e-16,0.00034654536,3.6817047e-10,0.012423,5.367969e-09,0.8648259,1.5480638e-13,9.760752e-12,3.3592123e-06
8082,0.5116465,0.17572631,0.006240497,3.4196448e-10,0.905198,0.99461406,3.8986717e-26,1.0,0.23271343,0.046305083,1.3596416e-10,2.9406344e-10,0.1839583,3.7946338e-22,0.015659451,0.99605656,0.00020411126,3.7647752e-21,0.035931535,4.5846132e-10,1.05770094e-10,0.99988747,1.5293768e-18,0.00047184163
8087,0.29913616,0.05994424,0.43240926,0.001311965,0.21803539,5.0450808e-08,0.0031138612,2.0736078e-15,0.9997626,0.046305083,3.006636e-39,1.0,0.07631681,4.043903e-09,0.5393579,3.116414e-14,0.00034432494,1.0921912e-12,0.054583166,3.6171735e-10,8.698043e-06,7.7141785e-06,1.0,2.4573824e-06
8096,0.09390064,0.05994424,0.0067961477,0.042051986,0.44864616,0.0027922993,0.016312161,1.0,0.8498437,0.046305083,3.006636e-39,1.3511176e-11,0.34590995,1.0,0.0008558125,0.0014556346,0.000491882,0.9992047,0.011657234,0.010649361,0.0132596055,1.0,2.4422514e-32,0.00014412856
8100,0.3202229,0.05994424,0.12919825,0.0012230118,0.20573747,5.8988454e-09,0.7525856,1.0,0.92611784,0.046305083,1.5834612e-24,1.3293803e-07,0.09646739,0.99999976,0.026247635,6.437917e-16,0.00022284834,1.809317e-14,0.92981523,8.1588875e-11,2.2295565e-07,3.006636e-39,4.0315646e-28,5.5210126e-05
8103,0.09390064,0.9866833,0.999931,2.5543365e-10,0.0189982,0.9998851,3.7554194e-23,0.2626545,1.0,0.046305083,0.9996587,1.1074748e-09,0.07631681,0.0001239953,0.058137316,1.0,0.0018386546,1.5987031e-37,0.08031406,1.7746435e-10,9.694307e-13,0.99999607,1.639089e-15,7.6015084e-08
8105,0.13582136,0.05994424,3.8555547e-05,0.005731719,0.11810842,0.9999999,0.019695304,1.0,0.092308186,0.046305083,1.0,7.950246e-10,0.07631681,2.1259446e-05,0.00458562,1.696987e-06,0.0003792356,1.0,0.0025632665,2.0900161e-10,0.1950921,3.08806e-14,1.5320255e-10,0.00068725913
8110,0.15963651,0.13775127,2.5897718e-05,0.00036205296,0.0020611726,3.2872762e-08,6.7148364e-23,1.0,0.02636841,0.046305083,1.0,2.6701585e-11,0.07631681,4.3288063e-07,0.33118278,1.0,0.00042968476,1.0,0.018666899,1.0685141e-11,1.71302e-05,1.0,0.06589914,1.055401e-07
8120,0.09390064,0.05994424,0.035142194,0.5007126,0.037699096,1.4425203e-12,0.02285768,1.0,0.2662358,0.046305083,7.217199e-38,1.0,0.07631681,8.3085183e-07,0.00027043352,4.0940992e-07,0.00019582067,5.270868e-08,0.37740752,4.3214436e-07,0.00011586508,0.66811144,1.0,0.075278245
8123,0.59663373,0.10609732,0.027202526,5.7653903e-08,0.009946772,4.3845374e-16,4.300545e-27,1.0,0.51044065,0.046305083,1.0,6.3616365e-13,0.2081817,4.312958e-23,0.580304,1.0,0.0003169958,1.0,0.035931535,1.9098672e-11,5.9158334e-10,1.0,3.573645e-08,0.0002465984
8125,0.84490865,0.05994424,0.008641249,6.8060245e-08,0.0066856747,1.0,0.0020563675,1.0,0.0042371973,0.046305083,1.0,6.3495017e-06,0.6086563,3.6778793e-25,7.3455135e-07,1.0,0.0005965841,3.006636e-39,0.028777288,0.09470701,0.0032482785,1.0,6.0338755e-31,0.0012755466
8130,1.0,0.05994424,4.6152214e-05,0.00016739684,0.017393252,1.0,0.016948503,0.27722737,0.9867165,0.046305083,1.0,4.55009e-07,0.6171147,3.2510563e-26,1.2009755e-11,0.0005775168,0.00021682607,1.0,0.0025632665,2.0423468e-06,0.019821405,1.0,4.4520273e-28,4.811732e-07
8131,0.09390064,0.05994424,0.012176019,0.01352198,0.44864616,0.05084429,0.1584589,1.0,0.6953182,0.046305083,3.006636e-39,0.0021039026,0.07631681,0.0034961677,0.0009106494,1.5201653e-08,0.00016375893,3.349935e-18,0.011657234,0.6304805,0.00016422976,3.4507984e-06,6.0338755e-31,0.99973387
8133,0.4333966,0.05994424,0.003996537,0.9999865,0.2195004,0.22517037,0.0020563675,1.0966502e-19,0.2662358,0.046305083,1.2206342e-24,0.007106609,0.1839583,7.607074e-24,3.6694262e-05,2.0866791e-07,0.0001898146,9.51208e-32,0.011657234,0.041096326,0.0006738337,1.0,6.0338755e-31,0.0037370762
8135,0.4839726,0.05994424,0.011653538,1.6855685e-05,0.7535749,0.13841258,8.438272e-07,1.0,0.0050841863,0.046305083,1.0,8.899955e-12,0.1839583,3.109647e-24,0.04131212,7.032435e-11,0.0003827868,2.2420438e-12,0.011657234,1.5071182e-09,4.2236685e-08,1.0,2.7855994e-16,0.0021552234
8150,0.09390064,0.10609732,0.14697045,5.7488025e-10,0.035840347,1.0,3.137432e-25,1.0,0.16800801,0.046305083,1.1562929e-20,8.807931e-13,0.13686801,2.782216e-07,0.22099021,1.0,0.00020411126,8.853436e-06,0.021866366,4.0841167e-13,4.6119285e-12,0.9999995,8.352486e-21,0.0010382571
8152,0.5529831,0.05994424,0.003467522,0.00010119148,0.14858666,0.21503769,0.0020563675,3.8130124e-10,0.1337816,0.046305083,5.0955034e-12,0.007039982,0.1839583,4.418532e-26,0.002041445,5.1521354e-05,0.0028662619,6.3085106e-38,0.028777288,0.06308077,1.0,1.0,6.0338755e-31,0.226163
8154,0.09390064,0.05994424,0.0029301764,0.9991128,0.4221894,1.0,0.020347917,1.0,0.2662358,0.046305083,3.006636e-39,5.66847e-07,0.07631681,0.002984934,2.595961e-05,1.3700488e-06,0.00060791976,1.0,0.011657234,0.0034448842,0.0005120289,1.0,2.4422514e-32,0.00028657637
8155,0.7153987,0.22732656,1.0,0.00032654937,4.5857392e-05,0.96258026,4.7136588e-23,1.0,0.6893838,1.0,1.0,9.2859354e-10,0.12127647,4.0022943e-22,0.03277444,1.0,0.0005898736,1.0,0.2846604,2.493564e-12,1.0,1.0,6.2134575e-05,1.3011219e-06
8162,0.41575256,0.05994424,0.012176019,0.34235483,0.4221894,0.10501985,1.0726221e-06,1.0,0.2662358,0.046305083,1.708101e-21,7.681027e-08,0.33689678,0.0003980539,0.15505189,4.7985494e-11,0.0001898146,6.837539e-23,0.011657234,0.9960647,1.5571655e-05,0.6875265,6.0338755e-31,0.049478754
8164,0.09390064,0.05994424,2.3286202e-07,0.0014350394,0.44864616,0.10501985,0.1584589,0.98898554,0.14585476,0.046305083,1.2851962e-08,0.0021039026,0.07631681,0.015294579,0.00023504502,0.0059351893,0.00020083674,2.1940408e-20,0.011657234,0.004475015,0.004143602,0.6875265,6.0338755e-31,0.0025105642
8172,0.3202229,0.05994424,0.0122461775,0.0013326464,0.6631921,5.7970664e-13,0.09830792,1.0,0.2662358,0.046305083,8.436573e-37,5.2370432e-09,0.07631681,1.0,1.0,1.9855951e-19,0.0002802016,3.735524e-07,0.35972023,4.6520916e-12,0.00012339352,1.2925089e-13,7.707709e-30,1.4389389e-07
8173,0.09390064,0.10609732,0.004697449,2.98843e-10,0.008662118,1.071937e-08,3.8343667e-25,0.97466063,0.2471739,0.046305083,0.99984634,1.4021048e-15,0.07631681,0.000675992,0.071968086,1.0,0.0028662619,1.0,0.11020785,3.1230324e-13,4.775066e-15,3.2030977e-25,3.5832505e-18,4.3411838e-08
8174,0.09390064,0.05994424,0.72200435,0.016055191,0.40084127,7.53792e-09,0.42576036,0.9999957,0.48461762,0.046305083,8.795894e-39,1.0287032e-05,0.07631681,6.19663e-05,0.00093121355,5.7366555e-07,0.00022373887,5.753923e-11,0.054583166,0.9899086,0.00958475,1.0,2.0707957e-28,3.7643655e-10
8175,0.20578709,0.26686266,5.3970275e-06,1.1925276e-07,0.00011877687,1.0,3.8343667e-25,1.0,0.085785694,0.046305083,1.0,1.0,0.07631681,4.928813e-12,0.09048283,1.0,0.00036528622,1.0,0.14164153,2.40614e-10,7.090496e-23,1.0,1.0,2.2317992e-09
8179,0.09390064,0.05994424,0.0032350852,0.29186457,0.44864616,0.0027922993,0.020347917,1.0,0.2662358,0.046305083,3.006636e-39,3.5196965e-08,0.07631681,1.0,6.6562105e-05,2.7387062e-09,0.0021759267,5.520463e-06,0.028777288,6.0827137e-05,1.7694491e-07,1.0,2.4422514e-32,6.240486e-07
8182,0.09390064,0.10609732,0.10452027,2.487249e-10,0.011417376,0.9660158,3.137432e-25,1.0,0.10870308,0.046305083,9.303295e-13,4.875959e-10,0.28145996,3.9514447e-10,0.03496391,1.0,0.00042732354,2.7969706e-13,0.053770196,6.9281003e-10,9.190912e-09,0.9999721,3.7916712e-20,0.9999975
8186,0.09390064,0.10609732,0.049896725,2.109318e-11,0.02248143,1.0,4.9557564e-26,3.0262082e-09,0.050610077,0.046305083,3.1768785e-05,1.31407e-10,0.07631681,1.5100302e-06,0.03967928,0.81498635,0.00022814856,4.9012334e-07,0.053770196,6.815228e-10,2.3387097e-12,0.9966016,1.5293768e-18,1.5307394e-05
8189,0.09390064,0.05994424,0.13598722,0.03962563,0.16112357,1.0902851e-07,0.09076339,1.0,0.85335153,0.046305083,3.006636e-39,0.0021039026,0.07631681,0.001728198,0.02086633,4.0337396e-14,0.00019582067,3.5589937e-30,0.0025632665,1.521523e-08,0.016708707,2.4729751e-23,4.7305952e-29,5.4707005e-05
8190,0.17665558,0.05994424,0.012176019,0.01352198,1.0,0.10501985,0.1584589,1.0,0.2662358,0.07617714,8.788945e-33,7.8427416e-05,0.07631681,0.009425809,0.00067779666,0.0013869064,0.00052940653,2.3009756e-09,0.04244934,0.003664032,0.004143602,0.92345864,6.0338755e-31,0.0051977867
8194,0.09390064,0.05994424,0.0049769185,0.093253896,0.15951541,0.0014625521,0.02285768,1.0,0.2662358,0.046305083,5.314366e-23,0.00081993407,0.07631681,0.0019776246,0.0005170161,1.21322e-10,0.0049714856,4.732261e-06,0.0064144097,4.3214436e-07,0.051809054,0.23095778,4.364887e-27,0.9801979
8195,0.5829808,0.21755613,9.860238e-05,2.3650804e-10,0.011417376,0.0030681826,3.56255e-24,0.9998734,0.11602878,0.1314709,0.0033447102,3.0698626e-09,0.07631681,1.8728587e-08,0.039109744,2.674448e-05,0.00030538384,1.3697598e-24,0.9675807,8.441192e-11,4.8150776e-12,0.23289081,5.9947546e-17,4.3548902e-09
8199,0.88690317,0.10609732,0.015831018,1.402137e-07,0.007780102,0.99999905,3.8986717e-26,1.0,0.10870308,0.046305083,0.037873082,1.3580077e-08,0.2081817,8.462936e-23,0.1462646,2.979341e-10,0.00029457547,2.7869558e-19,0.035931535,4.5542617e-08,5.1518744e-11,0.0008764096,6.1977624e-11,0.0021965674
8202,1.0,0.05994424,3.7291775e-07,0.013125223,0.03616499,2.8423516e-08,1.8919379e-06,1.0,0.0069186734,0.046305083,0.009511706,1.0,0.19388974,3.789606e-11,9.253108e-06,0.1348222,0.00030491693,5.1773804e-21,0.2564673,0.000116628835,2.3613328e-15,3.365024e-07,1.0,0.9438991
8205,0.3916998,0.96057516,0.09005204,9.418051e-11,0.011417376,2.8180061e-08,3.56255e-24,1.4115774e-06,0.14940676,0.081119955,0.00047598546,2.7883965e-08,0.07631681,2.2173035e-06,0.0013851896,0.9999716,0.00022600578,0.99104744,1.0,2.8214545e-11,7.998254e-08,0.9999645,4.5706288e-20,0.008532951
8208,0.5519461,0.10609732,0.00045994663,2.0143383e-11,0.08141499,0.9977863,3.8705587e-27,1.0008897e-14,0.04935128,0.046305083,1.0,3.9240514e-11,0.36631542,7.9243646e-23,0.19751292,0.22752617,0.00025788002,4.993327e-08,0.03359453,1.6982714e-09,6.8054155e-19,0.9999999,8.037984e-06,8.538712e-06
8210,0.13582136,0.05994424,0.1284719,0.36546835,0.21393079,0.0116925035,0.1584589,1.0,0.16250779,0.046305083,3.1157338e-08,0.0031847109,0.07631681,8.594713e-07,0.060157113,0.024080196,0.00016375893,2.7372218e-10,0.011657234,0.12627444,0.0813636,3.628588e-18,2.2864113e-13,0.9999999
8212,0.09390064,0.5943586,0.4556822,2.3650804e-10,0.02301306,0.1847809,3.56255e-24,1.0,0.99726534,0.046305083,5.9366664e-21,2.7883965e-08,0.07631681,8.6304295e-05,0.035099946,0.99586856,0.00020411126,1.0556273e-21,0.035931535,1.2020768e-09,9.0829335e-09,0.99986947,1.8975695e-18,0.0002006945
8213,0.09390064,0.05994424,0.27503908,0.063969955,0.3502613,1.0,0.9351311,0.9783483,0.0069165444,0.046305083,0.00031809416,8.076637e-05,0.07631681,0.03908216,0.008591091,1.0,0.00054055254,3.006636e-39,0.011657234,0.68740636,1.7234609e-06,0.9999912,6.0338755e-31,0.014685415
8215,0.09390064,0.05994424,0.0038387838,1.0,0.13497634,9.794519e-10,0.058215354,1.0,0.33540437,0.046305083,4.166682e-38,0.0005913252,0.07631681,0.23192604,3.4261007e-05,1.1588697e-16,0.00032639096,1.4969227e-12,0.0025632665,5.0648003e-05,0.0644586,2.8987103e-38,4.364887e-27,0.00076506956
8219,0.09390064,0.05994424,0.055847727,0.11121886,0.18937553,0.41686535,0.025759669,1.0,0.5444193,0.046305083,3.006636e-39,0.004325961,0.07631681,8.861511e-05,0.0021279156,2.0311362e-11,0.00032901968,9.833877e-19,0.012423,6.234252e-07,0.08671159,0.0685118,1.0831343e-26,3.0406757e-11
8220,0.09390064,0.99987304,0.99989605,3.146473e-07,1.0,1.30390785e-11,1.0,0.91068596,1.0,0.046305083,1.1615297e-16,7.279816e-11,0.12317237,9.0810295e-07,0.036256593,1.0,0.17125736,1.0,1.0,3.156005e-08,2.5354383e-15,9.125828e-16,4.0899727e-16,0.0009634084
8226,0.09390064,0.05994424,0.5060309,0.004609651,0.574614,0.4614908,1.0726221e-06,1.0,0.6340118,0.046305083,9.527818e-29,6.6927144e-16,0.07631681,0.0009119584,0.00030667052,3.5051237e-13,0.00022369089,2.6519778e-11,0.16128159,5.4632583e-12,4.2661263e-08,1.8893319e-05,2.0707957e-28,1.8216465e-08
8227,0.09390064,0.05994424,0.011281089,0.07965562,0.44864616,0.10501985,0.1584589,0.38806736,0.38976026,0.046305083,2.9541846e-35,2.6333671e-05,0.07631681,0.0019315318,1.4351991e-05,3.4929174e-06,0.00044719668,2.3009756e-09,0.011657234,0.027062848,2.4076237e-05,0.6875265,6.0338755e-31,0.9974498
8228,0.09390064,0.4697083,0.7125608,0.0012865162,0.0067089135,1.1246949e-07,7.8235034e-23,1.0,0.6058759,0.74574816,5.9617816e-16,3.0587184e-08,0.1749142,4.704947e-05,0.00087449775,1.0,0.00023658585,2.3724373e-05,0.035931535,1.2392353e-08,1.0,1.0,1.1430043e-21,0.9996159
8230,0.09390064,0.10609732,1.7454302e-05,2.771437e-10,0.009748736,2.1634986e-07,6.889927e-24,1.1182733e-15,0.824588,0.046305083,0.78605115,1.6736075e-09,0.13686801,0.000121932746,0.0016490811,1.0,0.00028184857,1.0,0.14541568,2.495228e-07,2.4041436e-22,1.0,3.1348217e-19,6.22213e-10
8232,0.13582136,0.10609732,1.7191651e-07,3.23113e-05,0.0034153145,4.14058e-18,2.2401722e-23,1.3177831e-31,0.08507436,0.046305083,1.0,8.5707445e-13,0.07631681,4.2543384e-06,0.2716015,1.0,0.00051600195,1.0,0.04044106,5.0248165e-12,1.367419e-12,9.962944e-10,1.0,6.644308e-06
8234,1.0,0.05994424,0.0005468842,0.017468786,0.29750976,1.6957819e-06,0.014242248,1.0,0.0055692014,0.046305083,0.99992466,1.0451195e-13,0.07631681,6.438163e-07,0.015860224,0.0013600605,0.00024225572,1.0,0.017504087,8.1387674e-13,1.0801664e-13,0.9949772,2.022421e-13,0.054920964
8238,0.21586333,0.05994424,2.5999444e-07,0.6187379,0.44864616,0.02801509,8.505562e-06,1.0,0.9483483,0.046305083,1.0,1.8965299e-08,0.07631681,0.025268674,0.0774435,7.9740305e-13,0.0003618775,0.00010648937,0.011657234,0.00011732677,0.00019421629,0.99995804,2.4422514e-32,0.0002231311
8241,0.8096787,0.05994424,0.009834159,0.8912028,0.40084127,1.1330982e-05,0.004298641,1.0,0.2662358,0.046305083,3.526211e-14,0.0003914773,0.13686801,0.00056150253,0.0110954605,0.0009226596,0.00035917497,7.44981e-18,0.0016357065,0.015323678,6.756712e-07,1.0,2.2458944e-32,0.03926976
8245,0.15977015,0.05994424,3.522231e-05,0.115611814,0.12133858,2.0679505e-09,0.011598362,1.0,0.2662358,0.046305083,2.9326242e-14,1.0,0.16950274,0.028375614,0.26703972,1.5204189e-14,0.00020639747,1.0,0.0019824235,3.3323127e-07,5.5284644e-10,1.6700757e-06,1.0,8.819722e-05
8258,0.09390064,0.05994424,0.124448255,0.26149118,0.44864616,0.10501985,0.1584589,1.0,0.5746312,1.0,6.4755913e-34,9.45217e-06,0.07631681,0.0135247605,2.1585805e-05,0.0013869064,0.00016375893,0.0003423486,0.04244934,0.003664032,0.004143602,1.9327447e-06,6.0338755e-31,0.032430302
8259,0.09390064,0.10609732,1.3321535e-05,0.007628975,0.0015766346,1.0,2.4042433e-23,1.0,0.05422198,0.046305083,1.0,2.7815342e-15,0.07631681,2.4351652e-07,0.08492281,1.0,0.00024407149,0.9610407,0.020424785,2.924281e-13,2.4241065e-09,1.0,5.903133e-13,0.00031963206
8264,0.09390064,0.05994424,0.00022018711,0.00011867305,0.47395396,7.1214777e-07,0.019863704,0.999501,0.33540437,0.046305083,0.93696004,3.4162568e-09,0.09646739,0.044442102,0.003609729,6.307385e-07,0.00020689992,1.0,0.0019824235,2.5047532e-06,1.0,3.61253e-08,2.4422514e-32,1.3045179e-05
8266,0.36046514,0.12895359,1.7133696e-05,0.00015772956,0.0026864838,0.35845307,1.215046e-23,1.0,0.31704003,0.046305083,1.0,5.3905796e-10,0.13686801,1.0181385e-09,0.38258207,0.9999865,0.00057347753,1.0,0.14164153,1.708116e-11,5.238654e-12,0.03053374,4.5751326e-11,8.273146e-10
8271,1.0,1.0,0.006007854,1.1226821e-08,0.0031282369,0.99802005,3.56255e-24,3.006636e-39,0.08937813,0.046305083,0.95449793,1.2878801e-09,0.07631681,7.972292e-06,0.014826738,1.0,0.00068920746,1.2829486e-37,0.035931535,4.6964954e-10,1.0,1.0,0.6657925,1.4375621e-06
8286,1.0,1.0,0.043732498,0.01352198,0.47395396,0.04803421,0.1584589,1.0,0.37259588,0.046305083,6.035861e-14,9.234544e-07,0.07631681,0.0006262563,0.0065613207,0.0016390543,0.00018304498,1.09227e-20,0.4551362,0.0060999873,4.3403477e-05,5.907844e-08,6.0338755e-31,5.2158324e-05
8298,0.99999917,0.05994424,0.00037416624,0.00014049231,0.038461607,1.0,0.0020563675,1.7060271e-13,0.0040819766,0.046305083,1.0,2.1609576e-08,0.6086563,2.814458e-25,4.6530276e-05,1.0,0.00016375893,3.006636e-39,0.011657234,0.04690331,9.0650385e-09,1.0,2.7625175e-14,0.021668924
8306,0.60267085,0.05994424,0.00046811093,0.9337696,0.28256246,1.0,0.004622608,4.9928e-17,0.005091522,0.046305083,0.9999888,2.9760156e-06,0.2081817,1.4609477e-23,9.482307e-05,0.56259793,0.00058960036,1.3474216e-34,0.0016283505,5.5767686e-07,1.0415084e-12,1.0,5.0006616e-10,0.99983466
8308,0.5689206,0.05994424,0.00264365,0.0014350394,0.28599402,0.26678127,0.0020563675,4.41439e-10,0.2662358,0.046305083,4.718588e-07,0.0051672948,0.1839583,6.657243e-24,2.1889227e-06,8.4985395e-06,0.00038938705,9.51208e-32,0.011657234,0.027062848,0.027553845,1.0,6.0338755e-31,0.037799396
8311,0.13582136,0.10609732,2.5319536e-05,5.0965646e-05,0.0018693926,1.6030336e-21,1.0271686e-22,1.0,0.65233004,0.046305083,1.0,1.1225122e-09,0.5128928,1.8663064e-06,0.670122,1.0,0.0003826098,1.0,0.09974207,4.4092583e-13,1.0,4.9445477e-23,1.0,8.933756e-06
8315,1.0,1.0,0.0001072674,0.0018303867,0.20561387,5.0606395e-33,0.006782848,5.2110245e-05,0.13953175,0.046305083,1.0,1.0,0.07631681,1.6980056e-09,0.76315653,1.2387363e-12,0.0002803408,1.0,0.009629485,5.8255833e-10,1.6205173e-09,8.374228e-10,1.0,1.2167994e-08
8319,0.09390064,0.05994424,0.004756317,0.00016259789,0.44864616,4.43959e-12,0.016312161,1.0,0.2662358,0.046305083,8.886036e-33,2.204616e-09,0.13686801,0.0039896606,0.0009333828,0.16899869,0.0002663674,1.0,0.011657234,3.6735404e-05,0.01722786,0.05336231,2.4422514e-32,6.1583074e-07
8320,0.34981948,0.10276631,0.024901988,0.004620174,0.1438104,0.021473832,0.018350748,7.31143e-19,0.2662358,0.046305083,1.8411589e-34,1.0,0.07631681,1.6313776e-07,0.0013615672,0.042334702,0.00022095728,1.0,0.03779956,0.07582078,0.0010448209,0.12159561,1.0,0.96281683
8321,0.17583634,0.05994424,0.23552893,0.05645483,0.22494103,0.019740015,0.1584589,1.0,0.090934575,0.046305083,0.0035203244,1.0,0.07631681,1.7430612e-08,0.0009542543,3.1275066e-11,0.0003104764,3.6488017e-16,0.2564673,2.4243162e-05,4.310418e-11,4.4132314e-16,1.0,0.48694927
8322,0.09390064,0.05994424,0.0058805165,0.037142105,0.15951541,0.00094586506,1.0,1.0,0.2662358,0.046305083,4.2059523e-37,0.0021039026,0.07631681,1.0,0.0014365708,4.9173387e-08,0.07680538,5.1083023e-11,0.0025632665,8.5912546e-07,0.00020825745,0.00014235133,4.364887e-27,0.00076506956
8325,0.13582136,0.05994424,0.034552366,0.99999726,0.07375759,0.009505258,0.02285768,0.9802807,0.013134214,0.046305083,8.7623076e-16,0.0053179855,0.07631681,0.0007353857,1.5162615e-05,9.933548e-07,0.00024925295,2.2310304e-15,0.1898753,4.3214436e-07,0.13999285,3.7360187e-10,8.7913406e-11,0.5361965
8329,0.09390064,0.05994424,0.037080474,0.47063977,0.6388928,0.4614908,0.016312161,0.96696734,0.7305641,0.046305083,3.006636e-39,2.4351438e-10,0.13686801,6.3415486e-05,0.0881816,0.00056584895,0.00031867996,5.0486157e-11,0.054583166,0.0007234348,2.2604993e-08,0.6875265,2.0707957e-28,1.7598667e-13
8333,0.09390064,0.10609732,0.00046422193,8.9583526e-05,0.0019847022,3.3810852e-07,8.01276e-23,1.0,0.5130089,0.046305083,4.490537e-11,5.607035e-11,0.07631681,0.8678276,0.7028999,1.0,0.00024407149,1.0,0.035931535,3.5681053e-13,1.2770766e-05,0.9999999,6.2134575e-05,4.431019e-09
8335,0.1233277,0.10609732,0.008540498,5.052423e-10,0.009406016,1.4524018e-05,4.6636834e-24,1.3040176e-14,0.25362036,0.046305083,3.2576146e-09,2.2232655e-11,0.07631681,3.3738448e-05,0.16632123,0.9838485,0.005005822,1.0,0.07807519,8.637929e-10,4.2278125e-15,4.632498e-15,3.2454742e-22,5.556277e-10
8338,0.09390064,0.05994424,4.180237e-05,1.9523444e-08,0.44864616,6.144618e-11,0.017988442,1.0,0.57994705,0.046305083,1.6945105e-10,5.3691714e-05,0.07631681,2.3823197e-06,0.8718256,6.1847693e-12,0.00048284122,1.0,0.16128159,0.24164958,1.0,1.3345394e-14,2.0707957e-28,2.5919165e-09
8340,1.0,1.0,0.015130259,4.396574e-05,0.0041780556,0.3829244,1.215046e-23,1.0,0.10870308,0.046305083,8.08836e-05,2.0304437e-14,0.2309254,9.996107e-09,0.48363447,0.7534844,0.00076149736,1.0,0.021866366,1.5350335e-12,1.1192012e-12,0.993721,1.2556593e-12,0.022012679
8346,0.09390064,0.14426152,0.87568974,1.8675778e-06,0.3666133,0.04803421,0.1584589,0.0049338844,0.5373881,0.29704207,7.7903215e-17,0.0021039026,0.14227797,0.0055447407,0.0014585826,0.0059351893,0.00018132574,2.3009756e-09,0.9547363,0.0035273852,0.017353112,0.6875265,6.0338755e-31,0.0011720279
8347,0.09390064,0.05994424,0.015787244,0.0076754787,0.28334895,1.0,0.20706835,3.4760235e-09,0.85632336,0.046305083,0.9942287,4.536106e-09,0.07631681,0.00021312172,0.00045512128,1.0,0.00018132574,5.7922144e-24,0.011657234,0.4712719,0.5754243,4.6722364e-14,2.2606795e-24,1.0
8352,0.1233277,0.05994424,0.042411324,0.5044268,0.21803539,0.10501985,0.1584589,0.9991804,0.2662358,0.046305083,1.2523594e-37,1.0,0.07631681,3.5490412e-08,0.089928545,1.7406987e-12,0.00016375893,0.756315,0.011657234,2.9032144e-08,2.2337244e-06,9.432791e-06,1.0,0.91566825
8356,0.09390064,0.05994424,0.061061293,0.8285741,0.15951541,0.54183286,0.03744375,1.0,0.29928988,0.046305083,5.3913284e-37,3.942668e-05,0.07631681,1.3065329e-07,3.206612e-06,2.0311362e-11,0.00026754072,6.8083483e-07,0.012423,5.0329803e-08,0.003176671,0.020354277,8.7787854e-27,9.591445e-12
8357,0.09390064,0.05994424,0.02480493,0.91477054,0.44864616,8.16186e-11,1.0,0.072875164,0.97661394,0.046305083,2.4578335e-38,0.00013789005,0.07631681,0.082011044,0.0001562235,4.6017598e-05,0.21498407,2.1490733e-24,0.011657234,0.0024981974,0.000113046655,0.28068012,4.762982e-32,8.882755e-09
8363,0.09390064,0.05994424,0.007169414,0.0015873694,0.44864616,0.10501985,0.0026124723,2.3425738e-14,0.2662358,0.046305083,2.9440289e-18,4.8647078e-05,0.37641227,5.8857488e-05,7.417668e-07,2.759219e-08,0.0011325264,1.3882353e-15,0.028777288,0.00036952444,6.803685e-09,2.0230188e-13,6.0338755e-31,0.0015662214
8365,0.8898216,0.10276631,0.040386852,9.807293e-05,0.40652058,0.98353136,0.06275655,1.0,0.9930555,0.046305083,3.006636e-39,1.8648692e-13,0.07631681,0.000138876,8.1207894e-05,1.08004386e-07,0.0003609985,1.0,0.0025632665,7.6105707e-13,1.7900774e-10,0.5846378,1.0491686e-27,0.00010497833
8378,0.5529831,0.05994424,0.0062429486,0.007810647,0.044541545,1.8583547e-08,0.0020563675,1.0,0.2662358,0.046305083,5.675083e-20,3.9473058e-08,0.1839583,3.109647e-24,4.5660475e-08,4.643166e-15,0.00036144324,5.8911075e-17,0.011657234,6.2836247e-09,7.78942e-06,0.9999442,6.0338755e-31,0.09390905
8381,0.34981948,0.10276631,0.0010693668,0.77443165,0.66333956,0.14322811,0.00033607855,3.006636e-39,0.42111132,0.046305083,1.0985491e-15,4.0663175e-09,0.07631681,0.003902858,0.26067027,5.5828074e-16,0.00048703657,1.0,0.0019824235,0.14838603,3.0642507e-06,1.0,2.2606795e-24,4.5915465e-05
8383,0.13582136,0.05994424,0.008049482,0.80585515,0.18106374,0.019740015,0.99903595,1.0,0.0046493006,0.046305083,5.8646156e-21,0.018759353,0.07631681,0.000109425804,0.00016590046,0.010111537,0.00020972705,2.9532442e-16,0.011657234,0.027062848,1.4349292e-13,0.626507,2.2864113e-13,0.04596236
8389,0.76593715,0.10609732,0.002976286,1.0954502e-05,0.012194667,1.0,5.1850246e-23,1.0,0.051240265,0.046305083,1.0,1.4481137e-12,0.27702555,9.165668e-24,0.00019973409,1.0,0.00027948152,1.0,0.035931535,3.4212054e-13,2.0674077e-15,1.0,0.0017833028,3.4729683e-06
8392,0.5640473,0.10609732,0.002402341,1.9616087e-08,0.0027257304,1.0,3.56255e-24,6.36077e-18,0.34555674,0.046305083,0.9999995,1.4282682e-11,0.07631681,6.5574127e-06,0.84163743,1.0,0.00048322475,1.0,0.83279413,2.629727e-09,5.733436e-15,1.0,1.7974014e-15,1.8411822e-05
8393,0.99630016,0.9715999,0.0004211343,2.0378094e-12,0.008101068,1.2828919e-05,3.8986717e-26,3.006636e-39,0.10368012,0.1314709,1.0,7.659192e-10,0.2081817,1.445846e-22,0.88196194,1.0,0.0006194262,1.0,1.0,6.0443903e-09,3.1282872e-19,1.0,1.0,5.253689e-07
8402,0.51905054,0.05994424,0.022243358,0.85209346,0.053189144,3.248221e-09,7.710212e-05,1.0,0.0046493006,0.046305083,0.94911534,1.0,0.07631681,6.0731566e-08,0.62334245,1.0666881e-10,0.00027324137,1.2495505e-19,0.011657234,0.10976389,3.2762575e-05,5.261594e-09,1.0,0.99999535
8407,0.09390064,0.05994424,4.5884295e-05,0.016220462,0.47395396,5.404213e-09,9.446256e-08,1.0,0.2662358,0.046305083,1.0,1.6761853e-06,0.07631681,0.00016462439,0.9242755,0.87846166,0.00042964093,1.0,0.0054273237,1.3938804e-07,1.2774711e-19,1.659224e-18,4.762982e-32,0.00019191563
8408,0.3929468,0.05994424,0.1890705,0.0026224959,0.21027285,6.1860617e-10,0.1584589,1.0,0.008942382,0.07390926,2.0804923e-16,6.395679e-05,0.3527997,3.6778388e-06,0.0009865749,0.53222084,0.002251347,1.096919e-17,0.08628662,0.098637566,2.4229244e-08,1.0,3.9021664e-12,0.03180134
8415,1.0,1.0,0.19434448,0.7452179,0.062289562,0.86176026,0.004298641,3.006636e-39,0.31303453,0.91004425,0.098270066,7.576019e-12,0.88542885,9.701309e-26,8.30759e-09,0.995274,0.00016375893,1.6875927e-13,0.03779956,3.5771056e-10,5.756508e-09,0.9981737,1.9550709e-13,0.018007752
8427,0.5529831,0.05994424,0.0009301946,0.9556977,0.006169074,0.00012720813,0.02285768,1.0,0.32496375,0.046305083,1.5379201e-31,1.903445e-07,0.1839583,5.768535e-23,0.005938597,3.6371681e-13,0.0005782653,1.2965361e-24,0.0025632665,3.5650203e-06,0.0001766811,1.0,4.681652e-31,1.0
8428,0.5880415,0.05994424,0.013902615,0.10568556,0.44864616,0.62635154,0.1584589,0.55446136,0.2662358,0.046305083,1.216197e-29,0.0016979219,0.07631681,0.0038683193,0.00075483136,8.3939617e-14,0.0008291,8.090202e-20,0.011657234,0.04290338,0.0012404332,6.400121e-05,4.762982e-32,0.00037509392
8429,0.09390064,0.05994424,0.016007375,7.080031e-05,0.40084127,1.0985403e-06,0.09830792,2.6477525e-11,0.2662358,0.046305083,1.442626e-33,0.00068078534,0.07631681,0.022069179,0.00042960056,0.0001040728,0.00016375893,5.753923e-11,0.011657234,0.003592462,1.3512361e-05,1.0,2.2458944e-32,0.000158477
8433,0.14974806,0.05994424,7.741642e-05,0.06357759,0.751939,5.4490533e-07,0.0002818373,0.8433169,0.15280591,0.046305083,1.2906182e-26,1.642546e-09,0.07631681,1.4381969e-05,0.3675165,2.077771e-09,0.00022095728,1.0,0.0019824235,7.859063e-05,6.7955696e-08,2.6488137e-18,2.4422514e-32,6.2738676e-05
8434,1.0,0.05994424,0.028357124,0.04304718,0.0735209,3.3885474e-16,9.5791875e-06,1.0,0.44939893,0.046305083,2.2744816e-12,1.9975205e-06,0.1839583,7.76706e-24,1.038737e-06,2.9696674e-14,0.0005379646,2.7149104e-25,0.0025632665,1.4506092e-07,5.511205e-06,1.0,1.2709429e-27,0.32823676
8435,0.13582136,0.10609732,0.024442468,9.463961e-09,0.006359508,1.0,1.9606505e-20,1.0,0.0905871,0.046305083,5.336357e-08,5.7593748e-09,0.07631681,3.7035109e-06,0.34863013,1.0,0.000320254,7.2224e-24,0.03344825,5.9953825e-10,1.0,1.0,1.243066e-07,6.0851617e-06
8436,0.40809065,0.05994424,0.0050449977,1.659684e-09,0.40084127,7.943233e-07,4.181868e-05,1.0,0.2662358,0.046305083,1.1909675e-06,0.00068078534,0.07631681,9.930451e-05,0.00018331238,0.005436281,0.00018132574,3.0462738e-21,0.011657234,0.003592462,1.0,1.0,2.2458944e-32,0.0003045125
8437,0.09390064,0.10609732,0.001853795,0.007918243,0.0016716453,0.8188523,2.2168959e-23,0.9999989,0.10870308,0.046305083,7.635712e-05,5.167975e-11,0.07631681,2.6800903e-05,0.015104999,1.8927318e-08,0.00025788002,1.0,0.03261185,3.8437631e-13,1.3898891e-06,8.534573e-18,8.4895116e-16,8.084471e-06
8438,0.9058011,0.10609732,1.6872218e-05,1.3679686e-05,2.5570585e-05,1.0,8.447841e-23,1.0,0.4376756,0.046305083,1.0,2.5769998e-13,0.50851125,6.45825e-26,0.0122489985,1.0,0.00080005656,1.0,1.0,6.8002727e-13,1.0,1.0,0.99993527,7.935389e-07
8442,0.09390064,0.05994424,0.005214852,0.07197172,0.3666133,1.0,0.018350748,1.6256788e-08,0.2662358,0.046305083,3.006636e-39,1.8575314e-07,0.16950274,0.0016987651,0.05723062,0.96034527,0.00020689992,1.0,0.011657234,0.0021075937,0.048610546,0.9666894,9.1502177e-26,0.00044780393
8445,0.09390064,0.05994424,0.00010467525,0.01352198,0.44864616,0.053447388,0.019863704,0.9999999,0.2662358,0.046305083,0.94940925,0.00041761724,0.07631681,0.015294579,0.68708116,0.00027955213,0.00016375893,1.0,0.0019824235,0.027062848,6.976541e-10,0.0001688811,6.0338755e-31,0.0025105642
8453,0.09390064,0.05994424,0.009123456,0.36943525,0.44864616,0.66923094,0.018350748,0.3784997,0.2662358,0.046305083,9.141677e-32,7.8598094e-07,0.07631681,0.019564698,0.0020228857,7.5133066e-08,0.00020689992,1.0,0.011657234,0.0013688887,0.0051235636,1.466209e-06,2.4422514e-32,0.090393
8461,0.5529831,0.05994424,0.003757509,0.003790903,0.029306902,1.0,0.9992099,0.0146480715,0.8832146,0.046305083,1.0798856e-14,2.2918703e-12,0.2081817,1.0785592e-23,9.49702e-08,2.6492778e-06,0.00025249517,5.5375006e-24,0.054583166,2.852639e-11,3.3493166e-07,1.0,7.707709e-30,3.194109e-05
8462,0.09390064,0.10609732,0.024538927,3.5361658e-10,0.011417376,1.34626035e-08,3.56255e-24,1.0,0.10870308,0.046305083,1.0729166e-16,1.2600815e-11,0.07631681,3.0309922e-05,0.056665577,6.409187e-08,0.00020411126,2.8255867e-10,0.035931535,1.2772412e-09,3.794324e-10,0.008633683,6.226847e-20,0.010975607
8465,0.09390064,0.05994424,0.0001825874,0.0020620155,0.6938256,0.00010733523,0.0002818373,1.0,0.49861002,0.046305083,1.0,6.8531995e-07,0.07631681,0.019564698,0.86829793,5.012531e-10,0.00020689992,1.0,0.0019824235,0.018397681,3.2669413e-05,1.16177805e-08,2.4422514e-32,0.90978134
8467,1.0,1.0,1.7651561e-06,0.0053281677,0.5048452,1.0,0.1584589,1.0,0.0046493006,0.046305083,1.0,1.7695756e-15,0.07631681,4.897203e-09,9.818581e-08,6.519333e-05,0.00034940644,1.68802e-14,0.011657234,1.5857746e-11,9.4410795e-17,1.0,2.2864113e-13,9.750125e-07
8472,0.13582136,0.61159754,0.7926149,9.819799e-08,0.13671164,2.8811013e-18,0.1584589,7.967543e-27,0.0069186734,0.449214,1.0,1.0,0.14227797,2.8523797e-10,0.0002881492,5.2557512e-05,0.00018132574,4.5695456e-21,0.9816518,3.031999e-08,4.1460044e-09,3.0268308e-07,1.0,0.9999987
8474,0.53384644,0.05994424,0.0029883902,0.51718295,0.0004558681,6.032495e-08,0.5296105,1.064507e-22,0.2662358,0.046305083,1.4700676e-28,2.1908172e-06,0.1839583,9.837904e-24,2.2854856e-05,0.010337031,0.0066493535,1.818268e-24,0.028777288,0.0015808024,0.1815767,0.55105436,2.4422514e-32,0.024640426
8476,0.17890598,0.10276631,2.9773057e-05,0.0010040103,0.05075455,1.4564314e-06,2.9735884e-05,0.9999999,0.39394528,0.046305083,7.1565937e-06,1.0,0.2309254,1.0,0.15985955,4.3520892e-10,0.0010005373,1.0,0.009629485,7.079009e-12,3.9804553e-07,2.9844326e-13,1.0,3.2184277e-09
8477,0.13582136,0.05994424,0.009715049,0.03477602,0.26848677,0.09765114,0.1584589,1.0,0.0043902476,0.046305083,4.7683897e-21,5.4320452e-08,0.07631681,1.0,8.6733144e-07,2.9114963e-10,0.00016375893,0.9826483,0.011657234,1.917487e-09,1.3664927e-09,1.2902483e-12,1.7302781e-16,1.0
8489,0.09390064,0.05994424,0.00744029,0.0011693923,0.12133858,1.0,0.09830792,1.0,0.13688383,0.046305083,2.2054592e-05,1.0,0.07631681,3.8127967e-09,2.402935e-07,0.0016093235,0.0002096101,5.753923e-11,0.011657234,0.003592462,0.0002465789,0.93403274,1.0,0.071300924
8502,0.09390064,0.05994424,0.05261187,0.99999356,0.14560603,0.00094586506,0.02285768,1.0,0.2662358,0.046305083,3.006636e-39,0.0021477174,0.07631681,0.056637187,0.7802221,1.7189259e-09,0.00022697668,1.0766358e-07,0.0025632665,7.3285446e-05,0.9999999,0.19761142,1.0831343e-26,0.00041055706
8503,0.09390064,0.05994424,0.057624202,0.06583234,0.6183244,9.794519e-10,0.07122765,1.0,0.9423594,0.046305083,3.006636e-39,1.4391694e-13,0.13686801,5.8977334e-05,0.0007357078,4.2584768e-19,0.0051096603,3.3944087e-08,0.0064144097,3.1682844e-12,4.6892724e-06,6.5916586e-19,4.7305952e-29,1.0
8505,0.38144296,0.05994424,0.0105751725,1.0,0.27116138,0.0011918746,0.017761031,1.0497778e-05,0.34321278,0.046305083,3.006636e-39,7.868807e-11,0.07631681,1.0,1.0,4.0007955e-16,0.00020639747,0.0004241155,0.0025632665,3.1005426e-10,1.2162598e-06,3.006636e-39,6.619215e-22,0.08981164
8508,0.2455108,0.05994424,0.04737325,0.9988288,0.18106374,0.0020366537,1.0,0.9786644,0.17138168,0.046305083,1.7446273e-16,0.019679809,0.07631681,0.00026096878,0.0013721726,7.68863e-09,0.00051406136,1.0784629e-26,0.054583166,0.04238213,4.0263934e-09,9.267723e-06,4.0530204e-10,1.815954e-06
8512,0.09390064,0.10609732,0.006375005,0.0052281423,0.0024129683,4.0783333e-13,4.1404648e-20,0.97967255,0.14479572,0.046305083,5.6811683e-28,1.7181392e-09,0.07631681,6.465485e-06,0.0060785534,1.1109034e-18,0.004967772,1.8899526e-21,0.0856132,4.585194e-12,2.273635e-09,9.608807e-15,2.3674828e-16,3.52162e-05
8514,0.09390064,0.10609732,0.018925313,2.3650804e-10,0.011417376,2.584003e-17,3.137432e-25,1.0,0.10870308,0.046305083,2.78738e-20,2.0159587e-09,0.13686801,1.3979849e-06,0.024329634,0.9984073,0.00020411126,1.3057835e-16,0.035931535,3.881967e-08,1.4746818e-09,0.9611476,6.322855e-20,0.00012421126
8519,0.09390064,0.10609732,0.090466805,2.3650804e-10,0.011417376,0.003956476,4.9408118e-24,1.0,0.10870308,0.046305083,4.3279536e-24,9.969622e-09,0.07631681,1.0,0.07277131,6.654821e-08,0.00020411126,1.590453e-17,0.035931535,1.970078e-09,2.5233675e-15,0.99995387,4.193305e-18,0.0002006945
8526,0.09390064,0.05994424,4.1666215e-05,0.001021509,0.40941513,6.291162e-06,0.017410161,1.0,0.2662358,0.046305083,1.0,2.0563222e-18,0.07631681,5.543218e-05,0.004541906,7.9978254e-16,0.0006096802,1.0,0.0064144097,2.1883907e-12,0.0010311558,0.20194213,1.3166837e-22,3.1692968e-10
8527,0.15723225,0.05994424,0.02809577,0.01352198,0.44864616,0.4614908,0.016312161,2.558097e-35,0.87425977,0.091239415,3.006636e-39,0.0003914773,1.0,1.7365393e-05,0.0061804424,0.00092644047,0.00025249517,2.3009756e-09,0.77093524,0.027062848,1.0,0.6875265,2.0707957e-28,9.5700364e-14
8529,0.09390064,0.05994424,0.029923925,0.035963595,0.574614,0.10501985,0.998836,0.9960737,0.37259588,0.046305083,1.3971958e-33,1.0603405e-11,0.07631681,0.021818817,0.07052333,2.8116902e-13,0.00039288396,0.0009953475,0.011657234,5.755342e-10,7.668277e-06,4.854459e-06,6.0338755e-31,0.025023205
8533,0.09390064,0.05994424,0.009928991,0.001512165,0.6206536,0.00011257946,0.1584589,2.012245e-19,0.2662358,0.046305083,7.2564143e-34,1.5461946e-11,0.07631681,0.05805249,0.6496062,6.342121e-16,0.00039706886,0.0020714358,0.011657234,1.8191358e-12,1.5014358e-06,3.305334e-15,2.4422514e-32,0.0065964023
8535,0.09390064,0.05994424,0.02895217,0.0033004044,0.7357273,0.10501985,0.1584589,1.0,0.2662358,0.046305083,7.213729e-31,3.3122498e-12,0.07631681,0.0032206667,0.0041446215,6.7079713e-13,0.00016375893,0.0015080939,0.011657234,1.404632e-11,0.00019421149,1.1531624e-06,6.0338755e-31,1.0
8549,0.09390064,0.10609732,0.01991746,1.5909265e-09,0.013139184,1.0,3.56255e-24,1.0,0.10870308,0.046305083,8.082319e-13,1.0579127e-14,0.07631681,0.0003098161,0.09401976,1.0,0.00029457547,2.6925917e-07,0.021866366,2.875942e-13,5.215837e-14,1.0,2.7678713e-21,0.039469372
8551,0.13582136,0.05994424,0.04024026,0.14902297,0.1538164,1.2714139e-11,0.0137843145,0.9071629,0.02279979,1.0,6.488454e-10,0.00019172266,0.13686801,0.00040338695,1.5003387e-08,0.000635003,0.0049671945,2.5266115e-13,0.27056518,0.90660787,8.4210384e-08,1.0,5.6272736e-11,3.5625155e-06
8553,0.9038427,0.05994424,0.7096708,0.0011462469,0.19598502,3.9957625e-12,0.2986434,1.0,0.8551474,0.39649582,4.261521e-24,3.0073357e-16,0.2081817,2.2639049e-26,2.8470495e-05,9.012767e-06,0.00079918903,1.0,0.012423,1.8231175e-11,0.99660873,1.0,3.6241686e-29,2.2554786e-11
8554,0.09390064,0.05994424,0.009123456,0.00806528,0.66333956,2.7347588e-10,0.018350748,0.002315246,0.34321278,0.046305083,3.006636e-39,9.125699e-10,0.16950274,0.019564698,0.11794674,1.5152282e-10,0.00025374308,0.99999774,0.011657234,0.014521167,0.33644012,1.8975413e-06,2.4422514e-32,1.0
8555,0.09390064,0.05994424,0.026650418,0.01352198,0.44864616,8.478749e-09,0.20706835,0.20424037,0.2662358,0.07617714,4.257169e-38,4.1503663e-05,0.24536146,0.007825157,0.00083679246,1.2950637e-08,0.005694165,1.0850787e-17,0.10020641,0.2596572,1.5755297e-05,1.6701648e-06,6.0338755e-31,0.00062419986
8561,0.09390064,0.05994424,0.17394783,0.01352198,0.44864616,0.071882464,0.1584589,1.0,0.5746312,0.046305083,1.687159e-27,3.183575e-05,0.07631681,0.03716945,0.010862656,0.0013869064,0.00016375893,2.1367947e-13,0.011657234,0.014771376,5.0776158e-05,2.3157294e-09,6.0338755e-31,0.0009414312
8562,0.13582136,0.10609732,0.0006796129,4.3317913e-10,0.0026518698,1.0,3.8343667e-25,3.006636e-39,0.05422198,0.046305083,1.0,2.251081e-12,0.07631681,1.6666313e-09,0.0010372299,1.0,0.00031703693,1.0,0.24701367,2.7688782e-11,3.6682562e-16,1.0,0.9740863,5.870238e-07
8564,0.09390064,0.10609732,0.0009879961,1.0137693e-08,0.01960705,1.0,3.137432e-25,1.9699287e-06,0.050610077,0.046305083,1.0,4.9755894e-11,0.13686801,1.524837e-07,0.63716197,0.9991478,0.0005159321,1.0,0.03261185,3.8780357e-09,1.4375816e-12,8.758519e-26,2.6849401e-17,2.1339616e-08
8567,0.17665558,0.05994424,0.0058805165,0.27596033,0.15951541,0.00094586506,0.02285768,1.0,0.2662358,0.046305083,4.2059523e-37,0.0051672948,0.07631681,0.007947531,0.0021279156,4.9173387e-08,0.00036945983,3.8809067e-09,0.0025632665,5.768454e-06,0.14743784,0.6221781,4.364887e-27,0.00076506956
8569,0.09390064,0.05994424,0.0039203838,0.042311367,0.25888643,0.0006244977,0.02285768,1.4389256e-20,0.2662358,0.046305083,1.5765391e-35,6.2951144e-10,0.07631681,8.014997e-05,0.039122652,1.5368143e-20,0.004491933,3.903805e-19,0.0064144097,6.066164e-08,4.735164e-06,1.0868233e-16,4.761755e-21,2.6764432e-05
8571,0.13582136,0.32243612,0.96641266,0.00014876285,0.4158271,4.975539e-06,2.0074158e-05,5.1792023e-27,0.916204,0.6046552,3.472675e-10,1.7660128e-10,0.22281624,1.0,4.870964e-07,4.9119857e-12,0.00020689992,1.0,0.011657234,1.9326947e-10,0.763626,1.1495774e-06,1.4855801e-15,0.0013233483
8577,1.0,1.0,1.9931907e-05,0.003790903,0.2144522,6.4948513e-06,0.046730883,5.9046582e-30,0.14585476,0.046305083,0.99931085,3.7358723e-12,0.1839583,1.0046563e-24,1.0631632e-08,0.9941533,0.00018266402,5.6477653e-27,1.0,9.61158e-10,1.0,1.0,2.2458944e-32,0.08888621
8580,0.09390064,0.05994424,7.326413e-07,0.1143127,0.40084127,2.2105764e-06,0.09830792,1.0,0.7555038,0.046305083,3.7853152e-26,7.7095145e-12,0.61140716,0.0009001331,0.0015560959,8.672109e-06,0.00016375893,4.7867982e-28,0.03622963,0.002051137,7.4716974e-07,0.9562928,2.2458944e-32,1.9856384e-06
8586,0.5925877,0.10609732,0.07979181,0.00013615533,0.00015101212,0.9977767,6.5657714e-23,1.0,0.12687339,0.046305083,1.0,5.8706134e-10,0.12127647,1.0,0.85715836,1.0,0.0005281284,1.0,0.079981185,1.1117716e-12,3.8922056e-12,1.0,1.0,5.5613924e-08
8590,0.09390064,0.05994424,0.01105486,0.6465352,0.41592538,1.2139017e-08,0.99999917,1.0,0.91646534,0.046305083,7.2788685e-12,2.6919309e-12,0.09646739,0.001573907,3.3565408e-05,3.7600905e-09,0.00081918394,1.0,0.06990072,1.5502433e-11,0.007036227,8.96151e-17,2.207545e-31,5.11694e-05
8591,0.13582136,0.05994424,0.012176019,0.17751278,0.18106374,0.09765114,0.1584589,1.0,0.0050841863,0.046305083,5.8391997e-06,0.0031847109,0.07631681,0.0003515688,0.00016590046,0.0053309253,0.00016375893,5.7419587e-08,0.011657234,0.027062848,1.8586226e-05,0.0035847723,6.5785204e-19,8.348682e-06
8592,0.7873998,0.3700091,0.035793997,2.6130795e-06,0.09768274,1.0,2.145635e-22,1.4404302e-09,0.5610688,0.74851555,0.999532,2.6550217e-07,0.36645103,2.7439204e-23,0.025219932,1.0,0.004099065,2.9485649e-21,0.2603059,2.2170545e-10,1.1022848e-08,1.0,0.6657925,9.6213025e-06
8595,0.09390064,0.10609732,0.008771229,2.2162743e-08,0.011417376,0.9995146,3.5368608e-25,2.5232955e-26,0.29509836,0.046305083,0.99997187,1.29699975e-11,0.09646739,5.2688097e-06,0.001053877,1.0,0.00066635956,1.836975e-22,0.15428965,1.6558073e-07,4.793203e-09,0.9975465,1.2564142e-19,3.694789e-05
8597,0.09390064,0.05994424,0.00014261165,0.017362464,0.44864616,0.03592954,0.019863704,1.0,0.2662358,0.046305083,2.2700925e-22,1.873066e-06,0.07631681,0.063319184,0.7977542,0.00027955213,0.00016375893,1.0,0.0019824235,0.57436645,3.027292e-06,6.663476e-14,6.0338755e-31,0.0009414312
8599,0.09390064,0.05994424,0.020042706,0.5299407,0.44864616,0.003220278,0.20706835,1.0,0.2662358,0.046305083,8.788945e-33,1.0348572e-08,0.07631681,0.05311474,0.0001936418,3.132669e-06,0.0036187754,4.7042287e-15,0.028777288,0.037137058,0.009052907,0.4519825,2.4422514e-32,0.0025105642
8601,0.09390064,0.05994424,0.8821643,0.79839885,0.31553203,0.00094586506,0.037766483,1.0,0.38000283,0.046305083,1.2225769e-25,2.0001009e-05,0.07631681,0.00015672078,9.781924e-06,4.5275557e-21,0.004488576,1.5214117e-13,0.021049669,3.0916524e-08,7.240555e-08,0.3457636,4.364887e-27,1.4893509e-06
8602,0.15691671,0.12895359,1.2706573e-05,3.5305012e-12,0.010656175,0.99999845,3.137432e-25,2.0814055e-38,0.057161536,0.046305083,1.0,1.2222089e-13,1.0,9.2859004e-10,0.20868638,1.0,0.00042968476,1.0,0.053770196,4.2285467e-11,1.6764048e-22,2.9224066e-06,2.9431918e-22,0.02274724
8609,0.09390064,0.05994424,0.04154428,0.81941855,0.3666133,0.10501985,0.9971244,0.3784997,0.2662358,0.046305083,4.9462915e-27,0.00018355883,0.07631681,0.015294579,0.014591557,0.0013869064,0.00019824582,0.022789152,0.1025287,0.0007234348,0.000252966,0.6875265,6.0338755e-31,0.0002944654
8611,0.13582136,0.05994424,0.10016585,0.10871644,0.061334565,1.0,0.016312161,1.0,0.016832868,0.046305083,0.99999046,1.0092186e-07,0.13686801,2.9255016e-06,1.9813611e-05,1.0,0.00017983206,8.885164e-16,0.011657234,6.6917556e-09,1.0122053e-06,0.013599315,3.9021664e-12,0.0033792448
8616,0.09390064,0.05994424,0.00019102379,0.47476986,0.3411092,0.11495488,0.053307835,1.0,0.9092075,0.046305083,1.9178395e-30,1.1039554e-05,1.0,1.0,0.03608133,8.225553e-13,0.00019582067,1.0,0.0025632665,2.5401123e-09,0.9936466,0.56488615,1.6246673e-28,8.662604e-08
8619,0.5929794,0.05994424,0.0004278402,0.004577002,0.5150724,1.0231449e-05,9.082107e-08,1.0,0.8498437,0.046305083,1.0,4.1155137e-09,0.5926268,1.3840412e-24,2.6888689e-05,0.2885333,0.0009764796,1.0,0.015654918,0.00016859309,9.796816e-05,1.0,2.4422514e-32,0.007112152
8622,0.09390064,0.05994424,0.012690155,0.017058296,0.40084127,1.0985403e-06,0.13134544,1.2712729e-34,0.2662358,0.046305083,3.2043576e-32,5.4567727e-06,0.07631681,0.00054585095,0.0040402487,5.175695e-06,0.00036144324,6.685552e-10,0.011657234,0.210446,5.9385166e-06,1.0,8.414572e-26,1.6981154e-06
8623,1.0,1.0,2.8671507e-06,9.885374e-10,0.193704,1.0,4.196134e-27,3.7695683e-17,0.054282483,0.046305083,1.0,4.6020928e-17,0.25359073,1.8967758e-23,0.0732401,1.0,0.00091786386,1.0,0.019819437,3.107785e-13,7.990991e-17,1.7858784e-11,1.2065708e-15,0.6573727
8631,1.0,0.10276631,0.0006976534,0.002834626,0.05472161,1.0,0.018379435,1.0,0.14585476,0.046305083,9.242591e-10,2.0445509e-10,0.45032075,2.0242271e-24,0.002715254,4.675378e-05,0.000342502,1.9001277e-13,0.07655751,2.98646e-09,0.00054558547,1.0,1.2709429e-27,0.014947984
8632,0.61497897,0.10276631,2.8288528e-07,0.0434929,0.5004057,0.9188221,7.710212e-05,9.166789e-31,0.14585476,0.046305083,0.0006978988,9.3925973e-07,0.31839174,0.00015994441,0.030519009,2.6264859e-06,0.00016375893,1.8292444e-26,0.011657234,0.015173124,0.00010956436,1.0,2.2606795e-24,0.011715833
8633,0.09390064,0.05994424,0.042411324,0.003317111,0.7315809,0.10501985,0.1584589,1.0136383e-07,0.2662358,0.046305083,8.2672123e-22,3.585392e-07,0.07631681,0.0063092387,0.6121781,1.8630233e-10,0.00016375893,1.0,0.0016357065,2.174937e-09,2.4350243e-06,7.693783e-06,6.0338755e-31,0.02377776
8636,0.13582136,0.12895359,0.020124821,1.24073755e-11,0.0052761384,1.00461575e-05,5.573701e-23,3.006636e-39,0.08937813,0.046305083,0.9999999,3.621271e-19,0.07631681,6.385615e-06,0.93016505,8.011184e-06,0.0006740366,2.0570272e-19,0.021866366,7.683169e-11,1.9682384e-08,1.0,0.00016629958,1.1850446e-08
8638,0.13582136,0.10609732,8.741992e-06,2.1310777e-08,0.007539027,1.0,3.56255e-24,1.0,0.056746874,0.046305083,0.08223276,1.34920255e-17,0.24536146,7.957267e-06,0.011145285,1.0,0.00034143837,4.7600448e-11,0.021866366,4.0322338e-13,5.363087e-13,1.0,0.0012241277,2.6978253e-06
8645,0.69082487,0.9754944,0.99999917,0.11266286,0.07375759,0.0110758785,0.022883628,1.0,1.0,0.046305083,3.018069e-13,1.8319119e-05,0.07631681,1.1435674e-05,0.00012743383,1.6628853e-08,0.00048594634,0.9999411,0.0025632665,6.902782e-08,3.2006392e-06,3.006636e-39,2.0281238e-08,0.99984026
8646,1.0,1.0,0.012176019,0.01352198,0.44864616,4.1193972e-11,0.1584589,0.019819386,0.2662358,0.046305083,1.9342411e-35,0.0021039026,0.07631681,0.006067846,9.4807074e-05,0.009747057,0.00016375893,4.1408705e-15,0.011657234,0.027062848,0.008921096,0.6875265,6.0338755e-31,0.03707724
8647,0.09390064,0.17391187,0.5689253,0.0002213119,0.44864616,0.9990922,0.9999653,2.0387648e-17,0.9089239,0.7014388,5.6320557e-36,0.0014543764,0.60249776,0.0003988595,9.899647e-05,0.00010910031,0.00018636235,2.110881e-21,0.3003979,0.003664032,1.6618744e-06,0.75402015,6.0338755e-31,7.5917505e-06
8648,0.4333966,0.05994424,0.007747636,0.028112313,0.05629533,2.2982123e-09,7.0600886e-06,1.0,0.2662358,0.046305083,0.005309278,1.1370536e-05,0.5926268,7.6314025e-24,7.201455e-05,0.00021486128,0.00019582067,1.0,0.008123963,3.0551892e-09,5.2268277e-08,1.0,4.4520273e-28,7.134012e-07
8652,0.09390064,0.05994424,0.0019498438,0.14108378,0.31678307,0.00094586506,0.022883628,1.0,0.157382,0.046305083,4.7181405e-37,0.0021039026,0.07631681,0.00135633,0.00013313051,4.3719908e-10,0.00019582067,4.0729576e-11,0.0025632665,1.4616276e-08,0.010534979,0.15113798,4.364887e-27,0.0015869463
8654,0.09390064,0.10609732,2.1068736e-05,0.002868713,0.0099810865,3.7459445e-06,7.76709e-24,1.044174e-34,0.054282483,0.046305083,0.0001834187,4.4776173e-17,0.07631681,2.7729378e-05,0.0020735776,0.9999995,0.00042944602,2.659005e-06,0.021866366,2.604578e-13,1.0,7.2132966e-10,4.317187e-16,2.0119274e-05
8656,0.27928856,0.32243612,0.08215491,4.653578e-05,0.13497634,5.3824544e-05,0.044893276,1.0,0.7867808,0.70679694,5.482295e-28,2.8125329e-09,1.0,2.453632e-08,3.210097e-06,3.790291e-05,0.0014897315,1.0,0.17236848,5.833316e-08,0.0004175788,1.0,2.6035016e-27,0.0010217519
8659,0.09390064,0.05994424,0.0014044932,0.0609116,0.09990425,2.6410483e-08,0.090859294,1.0,0.6924329,0.29050592,8.174708e-35,5.3691714e-05,0.07631681,0.0009693875,2.3181352e-05,1.7953278e-08,0.00028667966,3.006636e-39,0.0025632665,3.2810914e-07,0.0069177593,1.0469851e-28,1.6246673e-28,3.920029e-06
8662,0.09390064,0.05994424,0.5531758,0.087141156,0.44864616,0.10501985,0.1584589,0.3784997,0.2662358,0.046305083,1.3957117e-30,0.0021039026,0.07631681,0.08171408,0.0030705957,3.5420302e-11,0.00020639747,2.3009756e-09,0.011657234,0.027062848,0.9115944,0.6875265,6.0338755e-31,5.6439883e-05
8665,0.9151435,0.10276631,0.9131181,0.00207819,0.026977757,1.0,4.46444e-05,3.88129e-21,0.0042371973,0.046305083,1.0,1.0702597e-12,0.1839583,7.9901355e-25,2.7208884e-07,1.0,0.00020172301,8.640565e-29,0.03779956,4.1765438e-10,1.0,1.0,2.2458944e-32,0.5333053
8666,0.9760694,0.05994424,6.2345534e-06,0.0017369939,0.081251696,0.9948212,0.046730883,3.7952205e-33,0.038311064,0.046305083,1.0,6.8806685e-13,0.2081817,4.645499e-25,0.008879362,2.959329e-06,0.00030685656,1.632989e-33,0.1025287,3.3772302e-08,1.9621119e-10,0.99999464,1.1561737e-13,0.054411903
8667,0.09390064,0.10609732,0.41814977,0.0017235047,0.008330289,0.0054138945,2.4042433e-23,1.0,0.477468,0.29050592,5.3556317e-18,8.6686774e-10,0.37135705,1.3791841e-05,0.9997516,1.0,0.00024407149,1.0,0.03344825,3.0024575e-13,3.2675835e-09,0.999998,7.8550984e-19,0.03050118
8669,0.09390064,0.05994424,4.0582072e-05,0.0037441414,0.42553365,1.2668749e-15,0.004298641,7.3706496e-10,0.2662358,0.046305083,1.0,1.4967258e-05,0.38598981,3.2810007e-05,0.9109194,0.99983215,0.00018304498,1.0,0.0019824235,0.0003570683,1.6506941e-06,8.590294e-26,8.414572e-26,3.859686e-07
8676,0.09390064,0.05994424,0.14284223,0.013287947,0.44864616,0.46914527,0.1584589,0.441709,0.3538684,0.50017124,3.88173e-31,0.0021039026,0.14227797,0.03615189,0.0005704108,0.0013869064,0.00016375893,2.3009756e-09,0.011657234,0.07627166,0.029916542,0.6875265,6.0338755e-31,0.00079328596
8680,0.09390064,0.05994424,1.5382584e-07,0.12742324,0.063746504,1.0,0.1584589,9.067708e-15,0.14409234,0.046305083,1.0,0.0026042687,0.07631681,0.00011987557,3.3285755e-06,1.0,0.00018258409,3.911851e-36,0.011657234,0.004475015,1.8803646e-06,0.12436178,6.0338755e-31,5.142457e-07
8682,0.09390064,0.05994424,0.15812461,0.062439926,0.5512113,0.4614908,0.1584589,1.0,0.8316701,0.046305083,6.1150634e-33,0.0021039026,0.07631681,0.0022279688,0.17019835,4.2992497e-08,0.0002456452,4.4296443e-15,0.054583166,0.027062848,0.0150741,0.6875265,2.0707957e-28,5.1118013e-11
8684,0.09390064,0.10609732,0.035597134,1.3426124e-10,0.011417376,0.9773244,3.56255e-24,0.24454355,0.10870308,0.046305083,1.3283648e-08,3.1763515e-11,0.07631681,3.84237e-05,0.487269,3.663292e-16,0.00031706653,4.6907004e-05,0.035931535,6.730589e-10,1.5140663e-06,0.9937901,1.8263424e-20,1.593931e-05
8685,1.0,1.0,0.067431726,0.0065879924,0.44864616,0.018012727,0.0026124723,0.3784997,0.42129767,0.29050592,2.6485901e-34,0.0021039026,0.07631681,0.00080007594,0.0014424655,1.9858941e-08,0.00025249517,3.8263955e-29,0.054583166,0.07478936,0.99998426,0.6875265,2.0707957e-28,1.13607714e-10
8687,0.09390064,0.05994424,0.0100490805,0.002575198,0.7319197,0.0032078307,7.710212e-05,1.0,0.2662358,0.046305083,5.597779e-23,5.3691714e-05,0.07631681,0.004172241,0.0014289152,1.4568216e-11,0.000348829,1.1312087e-16,0.011657234,0.06958755,6.1201325e-05,0.6875265,6.0338755e-31,0.0009636406
8691,1.0,1.0,0.009830812,0.00402938,0.00020576495,1.0,0.8393837,1.2826401e-11,0.0069186734,0.046305083,1.0,5.3300557e-17,0.6630661,1.2549357e-24,0.011917458,0.062145934,0.006334031,1.0,0.08628662,2.698542e-12,7.661317e-12,1.0,8.210917e-12,0.0006599143
8700,0.17665558,0.05994424,0.02032751,0.0004703985,0.15951541,0.000406944,0.027521316,1.0,0.87095404,0.046305083,3.006636e-39,4.6848687e-08,0.07631681,4.1375225e-07,0.0061549316,2.9310543e-17,0.0007885525,1.8381552e-08,0.0064144097,3.8068075e-07,1.5366924e-06,0.9943362,1.6353626e-20,1.3666424e-05
8702,0.09390064,0.10276631,0.010779496,0.01352198,0.07181962,1.0,0.1584589,0.036958303,0.46528086,0.046305083,0.9928006,0.000376709,0.24673085,0.0024539498,0.006130043,1.0,0.0002096101,2.2796245e-19,0.011657234,0.031455275,0.035061862,0.9999958,6.0338755e-31,0.00022576803
8703,0.09390064,0.05994424,0.00744029,0.025266374,0.40084127,9.606468e-10,0.42576036,1.0,0.2662358,0.046305083,3.8839644e-32,0.00081993407,0.07631681,0.009032559,0.0010190362,0.0013869064,0.00016375893,5.753923e-11,0.011657234,0.031144826,0.00958475,0.68009627,6.0338755e-31,0.45862845
8705,0.09390064,0.05994424,1.8490215e-07,0.7878582,0.12289385,9.860826e-16,0.06547103,1.7229576e-08,0.14585476,0.046305083,1.9559451e-19,0.00078768615,0.07631681,0.0066165524,1.0394511e-05,4.6238778e-17,0.00037814406,3.006636e-39,0.0025632665,1.6636137e-07,0.0026576521,3.006636e-39,4.364887e-27,0.00010795667
8706,0.9992731,0.05994424,0.002610356,0.0039078547,0.13088512,0.99868125,0.018350748,0.3784997,0.033936914,0.046305083,3.4060616e-20,7.8598094e-07,0.07631681,0.0763842,0.0036388228,1.0,0.00029429674,7.999108e-05,0.0016283505,0.22492594,0.2713169,0.99996245,2.4422514e-32,0.00482449
8707,0.13582136,0.05994424,0.025264421,8.774932e-09,0.34173408,0.9997701,1.5934515e-06,9.3602143e-17,0.19774675,0.046305083,7.8301215e-18,2.1048638e-16,0.07631681,3.061485e-08,0.0005175245,2.1041386e-11,0.00019912275,1.0,0.0019824235,3.203909e-11,7.226964e-12,1.0,1.9550709e-13,0.12529221
8708,0.09390064,0.05994424,0.16698782,0.031191433,0.6653214,0.47937214,1.0,0.09678355,0.45347273,0.046305083,3.3991471e-18,0.0080826925,0.07631681,0.0002062875,0.0010283235,2.1926988e-08,0.08168865,2.3009756e-09,0.054583166,0.0006252889,0.0150741,0.24799511,2.0707957e-28,9.312568e-12
8711,0.13582136,0.10609732,2.858897e-07,9.958152e-11,0.002227194,1.9914628e-15,3.56255e-24,2.0085815e-07,0.11378953,0.046305083,0.9999994,8.1630636e-10,0.37135705,1.8460591e-06,0.79086405,1.0,0.00020411126,1.0,0.035931535,1.601255e-10,4.9302617e-19,1.0,0.99998856,0.00019809787
8712,0.09390064,0.10609732,0.031829674,2.487249e-10,0.0014548688,1.0,3.56255e-24,1.0,0.053557195,0.046305083,1.0,2.7883965e-08,0.07631681,7.4513496e-06,0.015999092,1.0,0.00020411126,2.439282e-13,0.035931535,2.2170545e-10,5.336771e-09,0.9999999,3.7916712e-20,0.00064585265
8714,0.09390064,0.05994424,0.10312253,0.032033306,0.451603,1.0973597e-07,0.046730883,0.99999917,0.8498437,0.046305083,3.006636e-39,1.8523211e-08,0.07631681,0.005847105,1.275259e-06,5.145473e-14,0.0004359467,1.589603e-05,0.2954565,0.0002150029,1.0775413e-12,1.0,2.2458944e-32,3.5597742e-07
8716,0.4333966,0.23155656,0.003996537,0.15140846,0.030084727,3.5309242e-09,0.027521316,1.0,0.2662358,0.046305083,3.006636e-39,0.0019035682,0.1839583,2.1542701e-23,2.4729674e-05,4.512128e-08,0.003794232,1.4794177e-20,0.0064144097,6.252293e-07,0.0052488283,1.0,4.364887e-27,0.0063699326
8717,0.09390064,0.10609732,0.0007938728,0.0035225898,0.0022097803,0.19815232,9.1691e-23,1.0,0.10870308,0.046305083,6.783977e-20,8.2558693e-10,0.07631681,3.8854344e-07,0.0018407527,2.408741e-12,0.004491933,1.0,0.07807519,1.7634394e-12,1.7992121e-15,1.954968e-19,7.341093e-16,3.0145102e-07
8725,0.33813998,0.05994424,0.018189292,0.01352198,0.44864616,0.39868677,7.710212e-05,0.3784997,0.2662358,0.046305083,1.3809115e-20,0.0021039026,0.07631681,0.04392902,0.006130043,8.3939617e-14,0.00016375893,6.739136e-16,0.011657234,0.7025317,0.060756177,6.6175124e-07,1.9267124e-30,0.015735462
8734,0.1233277,0.05994424,0.021682508,0.0010581154,0.21803539,0.10501985,0.1584589,1.0,0.2662358,0.046305083,1.1409833e-28,1.0,0.07631681,3.5151146e-08,0.19675584,4.788002e-10,0.004491933,2.4159175e-05,0.028777288,5.930498e-10,8.823295e-06,5.5758388e-05,1.0,0.8969058
8735,0.09390064,0.35933328,0.00036615873,4.6530407e-05,0.0026864838,2.6581207e-22,1.7719799e-23,1.0,0.14940676,0.046305083,1.0971897e-12,3.3754657e-12,0.07631681,3.256925e-05,0.99403137,1.0,0.00026209932,1.0,0.17599359,1.0733956e-12,9.485027e-14,1.0,1.365938e-06,0.008291528
8736,0.81723326,0.20585684,0.30238056,4.818643e-05,0.04775259,1.9865626e-10,6.6246385e-24,1.319679e-17,0.9221121,0.7540616,1.0,1.273493e-16,0.470089,2.1484598e-23,0.74258286,1.0,0.00042504317,1.0,0.021866366,9.506208e-12,9.9203726e-14,0.0013004416,0.00011615635,0.00042498022
8737,0.29453388,0.05994424,7.1197406e-05,6.5720187e-06,0.35018557,0.00088598893,0.019863704,1.1551047e-09,0.0069186734,0.046305083,1.0,1.7428342e-09,0.07631681,7.183286e-05,0.012039716,1.1966908e-18,0.00042573333,1.0,0.0019824235,0.0005058238,1.0,8.018621e-18,3.106166e-10,0.010690878
8738,0.41575256,0.3617455,0.038013525,0.009594905,0.44864616,0.10501985,0.1584589,0.67264736,0.9894086,0.7128567,9.776649e-34,0.00013061053,0.1749142,0.0037963071,0.00018806315,0.0013869064,0.00016375893,5.0532617e-10,0.011657234,0.049770698,0.000675705,0.28068012,6.0338755e-31,1.42927265e-05
8742,0.09390064,0.05994424,0.010552451,0.0023348716,0.574614,0.10501985,0.1584589,1.0,0.1337816,0.046305083,1.0707162e-32,5.414076e-09,0.07631681,0.0012152385,4.6733454e-05,7.5447155e-11,0.0028662619,0.047297973,0.028777288,1.8344429e-06,0.00019421149,7.693783e-06,6.0338755e-31,0.02377776
8752,0.41575256,0.05994424,0.019055195,0.009980922,0.08523716,0.98711115,0.018350748,5.0393163e-17,0.0042371973,0.07390926,0.99999714,1.1508763e-08,0.07631681,1.0,0.00036801226,1.0,0.00022909351,1.0336421e-15,0.011657234,0.0084021725,2.3278415e-06,0.9999572,9.1502177e-26,0.0003810377
8754,1.0,0.073677406,0.006308946,0.16054258,0.09698231,0.9697964,0.014591461,1.0,0.0055692014,0.046305083,2.6366372e-17,1.0,0.07631681,1.5682605e-10,0.0006716902,8.231331e-16,0.00046909344,1.0,0.012423,3.060982e-12,6.2531814e-07,1.147307e-06,1.0,5.3053773e-05
8755,0.09390064,0.05994424,1.0566177e-07,0.99997675,0.44864616,5.3031992e-11,0.0002818373,0.037182506,0.14585476,0.046305083,0.99848026,4.07897e-07,0.07631681,0.24283874,0.78931785,5.145769e-17,0.0010413334,1.0,0.0019824235,5.7655498e-06,0.0003369329,2.4651563e-09,2.4422514e-32,1.2959875e-06
8766,0.13582136,0.05994424,0.0030063374,0.031991955,0.068369575,0.99999917,0.9999821,6.780329e-35,0.0042371973,0.046305083,2.6193391e-05,0.00033729555,0.07631681,0.0009046247,0.0004598336,1.0,0.00019582067,5.267128e-27,0.0025632665,8.3682405e-10,3.246887e-06,1.4019079e-10,5.905375e-09,0.3283424
8778,0.09390064,0.05994424,7.824921e-08,6.9284376e-08,0.55134195,0.10501985,0.1584589,1.0,0.2184399,0.046305083,1.264982e-05,5.8968003e-06,0.24536146,0.0014034054,0.00081100303,0.0394362,0.00018132574,8.04024e-27,0.011657234,4.962404e-07,5.180848e-07,1.0,6.0338755e-31,0.0016308958
8780,0.09390064,0.05994424,0.0024393664,0.002491496,0.07004787,0.9999994,0.018350748,1.0,0.0038885323,0.046305083,2.8606834e-21,3.1625356e-09,0.07631681,0.0035077264,3.9284514e-05,1.0,0.00020689992,2.9846303e-06,0.011657234,0.00018119578,4.9480368e-05,1.0,2.4422514e-32,0.00079328596
8782,0.09390064,0.10609732,0.03634695,2.3650804e-10,0.011417376,0.99988604,3.56255e-24,6.4091378e-27,0.17739052,0.046305083,2.2870899e-26,5.746178e-08,0.07631681,5.1670254e-06,0.2615896,1.0,0.00025033898,1.0969618e-05,0.035931535,2.2170545e-10,1.0,1.0,1.1720193e-18,0.0016629392
8783,0.11815516,0.10609732,3.3565445e-06,1.2924967e-09,0.0132608665,5.251358e-06,3.5368608e-25,1.0,0.054282483,0.046305083,7.881217e-05,1.1172793e-16,0.07631681,2.4638797e-07,0.819786,0.008283078,0.00052670593,3.006636e-39,0.021866366,2.5772726e-11,4.7512325e-13,0.99993134,4.9215756e-21,0.00024209177
8785,0.09390064,0.10609732,3.0371466e-05,1.3240649e-11,0.024883918,1.6072293e-27,3.3072865e-24,1.0,0.17674291,0.046305083,1.0,1.4539595e-15,0.13686801,5.1851803e-09,0.41438627,1.0,0.00020411126,1.0,0.029907197,8.211887e-12,6.0672123e-21,1.0,2.5065464e-10,0.0146480715
8787,0.09390064,0.05994424,0.12863787,0.048293144,0.15951541,0.43441242,0.025759669,1.0,0.48461762,0.046305083,1.2377501e-37,0.0021039026,0.07631681,1.5937729e-05,0.0021279156,2.0311362e-11,0.00026754072,6.662079e-10,0.012423,1.020987e-06,0.5306672,0.12552182,4.364887e-27,3.0406757e-11
8789,0.09390064,0.10609732,0.0097987205,0.0007619478,0.004019973,8.110822e-14,1.02597817e-22,1.0,0.14479572,0.046305083,3.9325323e-34,2.4457574e-13,0.07631681,6.205958e-08,0.011214874,2.1864238e-10,0.00024407149,0.94754034,0.021866366,8.7774417e-13,8.068476e-12,1.728949e-27,3.3266077e-09,1.0
8792,0.19932058,0.05994424,0.012176019,0.01916431,0.44864616,0.03710878,0.1584589,0.3784997,0.2662358,0.046305083,1.7502257e-32,0.024719408,0.07631681,0.006067846,0.006130043,0.0013869064,0.00016375893,2.3009756e-09,0.011657234,0.7541275,0.008921096,0.6875265,2.5549659e-28,0.010225054
8795,0.09390064,0.14426152,0.0050130663,0.9485516,0.12289385,8.07274e-08,0.12010231,1.0,0.48325115,0.1314709,3.006636e-39,0.0011636529,0.07631681,0.025263576,5.920476e-05,3.364375e-10,0.00027857066,1.5438035e-24,0.2959797,4.9343154e-08,0.022747323,6.8264734e-35,4.454576e-28,0.9999629
8800,0.13582136,0.10609732,0.008246839,4.354018e-09,0.0077024414,1.0,3.56255e-24,1.0,0.057161536,0.046305083,4.4633758e-05,4.2254168e-08,0.07631681,7.0655447e-06,0.046052225,0.040484983,0.00020411126,5.5309343e-13,0.035931535,2.6088466e-11,1.35443575e-11,0.99999976,3.944611e-12,7.862831e-06
8801,0.11908859,0.05994424,7.731889e-05,0.60513693,0.03813489,1.9537691e-10,0.055393178,1.0,0.8034057,0.046305083,3.006636e-39,1.0,0.07631681,3.0143838e-07,0.015176102,3.605306e-21,0.0003609985,1.0,0.0019824235,5.595041e-07,1.7285785e-07,8.753541e-19,1.0,1.0
8808,0.41575256,0.05994424,0.23622034,0.019202873,0.6289888,0.10501985,0.1584589,1.1371683e-20,0.92998993,0.046305083,3.4655764e-28,5.883813e-12,0.07631681,0.0012506377,0.5140402,1.587429e-16,0.00020101068,3.3486502e-22,0.011657234,0.00042804293,0.0025108387,5.0647602e-15,2.2606795e-24,2.3266653e-06
8813,0.33936843,0.10609732,0.006562598,7.487838e-09,0.01706203,1.1598431e-08,5.829779e-27,0.9998704,0.051689018,0.046305083,1.3437324e-17,3.0754444e-11,0.16950274,4.465425e-07,0.018905492,0.48781982,0.0003618775,2.0402146e-22,0.26524475,1.7660565e-10,5.758218e-07,1.0,7.733408e-18,1.6515824e-07
8815,0.13582136,0.10609732,0.00094111916,4.823595e-05,0.0038727408,5.5012028e-24,1.5219003e-23,1.0,0.05375699,0.046305083,1.0,1.03852625e-17,0.07631681,1.1553414e-07,0.026660698,1.0,0.000399715,1.0,0.021866366,2.3728618e-13,2.1326747e-09,1.0,1.0,2.771644e-07
8820,1.0,1.0,0.06760066,0.08607993,0.053189144,0.99593806,0.9994398,3.006636e-39,0.85999465,0.046305083,1.3851846e-09,1.0,0.24536146,2.6020176e-08,0.001072736,1.4243288e-07,0.0003330558,3.006636e-39,0.8403969,0.00042823332,1.7076102e-08,0.9799985,1.0,1.0564888e-05
8822,0.93085545,0.10276631,1.01273e-07,0.017615508,0.05583131,3.3836724e-05,3.325387e-06,3.006636e-39,0.013778779,0.046305083,1.0,0.0004980222,0.2081817,8.331435e-25,1.7884717e-05,1.0,0.00018297919,1.0,0.011657234,0.4719257,1.44657895e-08,1.0,2.2606795e-24,0.0003616121
8827,0.09390064,0.10609732,0.8751153,1.1934657e-10,0.016242925,2.557054e-08,3.56255e-24,1.0,0.4270331,0.046305083,1.6952436e-26,3.8328017e-14,0.47610304,5.4383612e-11,0.0109814,0.8099073,0.0004419146,9.340818e-23,0.45044488,1.1332496e-12,5.5020285e-14,1.0,2.255786e-17,0.00026605974
8836,0.09390064,0.9754944,0.99849474,0.040723685,0.3148628,0.00094586506,0.02285768,1.0,1.0,0.046305083,3.006636e-39,1.2033414e-08,0.07631681,0.0072879554,2.574367e-05,8.042587e-08,0.00036144324,1.0829646e-34,0.0025632665,1.1247462e-08,8.360603e-09,7.37388e-11,4.364887e-27,1.7036566e-06
8837,1.0,1.0,5.279483e-06,8.4174334e-10,0.009406016,0.99998736,8.29023e-23,3.6069804e-38,0.073933564,0.046305083,3.380985e-05,2.7883965e-08,0.07631681,0.0011554863,0.009611685,1.0,0.0004824861,7.3853946e-22,0.035931535,7.9918416e-10,3.045088e-14,1.0,3.108903e-22,1.6359971e-06
8838,0.62464064,0.10609732,0.14553292,0.001024486,0.0012570944,1.0,2.4042433e-23,0.93413717,0.18811482,0.046305083,0.028920468,1.4539797e-10,0.07631681,9.530928e-06,0.15155458,1.5168087e-08,0.00027044897,0.8414421,0.035931535,1.1018999e-12,1.1821414e-08,0.95561826,8.144327e-09,4.131458e-07
8841,1.0,1.0,0.81788385,0.059230283,0.44864616,1.5138322e-07,0.1584589,2.7960476e-13,0.48461762,0.5818879,8.815404e-33,1.7885151e-07,1.0,1.1743638e-05,0.00020410505,1.07735225e-08,0.0005859807,5.230372e-14,0.16128159,0.00083286513,8.635213e-05,0.81892043,8.381589e-30,2.5295916e-09
8843,0.34981948,0.17572631,0.5630349,3.6067274e-11,0.02248143,0.027088411,3.137432e-25,0.066730134,0.10870308,0.046305083,5.9853894e-16,5.1794964e-09,0.13686801,3.527286e-06,0.09087252,1.0,0.00052909605,1.9005438e-10,0.035931535,2.2170545e-10,5.1059796e-09,0.9999993,8.719405e-21,9.6251446e-05
8851,0.09390064,0.96986556,0.98771286,1.049535e-06,0.009406016,3.098882e-05,8.420424e-24,0.038144924,0.34100875,0.81997937,3.8367048e-06,1.4723349e-09,0.1749142,0.0015245171,0.012307154,1.0,0.00028682346,1.0,1.0,1.9664728e-10,8.515534e-14,4.632498e-15,2.6510323e-22,2.7140155e-07
8853,0.17665558,0.05994424,0.004359258,4.305131e-05,0.40084127,0.6743991,0.007961788,0.99988556,0.2662358,0.046305083,5.2707616e-10,2.800948e-09,0.09646739,0.0022372846,2.6730293e-06,1.0618994e-06,0.0008744389,7.028198e-26,0.011657234,2.888005e-07,3.5868236e-08,2.6001602e-05,2.2458944e-32,5.7105326e-06
8856,0.6375568,0.05994424,0.012931655,0.016335307,0.10594076,1.624771e-07,0.02285768,1.0,0.2662358,0.046305083,0.32029808,5.642451e-14,0.25359073,5.529883e-23,1.0896861e-05,2.0361933e-12,0.00019582067,1.0,0.0025632665,3.203779e-12,0.00030352388,1.0,4.364887e-27,1.0
8859,0.13582136,0.05994424,1.3784572e-07,0.022003725,0.04207386,0.9655349,0.019863704,1.0,0.0042371973,0.046305083,1.0,2.8745621e-08,0.07631681,1.5440419e-05,0.00012235728,1.0,0.0002663674,1.0,0.0019824235,1.8163288e-05,3.6079146e-09,6.5142336e-07,2.2864113e-13,0.08744423
8865,0.09390064,0.05994424,0.012176019,0.009371048,0.4221894,0.10501985,0.1584589,0.3784997,0.2662358,0.046305083,9.141677e-32,0.0027780898,0.07631681,0.0054249465,0.006130043,7.3297116e-07,0.0001898146,2.3009756e-09,0.011657234,0.031144826,0.004143602,0.6875265,6.0338755e-31,0.31245407
8867,0.09390064,0.05994424,0.0058805165,0.010644996,0.033932842,1.0,0.02285768,1.0,0.0042371973,0.046305083,1.0,0.003451348,0.4470434,0.035276398,0.1181731,1.0,0.00021682607,1.0845003e-23,0.008123963,1.1032649e-06,0.18381515,0.9999999,3.4847206e-27,0.9458681
8868,1.0,0.10609732,0.007975758,1.1900289e-10,0.002573349,0.99861586,7.6203837e-22,1.0,0.057161536,0.046305083,0.99997807,3.8146797e-13,0.09646739,5.1093823e-05,0.054450285,1.0,0.00025122272,4.825153e-20,0.035931535,2.6095745e-10,3.1178504e-12,1.0,2.816104e-08,1.3229255e-06
8875,0.09390064,0.05994424,0.012000518,0.3280635,0.44864616,0.05084429,0.99903595,0.3784997,0.56454206,0.046305083,3.006636e-39,0.0080826925,0.07631681,0.11527103,0.006130043,1.5201653e-08,0.00028549478,3.349935e-18,0.011657234,0.027062848,0.0152950175,3.4507984e-06,6.0338755e-31,0.0016159321
8877,0.13582136,0.10609732,1.3856629e-07,1.1196956e-05,0.0012882579,1.25912916e-20,1.5667402e-23,1.0,0.05375699,0.046305083,1.0,4.6986703e-11,0.07631681,1.5605211e-06,0.013447827,1.0,0.00041845068,1.0,0.035931535,2.6227338e-13,0.013118271,1.0,1.0,3.9306684e-07
8884,0.09390064,0.05994424,0.26083097,0.05301083,0.44864616,8.478749e-09,0.1584589,1.0,0.88838714,0.046305083,1.249289e-33,3.2308556e-06,0.07631681,0.10249524,0.017790852,3.67052e-18,0.0002456382,4.0663226e-14,0.011657234,0.0039866357,0.030041339,5.4285623e-13,6.0338755e-31,1.8412818e-08
8890,0.09390064,0.10609732,0.87450904,7.2400924e-10,0.011417376,0.9997582,3.56255e-24,3.006636e-39,0.99564904,0.046305083,1.625794e-15,3.044316e-10,0.07631681,4.410647e-09,0.25589976,1.0,0.00027926124,9.641313e-09,0.21762441,2.0393086e-10,1.0,1.0,9.49916e-19,1.5524196e-09
8891,0.13582136,0.10609732,0.0055544004,0.02697645,0.0010337653,0.9999995,1.2218887e-22,1.0,0.05375699,0.046305083,8.0872605e-15,1.6102302e-08,0.07631681,9.988018e-06,0.09833902,1.0,0.00037394924,1.2675704e-06,0.035931535,3.849442e-13,5.710218e-13,0.9754269,0.9927186,9.180882e-07
8894,0.09390064,0.05994424,0.64021826,0.01352198,0.1438104,0.47937214,0.1584589,1.1956593e-07,0.9970933,0.046305083,4.5726098e-38,1.0,0.07631681,8.9899864e-08,0.00010022194,5.7366555e-07,0.00022373887,1.2370926e-13,0.054583166,0.0042344057,1.5571655e-05,0.6875265,1.0,7.973886e-11
8896,0.09390064,0.05994424,0.04563393,0.069622256,0.15951541,0.0006579612,0.017781299,1.0,0.42111132,0.046305083,4.2059523e-37,9.572803e-08,0.07631681,0.015550143,0.0017204848,1.690822e-12,0.00020689992,0.016443826,0.0025632665,2.9719374e-08,0.0063492865,1.0090775e-12,1.7667042e-28,0.00076506956
8897,0.09390064,0.10609732,0.06805913,6.899642e-10,0.0017920927,1.0,3.56255e-24,1.0,0.05422198,0.046305083,0.99941504,9.009878e-09,0.07631681,3.374102e-05,0.023086306,1.0,0.00020411126,7.505945e-19,0.053770196,2.2170545e-10,5.979876e-13,1.0,1.5293768e-18,0.4017935
8898,0.2205447,0.10609732,0.2844745,0.0035026479,0.0029805636,0.9998462,2.4042433e-23,1.32691e-21,0.18782194,0.046305083,1.2586756e-06,4.1404032e-08,0.07631681,5.8765736e-06,0.011333313,1.8666693e-05,0.00027025127,0.003386872,0.035931535,5.5265714e-12,1.0,0.00010771553,4.9052633e-06,5.92437e-07
8899,0.7620192,0.05994424,1.798324e-07,0.12879735,0.82448304,0.9999722,0.0020563675,1.3643764e-34,0.0069186734,0.046305083,0.9999974,4.0720133e-07,0.1839583,7.607074e-24,6.95353e-05,0.9999746,0.00016375893,3.006636e-39,0.011657234,0.004475015,9.5640385e-09,1.0,3.106166e-10,0.16712609
8901,0.43052813,0.05994424,1.0,0.0034459583,0.44864616,0.4614908,0.22637956,0.02868212,0.9297508,0.07390926,1.214099e-26,0.00018355883,0.14227797,1.4920357e-05,0.0045816386,5.7366555e-07,0.00027435969,3.168351e-08,1.0,0.0017750249,0.0150741,0.6875265,2.0707957e-28,3.1714385e-13
8905,0.09390064,0.05994424,0.20840198,0.22726412,0.48773846,0.0005833803,0.04001583,0.99999964,0.9889281,0.046305083,3.006636e-39,0.0002614295,0.07631681,0.00076954736,0.42230383,1.2174e-09,0.00022284834,1.0,0.0025632665,7.556205e-08,0.00016995128,0.93122095,4.4520273e-28,0.0035089345
8906,0.7825854,0.16699606,0.0029653078,2.5304987e-09,0.028669244,1.1333455e-18,6.0079323e-20,6.4305725e-14,0.32909155,0.30965918,0.06440741,5.033245e-17,0.07631681,5.957724e-07,0.04059699,1.0,0.0013657276,0.16227023,0.07887131,3.429032e-09,7.073006e-11,1.0,7.275047e-17,0.99905473
8907,0.2906514,0.10609732,0.0057818634,9.647681e-06,0.0011545429,1.0,2.8929328e-23,1.0,0.050610077,0.046305083,1.0,5.7765173e-12,0.16795658,2.0790447e-08,0.00038747577,0.6579393,0.00039698635,1.0,0.035931535,4.9646e-12,7.640012e-12,1.0,0.907863,1.1015911e-06
8914,0.09390064,0.10609732,2.6195386e-05,1.0169571e-08,0.014137047,5.731613e-14,3.5393325e-24,1.0,0.45439333,0.046305083,0.88982695,8.018034e-12,0.2309254,3.386904e-07,0.14611566,1.0,0.0013286675,1.0,0.053770196,2.5593265e-09,9.7313446e-08,1.0,4.198964e-14,0.0013606928
8915,0.13582136,0.05994424,0.021202378,0.011027972,0.34869018,0.043020368,0.1584589,1.0,0.27946052,0.046305083,6.1791897e-28,2.839537e-07,0.07631681,9.031867e-09,6.25999e-05,0.024080196,0.00016375893,3.9452648e-16,0.011657234,0.3634073,7.470743e-14,0.8562262,1.0470191e-09,0.31427947
8920,0.09390064,0.10609732,0.032225337,9.05758e-11,0.011417376,0.01657809,3.56255e-24,3.006636e-39,0.10870308,0.046305083,0.0077051385,7.181286e-13,0.07631681,0.00019004493,0.067059785,1.0,0.0005169836,2.4683782e-21,0.035931535,1.8912072e-10,5.9135294e-11,0.9999988,7.1223555e-21,2.4725543e-06
8921,0.16888583,0.10609732,0.0012172544,0.00013204777,0.0011724796,4.3438925e-19,2.0684245e-23,1.0,0.08597675,0.046305083,1.0,1.1821973e-09,0.07631681,5.831203e-08,0.92846704,1.0,0.0009175014,1.0,0.053770196,1.1620595e-12,7.2297894e-16,1.0,0.99881727,0.8322159
8924,0.09390064,0.05994424,0.5214658,0.008112621,0.44864616,0.10501985,0.1584589,1.0,0.9885677,0.046305083,5.9071704e-26,9.613227e-07,0.07631681,1.0,0.00022166966,3.4929174e-06,0.00042579303,1.2910436e-12,0.011657234,0.0021157495,0.2691283,0.28068012,6.0338755e-31,0.00076958846
8927,0.17320125,0.10276631,0.012176019,0.01352198,0.44864616,0.39868677,0.1584589,0.99856406,0.33826318,0.13643548,2.8139455e-38,0.00068078534,0.07631681,0.0054805996,0.003676297,0.0013869064,0.00016375893,1.59802e-11,0.04244934,0.027062848,0.000675705,1.0,6.0338755e-31,0.0025105642
8929,0.09390064,0.10609732,0.0015644119,1.1233257e-10,0.0104946755,9.678951e-05,3.137432e-25,1.0,0.15656501,0.091239415,3.4549022e-18,2.9234183e-08,1.0,4.4065118e-08,0.05452553,0.38307887,0.00020411126,1.0,0.14075708,2.2170545e-10,8.6952705e-18,1.3416488e-08,7.207969e-19,2.3418057e-05
8930,1.0,1.0,0.009446667,0.0025259038,0.30563197,2.1212009e-06,0.09830792,1.0,0.0046493006,0.046305083,3.1473363e-12,9.4827774e-05,0.07631681,0.0005107263,0.07386882,0.024080196,0.00016375893,3.768441e-20,0.011657234,0.003592462,2.502479e-08,0.7295708,9.691954e-14,0.20619304
8932,0.288953,0.10609732,0.0150743555,2.1346594e-10,0.0044486206,1.0,3.56255e-24,3.006636e-39,0.050610077,0.046305083,1.0,3.587477e-14,0.07631681,0.32743034,0.0007746658,0.9999896,0.00020411126,9.441563e-10,0.030676428,2.769953e-13,1.5776191e-16,0.99999964,5.8166548e-05,3.4833327e-05
8938,0.09390064,0.05994424,0.002845796,0.99999976,0.44864616,6.688517e-08,0.019863704,0.14729735,0.8961123,0.046305083,2.3271318e-27,0.0012520774,0.07631681,0.0019315318,0.11947844,3.0607359e-09,0.00016375893,1.0,0.0019824235,0.027062848,0.00012313516,0.00013875091,6.0338755e-31,0.55478567
8941,0.09390064,0.05994424,0.15760086,3.1415047e-07,0.76294875,0.00011257946,0.0031138612,1.0,0.6428567,0.046305083,0.99993837,2.3106725e-17,0.09646739,0.0006625316,0.0016091618,2.7063336e-21,0.00035992687,2.420162e-12,0.011657234,1.0633207e-09,0.0009652977,3.3362307e-15,9.1502177e-26,0.615672
8942,0.107352525,0.10609732,0.00038647215,1.2091092e-05,0.0002489798,0.99999845,4.7872424e-18,1.0,0.062153894,0.046305083,1.0,2.1258927e-16,0.07631681,4.4697385e-11,0.0026197308,1.0,0.00066730846,1.0,0.14298524,5.5483717e-12,6.1574412e-15,1.0,3.6265664e-11,0.14807336
8945,0.41575256,0.10609732,1.1309315e-05,2.3618085e-09,0.010264092,0.9814674,1.9606505e-20,1.1491255e-35,0.054282483,0.046305083,0.108183175,1.2168621e-08,0.24673085,1.5543896e-05,0.0062931515,1.0,0.00036686333,2.2466694e-10,0.053770196,2.4374439e-10,4.912166e-11,1.0,3.070835e-20,2.691216e-06
8946,0.09390064,0.10609732,0.085416295,0.0041200067,0.0026864838,8.917709e-09,1.8584717e-23,1.0,0.10870308,0.046305083,5.507354e-13,2.9910302e-10,0.07631681,1.7738652e-05,0.012865165,0.0009623227,0.0006168511,0.9999838,0.26524475,9.809721e-13,9.1159047e-10,0.00025655743,4.7951245e-16,3.3779182e-09
8954,1.0,1.0,0.20996073,4.2272075e-07,0.011417376,1.0,3.137432e-25,1.0,0.56964505,0.046305083,8.008105e-18,1.5290271e-14,0.13686801,1.377577e-06,0.73852724,1.0,0.0004024885,7.622466e-10,0.035931535,2.0703408e-10,1.3324675e-05,1.0,1.0563453e-19,0.0008401965
8957,0.45235574,0.05994424,1.0,0.0007318855,0.11588304,1.0,0.1584589,1.0,0.020385286,0.046305083,1.3459808e-15,0.0005614785,0.07631681,0.0020388442,0.0015143406,1.0,0.00016375893,1.2401116e-32,0.011657234,0.027062848,4.6304957e-10,0.99999976,6.0338755e-31,1.0
8958,0.09390064,0.05994424,0.42718557,0.00097114436,0.4221894,0.47937214,0.1584589,0.3784997,0.48461762,0.046305083,2.6902614e-32,0.007106609,0.07631681,1.4920357e-05,0.006130043,3.0276154e-10,0.00028643405,2.3009756e-09,0.054583166,0.027062848,1.8482015e-05,0.6875265,6.0338755e-31,8.0416854e-11
8964,0.09390064,0.05994424,0.70071614,0.0033004044,0.66160434,0.10501985,0.1584589,0.9998865,0.9983999,0.39649582,3.006636e-39,6.0661465e-10,0.07631681,0.00023547662,0.0024836184,6.7079713e-13,0.00016375893,0.00012199357,0.011657234,3.6634082e-10,2.9143978e-09,1.0,6.0338755e-31,1.0
8966,0.09390064,0.05994424,0.004389714,0.009383397,0.44864616,0.10501985,0.1584589,1.0,0.1337816,0.046305083,4.0343947e-36,6.5430403e-09,0.07631681,0.00013553603,0.00039021438,2.6264859e-06,0.00018083367,2.180256e-05,0.011657234,0.0066769533,5.7474936e-06,0.24011749,6.0338755e-31,0.00079328596
8967,0.7043566,0.10609732,0.004722747,1.2710636e-09,0.047086917,1.0,3.8986717e-26,1.0,0.05422198,0.046305083,0.9999411,2.7883965e-08,0.1839583,1.6741933e-22,0.002662519,1.0,0.00020411126,9.0608034e-35,0.035931535,2.2170545e-10,2.631455e-15,0.38763943,1.5293768e-18,0.00037769353
8980,0.09390064,0.05994424,0.0125806015,0.0046321666,0.1438104,0.0037705598,0.018350748,0.47838423,0.2662358,0.046305083,5.426369e-35,1.0,0.07631681,4.6454554e-07,0.0012729311,2.3245095e-06,0.00020689992,1.0,0.011657234,0.0013688887,0.4730969,0.4519825,1.0,0.485894
8984,0.09390064,0.05994424,0.00020451199,5.8963483e-09,0.44864616,1.0,0.00033607855,0.9996973,0.13688383,0.046305083,1.0,6.35068e-08,0.38096955,9.3753315e-06,0.00015756121,3.538627e-05,0.0022218484,1.0,0.015654918,0.08462652,1.8531468e-05,6.814269e-13,1.7845207e-25,7.155081e-08
8987,1.0,1.0,0.00012300197,3.686808e-09,0.011832501,4.244348e-13,3.56255e-24,1.0,0.054282483,0.046305083,1.0,6.5898824e-09,0.07631681,2.3239856e-05,0.35911813,1.0,0.00029457547,1.0,0.53164047,1.406155e-10,1.0,1.0,0.11808142,6.623026e-06
8988,0.33813998,0.10609732,0.025371471,4.0326323e-10,0.013139184,0.9977071,3.8343667e-25,1.0,0.10870308,0.046305083,0.99981767,1.9970516e-14,0.07631681,5.4275374e-06,0.13748854,0.045926142,0.004995748,1.0,0.32975832,4.1198976e-12,5.330224e-15,9.48925e-24,1.5890147e-18,0.00063547824
8989,0.15723225,0.10609732,0.10717346,0.00073621,0.0026864838,0.14277592,2.4070327e-23,0.954734,0.29811656,0.046305083,2.0808076e-05,2.428095e-09,0.07631681,1.1340148e-05,0.054225687,1.0,0.00024407149,1.0,0.035931535,3.2612322e-13,7.96324e-09,1.0,8.0626133e-16,9.1916745e-06
8993,0.09390064,0.10609732,0.16247568,2.1402041e-10,0.0026752187,1.0,3.56255e-24,1.0,0.10736096,0.046305083,5.019817e-07,4.741765e-12,0.09427853,1.2285875e-09,0.0051053567,1.0,0.0002522086,1.2325735e-08,0.09863405,2.8362626e-13,2.5323418e-10,0.9981565,5.4446473e-16,6.83527e-08
8996,0.29453388,0.10609732,0.23981163,7.9207e-10,0.00017280191,1.0,3.56255e-24,3.006636e-39,0.049966626,0.046305083,0.99999905,1.0,0.16795658,3.6960582e-10,0.0058947504,1.0,0.0008260679,3.006636e-39,0.09863405,3.0131624e-13,1.3270686e-11,1.0,1.0,4.4146387e-07
9004,0.51626617,0.05994424,0.0037072583,0.027240172,0.81770927,0.99999523,1.399793e-08,2.3280724e-20,0.0050841863,0.046305083,0.97809863,1.0821569e-12,0.1839583,1.6051484e-24,1.0968699e-05,4.172867e-09,0.0005597352,7.400474e-13,0.03779956,7.0217454e-13,7.5603627e-14,0.99999666,1.7302781e-16,2.61445e-05
9005,0.09390064,0.05994424,1.1481158e-06,0.0013823438,0.24422984,0.020839274,0.017761031,1.0,0.14585476,0.046305083,3.3305924e-33,4.8059845e-16,0.07631681,4.2774875e-05,0.0015196264,2.0411906e-19,0.00031613928,9.007373e-08,0.0025632665,6.5039363e-12,7.5937706e-08,9.374713e-19,2.4005309e-31,0.00911862
9007,0.09390064,0.10609732,0.8002554,5.281534e-12,0.009406016,2.8778603e-11,1.0,1.0,0.42227876,1.0,7.4271993e-06,3.0973466e-09,0.09646739,0.000115540606,0.00712383,0.0022338533,0.012125595,3.882199e-33,0.0856132,5.287557e-10,4.493782e-12,0.3088012,2.6932128e-21,1.8152458e-06
9011,0.09390064,0.05994424,0.00039544943,0.024380272,0.44864616,0.99848795,0.019863704,2.4324133e-18,0.53353196,0.046305083,2.4689062e-28,0.00041761724,0.07631681,0.00033892723,0.10599698,2.548329e-08,0.00016375893,1.0,0.006572451,0.027062848,4.9262074e-09,1.4811904e-13,6.0338755e-31,0.00041747713
9012,0.09390064,0.05994424,0.016680347,0.00075756037,0.6723848,4.43959e-12,0.018350748,0.97554773,0.9992874,0.046305083,3.006636e-39,1.2946874e-17,0.07631681,0.0016228149,0.0056665996,4.858166e-13,0.0003494351,1.0,0.011657234,5.345881e-12,6.9175765e-10,1.7109095e-08,2.4422514e-32,0.9853409
9013,1.0,1.0,0.023920996,5.910121e-07,0.44864616,6.760854e-09,1.0726221e-06,1.0,0.13953175,0.046305083,1.0,3.2085194e-07,0.09646739,3.064188e-05,0.003312303,1.8048198e-17,0.00103602,0.00060108554,0.011657234,0.07375104,5.700777e-11,3.408537e-09,4.762982e-32,5.342161e-07
9016,1.0,0.23985733,0.14843713,0.09066831,0.6715107,0.99988234,0.0020563675,2.8365409e-34,0.05778201,0.69925433,0.061113287,1.0031872e-06,0.36645103,9.9632436e-26,0.00015538678,1.5849241e-12,0.0049714856,4.049175e-39,0.46424145,0.0004005368,1.2031502e-09,1.0,9.764248e-13,0.3399592
9017,0.55258715,0.10276631,0.004176594,0.0011084836,0.01797641,6.7489134e-07,0.017410161,1.0,0.032113925,0.046305083,3.467782e-22,1.0,0.37135705,2.0401656e-09,0.008572174,0.06875568,0.00029413152,1.0,0.006572451,1.9876372e-06,1.2911094e-07,0.3431795,1.0,0.9185846
9018,0.13582136,0.05994424,0.007469444,0.06885054,0.08145779,3.0164134e-08,0.9833066,1.0,0.0046493006,0.046305083,3.346758e-16,0.00035175317,0.07631681,0.0006254349,7.5030664e-05,2.8876842e-12,0.00024341731,2.2944878e-29,0.0025632665,3.015602e-06,0.008807603,3.4744613e-19,2.5296902e-11,0.0215698
9041,0.09390064,0.05994424,0.0031922294,0.045449607,0.4221894,0.39868677,4.344928e-05,1.0,0.2662358,0.046305083,3.006636e-39,4.313642e-05,0.24536146,0.00068506977,0.417051,1.1092458e-06,0.0001898146,1.4615921e-07,0.011657234,3.4704651e-06,2.0701287e-09,0.7988446,2.2606795e-24,1.9084594e-06
9042,0.09390064,0.05994424,0.3726967,0.11798064,0.15951541,0.00094586506,0.02285768,1.0,0.2662358,0.046305083,3.006636e-39,0.0004980222,0.07631681,0.0056109033,0.0059308945,4.9173387e-08,0.004491933,5.321841e-05,0.15881348,4.3214436e-07,1.0,0.35753605,1.6353626e-20,0.00024512256
9045,0.09390064,0.05994424,0.025546297,0.01352198,0.024397297,1.0,0.1584589,7.31143e-19,0.0042371973,0.046305083,0.57915175,1.0,0.07631681,0.006806152,0.00091858295,1.0,0.00016375893,4.897852e-26,0.03779956,0.0035752605,0.0001385785,0.9999988,1.0,0.034132525
9047,0.09390064,0.05994424,3.131015e-07,0.008713995,0.44864616,6.232103e-05,0.019863704,1.0,0.36684802,0.046305083,0.00018209379,1.6961702e-09,0.537438,0.00040541164,0.036239583,2.280475e-07,0.0003618775,1.0,0.0062909992,2.5413732e-05,1.3624983e-12,1.0,2.4422514e-32,6.990336e-05
9055,0.09390064,0.05994424,0.012176019,0.01352198,0.44864616,0.10501985,1.0,0.08880524,0.2662358,0.046305083,1.4052994e-33,0.004325961,0.07631681,0.047905922,0.006130043,0.0013869064,0.07654155,2.3009756e-09,0.011657234,0.027062848,0.004143602,0.6875265,6.0338755e-31,0.0025105642
9062,0.09390064,0.05994424,0.0832004,0.020600097,0.40084127,9.606468e-10,0.42576036,5.5032285e-09,0.2662358,0.046305083,1.7507448e-34,0.00068078534,0.07631681,0.043473955,0.00060987956,0.0013869064,0.00016375893,5.753923e-11,1.0,0.46412736,5.5503588e-05,1.0,6.0338755e-31,0.0025105642
9064,0.41575256,0.10609732,0.27337453,4.556497e-11,0.011417376,5.423347e-09,4.9557564e-26,1.0,0.10870308,0.046305083,4.799258e-17,9.826346e-10,0.07631681,2.2001437e-07,0.0043674237,0.67593205,0.00022600578,1.829547e-12,0.035931535,7.440468e-10,4.14509e-15,0.99991286,7.458366e-19,0.99769056
9067,0.09390064,0.05994424,0.003135703,1.0,0.32243758,1.0985403e-06,0.69257694,0.51141477,0.2662358,0.07617714,5.1105636e-22,0.06802449,0.07631681,0.1591711,0.0010477894,2.7985893e-06,0.00026667942,5.753923e-11,0.04244934,0.003592462,1.4774685e-05,0.5935925,2.2458944e-32,2.4413292e-05
9068,1.0,0.05994424,0.004389714,0.009383397,0.09157913,1.0,0.1584589,1.0,0.0038885323,0.046305083,0.014444246,3.183575e-05,0.07631681,0.0027323763,1.5432292e-05,1.0,0.00016375893,3.228034e-26,0.011657234,0.003664032,0.99999964,0.99997914,6.0338755e-31,0.9999467
9069,0.11815516,0.10609732,0.0861992,3.2129576e-06,0.009406016,4.707648e-07,1.0850221e-22,6.7829056e-23,0.10870308,0.046305083,8.42251e-17,1.2007277e-08,0.07631681,0.00029331102,0.08917582,1.0,0.0010086155,0.0014977183,0.035931535,2.2490361e-10,2.7735238e-15,1.0,3.2048603e-16,1.5220925e-07
9072,0.09390064,0.05994424,0.053015184,0.0007920447,0.574614,1.0,0.016312161,1.0,0.13688383,0.046305083,1.0,2.791907e-13,0.85076624,4.0682556e-07,4.2287546e-08,1.7076705e-10,0.00055844,1.03761266e-07,0.91791934,1.0138114e-09,1.3093603e-08,0.9999932,2.5549659e-28,0.0039673112
9074,0.09390064,0.05994424,0.055713017,3.071681e-05,0.7829951,0.10501985,0.1584589,1.0,0.2662358,0.046305083,3.5078134e-31,7.827917e-13,0.07631681,0.00047605482,0.013959949,6.7079713e-13,0.00016375893,0.008848274,0.011657234,5.7265404e-11,1.398306e-07,1.0,2.2606795e-24,0.0030398082
9076,0.13582136,0.05994424,0.0064270217,0.37882787,0.35943136,0.019740015,0.1584589,1.0,0.0046493006,0.046305083,7.2592814e-11,0.0009177886,0.07631681,0.00017893955,0.00034458702,3.983792e-05,0.00016375893,1.4127322e-19,0.011657234,0.00015344558,2.422184e-06,1.0,1.0699131e-11,0.05230479
9077,0.17665558,0.87148964,0.01522754,0.007715467,0.44864616,0.10501985,0.1584589,0.006659332,0.2662358,0.046305083,2.4091572e-36,0.013082656,0.07631681,0.00014200035,0.0010283235,0.05425241,0.00037934043,2.3009756e-09,1.0,0.027062848,2.649538e-07,0.92345864,2.5549659e-28,0.0025105642
9078,0.9505636,0.10609732,0.01494451,3.8316236e-11,0.5761753,1.0,3.4334443e-27,3.990872e-16,0.08937813,0.046305083,0.99999976,3.697528e-12,0.48861712,9.615504e-25,0.36432222,0.99999917,0.0004214427,9.728306e-22,0.053770196,8.0529405e-10,1.5383961e-15,0.0021820248,0.0095023755,2.823319e-06
9081,0.13582136,0.05994424,0.002113686,0.027303439,0.08145779,1.7669934e-05,0.020670947,1.0,0.0055692014,0.046305083,5.1106363e-13,1.1910415e-06,0.07631681,0.00058631983,0.00013415086,0.0016805407,0.0007574885,2.9475287e-11,0.0025632665,1.2976377e-08,8.991125e-06,0.9999727,3.3746926e-16,0.024901565
9086,1.0,1.0,2.9666775e-05,6.609991e-11,0.09621762,1.0,6.6833136e-27,1.0,0.13383974,0.046305083,1.0,1.7186118e-12,0.1839583,2.8018937e-24,0.81641257,0.9447945,0.00048389175,1.0,0.15428965,5.9515065e-10,1.0,1.0,0.0057877023,7.704479e-07
9087,0.13582136,0.05994424,0.0024535672,0.0017818223,0.12832409,0.009505258,0.02285768,0.99998784,0.004850871,0.046305083,2.792698e-15,5.019252e-12,0.07631681,1.0931021e-05,2.4659995e-08,4.0115965e-14,0.00042579303,0.9999999,1.0,8.250308e-11,0.0010499195,2.0785022e-15,7.4804754e-12,0.0007122335
9089,0.11815516,0.10609732,0.014205007,2.8052278e-11,0.011417376,3.042143e-07,3.5368608e-25,1.0,0.10870308,0.046305083,0.050106496,2.3436275e-11,0.09646739,1.0195157e-05,0.077921174,1.4236811e-07,0.0008045093,0.002889779,0.035931535,7.5075407e-10,2.8264768e-07,0.99557,2.5203486e-21,0.00020284689
9091,0.2624945,0.10609732,1.862972e-05,6.830571e-10,0.0067089135,1.6549496e-12,4.3255433e-24,1.0,0.10870308,0.046305083,0.9999354,6.3045076e-11,0.07631681,1.0939528e-06,0.0040110247,1.0,0.00034469742,1.0,0.03261185,9.430802e-10,5.3840144e-21,1.0,0.0049588936,1.9008328e-07
9092,0.09390064,0.05994424,0.01760383,0.5259697,0.44864616,2.1820493e-10,0.1584589,0.3784997,0.2662358,0.046305083,4.293266e-35,0.00081993407,0.12283942,0.000105691084,0.17047329,1.8621751e-13,0.005694165,0.99848664,0.028777288,0.04467623,1.2269832e-07,1.9479157e-14,6.0338755e-31,0.0037081565
9093,0.09390064,0.19594647,1.3776291e-07,0.35244983,0.40084127,0.578142,0.0926618,1.0,0.14585476,0.046305083,0.00393855,2.5636409e-09,0.07631681,0.98968446,1.0,3.04822e-06,0.00024566817,5.8106316e-15,0.011657234,0.0010130149,0.002353515,0.5788883,2.2458944e-32,6.1693946e-08
9094,1.0,1.0,0.011834565,3.929251e-10,0.034609172,1.0,3.8986717e-26,1.0,0.44037744,0.046305083,0.9974611,5.495768e-10,0.2081817,5.5860673e-23,0.23719962,1.0,0.0003535808,1.7075252e-31,0.035931535,4.295434e-10,3.934875e-18,1.0,5.11262e-11,0.9999049
9095,0.09390064,0.05994424,0.004835342,0.066571236,0.121072106,0.99998415,0.00031001025,1.0,0.0042371973,0.046305083,5.6021838e-14,2.2362702e-08,0.2135374,1.9853047e-05,0.013657735,1.0,0.0003609985,0.99999964,0.03622963,0.00032974788,6.316767e-06,0.996167,9.1502177e-26,1.0
9098,0.421887,0.05994424,0.01692866,0.01352198,0.44864616,0.03710878,0.20706835,0.15347742,0.2662358,0.046305083,3.656838e-18,0.00018355883,0.07631681,0.017542481,0.004692362,0.0013869064,0.00016375893,2.1424238e-08,0.0016283505,0.23071149,0.99881184,3.9114884e-06,6.0338755e-31,0.0047373986
9103,0.09390064,0.10609732,0.012279832,0.002068153,0.0026864838,0.99388653,2.2773513e-23,1.0,0.10870308,0.046305083,0.00021929144,2.4772061e-11,0.07631681,8.8844245e-05,0.009165339,0.00497392,0.00024407149,1.0,0.03261185,3.5391215e-10,2.3842595e-08,1.3242533e-09,4.0154315e-14,2.7064629e-05
9105,0.09390064,0.32169214,0.2179441,0.01352198,0.44864616,0.10501985,0.1584589,0.5279161,0.6660548,0.046305083,7.675327e-35,0.0021039026,0.07631681,0.0013227382,0.016963953,0.0013869064,0.00016375893,2.3009756e-09,0.011657234,0.041096326,0.0006738337,0.5409,6.0338755e-31,0.06453855
9106,0.86974716,0.10609732,0.0010947505,3.113546e-09,3.621007e-05,1.0,3.8705587e-27,0.99998593,0.05422198,0.046305083,1.0,1.0472779e-11,0.12127647,2.2719102e-16,0.0002163449,1.0,0.00087924505,1.0,0.12492097,1.5896617e-09,5.204942e-15,1.0,4.3648773e-09,2.8387703e-06
9108,0.09390064,0.05994424,0.0018336759,0.9306424,0.06027456,0.9999995,1.0,1.0,0.59774673,0.046305083,1.0,4.5415185e-05,0.07631681,0.0034758863,0.05944419,1.0,0.010819566,1.0,0.0019824235,1.2022797e-07,1.1604317e-08,1.0,1.668011e-21,0.0016102493
9109,0.41575256,0.05994424,0.0143932905,0.050545447,0.44864616,1.7878901e-10,4.344928e-05,2.2339541e-09,0.7845913,0.046305083,1.3854912e-09,2.4694529e-09,1.0,0.00028546868,0.19580962,5.218124e-11,0.00016375893,6.9551027e-07,0.0016357065,0.0317023,0.99999976,0.32359278,2.2606795e-24,0.0003597106
9110,0.13582136,0.05994424,0.0035091534,0.2466839,1.0,1.7881838e-06,0.42576036,1.0,0.0050841863,0.046305083,1.8379762e-12,0.0010312716,0.07631681,0.00021432665,1.641661e-05,0.004460892,0.00018173007,2.0029761e-10,0.011657234,0.031455275,9.34164e-06,1.0,3.9021664e-12,0.28932843
9111,0.99968016,0.10276631,0.009647092,0.025505656,0.47086698,1.0,0.046730883,1.0,0.004121889,0.046305083,1.0,2.2484579e-13,0.07631681,2.0277106e-05,3.9388897e-06,1.04805316e-07,0.00068284373,3.4825e-13,0.011657234,1.3396803e-11,5.6785007e-14,1.0,1.6541037e-12,3.4673612e-05
9112,1.0,1.0,2.0560586e-07,1.3025934e-10,0.011417376,4.244348e-13,3.137432e-25,1.4594706e-13,0.054282483,0.046305083,1.0,2.0571467e-10,0.72074544,6.8383797e-06,0.9782793,1.0,0.00025096032,1.0,0.10617509,2.5060316e-09,2.663214e-16,1.0,0.9826674,6.25968e-08
9120,0.13582136,0.10609732,1.7923661e-05,0.00029441094,1.0,0.99973696,3.0996694e-20,1.0,0.012585416,0.046305083,1.0,1.8496969e-13,0.07631681,7.681477e-09,0.836787,1.0,0.006770174,1.0,0.09341571,4.713292e-11,1.0728237e-21,1.0,1.0,1.0
9121,0.69760907,0.10609732,0.00029569285,2.6909353e-08,0.21783984,1.0,3.8986717e-26,1.0,0.029514456,0.046305083,1.0,1.0,0.2081817,1.1489604e-25,0.00020867446,1.0,0.0002848219,0.9999728,0.15428965,7.870617e-07,2.5144843e-11,1.0,1.0,1.621103e-11
9122,0.09390064,0.10609732,2.4980118e-06,8.02722e-05,0.002546604,0.31552538,1.6410234e-21,1.0,0.10304283,0.046305083,1.0,6.414401e-18,0.2309254,2.6993785e-10,0.0056995586,2.3396962e-05,0.00059056573,1.0,0.019819437,1.354342e-12,1.071434e-12,6.2707984e-29,4.2456693e-16,2.4854793e-05
9126,0.09390064,0.05994424,3.8018482e-07,0.027899021,0.44864616,0.05084429,0.1584589,1.0,0.37893572,0.046305083,5.1506687e-21,2.2234306e-05,0.07631681,0.015294579,0.0086855795,2.8748703e-11,0.00016375893,3.1942207e-29,0.011657234,0.007070742,0.004143602,3.4507984e-06,6.0338755e-31,0.73010737
9127,0.09390064,0.05994424,0.00744029,0.0013584651,0.40084127,1.0,0.046730883,0.01501161,0.21824354,0.046305083,1.0,0.0005614785,0.07631681,4.7538633e-05,1.219402e-07,0.22824782,0.00016375893,1.3667278e-31,0.011657234,0.109629884,2.9943295e-10,1.0,2.2458944e-32,2.0335582e-08
9130,0.31259778,0.05994424,0.039116018,0.0024219241,0.1438104,0.21963799,0.1584589,1.0,0.29201755,0.046305083,1.1423359e-31,1.0,0.07631681,1.6978249e-05,0.000870571,5.7366555e-07,0.004491933,2.96407e-11,0.06738012,0.20959304,0.032048684,0.6875265,1.0,4.941429e-11
9131,0.09390064,0.30656102,0.33985993,0.01352198,0.44864616,0.04803421,0.016312161,0.19736905,0.2662358,0.30965918,4.825781e-34,0.0027710525,0.13686801,0.00025709296,0.00078179623,0.070614226,0.0002456382,2.3009756e-09,0.03779956,0.18766147,0.004143602,0.43693057,6.0338755e-31,0.00016004586
9132,0.13582136,0.05994424,3.609571e-05,7.5775597e-06,0.18106374,1.4681904e-06,1.0539869e-05,4.6720643e-34,0.18063918,0.046305083,7.973659e-26,1.9815996e-06,0.16950274,4.6784422e-05,8.3474864e-05,1.44567e-10,0.00020635339,1.0,0.0019824235,0.09861864,3.9374587e-10,6.627859e-06,7.204002e-10,0.06227349
9135,0.09390064,0.05994424,0.009794766,0.0025217468,0.8578054,0.10501985,0.1584589,2.2925196e-10,0.73319876,0.046305083,4.2241906e-35,3.835429e-05,0.09646739,5.225171e-06,0.00052212906,2.4475826e-09,0.0002456382,3.644017e-12,0.011657234,3.146117e-05,2.8542882e-11,0.28790918,2.2606795e-24,0.0031757713
9138,0.64511657,0.9007936,0.0006991702,0.025266374,0.40084127,6.642444e-08,0.00030352734,0.9581947,0.46150336,0.054060034,5.791814e-06,0.0001229499,0.6747306,0.0001666059,0.016538132,3.9206353e-07,0.00043458265,8.079751e-34,1.0,0.004475015,1.0,0.9876151,6.0338755e-31,7.9425336e-05
9146,0.13582136,0.05994424,0.00013054018,0.32475618,0.5580131,0.0006989774,0.019863704,1.0,0.029623773,0.046305083,1.0,7.536943e-09,0.07631681,0.9998828,1.0,1.180575e-20,0.00029331102,1.0,0.0019824235,1.404632e-11,5.0880976e-06,4.8840408e-05,2.2864113e-13,0.001212447
9148,0.09390064,0.05994424,0.95367444,0.002575198,0.44864616,0.0021611885,0.1584589,1.0,0.2662358,0.046305083,1.5534214e-23,9.023706e-06,0.07631681,0.015294579,2.3718783e-05,0.013167928,0.00019444495,5.9282857e-16,0.011657234,0.0019428402,0.004143602,0.6875265,6.0338755e-31,0.00081722584
9151,0.09390064,0.05994424,0.029014962,0.0060606464,0.44864616,0.10501985,0.1584589,0.3784997,0.2662358,0.046305083,9.141677e-32,0.005307163,0.07631681,0.015294579,0.009185601,3.2730364e-12,0.00020639747,2.3009756e-09,0.011657234,0.4880856,0.0026614252,0.6875265,6.0338755e-31,0.01696176
9153,0.09390064,0.05994424,0.012176019,0.01352198,0.44864616,0.10501985,0.1584589,0.3784997,0.2662358,0.046305083,1.4052994e-33,0.004325961,0.07631681,0.015294579,0.006130043,0.0013869064,0.00016375893,4.9437544e-16,0.011657234,0.62156284,0.004143602,0.6875265,8.158444e-28,0.0025105642
9155,0.71130687,0.10276631,1.7541594e-06,9.345377e-05,0.34932044,0.14172715,0.016948503,1.0,0.0077294684,0.046305083,0.9823949,9.2802285e-15,0.07631681,5.6708823e-06,0.04497015,1.9580013e-12,0.0006090228,1.0,0.0025632665,6.8980927e-13,6.599148e-07,0.0025344435,1.0913432e-09,0.0026723386
9158,0.1359333,0.10276631,0.01139431,0.0002504593,0.44864616,1.7878901e-10,0.1584589,2.523724e-06,0.3981959,0.046305083,4.904549e-17,0.00081993407,0.07631681,0.0008766605,7.957935e-06,0.0059351893,0.00018132574,2.3009756e-09,0.011657234,0.027062848,0.000675705,2.0230188e-13,6.0338755e-31,0.0027531781
9160,0.09390064,0.05994424,0.46827328,0.0006398659,0.61466324,6.4708365e-07,0.1584589,1.0,0.72341925,0.046305083,3.006636e-39,1.759814e-12,0.07631681,0.0003952388,0.67934394,1.0718e-23,0.00063475885,0.0022755123,0.054583166,1.7736893e-10,0.028956419,9.1591604e-14,8.381589e-30,1.0633846e-05
9163,0.09390064,0.24483262,0.89205104,0.17138252,0.44864616,0.0055640726,0.9891615,0.00012279185,0.537963,0.4760851,8.569299e-37,0.0014543764,1.0,0.0010220391,0.006459232,0.3228556,0.00023254976,2.974849e-14,0.03779956,0.14615771,0.00041113456,0.89627475,6.0338755e-31,0.053190548
9167,0.09390064,0.10609732,0.2388054,2.8162406e-10,0.011417376,0.99999976,3.56255e-24,0.8202405,0.2180781,0.07617714,2.9262875e-22,6.5898824e-09,0.07631681,8.291352e-08,0.04119374,0.0012857389,0.0002522086,1.3543169e-07,0.21949157,3.669349e-08,3.1811809e-09,0.99992895,5.6593413e-10,7.834505e-09
9170,0.17665558,0.05994424,2.4292413e-07,0.0914758,0.15951541,0.00094586506,0.022883628,1.0,0.157382,0.046305083,4.808494e-17,0.0051672948,0.07631681,4.7881895e-06,4.506462e-05,4.9173387e-08,0.00036945983,9.30505e-21,0.0025632665,3.2612007e-07,1.6742038e-05,0.80567294,4.364887e-27,0.00024145807
9175,0.13582136,0.10609732,0.00080465624,1.389565e-08,0.0031282369,1.0,3.8343667e-25,1.0,0.056746874,0.046305083,0.32449305,2.9452263e-10,0.07631681,7.6471886e-05,0.04426275,0.99999976,0.00020411126,1.0,0.03261185,2.2038106e-11,3.4258833e-19,1.0637069e-15,6.688514e-05,0.9989422
9179,0.09390064,0.05994424,8.046594e-05,0.012395425,0.15951541,0.06506292,0.019226326,0.9999721,0.22115918,0.046305083,0.00013642097,2.7781803e-06,0.07631681,0.005201086,0.020713298,9.900625e-09,0.00021833072,1.0,0.0019824235,2.4254257e-08,0.0014837416,7.393481e-38,1.6353626e-20,6.6519654e-08
9181,0.21586333,0.10609732,0.0007353973,4.0287576e-10,0.013139184,0.99984896,3.8343667e-25,0.99999976,0.10870308,0.046305083,2.4841922e-06,1.7334625e-16,0.07631681,8.0496443e-07,0.027139628,1.0,0.00020411126,1.0,0.019819437,3.0131624e-13,7.693631e-17,0.99601233,7.1223555e-21,0.0016217737
9183,0.09390064,0.10609732,0.028543912,1.4499827e-11,0.010656175,0.004258162,3.137432e-25,0.7040019,0.16800801,0.046305083,2.8700808e-06,2.520453e-11,0.13686801,5.464014e-07,0.0103284065,1.0,0.00022600578,1.6220196e-17,0.035931535,1.4304499e-10,6.372313e-16,1.0,4.2874232e-20,0.00019044438
9184,0.58056194,0.10609732,0.12049612,6.920816e-08,0.010981504,1.0,5.4069704e-26,1.634316e-11,0.17116041,0.046305083,0.99897087,1.0,0.1839583,6.919645e-22,0.0209183,1.0,0.0005915632,2.182662e-28,0.15428965,4.0863127e-10,2.400151e-12,1.0,1.0,1.00597845e-07
9196,0.58443767,0.05994424,0.012176019,0.01352198,0.44864616,0.10501985,0.1584589,0.3784997,0.2662358,0.046305083,1.9342411e-35,0.0021039026,0.07631681,0.015294579,0.006130043,0.026351057,0.00016375893,3.4523805e-21,0.011657234,0.027062848,0.0009859322,0.98423415,6.0338755e-31,0.0025105642
9198,0.09390064,0.05994424,0.012176019,0.099762246,0.44864616,0.10501985,0.1584589,1.0,0.2662358,0.046305083,2.0106415e-34,1.4226582e-05,0.07631681,0.99184275,0.06298634,0.0013869064,0.00017983206,1.0395278e-08,0.011657234,4.1904466e-05,1.56689e-05,0.6875265,6.0338755e-31,0.0025105642
9200,0.13582136,0.05994424,0.6929142,0.003299076,0.08145779,1.0,0.022914741,1.0,0.004121889,0.046305083,1.0,4.2112802e-08,0.07631681,2.2674903e-05,1.976319e-08,3.8722428e-05,0.000342502,0.00016071492,0.0025632665,4.969024e-08,2.6413588e-07,1.0,2.559812e-11,0.02509246
9201,0.13582136,0.05994424,0.008365005,0.21574031,0.18106374,0.057824362,0.1584589,0.0011128776,0.070723005,0.046305083,2.3455658e-17,0.0014256537,0.07631681,0.0003515688,0.113003865,1.6188581e-07,0.000466347,1.5060764e-15,0.0016357065,0.0003168677,1.3195994e-08,6.9652117e-07,3.9021664e-12,0.23943521
9204,0.09390064,0.05994424,0.0032629084,0.01352198,0.3666133,0.9999999,0.1584589,1.845562e-18,0.1337816,0.046305083,3.3814044e-32,0.0021039026,0.41527018,0.006850636,0.0008269602,0.9999999,0.00018083367,8.442892e-20,0.03622963,0.031128375,4.4848286e-05,0.99951494,6.0338755e-31,3.683264e-05
9206,0.101677604,0.05994424,0.0016963562,0.0021439195,0.6039861,0.00491695,1.5080346e-05,1.0,0.37684834,0.046305083,1.1253018e-08,1.992858e-18,0.07631681,0.00034623593,0.00017942204,8.866301e-13,0.00020820048,7.3387394e-09,0.011657234,7.0911e-13,3.05112e-08,4.7092982e-20,8.414572e-26,6.7596256e-06
9207,0.09390064,0.05994424,0.031322636,3.1205185e-05,0.1438104,3.265474e-07,0.025270756,4.6516347e-25,0.2662358,0.046305083,4.7278948e-34,1.0,0.07631681,8.207441e-08,0.0019877723,0.21907881,0.00020689992,1.0,0.03779956,0.0021212564,1.1018596e-09,4.810452e-07,1.0,0.03991134
9208,0.5929794,0.05994424,0.0026831934,0.007432955,0.18542278,1.0,0.014591461,1.0,0.2662358,0.046305083,3.4871978e-10,1.2238272e-18,0.5926268,7.0174315e-25,0.00052042125,0.9995345,0.000518963,1.0,0.008123963,1.4559798e-11,1.0941608e-05,1.0,2.2250247e-27,0.0019065837
9218,0.09390064,0.05994424,0.0018375767,0.0055394396,0.13497634,5.8330407e-15,0.10139208,1.0,0.7570063,0.046305083,3.006636e-39,3.635167e-07,0.07631681,9.184007e-06,3.5886558e-06,3.324338e-16,0.00019582067,3.006636e-39,0.0025632665,1.2528072e-07,2.4770857e-06,1.8032135e-35,1.6246673e-28,0.00014330099
9222,0.99997246,0.10609732,9.5303156e-05,3.30186e-06,0.0026796216,3.0295282e-21,6.4944785e-23,1.0,0.4478072,0.046305083,0.999997,6.224812e-14,0.07631681,5.835081e-10,0.79257894,1.0,0.0009333231,1.0,0.0856132,8.677288e-12,7.393483e-15,1.0,0.00072295964,1.1839211e-07
9223,0.13582136,0.05994424,2.1224148e-06,0.00059814326,0.17724827,2.0933193e-14,0.019248234,0.9998894,0.08868007,0.046305083,0.98619264,2.564492e-16,0.09646739,4.4562847e-09,0.004559203,1.6906599e-13,0.00023251318,1.0,0.0019824235,3.0922534e-12,1.5928576e-09,3.006636e-39,2.5296902e-11,0.00027682298
9227,0.09390064,0.10609732,0.040229775,5.77841e-09,0.014810051,3.935503e-08,3.56255e-24,0.99973065,0.20002918,0.046305083,5.43549e-33,4.4679927e-14,0.07631681,9.165043e-08,0.019465687,0.99999774,0.00037629946,4.5563967e-24,0.021866366,4.1686899e-13,2.6486427e-10,0.91424155,1.1745691e-20,0.034212805
9228,0.09390064,0.05994424,9.029029e-05,0.013140179,0.068405315,0.9998758,0.012890702,1.0,0.45270395,0.046305083,1.0,1.0,0.07631681,2.2404668e-08,0.7076924,2.1375527e-05,0.00019582067,1.0,0.0016357065,7.1705424e-13,1.6094166e-08,1.0,1.0,0.02939773
9233,0.5929794,0.10609732,8.589103e-06,0.6253436,2.7962846e-05,0.051673427,4.2605156e-23,1.0,0.16640143,0.046305083,1.0,8.550441e-11,0.2081817,1.7328405e-24,0.77370214,1.0,0.0006829154,1.0,0.03344825,3.5681053e-13,2.4132908e-18,1.0,0.006042648,0.00014588135
9235,0.09390064,0.17739674,0.06964225,3.1474196e-05,0.574614,0.10501985,0.016312161,0.99999344,0.8293356,0.081119955,3.006636e-39,1.0364275e-12,0.13686801,2.046241e-07,0.0028250779,1.6141747e-09,0.00018132642,0.0009953475,0.7081161,4.2184956e-10,1.6802858e-07,7.693783e-06,6.0338755e-31,0.007574707
9239,0.09390064,0.05994424,0.0019385591,0.05023206,0.0156322,1.0,0.022883628,1.0,0.157382,0.07617714,1.0,0.0021039026,0.07631681,8.752194e-05,2.267527e-06,1.0,0.00019582067,3.0254098e-18,0.00956654,3.8068075e-07,0.011447964,1.0,4.364887e-27,4.9346543e-08
9240,0.09390064,0.05994424,0.004399225,0.04485111,0.15951541,1.0,0.017761031,1.0,0.13688383,0.046305083,1.0,7.8598094e-07,0.07631681,6.364394e-05,4.9714722e-11,0.0005293705,0.00020689992,1.0,0.0025632665,1.3466435e-07,3.2171016e-07,1.0,2.4005309e-31,7.8996614e-08
9244,1.0,0.9224259,2.49078e-05,2.1457042e-07,0.19762954,0.0027979945,0.009837261,1.0,0.011274427,0.1314709,1.0,0.0005707369,0.24536146,0.00014897948,0.016574018,9.7934906e-05,0.00016375893,1.0,1.0,3.2166558e-05,4.815634e-10,6.444422e-18,3.056209e-13,0.04950091
9263,0.09390064,0.05994424,0.0089342715,0.048293144,0.15951541,0.00094586506,0.025759669,1.0,0.6522179,0.046305083,3.006636e-39,0.0021039026,0.07631681,0.0006150869,0.0027309407,4.9173387e-08,0.00019582067,7.882826e-10,0.0025632665,3.8068075e-07,0.0026359991,0.15530562,4.364887e-27,0.00076506956
9268,0.31057283,0.05994424,0.0001698089,0.014798895,0.08145779,2.1304902e-10,0.011683816,1.0,0.013717982,0.046305083,2.175483e-18,8.611042e-08,0.37270933,1.1709943e-07,0.0001197885,1.1882314e-08,0.0003876812,1.0,0.0084867235,1.5673143e-08,6.518152e-05,3.2244674e-13,1.3627081e-13,0.8346654
9269,0.13582136,0.05994424,0.002256142,0.002874072,0.08145779,6.0885814e-05,0.026190152,1.0,0.12190649,0.07617714,1.5427932e-21,1.3583411e-09,0.07631681,1.5041201e-06,5.8945512e-05,7.788165e-10,0.0006293431,1.0,0.0060928767,5.8897167e-09,2.1002021e-10,0.9958262,4.4721088e-11,0.50073725
9270,0.7945017,0.10609732,5.3597792e-05,5.9594807e-10,0.00020626016,1.0,2.7445264e-24,0.03407143,0.1874356,0.046305083,1.0,2.2391626e-09,0.12127647,1.00603425e-22,0.039486207,1.0,0.00020411126,1.0,0.035931535,8.28461e-10,1.9419976e-19,0.99999976,0.0049588936,6.787111e-08
9273,0.34981948,0.10276631,0.21351926,0.0008388706,0.46197498,0.10501985,0.1584589,5.4501098e-17,0.5373881,0.046305083,2.6227336e-32,3.585392e-07,1.0,0.018436333,0.0028961885,1.12601415e-20,0.00016375893,0.0038280897,0.011657234,1.0740126e-05,0.00023491554,3.608351e-11,6.0338755e-31,0.25037515
9274,0.09390064,0.05994424,0.013457685,0.0008519364,0.5325163,1.6626066e-07,0.004298641,3.3274542e-19,0.7185702,0.091239415,3.006636e-39,2.5443788e-13,1.0,3.207701e-06,0.00060334185,1.2140214e-13,0.0002363428,1.6650677e-13,0.011657234,9.6886235e-11,2.1509987e-11,1.0,8.414572e-26,0.006105118
9277,0.2455108,0.05994424,0.023685655,0.1560392,0.11449691,5.923548e-09,0.42576036,2.2602256e-14,0.09879798,0.046305083,5.3250796e-16,5.183228e-06,0.07631681,3.2001753e-06,1.3294034e-06,4.0265642e-12,0.00060075,1.8564448e-16,0.011657234,0.11979086,1.0,1.0,1.0470191e-09,0.6512576
9281,0.09390064,0.05994424,0.029014962,0.0077486923,0.44864616,1.0,0.9993862,0.3784997,0.14409234,0.046305083,5.1655435e-10,0.0080826925,0.07631681,0.031463105,0.006130043,1.0,0.00025897025,2.2796245e-19,0.011657234,0.04238213,1.8482015e-05,0.99833614,6.0338755e-31,0.03279449
9287,0.24229604,0.9567904,0.31522256,0.00040336448,0.004280933,0.19904073,1.8584717e-23,1.8687878e-30,0.81276953,0.046305083,3.1825078e-14,3.487119e-17,0.09646739,1.4945343e-06,0.062712505,1.0,0.00036383801,0.0008699474,1.0,8.9607423e-13,8.102713e-12,0.19100045,1.6566065e-17,3.6638383e-07
9289,0.09390064,0.9754944,0.99869305,0.07197172,0.44864616,0.0037705598,0.018350748,2.0376953e-10,1.0,0.046305083,5.0425535e-37,6.0822667e-06,0.07631681,0.9843387,1.9335139e-05,0.008519093,0.00020689992,1.0,0.011657234,0.0031000813,0.4420189,2.4458114e-11,2.4422514e-32,4.5309207e-05
9290,0.09390064,0.05994424,0.00017189166,0.008007394,0.20573747,5.1605376e-15,0.064063884,0.14938869,0.52219325,0.046305083,8.2625727e-23,5.7567686e-14,1.0,0.00020669012,0.8340432,3.9835873e-12,0.0002937263,1.0,0.0019824235,8.1588875e-11,1.0,1.05236115e-16,4.7305952e-29,0.00086780527
9298,0.5056066,0.23985733,0.92221826,0.024340969,0.8578054,0.99999976,0.1584589,6.247931e-05,0.8795717,0.83177507,3.72435e-29,0.0009412595,0.1749142,3.7392988e-07,0.012568274,9.829858e-09,0.004491933,2.349707e-10,0.10020641,9.451439e-06,0.00012467192,0.78284204,2.0707957e-28,5.943891e-11
9299,0.12853205,0.05994424,9.612072e-07,0.25378782,0.60201293,0.9856081,0.020347917,1.0,0.28700283,0.046305083,0.0013200137,7.8582296e-08,0.07631681,1.30353665e-05,5.1123014e-05,3.384438e-09,0.0006351198,1.6383902e-21,0.011657234,1.8830811e-05,1.0,1.0,2.4422514e-32,0.5934802
9303,0.09390064,0.05994424,0.14961219,0.0005861514,0.574614,0.071882464,0.016312161,1.0,0.76696616,0.046305083,2.8668782e-28,2.954101e-12,0.13686801,1.4996562e-05,0.18719453,1.6141747e-09,0.00016375893,1.0,0.011657234,5.9408223e-10,5.2822898e-08,8.097479e-15,6.0338755e-31,0.00011388811
9304,0.09390064,0.05994424,0.15759654,0.025266374,0.40084127,2.0114396e-07,0.42576036,0.95099145,0.48461762,0.046305083,1.14299355e-32,0.0021039026,0.07631681,8.950351e-06,0.0010190362,5.7366555e-07,0.00022373887,5.753923e-11,0.054583166,0.027062848,0.00958475,0.68009627,6.0338755e-31,1.3141637e-12
9306,0.6411067,0.05994424,0.00301205,0.6730911,0.016210696,1.0,0.9995925,1.0,0.0042371973,0.046305083,1.0,0.00055334455,0.25359073,7.620082e-25,2.3424484e-06,1.0,0.00016375893,3.006636e-39,0.011657234,8.658034e-07,1.6015183e-13,0.9999999,3.9021664e-12,0.8440561
9310,0.13582136,0.05994424,0.019250836,0.049553934,0.4254704,1.0,0.1584589,1.0,0.0050841863,0.046305083,4.0274054e-25,1.0307099e-13,0.07631681,5.0016297e-07,0.0005856739,2.9114963e-10,0.00017983206,0.053527392,0.011657234,1.4746874e-09,2.352864e-14,2.087143e-11,2.7855994e-16,0.0009334102
9313,1.0,0.05994424,0.59770674,0.018220844,0.69502187,8.52656e-07,0.020347917,0.3784997,0.45347273,0.046305083,1.1636735e-28,6.2303596e-10,0.07631681,5.9665936e-06,0.10413645,3.146694e-08,0.0007562313,1.0,0.012156706,1.3244009e-07,1.0,0.00012311732,8.381589e-30,9.158349e-12
9318,0.09390064,0.10609732,0.0010897596,0.0025235047,1.0,0.0015844506,2.0147987e-23,0.99328387,0.16640143,0.046305083,3.3320699e-16,5.5254943e-09,0.07631681,2.7139478e-05,0.019808333,0.9934411,0.00024407149,1.0,0.03261185,1.1592241e-11,6.565017e-09,3.0544782e-09,2.3995524e-15,1.1912951e-05
9322,0.13582136,0.10609732,0.018130926,8.12058e-09,0.007120779,1.0,3.56255e-24,1.0,0.04935128,0.046305083,1.0,4.2254168e-08,0.07631681,8.454511e-07,0.14245498,2.0984452e-07,0.0028662619,0.9999945,0.08031406,5.2801364e-11,1.0155633e-12,0.99999666,2.3324145e-09,8.686218e-05
9323,0.13582136,0.10609732,0.75112784,1.1470614e-07,0.0031282369,1.0,3.5368608e-25,1.0,0.18299936,0.07390926,2.0145999e-05,4.5324886e-10,0.14227797,3.4201318e-07,0.074244365,0.93246114,0.0047957245,1.2260822e-36,0.0856132,6.3988714e-10,1.0,1.0,1.5773066e-08,2.3980022e-06
9328,0.7820764,0.05994424,1.8772224e-07,0.00016717338,9.705847e-05,0.99999964,3.856904e-23,1.0,0.011558727,0.046305083,1.0,2.0653967e-12,0.2081817,1.0255897e-24,0.37076363,1.0,0.00026209932,1.0,0.003252419,8.140103e-13,5.1143904e-13,1.0,0.028276583,9.116206e-09
9331,0.9211125,0.10609732,7.6668875e-06,5.9805e-10,0.055765327,1.0,3.8986717e-26,3.006636e-39,0.2166734,0.046305083,0.99963784,3.7356196e-10,0.23833872,1.8434674e-23,0.6998726,1.0,0.00071091997,3.006636e-39,0.035931535,1.4016652e-09,3.91682e-15,1.0,0.20210646,5.1552517e-05
9333,0.09390064,0.10609732,0.12713206,4.738888e-09,0.009406016,0.99868804,7.6203837e-22,0.08321891,0.32917997,0.046305083,6.9038984e-24,2.7883965e-08,0.07631681,2.0453374e-05,0.007997492,1.0,0.00029457547,0.9996014,0.035931535,9.838842e-09,5.185751e-10,1.0,7.502228e-18,0.02170097
9337,0.506064,0.17572631,0.0042398656,0.00025939825,0.003095743,0.99999976,2.4042433e-23,1.0,0.07968722,0.046305083,0.9999999,1.9080076e-14,0.09646739,1.6698814e-07,0.92314506,1.0,0.0004824861,1.0,0.021866366,3.162366e-13,1.0,0.9999989,4.431763e-20,0.0102721015
9339,0.47986302,0.05994424,0.012176019,0.81941855,0.44864616,0.10501985,0.1584589,0.3784997,0.2662358,0.046305083,9.141677e-32,0.0021039026,0.07631681,0.015294579,0.008885151,0.0013869064,0.00018158024,2.3009756e-09,0.011657234,0.7257951,0.004143602,0.24011749,1.9267124e-30,0.007374554
9341,0.95114183,0.05994424,2.5233146e-07,0.29478306,0.20019476,0.8009403,3.3936171e-06,3.006636e-39,0.0069186734,0.046305083,0.9999999,2.260512e-12,0.1839583,1.1560222e-23,1.3714032e-06,0.8502008,0.0003899461,2.8557302e-38,0.011657234,0.00022418625,2.1407903e-05,0.9999691,3.106166e-10,0.5169018
9342,0.09390064,0.05994424,1.6260252e-06,0.030114954,0.6183131,1.0985403e-06,4.46444e-05,5.664001e-23,0.98923093,0.046305083,5.1550177e-07,2.2984383e-05,0.07631681,0.0033478371,0.21987075,5.175695e-06,0.0007568121,2.9497614e-26,0.04552639,0.0005823106,0.00038792222,0.5935925,2.2458944e-32,0.0050794515
9347,0.09390064,0.10609732,0.0049484884,1.786951e-08,0.008454173,3.198419e-05,4.0314367e-23,0.9997327,0.062153894,0.046305083,5.427887e-07,1.9565185e-09,0.07631681,1.0,0.007468575,0.0868036,0.00023658585,1.0439388e-27,0.035931535,1.2388664e-06,1.9704997e-08,0.99951696,2.2916624e-14,1.6925699e-06
9348,0.6478442,0.05994424,0.4998925,0.07017782,0.83826226,0.0027922993,1.4109781e-07,6.454492e-23,0.45800996,0.046305083,2.1210184e-29,1.2052264e-17,0.07631681,1.1196496e-06,0.32298285,0.82723576,0.00045235382,1.0,0.011657234,1.8277413e-11,1.0,0.9912822,9.1502177e-26,0.30608627
9350,0.5135889,0.073677406,0.26810408,0.00012614373,0.5243949,0.0010769197,0.1584589,4.404814e-12,0.37259588,0.046305083,1.8171561e-34,2.829235e-08,0.07631681,8.242065e-05,0.04242542,2.0773597e-05,0.00016375893,5.7430194e-24,0.1025287,0.00034001088,1.0,6.901581e-09,6.0338755e-31,0.9999994
9351,0.13582136,0.05994424,7.303483e-07,0.0067526894,0.27776945,0.04904223,6.5684594e-06,1.0,0.020651968,0.046305083,0.13232699,4.9365366e-16,0.13686801,0.01828078,1.0,9.038061e-11,0.00021587119,0.99999976,0.06990072,2.041567e-09,0.140706,1.0,2.6417012e-17,0.0050205616
9352,0.13582136,0.1319369,0.06828439,0.10143973,0.08145779,3.7023244e-06,0.015804954,6.574165e-16,0.19324829,0.046305083,1.07309664e-16,2.2123874e-07,0.13686801,1.8423567e-08,0.000641594,1.4515091e-16,0.00040581476,5.297582e-32,1.0,2.667437e-07,1.0,7.603472e-14,2.6463578e-08,0.00084201345
9358,0.09390064,0.05994424,0.03305767,0.01352198,0.44864616,0.05084429,0.1584589,3.0594348e-20,0.53353196,0.046305083,3.006636e-39,0.000376709,0.24673085,0.015294579,0.00078179623,3.8871306e-08,0.00016375893,7.197451e-25,0.03779956,0.027062848,0.031790536,8.474042e-06,6.0338755e-31,0.053773228
9361,0.09390064,0.10609732,0.012638496,0.005872611,0.0073498404,0.9999981,9.337505e-23,1.0,0.0931825,1.0,0.8401687,1.9668882e-15,0.07631681,2.4607613e-07,0.0136379395,5.2895763e-13,0.0005427863,3.7020633e-13,0.16867468,3.3125136e-13,8.643371e-13,1.7614954e-28,2.0918415e-15,7.926139e-06
9363,0.09390064,0.05994424,1.7652523e-07,0.024552144,0.21768518,0.11495488,0.0485028,1.0,0.14585476,0.046305083,8.122624e-09,2.99838e-15,0.07631681,2.2429938e-05,0.00010463923,1.456479e-16,0.0002363428,1.0,0.0016283505,7.1128135e-13,1.2058751e-09,1.7090498e-24,1.6246673e-28,0.000260693
9370,0.5529831,0.05994424,0.0010814061,0.077274,0.030170599,1.0,0.10993818,4.8405513e-18,0.13688383,0.046305083,1.0,0.0004020904,0.1839583,1.11566e-25,2.9891112e-08,0.60773355,0.0004918984,3.890069e-34,0.2564673,1.766478e-06,1.5189823e-09,1.0,2.2458944e-32,0.00022075174
9374,0.69036543,0.05994424,0.0064270217,0.17751278,0.18106374,0.09765114,7.710212e-05,1.0,0.0050841863,0.046305083,0.99953127,0.101867266,0.07631681,7.9434874e-05,0.058982998,0.0053309253,0.00018158024,5.7419587e-08,0.011657234,0.027062848,1.4368854e-12,5.109476e-13,4.744144e-16,0.93908936
9397,0.09390064,0.05994424,0.21743873,4.181142e-05,0.7091411,0.10501985,0.016312161,4.2727075e-11,0.6924329,0.046305083,2.9776652e-25,2.572408e-13,0.13686801,4.161523e-05,0.00011510984,1.4351606e-11,0.00016375893,0.0007673553,0.011657234,1.3546889e-11,8.628541e-07,2.0274626e-19,6.0338755e-31,0.0011086388
9399,0.13582136,0.05994424,0.54933584,0.68982285,0.18106374,0.043020368,0.1584589,1.0,0.13798754,0.046305083,1.0,0.00010827233,0.07631681,0.0047797724,0.98471457,0.9504877,0.00016375893,4.8403746e-11,0.0016357065,0.0017492822,2.2504702e-07,0.80385965,2.2864113e-13,0.36572748
9400,0.09390064,0.05994424,0.012176019,0.019202873,0.063746504,1.0,0.1584589,0.3784997,0.14409234,0.046305083,0.9923017,0.0021039026,0.07631681,0.00052153884,0.006130043,1.0,0.00016375893,2.2796245e-19,0.011657234,0.027062848,1.0,0.9999958,6.0338755e-31,0.0025105642
9401,0.09390064,0.05994424,0.012176019,0.019115398,0.44864616,0.46914527,0.1584589,0.3784997,0.2662358,0.046305083,9.141677e-32,0.0021039026,0.07631681,0.015294579,0.006130043,0.0013869064,0.00016375893,2.3009756e-09,0.011657234,0.34017423,0.004143602,0.6875265,6.0338755e-31,0.0025105642
9408,0.09390064,0.05994424,0.018438423,1.0,0.44864616,0.10501985,0.998836,0.3784997,0.2662358,0.046305083,3.006636e-39,0.11658765,1.0,0.0048099533,0.007858283,0.0013869064,0.00025897025,2.3009756e-09,0.011657234,0.04238213,6.242701e-08,0.98637253,6.0338755e-31,0.0025105642
9409,0.11815516,0.10609732,0.41642722,3.5453845e-10,0.0020361128,1.0,3.915353e-24,9.62825e-06,0.3363242,0.046305083,1.0,2.309254e-07,0.07631681,2.0157411e-07,0.976718,1.0,0.00038509906,7.143438e-15,0.035931535,2.0713242e-10,0.00014088806,1.0,6.187261e-19,0.000111174166
9410,0.09390064,0.05994424,0.0046390244,0.01571206,0.3666133,0.10501985,0.1584589,0.25313565,0.2662358,0.046305083,1.0,0.00010234932,0.09646739,0.00033892723,0.0071240794,5.3831223e-05,0.00048703657,0.91399074,0.0016357065,7.195867e-05,1.14080585e-11,0.6875265,6.0338755e-31,1.0
9411,0.13582136,0.05994424,2.757173e-07,0.17128697,0.1538164,1.0,0.09830792,6.538519e-33,0.017931513,0.046305083,0.7099674,0.000941077,0.07631681,0.0012684212,1.2028302e-07,5.8662987e-08,0.00016375893,2.5310214e-23,0.011657234,0.000116628835,3.688575e-08,2.9418166e-11,7.33454e-17,0.009483056
9412,0.09390064,0.05994424,0.0038923703,0.3908553,0.14560603,0.0004320121,0.025759669,1.0,0.56454206,0.046305083,3.006636e-39,0.007106609,0.07631681,0.008345074,0.0021279156,8.284225e-15,0.00025064134,3.8656903e-19,0.0025632665,1.2344788e-05,0.021905804,4.2648004e-08,4.364887e-27,0.31767678
9419,0.09390064,0.05994424,0.012176019,0.01352198,0.44864616,0.10501985,0.1584589,0.3784997,0.2662358,0.046305083,9.141677e-32,0.0021039026,0.07631681,0.015294579,0.006130043,0.0013869064,0.00016375893,2.3009756e-09,0.011657234,0.027062848,0.004143602,0.6875265,6.0338755e-31,0.0025105642
9421,0.09390064,0.10609732,0.00017759774,2.0107793e-06,0.0012922038,1.0,2.4845289e-24,1.0,0.073423915,0.046305083,1.0,4.8420094e-11,0.07631681,4.7435478e-07,0.00071158964,1.0,0.00040013477,1.0,0.016543515,7.943516e-10,2.8837306e-17,1.0,4.119915e-15,4.4415027e-09
9428,0.25092763,0.18197545,0.9999993,0.0014731558,0.013288647,1.6660119e-16,0.07719624,1.0,0.01800442,0.30965918,1.0,1.0,0.07631681,5.5826017e-06,0.01979075,3.0735067e-05,0.0004426018,1.0,0.0019824235,1.08406076e-10,1.834236e-08,1.1568881e-36,1.0,0.04053432
9432,0.09390064,0.10609732,0.16726404,3.142221e-07,0.02491135,0.0012773783,3.56255e-24,1.7523889e-11,0.16800801,0.046305083,3.50371e-15,1.7633685e-16,0.07631681,2.5315776e-06,0.0036156352,1.0,0.00053850276,6.0278045e-15,0.021866366,3.9159726e-13,1.6307381e-15,1.0,6.5340675e-22,0.99944025
9435,0.09390064,0.05994424,2.2273652e-07,0.004119621,0.118943885,4.0512743e-05,0.019226326,2.9741065e-21,0.14585476,0.046305083,9.193941e-21,7.6935114e-10,0.07631681,0.017840214,0.004944571,1.5853906e-06,0.0003618775,1.0,0.006572451,4.4345822e-11,4.0046424e-09,0.99998236,6.751335e-23,0.0024476687
9437,0.3701623,0.12895359,0.00024916884,4.1143267e-10,0.0058405087,1.5447985e-17,3.56255e-24,4.3700285e-15,0.066007785,0.046305083,0.011145616,7.6561685e-10,0.07631681,6.3065645e-06,0.99988735,1.0,0.00021918798,1.0,0.03344825,2.2696227e-09,3.6996695e-21,1.0,0.99998355,0.00058923435
9439,0.62923676,0.05994424,0.0063835196,2.225118e-06,0.6691003,0.42654434,0.1584589,0.9999994,0.011274427,0.046305083,1.1842378e-06,4.9658294e-05,0.07631681,1.5678948e-07,9.940968e-05,0.00033977258,0.00018132574,1.4512652e-24,0.011657234,4.828639e-07,1.0,1.0,5.2525614e-12,0.08737941
9440,0.34981948,0.74944216,0.97056514,2.3650804e-10,0.011417376,0.036318123,4.9557564e-26,1.0,0.39045504,0.53904116,6.900543e-07,2.5606718e-11,0.1749142,6.075026e-06,0.07556587,0.015535251,0.00020411126,2.47366e-26,0.035931535,1.750106e-09,8.96871e-13,0.99991286,3.1519703e-18,1.2999127e-06
9442,0.09390064,0.05994424,0.009030856,0.087141156,0.3666133,1.7878901e-10,0.1584589,2.218139e-06,0.2662358,0.046305083,2.801007e-24,0.00015830967,0.07631681,1.0,1.0,3.2730364e-12,0.000302511,1.2545969e-15,0.011657234,0.00047023658,9.011297e-06,0.6875265,6.0338755e-31,5.700508e-07
9444,0.13582136,0.05994424,0.007087954,0.10134191,0.27776945,5.4802044e-06,0.017761031,0.9994873,0.004802452,0.046305083,1.0,1.38383495e-17,0.09646739,6.925782e-05,8.910127e-07,4.8093356e-18,0.00026350978,1.0,0.0025632665,5.625199e-12,0.00020467429,2.7534782e-19,2.6417012e-17,0.00020873976
9446,0.09390064,0.14426152,0.010790516,0.061067857,0.40084127,1.8713482e-08,4.805257e-06,1.0,0.2662358,0.1314709,1.0,3.6379457e-05,0.07631681,0.0050716735,1.0,0.00027955213,0.00017983206,1.0,0.18779212,0.015886802,3.6216697e-05,2.0819582e-11,2.2458944e-32,1.2452434e-05
9454,0.3341118,0.05994424,0.009923574,0.16270964,0.18106374,0.019740015,0.1584589,1.0,0.7201316,0.046305083,3.8835898e-07,1.1939233e-06,0.07631681,0.0001539929,3.045201e-06,7.5260275e-12,0.0004311744,1.587777e-20,0.011657234,0.003664032,0.00011107403,0.8896505,2.2864113e-13,0.99633956
9456,0.09390064,0.05994424,0.012176019,0.01352198,0.7319197,0.10501985,0.1584589,0.02100776,0.2662358,0.046305083,9.141677e-32,0.0021039026,0.07631681,0.0026892766,0.0028250862,0.0013869064,0.004491933,3.6806072e-11,0.028777288,0.027062848,2.3864468e-05,3.9114884e-06,6.0338755e-31,0.0025105642
9457,0.09390064,0.10609732,0.44270986,0.0006008951,0.0056961495,1.0,5.0955164e-22,1.0,0.57067657,0.046305083,1.0,3.6457963e-16,0.24536146,6.705084e-08,0.0005074283,0.9999908,0.00031046485,1.0,0.020334642,9.514943e-10,0.00018373795,1.0,1.1853807e-13,2.826409e-06
9461,0.13582136,0.05994424,5.3528478e-05,2.3176533e-05,0.06795589,0.01555743,0.058074314,1.0,0.006717925,0.046305083,0.92038774,4.4950873e-11,0.16824047,1.9638817e-07,0.0011956795,0.00024460052,0.00064234994,1.0,0.0062909992,3.2798828e-10,1.3787514e-05,1.0,3.6824967e-11,0.00015767889
9465,0.44515803,0.05994424,0.0079621915,0.10987001,0.44864616,1.0,0.016312161,1.0,0.18049866,0.046305083,2.8878243e-33,2.8290087e-08,0.11601528,0.19480112,3.4788445e-05,0.19139986,0.0009097999,2.8576105e-19,0.011657234,6.9126168e-06,1.7156702e-20,1.0,6.0338755e-31,0.9952518
9467,0.45235574,0.05994424,0.06655556,0.043599863,0.44864616,0.10501985,0.016312161,0.95886356,0.9100188,0.046305083,3.006636e-39,3.9962206e-08,0.13686801,0.00071585673,0.009713768,0.028856378,0.00016375893,1.9183958e-15,0.011657234,0.027062848,0.004143602,0.9490708,6.0338755e-31,0.003690026
9472,0.09390064,0.05994424,0.0058805165,0.19896893,0.14289953,1.0923413e-08,2.2611696e-06,1.0,0.2662358,0.046305083,3.006636e-39,0.00018149456,0.08081178,2.2569795e-05,0.025310837,4.5553608e-07,0.0003603787,1.0,0.012423,0.02206737,3.871091e-06,1.0,5.669137e-26,3.5951217e-10
9474,0.2455108,0.05994424,0.0039184326,0.07009746,0.03616499,3.954473e-07,0.0926618,9.893742e-19,0.0069186734,0.046305083,4.5124298e-07,1.0,0.07631681,2.9321006e-09,0.0074647334,8.646065e-06,0.00043784434,3.006636e-39,0.011657234,0.028815605,0.99968874,0.85946107,1.0,0.9974638
9476,1.0,1.0,0.27464548,0.00051084167,0.00055572327,0.41057155,1.7581165e-23,0.9816201,0.10870308,0.1314709,3.1035535e-18,1.0,0.13686801,1.621403e-11,0.16246773,0.9524756,0.0003004032,1.0,0.99993384,1.3562006e-12,1.7979279e-09,0.99987423,1.0,0.99999285
9477,0.09390064,0.10609732,0.19295597,5.5941973e-10,0.011417376,0.50130194,3.56255e-24,0.0018941126,0.2471739,0.046305083,6.9453693e-13,1.0852949e-08,0.07631681,5.257982e-06,0.08538802,1.0,0.0010841272,9.272135e-06,0.15428965,1.0731444e-07,1.7152707e-13,1.0,1.8131617e-18,1.581102e-05
9479,0.09390064,0.10609732,0.10732896,0.00016575657,0.00306492,4.6577833e-07,1.7719799e-23,1.0,0.10870308,0.046305083,1.0,3.5811742e-10,0.07631681,1.3725297e-06,0.45746595,1.0,0.00026209932,1.0,0.035931535,7.003796e-13,1.0194199e-15,1.0,0.0016666568,2.7412844e-07
9484,0.09390064,0.05994424,0.0059091165,0.26149118,0.44864616,0.10501985,0.1584589,8.557968e-06,0.2662358,0.046305083,1.4434029e-32,0.0021039026,0.07631681,0.015294579,0.00019724746,0.0013869064,0.00016375893,2.3009756e-09,0.011657234,0.027062848,0.00030317192,2.0230188e-13,6.0338755e-31,1.650181e-05
9492,0.59604037,0.46084678,0.5479175,0.97950166,0.1358977,0.011985963,0.1584589,3.463113e-16,0.080726214,0.6059522,5.864161e-12,0.0031847109,0.1749142,3.8318685e-05,0.00028664956,5.704571e-12,0.0067233457,4.9408334e-15,0.028777288,0.33715072,8.1159735e-05,7.1996305e-06,3.106166e-10,0.9930519
9494,0.6375568,0.10609732,6.786176e-05,3.773114e-05,0.003985818,3.829666e-22,1.4849508e-23,1.0,0.054282483,0.046305083,1.0,2.722241e-11,0.2081817,5.7377828e-25,0.0011375498,1.0,0.0004916874,1.0,0.03261185,1.3042255e-12,1.5160384e-13,6.6823385e-14,1.1013433e-06,0.012352518
9495,0.44697106,0.46084678,0.9996227,0.00032129037,0.67629886,1.0,0.1584589,4.5728407e-10,0.88829666,0.920127,1.0509696e-15,1.4286238e-06,0.6410555,4.7412675e-05,4.1170628e-07,0.09431199,0.00019444495,2.0523995e-22,0.03779956,0.00067187496,4.7136546e-17,0.97638434,6.0338755e-31,1.783705e-09
9501,0.13582136,0.05994424,0.0090064285,0.21574031,0.026710972,1.0,0.9999962,1.0,0.0042371973,0.046305083,1.0,0.0005707369,0.37135705,2.7146702e-06,1.5338314e-07,1.0,0.00020162147,2.9258016e-26,0.03779956,0.28606957,2.3466719e-06,5.8172063e-06,2.2864113e-13,0.0002142913
9503,0.17665558,0.05994424,0.009744778,0.06870721,0.44864616,0.10501985,0.1584589,0.3784997,0.2662358,0.046305083,9.141677e-32,5.4774813e-05,0.07631681,0.011198658,0.036945645,1.587429e-16,0.00030897695,9.7036074e-14,0.0016283505,0.08290229,0.0018799244,3.6285935e-06,6.0338755e-31,0.041149523
9504,0.13582136,0.05994424,0.0053358353,0.6586788,0.026710972,0.9999629,0.022481032,1.0,0.005400416,0.046305083,0.997177,3.3407745e-09,0.13686801,2.0953743e-05,5.241738e-07,1.0,0.00020689992,2.0068432e-24,0.011657234,0.0010931086,9.0588536e-08,0.91971195,3.9021664e-12,0.05998005
9506,0.09390064,0.05994424,0.012793439,0.99999976,0.6258748,1.0,0.018350748,1.0,0.4199852,0.046305083,6.553371e-20,2.159682e-10,0.07631681,0.00015279718,0.0006010139,9.557641e-12,0.00036383801,2.2173165e-10,0.054583166,0.012574294,9.467739e-08,1.0,8.381589e-30,4.604789e-13
9510,0.09390064,0.05994424,0.18817034,0.017362464,0.44864616,0.57808626,0.1584589,0.3784997,0.2662358,0.046305083,9.141677e-32,0.0056877593,0.07631681,0.003274193,0.18592228,0.023544364,0.00016375893,7.862828e-09,0.011657234,0.027062848,0.28040326,0.8040082,6.0338755e-31,0.0025105642
9513,0.11815516,0.10609732,0.20882177,2.3650804e-10,0.0023287772,1.0,3.137432e-25,0.01204291,0.096858494,0.046305083,8.4495793e-16,7.155132e-09,0.13686801,3.7907473e-08,0.0067122984,1.0,0.00038509906,4.08193e-16,0.26524475,3.8953812e-10,1.6469188e-13,8.313744e-08,2.1906059e-18,0.00012754762
9516,0.15838231,0.13655955,0.0004248281,0.07436459,0.25192785,1.8919595e-08,0.06762729,1.0,0.56582433,0.046305083,2.8626578e-22,1.2651727e-05,0.13686801,3.0532128e-06,0.17955397,2.6740752e-13,0.00019582067,1.0,0.0019824235,6.9393455e-09,0.00038207165,2.258088e-29,1.6570894e-29,0.005068919
9521,0.09390064,0.31249872,1.7724874e-07,0.0009812191,0.0026864838,7.9253914e-16,2.0147987e-23,1.0,0.6555615,0.081119955,1.0,3.198809e-12,0.09646739,1.9099215e-08,0.015508066,1.0,0.004491933,1.0,0.9744391,1.295229e-12,3.1515832e-12,2.3546914e-10,0.0015509275,7.222107e-05
9524,0.09390064,0.10609732,0.8645274,1.0394813e-10,0.010827831,0.988366,4.3330766e-23,1.0,0.3775124,0.046305083,3.965102e-14,2.955101e-14,0.07631681,6.189242e-08,0.0047522713,0.94315314,0.007298831,0.08605788,0.12044291,6.1399497e-13,9.1561e-15,0.9260979,1.1975167e-19,2.426664e-07
9530,0.56229216,0.10609732,0.5527436,3.723862e-09,0.06933292,1.0,3.8986717e-26,1.0,0.056746874,0.046305083,0.9360397,4.2254168e-08,0.1839583,3.3622824e-22,0.031218318,1.0,0.00020411126,2.865024e-25,0.035931535,2.2170545e-10,7.071414e-11,1.0,3.447567e-08,5.3050786e-07
9533,0.13582136,0.05994424,0.0068483423,0.05684143,0.17677584,0.035142146,0.039466906,1.0,0.004391559,0.046305083,1.9222408e-12,4.446828e-05,0.07631681,0.0025432862,0.00022338271,3.096737e-07,0.00023657863,0.9999783,0.0025632665,5.3383214e-08,0.00037808207,4.9883698e-11,2.5296902e-11,0.005268606
9539,0.09390064,0.05994424,0.039039027,0.008963676,0.5850943,0.00094586506,0.015786901,1.0,0.2662358,0.046305083,3.006636e-39,9.478655e-15,0.13686801,0.0016657249,0.54096997,2.1013086e-17,0.0002970893,1.0,0.0025632665,4.4492964e-12,5.331908e-09,1.5477335e-09,5.9308445e-30,9.704959e-05
9540,0.09390064,0.10609732,1.9823496e-05,0.004585537,0.0034939374,1.1626583e-19,2.0171366e-23,1.0,0.14479572,0.046305083,2.8361939e-08,2.4592046e-14,0.07631681,9.377286e-08,0.961812,1.0,0.000652117,1.0,0.024655819,2.608187e-13,9.573166e-16,2.4847435e-19,0.9998282,7.3571405e-06
9547,0.09390064,0.05994424,0.637005,0.26149118,0.44864616,0.47937214,0.20706835,0.08279904,0.48461762,0.046305083,4.846221e-34,0.0021039026,0.07631681,2.7660126e-05,0.006130043,5.7366555e-07,0.00022373887,2.3009756e-09,0.054583166,0.3391742,1.5755297e-05,0.6875265,6.0338755e-31,3.0406757e-11
9550,0.9269645,0.2792026,0.7172666,0.0013886126,0.008728209,0.14412136,0.113452956,1.9915163e-11,0.007126215,0.12672092,0.00074449735,4.6779158e-05,0.21998604,2.3031774e-07,9.573516e-06,1.0,0.0005376875,1.5318077e-23,0.99984944,1.1052896e-07,1.0,7.7424985e-26,6.297815e-14,0.0038852035
9551,0.17583634,0.10609732,0.0653534,3.91622e-09,0.012251064,1.0,3.56255e-24,1.0,0.056746874,0.046305083,0.9999999,8.118887e-10,0.07631681,2.8071803e-08,0.071950085,6.213707e-05,0.00021918798,3.83746e-11,0.053770196,1.19258186e-08,1.0,1.0,4.1763895e-15,4.5917062e-08
9554,0.13582136,0.05994424,1.7888826e-05,0.21574031,0.18106374,4.622988e-09,0.019863704,0.99710566,0.0046493006,0.046305083,7.18171e-05,8.398915e-05,0.07631681,0.0003515688,0.032177404,0.0010779261,0.00016375893,1.0,0.0019824235,0.0003168677,1.378151e-09,8.75012e-15,3.9021664e-12,0.16856259
9555,0.17665558,0.05994424,0.016623529,6.4649576e-05,0.44864616,0.57808626,0.1584589,0.31274727,0.2662358,0.046305083,1.2778607e-12,0.00062557025,0.44298235,0.011198658,0.00023951712,2.3427113e-11,0.0006873997,2.3009756e-09,0.52366096,0.033983164,5.516842e-06,0.55790246,6.0338755e-31,9.205934e-08
9556,0.09390064,0.24483262,0.2575806,0.0072835446,0.40084127,1.0985403e-06,0.09830792,9.135952e-26,0.98527235,1.0,8.3063806e-29,1.6979423e-06,0.1749142,0.0019207041,1.0,2.6264859e-06,0.00016375893,1.2636413e-11,0.011657234,0.003592462,0.87932295,1.0,8.414572e-26,8.477376e-05
9561,0.19071423,0.05994424,0.017672032,0.01352198,0.6310193,6.6267404e-08,0.1584589,0.22649832,0.2662358,0.046305083,6.06544e-33,0.00023215343,0.07631681,0.007842105,0.0041446215,3.2634795e-20,0.00020134791,2.9596215e-20,0.011657234,0.20818159,0.031790536,1.4950987e-13,6.0338755e-31,0.9938939
9565,0.09390064,0.5225972,0.9995382,1.6654207e-09,0.010264092,0.99183637,3.5368608e-25,1.0183484e-20,0.9865405,0.5830637,2.0952035e-15,8.3525936e-11,0.07631681,6.038988e-08,0.70829487,2.0924493e-10,0.0012983542,0.99999535,0.95502734,6.649619e-12,4.8285864e-09,1.0,7.280429e-18,1.2762285e-06
9570,0.74634683,0.10609732,0.007650101,7.885491e-09,0.0032429688,0.99387383,3.9297757e-25,3.006636e-39,0.10368012,0.046305083,0.0012455728,4.9763395e-11,0.12317237,4.0734203e-09,0.00090876495,1.0,0.008131871,1.0,0.3169153,2.090351e-10,9.544543e-16,1.0,0.75341487,1.2134674e-06
9575,0.09390064,0.73306596,0.042289913,0.72447217,0.66333956,0.053447388,0.019863704,1.0,0.6660548,0.30965918,3.4435337e-18,0.0001165359,0.07631681,0.03716945,0.16613457,0.00027955213,0.00016375893,1.0,0.0019824235,0.0007234348,0.00012313516,4.6139976e-05,6.0338755e-31,1.3045179e-05
9576,0.13582136,0.05994424,0.540386,0.9999949,0.18106374,0.9995022,0.1584589,1.0,0.20125394,1.0,9.262851e-25,0.0023077081,0.07631681,1.8939087e-05,2.3049815e-05,2.1780808e-08,0.00016375893,2.028159e-34,0.011657234,3.3989443e-07,2.1258852e-08,5.2326454e-06,2.2864113e-13,0.9761776
9580,0.48398104,0.17572631,0.12767501,8.305546e-09,0.0023782935,0.0015242514,3.56255e-24,1.0,0.16640143,0.046305083,1.00515884e-16,1.0,0.07631681,0.000115487295,0.032141946,1.0,0.00029457547,3.3033126e-14,0.035931535,2.50084e-10,8.5748645e-13,0.99999976,1.0,0.00033081122
9588,0.09390064,0.05994424,0.012176019,0.03685617,0.44864616,0.10501985,0.1584589,3.9378996e-05,0.2662358,0.046305083,1.3170467e-35,0.0004980222,0.07631681,0.0013227382,0.016963953,0.0013869064,0.00017858997,2.3009756e-09,0.011657234,0.041096326,2.6624305e-06,0.72955346,6.0338755e-31,0.00044780393
9595,0.34981948,0.17572631,0.9977024,3.9387712e-11,0.013139184,0.9555934,3.5368608e-25,1.0,0.9893204,1.0,1.9167853e-16,2.078175e-17,0.07631681,3.52065e-08,0.0453037,1.0,0.0003639159,8.2885174e-13,0.86447954,2.916366e-13,5.2438576e-10,0.99914455,4.4257577e-16,4.49429e-06
9596,0.16888583,0.10609732,0.006418149,0.0021732645,0.0034522864,1.0,2.4042433e-23,1.0,0.05375699,0.046305083,6.894636e-16,6.131237e-11,0.07631681,5.497583e-06,0.31780672,0.99999976,0.00061554986,0.9974262,0.035931535,3.7572744e-12,1.783638e-08,0.9999646,0.13303481,8.48108e-07
9600,0.09390064,0.05994424,0.012176019,0.23684962,0.44864616,0.10501985,1.0,0.08880524,0.2662358,0.046305083,1.4052994e-33,0.018759353,0.07631681,0.29680142,0.006130043,0.0013869064,0.07654155,2.3009756e-09,0.011657234,0.04238213,0.004143602,0.6875265,2.5549659e-28,0.0025105642
9603,0.09390064,0.05994424,0.74507123,0.005883494,0.44864616,6.04178e-22,0.018350748,3.2311452e-06,0.7265103,0.40228117,1.2854513e-38,8.723471e-08,0.14227797,0.0003130256,7.705305e-06,3.309498e-11,0.00030188062,0.00022785357,0.054583166,0.008353806,0.25804338,3.7098907e-08,2.2981144e-29,4.46486e-13
9607,0.13582136,0.05994424,0.022576785,1.1221714e-06,0.4254704,0.12153767,0.1584589,1.0,0.0046493006,0.046305083,1.3702596e-08,1.9226219e-16,0.07631681,1.0182138e-05,0.263106,1.8693113e-08,0.0003428578,0.99967897,0.011657234,3.6171735e-10,1.6458943e-14,9.722889e-15,3.9021664e-12,0.17350519
9610,0.2255608,0.05994424,0.00010968657,2.3751742e-05,0.7332575,0.0638893,0.00025474955,0.7595978,0.2662358,0.046305083,0.99999607,2.687174e-07,0.07631681,1.5103272e-05,0.12193515,1.2347955e-05,0.00030622294,1.0,0.0019824235,0.002461139,4.8047994e-05,2.0763605e-07,6.0338755e-31,0.008538527
9619,0.16888583,0.10609732,0.009173644,6.3673666e-09,0.0031282369,1.0,4.9557564e-26,7.172245e-15,0.066007785,0.046305083,0.9977963,2.2827326e-10,0.07631681,7.432461e-07,0.15067458,1.0,0.00041690943,1.0,0.035931535,5.0851784e-10,5.5936426e-14,1.0,0.9467426,6.6947194e-07
9633,0.09390064,0.05994424,0.008369132,0.01730153,0.44864616,0.102555774,6.7906267e-06,1.0,0.2662358,0.046305083,1.3640505e-31,1.22241345e-05,0.17006275,0.00031525653,0.00010577637,5.0869798e-11,0.00043548376,2.251495e-18,0.011657234,0.027062848,5.8625424e-11,0.6875265,2.016815e-29,0.00013496728
9637,0.5529831,0.05994424,5.9241836e-07,3.4938254e-05,0.025588727,1.0,0.0020563675,1.9302038e-33,0.0042371973,0.046305083,1.0,2.6068667e-06,0.71177393,1.1123034e-24,0.0009110529,1.0,0.00024170753,3.006636e-39,0.03622963,0.00014308376,7.0298164e-08,1.0,6.0338755e-31,0.0002442591
9638,0.8946749,0.24483262,0.03858973,0.0012210069,0.063874334,1.0,0.00018143833,1.0,0.33727366,0.5006048,1.0,2.4263836e-05,0.5260892,3.4479477e-27,1.493008e-08,0.7118846,0.00016375893,3.006636e-39,0.011657234,0.06942257,0.5035502,1.0,6.0338755e-31,1.1811106e-05
9639,0.09390064,0.05994424,1.0096822e-05,0.027899021,0.44864616,0.10501985,0.1584589,1.20152945e-08,0.9901771,0.046305083,1.2590479e-12,1.1039554e-05,0.07631681,0.015294579,0.0014066938,0.0013869064,0.00020356434,2.1940408e-20,0.0016283505,0.0057995045,0.7406812,0.6875265,6.0338755e-31,0.0025105642
9643,0.13777927,0.05994424,2.3286202e-07,0.15989393,0.15951541,1.0,0.02285768,1.0,0.14585476,0.046305083,1.0,0.0021039026,0.07631681,0.0025857512,3.3849321e-06,1.3144766e-07,0.00041017486,3.5382183e-28,0.0025632665,6.0366676e-07,0.14201692,0.9994073,1.2709429e-27,3.1186897e-07
9645,0.09390064,0.05994424,0.017549297,0.08642134,0.6018863,0.10501985,0.0031138612,3.006636e-39,0.3350658,0.046305083,4.983534e-39,4.9814527e-05,0.12317237,0.0015117279,0.0042400104,9.9264405e-08,0.00047619917,2.061701e-08,0.11321873,0.060149312,1.0,3.2444405e-11,2.2606795e-24,1.1850689e-07
9647,0.43052813,0.05994424,0.008673418,0.27397776,0.44864616,0.9215353,0.998836,0.31274727,0.2662358,0.046305083,2.5093432e-15,0.0080826925,0.07631681,0.11527103,0.0001504348,0.00025501446,0.00051449693,4.6915346e-14,0.011657234,0.27553195,6.588118e-07,0.9178602,6.0338755e-31,0.0069272663
9650,0.37568435,0.05994424,0.036057945,0.01352198,0.44864616,0.03710878,0.1584589,1.1094573e-06,0.2662358,0.046305083,9.141677e-32,0.0010485782,0.07631681,0.001058746,0.006130043,0.0013869064,0.0028662619,1.2143475e-10,0.028777288,0.42362592,0.008921096,0.6875265,6.0338755e-31,0.010225054
9651,0.3701623,0.05994424,3.8729817e-07,0.042200025,0.37068152,5.486284e-07,0.00023062211,1.0,0.008717893,0.046305083,9.021419e-08,1.5821839e-09,0.19388974,0.7442797,2.7561859e-05,0.72647536,0.0002745978,8.185679e-12,0.011657234,1.4516264e-05,5.06802e-10,8.546327e-07,1.1181412e-15,0.99999976
9653,0.09390064,0.05994424,0.0073523596,0.10955753,0.18390536,1.7878901e-10,7.710212e-05,6.968798e-18,0.37259588,0.046305083,4.997114e-14,1.0,0.07631681,0.00017708757,4.8898924e-06,6.673515e-13,0.00020021267,0.0009953475,0.011657234,3.6171735e-10,7.269801e-07,7.073949e-19,1.0,0.98896176
9655,0.09390064,0.05994424,0.012176019,0.01352198,0.44864616,0.10501985,1.0,1.0,0.2662358,0.046305083,8.788945e-33,0.0012731447,0.07631681,0.11115766,0.00067779666,0.0013869064,0.018028669,2.3009756e-09,0.011657234,0.003664032,0.004143602,0.6875265,6.0338755e-31,1.650181e-05
9660,1.0,1.0,0.0056712986,0.0052318186,0.0012570944,1.0,1.6485888e-23,1.0,0.14540127,0.046305083,0.018310927,4.571868e-12,0.27923587,7.3995294e-09,0.0019845548,1.0,0.0003239571,1.0,0.03261185,1.8326412e-12,1.0,6.1582226e-28,0.9933094,7.656768e-06
9662,0.09390064,0.32243612,0.8728137,1.0310201e-10,0.10171125,1.0,2.0074158e-05,5.6025012e-30,0.99726486,0.57735074,1.0,2.5011365e-13,0.25657883,6.241633e-06,4.802728e-07,1.0,0.0014307853,4.5235285e-23,0.028777288,4.1484388e-10,6.905122e-13,1.0,2.2458944e-32,0.023391759
9663,0.09390064,0.10609732,0.017126027,2.487249e-10,0.011417376,0.6817539,3.7992354e-24,0.016158482,0.10870308,0.046305083,3.017137e-09,2.7883965e-08,0.07631681,1.2860149e-06,0.006469969,0.9997391,0.00020411126,2.641025e-14,1.0,3.0013683e-10,1.0,0.99991286,6.187261e-19,7.803562e-05
9665,0.5929794,0.10609732,0.002033995,7.282271e-12,0.067755416,1.0,3.8986717e-26,1.0,0.07278734,0.046305083,1.0,1.3436559e-09,0.73307943,2.3111493e-24,5.445742e-05,1.0,0.0007473614,1.0,1.0,6.922367e-10,6.0092025e-17,1.0,1.175358e-20,1.86707e-06
9670,0.13582136,0.05994424,3.2090745e-06,0.6570348,0.18106374,0.043020368,0.1584589,3.8203445e-28,0.00401448,0.046305083,0.999902,0.00011063902,0.07631681,0.00089401915,3.5066284e-06,1.0666881e-10,0.00024507113,6.4029877e-32,0.011657234,0.011284216,2.5836108e-08,0.37058637,3.6809198e-13,1.0
9674,0.5529831,0.05994424,0.00021385797,0.2372325,0.0024379825,1.0,0.019226326,1.0,0.13688383,0.046305083,0.99984777,0.00041761724,0.35768265,3.8279235e-24,1.1736104e-07,1.6704853e-09,0.00033574854,1.0,0.006572451,5.04561e-07,1.0740094e-05,1.0,1.2709429e-27,2.4417284e-06
9676,0.09390064,0.05994424,0.0058805165,0.061394624,0.15951541,0.00094586506,1.0,1.0,0.2662358,0.046305083,4.2059523e-37,0.0021039026,0.07631681,0.26030245,0.0021279156,4.9173387e-08,0.018028669,6.662079e-10,0.0025632665,3.8068075e-07,0.01824969,0.026472932,4.364887e-27,0.00076506956
9685,0.5529831,0.05994424,0.00088959886,0.0045848014,0.01924156,0.0063427608,0.011598362,1.6807581e-23,0.98731065,1.0,3.6449954e-05,5.701454e-14,0.1839583,2.1574693e-23,0.0026483447,3.767589e-11,0.00016375893,1.0,0.0074105235,9.632318e-10,0.00010715054,1.0,2.2458944e-32,0.7810766
9686,0.09390064,0.05994424,0.042411324,0.0033004044,0.7513653,0.10501985,0.1584589,1.0,0.52219325,0.046305083,2.63417e-35,1.6074216e-09,0.07631681,0.0028439483,0.009170909,6.7079713e-13,0.00028061625,0.8450447,0.011657234,4.0934814e-10,0.13057287,1.8356403e-11,6.0338755e-31,0.004403147
9687,0.09390064,0.79249614,0.7365455,0.0065061683,0.44864616,0.10501985,0.016312161,1.5130823e-33,1.0,0.046305083,3.006636e-39,2.9905546e-05,0.13686801,3.9341788e-07,0.07354726,0.028856378,0.004491933,3.724801e-16,0.028777288,0.6110462,1.0116677e-08,1.0,2.2606795e-24,0.0011846088
9689,1.0,1.0,0.0050011454,0.01352198,0.7706791,0.9999981,0.1584589,9.7321844e-26,0.2662358,0.046305083,1.16354685e-32,0.0021039026,0.07631681,0.06113485,1.0423372e-06,7.9706047e-07,0.00018132642,8.557726e-24,0.011657234,0.00034001088,0.0001217544,6.345514e-22,6.0338755e-31,0.0025105642
9691,0.09390064,0.05994424,0.0034683775,0.98949486,0.44864616,0.0047160545,0.018350748,0.98162866,0.2662358,0.046305083,3.6695477e-29,1.2361026e-08,0.09646739,0.034914564,2.406749e-05,3.8794207e-12,0.0004541287,3.4352068e-23,0.011657234,0.00041308725,5.3866795e-08,0.0009778516,2.4422514e-32,2.729975e-06
9692,1.0,1.0,0.0032225624,0.17751278,0.18106374,1.0,0.1584589,1.0,0.0043902476,0.046305083,1.2975014e-12,4.8241745e-05,0.07631681,0.00038804708,2.4483877e-06,0.0053309253,0.00016375893,8.615756e-08,0.011657234,0.007219604,3.1173354e-06,7.306703e-05,1.7302781e-16,0.0057699927
9693,0.5529831,0.05994424,0.38196588,0.09049971,0.0018953227,1.0,0.02285768,1.0,0.0042371973,0.046305083,0.9999888,6.765486e-05,0.1839583,9.159731e-23,5.029919e-07,1.0,0.00021682607,2.4462192e-28,0.0084867235,9.0177355e-07,1.5736588e-05,1.0,4.364887e-27,0.011809498
9698,0.09390064,0.05994424,0.0040959595,0.107026406,0.65847564,2.2004654e-09,0.009510287,1.0,0.3350658,0.046305083,8.19662e-37,8.494007e-18,0.2585178,0.2603405,1.0,1.10477485e-08,0.005454999,2.1964906e-06,0.0040805847,7.0806766e-10,0.06936854,1.3420473e-07,2.2458944e-32,0.0062184655
9703,0.09390064,0.05994424,0.040485352,0.0076631326,0.44864616,0.0037705598,0.018350748,2.2312945e-11,0.59347665,0.046305083,1.939153e-36,7.8598094e-07,0.07631681,0.02942358,7.340071e-05,1.447081e-12,0.00036158625,1.0,0.011657234,0.0024026588,0.0010098154,6.306268e-17,2.4422514e-32,0.037193246
9708,0.09390064,0.05994424,0.0050379056,0.0032256702,0.44864616,0.002905349,0.018350748,0.3784997,0.2662358,0.046305083,7.3343197e-31,2.2706182e-07,0.09646739,0.00073970185,0.00032732394,0.005281431,0.00022095728,1.0,0.011657234,0.00011822511,3.5089077e-05,0.05336231,2.4422514e-32,0.013011577
9719,0.6248135,0.05994424,9.798058e-05,0.0016534439,0.26618895,0.9996611,0.00018143833,0.009678691,0.0069186734,0.046305083,0.99999964,1.7589071e-09,0.80618876,4.4172296e-28,0.00027266,0.00017583021,0.00021734415,1.0,0.0019824235,0.8693838,7.752427e-19,0.9999913,5.2525614e-12,0.99936587
9721,1.0,1.0,1.0,1.2115586e-08,0.574614,5.4878396e-06,0.018350748,0.99997365,0.99995816,1.0,7.612852e-24,1.4856545e-14,0.29854968,1.2799686e-05,0.015045214,1.7432731e-20,0.0004143649,1.0,0.081721306,7.380483e-10,0.005947034,4.0182403e-08,8.610221e-23,5.42562e-10
9725,0.56229216,0.10609732,0.05075637,5.8451616e-10,0.8908096,1.0,5.942429e-26,3.006636e-39,0.24148388,0.046305083,1.0,6.2525436e-12,0.22558899,6.5706005e-25,0.00030248796,1.7634195e-05,0.0003080081,9.254933e-34,0.035931535,9.509133e-11,6.3114194e-09,0.99751234,8.983273e-07,8.2836536e-08
9729,0.09390064,0.05994424,0.012969294,0.6207064,0.14560603,0.00094586506,0.0373152,1.0,0.99483806,0.046305083,4.23e-33,1.1782796e-06,0.07631681,0.056631375,0.00022776429,6.116131e-20,0.00026601157,0.0001081743,0.0025632665,1.0258739e-06,8.481885e-06,1.3969104e-07,4.364887e-27,0.0010356051
9733,0.09390064,0.10609732,0.0020367778,6.074135e-10,0.002795355,1.0,3.4185623e-25,1.0,0.049966626,0.046305083,1.0,1.9670524e-12,0.13686801,3.760758e-09,0.90069497,1.0,0.00036112152,3.710999e-07,0.035931535,6.044364e-10,0.003578962,1.0,1.8263424e-20,0.9984604
9737,0.09390064,0.05994424,0.021521578,0.20141578,0.5481135,1.0,0.00027500946,0.99999964,0.13688383,0.046305083,2.428702e-09,2.3701037e-12,1.0,1.615043e-07,3.4116943e-07,0.00037802567,0.00070160854,4.457725e-11,0.03622963,3.6171735e-10,4.1300726e-05,0.0003591779,1.7845207e-25,5.568929e-07
9738,0.76668835,0.05994424,0.00704408,0.00018478633,0.09236012,1.0,0.00018143833,1.0,0.15280591,0.046305083,0.00087496894,2.3808507e-12,0.35859588,3.2068743e-26,3.356828e-07,3.2475644e-09,0.00016375893,1.2971252e-31,0.011657234,6.0038474e-11,0.00019421149,1.0,6.0338755e-31,0.09166256
9739,0.13582136,0.05994424,5.1725834e-07,0.050504338,0.18106374,1.2623484e-10,0.20706835,1.0,0.0046493006,0.046305083,2.2349947e-12,2.7672226e-07,0.07631681,0.98927665,1.0,0.00032553918,0.00020689992,1.2609435e-05,0.011657234,0.0005638997,1.2686688e-08,0.027200544,3.9021664e-12,0.046529733
9741,0.09390064,0.05994424,1.4077672e-07,0.01352198,0.44864616,3.8706314e-09,0.1584589,1.0,0.3188103,0.046305083,6.961699e-12,7.473842e-07,0.07631681,0.025147002,3.850645e-07,3.8247827e-18,0.00019444495,2.7219348e-37,0.011657234,0.0005216423,0.00011589857,0.9991468,6.0338755e-31,0.9997632
9745,0.09390064,0.32169214,0.7100674,0.01352198,0.44864616,0.10501985,0.1584589,0.3784997,0.8504886,0.046305083,9.141677e-32,0.0021039026,0.07631681,0.015294579,0.006130043,0.0013869064,0.00016375893,2.3009756e-09,0.011657234,0.0977731,0.004143602,0.4900495,6.0338755e-31,0.0025105642
9747,0.09390064,0.05994424,0.0094088465,0.0033004044,0.21803539,0.10501985,0.016312161,1.0,0.2662358,0.046305083,6.182905e-31,1.0,0.13686801,1.9038175e-09,0.028143607,9.263916e-13,0.00016375893,0.92343396,0.011657234,3.6171735e-10,0.00019421149,3.5725273e-23,1.0,0.7302246
9750,0.13582136,0.05994424,0.45379585,0.02018111,0.19184288,1.0277275e-05,0.9999653,1.0,0.636163,0.046305083,9.577331e-16,4.1552203e-06,0.07631681,9.1208e-08,0.0013904276,5.103572e-07,0.00025461917,2.1371554e-15,0.6125416,0.09279362,1.0,0.9523715,1.3960555e-11,1.0916038e-06
9752,0.09390064,0.05994424,0.012176019,0.0025217468,0.44864616,0.10501985,0.1584589,0.3784997,0.2662358,0.046305083,4.599983e-11,0.0006087062,0.09646739,1.0,0.00028476436,0.0013869064,0.00016375893,2.3009756e-09,0.011657234,0.38804293,2.3864468e-05,3.9114884e-06,6.0338755e-31,0.0041315677
9754,0.91660583,0.35787708,0.87872934,1.0075488e-08,0.08069862,1.0,3.3072865e-24,3.006636e-39,0.71468437,1.0,0.9972072,2.459187e-07,0.33536997,2.7469904e-22,0.14046374,1.0,0.00029457547,3.006636e-39,0.035931535,5.8432215e-10,1.6677877e-14,1.0,0.5888355,2.404116e-06
9760,0.09390064,0.05994424,0.00071555417,0.022742447,0.5024368,1.0,0.005378414,1.0,0.13953175,0.046305083,1.0,1.7430669e-09,0.07631681,1.6476165e-06,3.9846253e-07,7.4881366e-13,0.0003609985,5.9674376e-19,0.011657234,0.0006325627,8.793021e-06,1.0,2.2458944e-32,8.9742415e-12
9762,0.09390064,0.05994424,0.027191807,2.9025338e-07,0.66333956,0.99999726,0.1584589,1.8486579e-15,0.2662358,0.046305083,1.7169388e-37,0.0005614785,1.0,0.11178837,2.255766e-05,0.0065727965,0.00048703657,2.3009756e-09,0.03779956,0.027062848,5.4246494e-13,0.000294537,4.762982e-32,0.0006732659
9765,0.09390064,0.05994424,0.5112722,0.01352198,0.44864616,1.0,0.1584589,4.908314e-12,0.6245587,0.046305083,3.9398243e-29,0.013085581,0.07631681,1.4920357e-05,0.008370196,9.959616e-06,0.00022373887,2.3009756e-09,0.054583166,0.027062848,0.0150741,2.379828e-13,2.0707957e-28,3.0406757e-11
9766,0.09390064,0.10609732,0.0011086077,2.7543012e-09,0.011417376,0.8361854,3.137432e-25,1.0,0.10870308,0.046305083,1.0,5.1862403e-12,0.6378567,1.1932402e-06,0.004562039,1.0,0.00027540012,1.0,0.097018756,3.1847387e-09,2.942817e-10,1.9599614e-21,1.493181e-24,6.946551e-05
9772,0.13582136,0.05994424,0.0027845441,0.3839076,0.1538164,1.5693415e-06,0.09830792,0.99999845,0.0046493006,0.046305083,1.0722565e-26,0.0008505936,0.07631681,0.00021432665,1.2122068e-05,5.0665644e-06,0.00040400136,6.93796e-23,0.011657234,0.003592462,6.9228755e-12,0.59483796,9.691954e-14,0.012455124
9778,0.96472377,0.05994424,0.0035192273,0.00017705651,0.0016158021,0.9999999,0.0020563675,1.0,0.2662358,0.046305083,2.5172456e-05,1.0,0.2081817,8.742293e-27,9.123828e-05,0.9863956,0.00019444495,6.361871e-38,0.03779956,0.0003989118,1.8503761e-11,1.0,1.0,0.0008861075
9786,0.09390064,0.05994424,0.009123456,0.33479244,0.44864616,0.00014173155,0.1584589,0.44158572,0.6522179,0.046305083,2.5020977e-30,6.8531995e-07,0.07631681,0.019564698,0.27370325,3.132669e-06,0.00020689992,1.0,0.011657234,0.0013688887,0.010839016,4.733239e-14,2.4422514e-32,0.011531361
9788,0.36940834,0.8828361,0.28952667,6.2570005e-05,0.04158901,0.00063069985,0.048025616,1.0,0.9678018,0.9486825,2.1277565e-18,1.0,0.13686801,8.698333e-12,6.566825e-06,0.9466742,0.0004243216,1.0,0.0064144097,5.63343e-10,3.03742e-07,0.04860996,1.0,0.1593872
9789,0.23330936,0.27770427,0.009356416,3.8705002e-05,0.00055572327,0.99217016,2.0147987e-23,1.0,0.07259323,0.30965918,1.0,1.0,0.07631681,1.33647225e-11,0.003190003,1.0,0.00070544996,1.0,0.048885982,3.7278484e-13,8.850562e-15,0.89595133,1.0,0.26688546
9795,0.48398104,0.10276631,0.046514917,0.0104795145,0.574614,0.04803421,6.7906267e-06,0.0011247724,0.8034048,0.046305083,1.00209005e-20,7.1684595e-14,0.27923587,0.0009503768,0.01967502,1.2986161e-15,0.00020639747,0.06805448,0.011657234,7.413019e-13,4.5065094e-09,1.0,6.0338755e-31,0.17041115
9796,0.09390064,0.05994424,0.30382803,0.0006058774,0.50369036,0.10501985,0.0026124723,4.3755035e-21,0.2662358,0.07617714,3.006636e-39,1.7613592e-06,0.07631681,0.00020166014,0.00017116974,6.5880895e-06,0.00016375893,5.9191374e-11,0.04244934,3.5769594e-07,3.1528629e-09,1.0,6.0338755e-31,0.032430302
9798,1.0,0.05994424,0.0027638855,0.9886727,0.18106374,2.5573292e-05,7.655132e-06,2.02209e-16,0.03712988,0.046305083,8.535336e-15,9.513319e-08,0.15373386,0.0003942573,1.8550154e-05,0.0063212765,0.00057902315,6.191923e-38,0.011657234,6.299766e-05,1.994724e-08,0.0004827018,3.9021664e-12,0.9274262
9811,1.0,1.0,0.99353164,3.195477e-05,0.574614,0.4614908,0.1584589,1.0,0.96909213,0.1314709,9.3578325e-30,1.8773605e-09,0.07631681,4.4136294e-05,0.00586347,4.5600375e-21,0.00022373887,9.56932e-05,0.99461716,6.3553873e-10,8.154773e-06,7.15158e-07,2.0707957e-28,9.954321e-10
9812,0.1233277,0.9224591,0.32487565,0.06870721,0.44864616,0.10501985,0.1584589,1.0,0.5746312,0.046305083,5.167729e-37,2.687174e-07,0.31143272,0.015294579,0.02863229,2.8576038e-05,0.00016375893,2.3009756e-09,1.0,0.027062848,3.178054e-05,0.6875265,6.0338755e-31,0.15342183
9817,0.9999962,0.32243612,0.99981755,0.01352198,0.44864616,0.9091444,0.1584589,1.8623847e-09,0.97999144,0.7178247,3.006636e-39,2.829235e-08,0.1749142,0.0012784043,0.015292202,8.5167994e-07,0.00024803303,9.093927e-16,0.6506595,0.07478936,0.00050954346,0.9096969,2.0707957e-28,4.8724365e-07
9819,0.09390064,0.05994424,0.012176019,0.01352198,0.1438104,0.05084429,0.1584589,0.054634705,0.53353196,0.046305083,3.006636e-39,1.0,0.31839174,1.0181168e-06,0.20879246,1.5201653e-08,0.00016375893,3.349935e-18,0.011657234,0.027062848,0.004143602,2.1773076e-06,1.0,0.006557011
9823,0.37568435,0.10609732,0.8295693,1.4163784e-10,0.005867766,0.119010806,1.2315284e-22,1.0,0.2180781,0.046305083,0.88811475,5.746178e-08,0.07631681,1.8063309e-10,0.0006098517,3.597128e-08,0.00027926124,1.2624118e-06,0.5505572,7.034253e-09,1.0,0.02604157,1.4778463e-17,4.4103188e-09
9827,0.09390064,0.10609732,0.027782146,0.0007107994,0.0027673615,0.9999988,2.0171366e-23,1.10776405e-13,0.21731445,0.046305083,1.0752732e-11,4.1989017e-13,0.07631681,1.8736359e-06,0.91986674,0.00010893742,0.00024407149,1.0,0.019819437,2.9900507e-13,2.2180693e-10,2.0800115e-09,2.2136527e-14,0.001061672
9828,0.09390064,0.10609732,0.017762095,3.1434247e-08,0.011417376,3.5847911e-09,1.0,9.303677e-26,0.10870308,0.046305083,1.3792973e-17,5.2583105e-10,0.07631681,0.00033981111,0.0017593111,0.03051174,0.07654155,0.00028581507,0.035931535,3.5275904e-10,5.9135294e-11,1.0,5.6283e-20,4.3328295e-05
9831,0.09390064,0.05994424,0.0021925045,0.011476476,0.16112357,0.0021982286,0.05428251,0.9999975,0.2662358,0.046305083,6.1603185e-19,1.8316027e-07,0.07631681,0.0011325367,0.007871774,4.4896062e-10,0.00036200084,3.5349943e-09,0.0016357065,3.6448011e-09,6.1407115e-09,2.311768e-15,2.207545e-31,3.323919e-06
9832,0.09390064,0.05994424,0.023543674,0.0039461786,0.5261966,5.2952265e-14,0.42576036,0.8613634,0.2662358,0.046305083,5.0228604e-35,1.1585158e-07,0.07631681,0.0038552594,0.00018909347,7.5447155e-11,0.00016375893,3.399901e-13,0.011657234,2.7374026e-07,0.00045159142,1.0,6.0338755e-31,0.00043468748
9840,0.09390064,0.10609732,5.0744516e-06,3.697144e-10,0.019864775,1.9418658e-06,3.56255e-24,8.7086415e-27,0.054282483,0.046305083,1.0,1.6150793e-10,0.07631681,0.00015907003,0.95865786,1.0,0.00025788002,0.99967325,0.03359453,4.039476e-10,0.9998398,1.0,1.6857039e-21,5.569037e-05
9841,0.09390064,0.05994424,0.008673418,0.031404004,0.44864616,8.478749e-09,0.1584589,0.9999987,0.52219325,0.046305083,2.5202167e-34,0.00023215343,0.07631681,0.0011813083,0.00090069894,7.219177e-13,0.00037490515,7.018026e-16,0.011657234,0.06995697,1.0,1.6701648e-06,6.0338755e-31,0.00058053393
9845,0.09390064,0.18197545,1.0,0.53677195,0.6289888,1.7878901e-10,0.29793566,1.0,0.54019904,0.30965918,2.1848714e-19,1.2211644e-05,0.24536146,0.0025726135,0.003478905,0.0013869064,0.00024498702,4.1406914e-25,0.0016283505,0.0064297626,0.9999938,4.3545993e-09,2.5549659e-28,5.443255e-05
9849,0.54645795,0.10609732,0.9484154,1.9692036e-08,0.8254057,1.0,4.300545e-27,3.006636e-39,0.39426905,0.046305083,0.99993455,2.891177e-13,0.36631542,3.4724004e-23,0.034843046,1.0,0.00093988166,1.0,0.035931535,1.0302958e-08,2.8282975e-11,1.0,0.4184434,4.7335925e-06
9852,0.09390064,0.05994424,0.0102205,0.99744046,0.12289385,1.05413615e-10,1.0,1.0,0.98864913,0.046305083,3.006636e-39,0.0003820624,0.07631681,6.99377e-05,0.3613003,0.9914518,0.023616523,1.0,0.015497587,6.213821e-07,0.9859693,1.0,6.843276e-24,2.0583168e-07
9858,0.13582136,0.05994424,0.00040626834,0.0015002356,0.061446615,1.0,0.019695304,5.9806145e-05,0.006717925,0.046305083,2.4863077e-08,1.3043021e-09,0.07631681,3.2145267e-06,0.0017451141,2.0337393e-05,0.00038151824,1.0,0.0025632665,2.0604529e-10,0.003910458,3.006636e-39,1.5320255e-10,0.010217876
9860,0.09390064,0.10609732,0.024843046,1.1777831e-10,0.011417376,4.908838e-16,4.9557564e-26,1.0,0.17155215,0.046305083,1.7256122e-11,8.05534e-09,0.09646739,1.6888622e-05,0.025281008,0.010658855,0.00020411126,1.3565776e-13,0.035931535,2.2170545e-10,3.497803e-10,0.017675947,3.7916712e-20,0.0004026351
9863,0.13582136,0.05994424,0.00010900922,0.000147043,0.25269708,0.0026419468,0.024321096,1.0,0.212342,0.046305083,0.99999595,2.0865496e-15,0.07631681,1.0,1.0,2.8761253e-06,0.0004547154,1.0,0.0074105235,8.331094e-12,0.93797934,4.1478668e-11,1.5320255e-10,0.0025092557
9865,0.09390064,0.05994424,0.26055843,0.9602883,0.4221894,0.10501985,0.20706835,0.18143271,0.1337816,0.046305083,1.4100523e-32,0.008012741,0.07631681,0.04018474,0.00090684823,1.7274101e-15,0.00023923571,2.3009756e-09,0.011657234,0.4748104,0.043933794,0.6875265,2.5549659e-28,0.00042570435
9872,0.5519461,0.10609732,0.00019246664,1.1935113e-10,0.0026468236,1.0,2.7445264e-24,1.0,0.36806223,0.046305083,1.0,1.1620969e-16,0.16745935,3.2915661e-24,0.3162997,1.0,0.00025879528,1.0,0.021866366,2.3013836e-13,8.83557e-18,1.0,0.14371687,1.0140827e-06
9874,0.71370906,0.5255235,0.0050825365,0.00025035642,0.0027672087,0.9999999,1.38919e-21,1.0,0.14155997,0.43239677,0.9994436,1.5284568e-16,0.07631681,7.589455e-08,0.1230172,0.99991894,0.0005704179,1.0,0.11356017,2.487606e-13,4.4650287e-07,1.0,0.30183002,1.1595885e-06
9879,0.09390064,0.10609732,0.05637566,0.0011687446,0.003095743,1.0,2.4042433e-23,2.5612008e-21,0.10870308,0.046305083,0.9989662,2.3216639e-17,0.09646739,6.4763555e-07,0.88243836,1.0,0.00034034025,1.0,0.14298524,4.8724935e-13,3.0219586e-12,0.99999905,4.230545e-12,1.66439e-07
9880,0.09390064,0.05994424,0.0002022856,3.86149e-07,0.6522658,6.172505e-11,0.073902875,1.0,0.2662358,0.046305083,9.5243585e-08,4.6571856e-13,0.07631681,0.0044986596,0.3691555,2.518863e-14,0.0002285372,1.0,0.0019824235,3.6909132e-11,0.0061333645,1.0,6.0338755e-31,1.2412207e-05
9882,0.13582136,0.05994424,0.003094675,0.31070825,0.07375759,0.9998629,0.02285768,1.0,0.004391559,0.046305083,2.4291177e-10,0.0053179855,0.07631681,0.00026103898,0.021992527,6.607606e-12,0.00030983327,1.0926843e-17,0.0025632665,6.538448e-06,4.51435e-05,7.977507e-11,2.5690713e-11,0.04266303
9888,0.86457855,0.10276631,0.006583251,0.03685617,0.1438104,0.03710878,0.1584589,0.43523112,0.1337816,0.046305083,6.3097334e-32,1.0,0.07631681,0.0013732715,0.0027201313,2.3744629e-18,0.00020296469,9.7036074e-14,0.011657234,0.041922744,1.0,6.6175124e-07,1.0,0.011175733
9891,0.09390064,0.05994424,0.019727398,0.01352198,0.44864616,0.10501985,0.1584589,1.0,0.2662358,0.046305083,3.524599e-28,0.00018355883,0.07631681,0.015294579,0.0036653867,0.0013869064,0.00016375893,9.633868e-07,0.011657234,0.0007234348,0.004143602,0.6875265,6.0338755e-31,0.019143779
9896,1.0,0.05994424,0.00017801991,1.0861833e-06,1.6025991e-05,0.94823635,0.035518482,1.0,0.017524075,0.046305083,0.998486,8.4035755e-06,0.12036289,7.272152e-12,0.0018069432,0.3078311,0.00019444495,3.2088032e-10,0.011657234,1.4479942e-07,3.3668153e-13,1.0,7.658481e-20,0.85518855
9900,0.09390064,0.10609732,0.0017195712,0.00014383598,0.0005029078,1.0,2.4042433e-23,3.6280053e-06,0.059802033,0.046305083,1.0,1.2159983e-09,0.07631681,3.22064e-05,0.060895313,1.0,0.0002721266,5.8626015e-10,0.035931535,7.6283305e-13,1.5338351e-10,1.0,8.0626133e-16,2.0732303e-07
9907,0.16179545,0.05994424,0.012176019,0.01352198,0.44864616,2.7846798e-09,0.1584589,1.248384e-06,0.71087307,0.046305083,6.06544e-33,1.1629598e-08,0.07631681,0.010442829,0.21881917,2.4491676e-11,0.00019444495,2.7636475e-16,0.011657234,0.44582328,0.008921096,0.28068012,6.0338755e-31,0.9999963
9911,0.50743407,0.05994424,0.0069230585,2.4773884e-05,0.4221894,0.0025053858,0.35481817,1.0,0.16469246,0.046305083,1.8725621e-38,0.0019834992,1.0,1.4114345e-07,0.16464044,0.21129254,0.00048205623,3.319646e-14,0.08982352,7.624995e-05,9.3866034e-17,0.35924187,2.2606795e-24,0.0002541077
9912,1.0,0.10609732,0.00037786012,5.2165393e-07,0.02529743,9.711387e-17,4.300545e-27,8.474046e-39,0.07374902,0.046305083,1.0,1.6305432e-10,0.31321046,2.0595522e-22,0.0067185834,1.0,0.0005125898,1.0,0.035931535,8.4696455e-10,4.076486e-15,1.0,7.275047e-17,2.5964735e-05
9914,0.5033358,0.05994424,0.04289079,0.20487179,0.23983854,1.0,0.0031138612,8.003723e-06,0.011990656,0.046305083,0.7524164,3.0467743e-13,0.07631681,3.7510995e-06,0.00046673414,1.0,0.00016375893,2.5967384e-26,0.011657234,1.1918353e-09,0.00046226528,0.41506997,2.2606795e-24,0.98255956
9916,0.13582136,0.05994424,0.016400516,0.017802982,0.17677584,0.007535175,0.015786901,1.0,0.018515803,0.046305083,3.006636e-39,5.074713e-06,0.13686801,8.639229e-07,0.1515303,0.006451455,0.00021587119,1.0,0.0025632665,1.9680097e-06,2.2646414e-09,0.9948953,8.337646e-15,0.5766614
9921,0.7273005,0.17572631,0.046238467,2.3650804e-10,0.0050661815,0.999998,3.56255e-24,1.6340629e-23,0.10870308,0.046305083,1.4176998e-14,1.0,0.07631681,2.211063e-09,0.017400855,1.0,0.00020411126,0.00012603815,0.76812154,3.2637634e-10,1.2818743e-19,1.0,1.0,0.004602657
9925,0.2331906,0.05994424,0.000946282,0.7376618,0.16220877,9.759534e-10,0.019248234,1.0,0.11010947,0.046305083,2.0133548e-15,6.447168e-09,0.07631681,1.0325766e-05,0.00013985862,1.0693175e-11,0.00023251318,1.0,0.0019824235,2.0441982e-08,0.00035237125,3.006636e-39,2.5296902e-11,0.58757585
9934,0.09390064,0.10609732,0.0003685471,8.5297264e-10,0.013139184,3.349893e-20,3.9297757e-25,1.0,0.14319004,0.046305083,0.99990475,1.12813555e-17,0.09646739,4.005824e-06,0.34088215,1.0,0.0003609985,1.0,0.020334642,6.5763454e-13,1.0336454e-09,1.0,7.275047e-17,0.97527564
9936,0.09390064,0.05994424,0.0032099597,0.13765155,0.12289385,8.863344e-09,0.025759669,0.9999937,0.99294597,0.046305083,3.006636e-39,9.813355e-06,0.07631681,0.0023336,0.00035255335,2.5951687e-11,0.00022697668,1.1081406e-16,0.0025632665,5.9558323e-07,0.028982507,3.006636e-39,4.364887e-27,0.035184547
9940,0.13582136,0.05994424,0.035266668,0.9934587,0.022370394,0.9999994,0.028300269,0.9999974,0.06915122,0.046305083,1.0088709e-06,1.9145471e-05,0.07631681,6.1776365e-05,3.5900046e-06,1.0,0.00035893024,6.2310454e-30,0.0025632665,8.7219706e-07,5.536586e-06,3.006636e-39,2.0281238e-08,0.12477828
9941,0.57863563,0.05994424,0.11503976,0.021537943,0.8032354,0.4614908,0.1584589,1.0,0.45347273,0.046305083,1.2550142e-36,0.0047856574,0.07631681,1.715089e-06,0.041649185,5.1004703e-09,0.00022373887,2.3009756e-09,0.054583166,0.00017460277,5.72748e-05,0.24799511,2.0707957e-28,1.762635e-09
9945,0.6375568,0.05994424,0.001114367,0.00010230795,0.00077244034,2.4480513e-11,0.083283916,1.0,0.14585476,0.07390926,1.0,5.591386e-12,0.2081817,2.8819197e-22,2.303424e-06,1.1714349e-12,0.0005471199,1.5925161e-18,0.92852247,4.466693e-12,0.0017443781,0.99987113,3.2675768e-28,2.2071836e-08
9949,0.13582136,0.10609732,5.2414057e-06,0.00025105965,0.0011724796,0.9999169,1.3003441e-18,1.0,0.051007427,0.046305083,1.0,8.704448e-10,0.5409165,5.3456475e-08,0.22158699,1.0,0.00035437182,1.0,0.65394616,9.946016e-12,2.4255212e-07,1.0,1.0,0.12110346
9951,0.9244366,0.05994424,7.6278604e-07,0.0013872723,0.20998472,1.0,8.2412025e-06,1.0,0.0112967035,0.046305083,1.0,2.4533552e-16,0.24536146,2.5305494e-06,1.758295e-07,4.927144e-10,0.00037200606,1.0,0.0016283505,9.509251e-13,1.703564e-06,1.0,6.844666e-11,0.026312865
9952,0.81012625,0.073677406,7.643599e-08,0.0072904616,0.00019380896,1.0,5.3476992e-06,1.0,0.14585476,0.046305083,1.0,1.0862591e-17,0.16745935,2.1419735e-20,1.0,0.011640825,0.00047111424,1.0,0.0025632665,6.951817e-11,0.99848515,1.0,8.1559605e-19,1.711281e-05
9961,0.09390064,0.10609732,3.217242e-05,7.94255e-09,0.020088715,2.663619e-17,2.7445264e-24,2.596271e-20,0.2661475,0.046305083,1.0,1.6078683e-18,0.26900908,9.0192674e-07,0.9948377,1.0,0.00027278328,1.0,0.062049855,5.3602058e-12,7.2620526e-22,0.9874917,3.82364e-09,1.3399592e-06
9965,0.34139097,0.10276631,3.774014e-06,0.008122418,0.40084127,1.348914e-10,0.0926618,2.1994722e-19,0.40725407,0.046305083,1.0,0.07663577,0.09646739,0.005531777,1.5996247e-05,3.4929174e-06,0.0010424139,3.5073257e-27,0.011657234,0.000116628835,9.9780145e-08,0.8889983,9.509912e-30,7.505528e-08
9967,0.13582136,0.05994424,0.012870786,2.1889077e-09,0.78216225,1.0,0.1584589,1.8998304e-17,0.013327893,0.046305083,1.0,1.95518e-12,0.07631681,3.716347e-06,3.2690896e-06,1.0,0.00016375893,1.0,0.011657234,5.83018e-12,5.066483e-14,0.9999995,8.210917e-12,0.0011581696
9968,0.09390064,0.35933328,0.024306415,2.3650804e-10,0.011417376,0.010938689,3.56255e-24,2.9650743e-16,0.10870308,0.046305083,3.274143e-26,6.2036585e-09,0.07631681,4.481091e-06,0.054561518,1.0,0.00020411126,1.0,0.035931535,6.582244e-09,6.502006e-18,0.01924936,2.5639254e-23,0.46349567
9975,0.5529831,0.05994424,0.0012787739,0.017850528,0.037295938,1.0806228e-05,0.010629494,0.001998752,0.2662358,0.046305083,5.130742e-22,1.136689e-09,0.2081817,2.2750405e-24,1.1765324e-06,0.0003981127,0.00031613928,6.664814e-32,0.011657234,0.00015415598,1.6576133e-06,0.99467987,2.2458944e-32,2.0083904e-05
9977,1.0,0.05994424,5.6145866e-05,0.8407659,0.16564564,8.0817446e-14,0.8779856,2.525329e-25,0.0064907474,0.046305083,6.3612056e-06,5.836402e-05,1.0,4.0466875e-05,0.00087373814,5.238252e-09,0.00023775926,1.0,0.0019824235,0.06995697,1.5368588e-08,2.055811e-06,3.106166e-10,0.040194836
9983,0.09390064,0.37634742,0.47558025,2.3650804e-10,0.011417376,0.8600173,3.56255e-24,1.0,0.28128254,0.4871229,2.9779098e-21,2.7883965e-08,0.1749142,8.6304295e-05,0.039808273,0.9997483,0.00022757414,1.6293364e-18,0.035931535,1.9730232e-08,1.7952119e-11,0.99991286,1.5293768e-18,0.9999653
9984,0.4333966,0.05994424,0.44897205,0.011529774,0.055318814,6.240606e-08,0.02285768,1.0,0.2662358,0.046305083,9.505382e-29,3.585392e-07,1.0,9.936879e-23,2.0773264e-06,1.6416299e-11,0.00019582067,5.528032e-10,0.0025632665,3.8940365e-10,8.118087e-06,1.0,4.364887e-27,0.06475431
9986,0.09390064,0.05994424,0.00039067966,0.00016195697,0.1745299,0.0009177816,0.051887415,1.0,0.2662358,0.046305083,1.1767634e-18,1.6818836e-08,0.07631681,2.3847065e-06,0.4714737,0.00054996466,0.00025445924,1.0,0.012423,8.9704855e-10,8.823968e-06,1.0,7.905864e-21,3.5505321e-15
9993,0.344711,0.10609732,1.0,0.0005761256,0.0026864838,6.1925907e-21,1.215046e-23,1.0,0.7993259,0.37841675,2.6789885e-06,1.8432458e-12,0.19388974,2.8732606e-07,0.9956203,1.0,0.0004999495,1.0,0.035931535,1.0989552e-12,1.5674895e-13,1.0,3.645774e-13,6.373919e-08
9998,0.51905054,0.10609732,0.005101611,1.15315764e-07,0.002573349,0.9999956,7.76709e-24,0.0003478235,0.056746874,0.046305083,3.2727095e-07,4.9763395e-11,0.07631681,5.7706493e-05,0.000768836,1.0,0.00036629767,3.5544825e-05,0.035931535,3.2591247e-09,2.91436e-12,0.0052120695,0.013361835,7.3851675e-06
10002,0.09390064,0.05994424,0.00039669545,0.09465909,0.15951541,0.07171366,0.019226326,1.0,0.94788253,0.046305083,6.38783e-27,2.0802933e-09,0.07631681,0.01196289,0.00032094293,6.557716e-07,0.00019582067,1.0,0.0019824235,5.7133807e-08,0.00010615409,2.1119336e-16,4.761755e-21,0.00017992881
10003,0.8825866,0.10276631,0.004519211,0.00035582614,0.07375759,0.018460037,0.02285768,0.99999726,0.0055692014,0.046305083,7.876657e-23,0.00041138916,0.09646739,6.4226506e-06,6.375946e-06,1.1337329e-06,0.00025132333,3.876168e-11,0.0025632665,2.2724648e-06,2.5052282e-07,2.0304382e-08,2.755759e-11,0.012689785
10009,0.137259,0.10276631,0.0050318334,0.0023731096,0.047548532,0.00033089478,3.163431e-05,1.0,0.0060911328,0.046305083,0.0013405822,9.429346e-17,0.07631681,0.0007718785,6.059001e-05,1.0,0.00029515376,3.5299614e-09,0.0025632665,4.0053082e-12,8.469305e-05,3.006636e-39,6.0870295e-22,0.04560939
10011,0.09390064,0.05994424,0.051003143,0.0015483688,0.5793464,1.0005407e-05,0.16447337,0.99996054,0.49861002,0.046305083,3.006636e-39,7.827917e-13,0.07631681,1.7171466e-05,6.7587345e-05,6.853941e-11,0.00018258409,1.1836857e-14,0.03779956,9.304924e-10,6.354318e-11,0.90409195,8.414572e-26,0.9743493
10013,0.09390064,0.05994424,0.8994244,0.999998,0.4221894,2.1693944e-08,0.1584589,0.4842288,0.96282333,0.046305083,0.02043891,0.0020634504,0.09646739,5.3561002e-06,2.9954614e-05,1.8924636e-07,0.0002593357,4.6915346e-14,0.054583166,0.1435911,1.0,3.9114884e-06,2.0707957e-28,9.11598e-09
10015,0.09390064,0.10609732,0.032342885,4.5208306e-11,0.030747525,0.0059678424,3.881773e-24,1.0,0.10870308,0.046305083,9.112542e-05,4.8845574e-15,0.07631681,1.5694254e-06,0.19453593,8.9594145e-08,0.00025788002,3.93379e-09,0.021866366,7.44603e-11,1.4816931e-05,0.04908984,2.1247856e-20,0.015566415
10016,0.09390064,0.05994424,0.00041096684,0.100192465,0.37528476,1.509049e-08,0.2056298,1.0,0.9063672,0.046305083,7.248061e-11,6.118091e-06,0.07631681,0.032145895,0.09455559,2.1370432e-05,0.0002702116,1.0,0.0019824235,0.047362022,1.0719646e-06,4.4891285e-06,2.2458944e-32,0.9613583
10019,0.259728,0.10276631,1.0814188e-07,1.0337944e-05,0.23853266,0.9999838,0.0035697983,9.054108e-11,0.0042371973,0.046305083,1.0,5.3530796e-10,0.07631681,3.7714912e-08,1.2092833e-05,1.0,0.0004604421,1.0,0.011657234,1.1162065e-07,9.868616e-16,1.0,1.3451223e-13,0.001008005
10026,0.40809065,0.05994424,0.025854811,0.027120827,0.44864616,0.0017520523,0.018350748,0.23456298,0.13953175,0.046305083,3.006636e-39,7.8598094e-07,0.12283942,0.00030572733,0.046363384,4.103699e-10,0.00044323877,1.0,0.011657234,0.18534449,0.00023517394,0.5020664,2.4422514e-32,0.0009414312
10033,0.09390064,0.05994424,0.012176019,0.099762246,0.1438104,0.10501985,0.1584589,0.47838423,0.2662358,0.046305083,9.141677e-32,1.0,0.07631681,0.027400892,0.118088864,0.0013869064,0.00016375893,2.3009756e-09,0.011657234,0.027062848,0.004143602,0.6875265,1.0,0.00418741
10036,0.09390064,0.10609732,0.011650293,5.783317e-09,0.011417376,0.85550344,1.0,6.528301e-18,0.10870308,0.046305083,5.9993546e-24,2.7320216e-10,0.16950274,2.1873202e-06,0.0031758966,0.9999999,0.17891183,1.0,0.035931535,4.2492773e-11,2.2702416e-13,0.99976534,3.4850594e-16,0.00038111513
10040,0.09390064,0.05994424,0.014137625,1.0,0.2939565,0.00088278594,1.0,1.0,0.48325115,0.046305083,3.6405712e-38,0.16879451,0.07631681,1.0,0.00085001474,2.0572797e-14,0.004967772,2.3069198e-14,0.0064144097,3.7445542e-08,0.00045505923,4.7100733e-07,4.364887e-27,0.00011709273
10043,0.55234724,0.10609732,2.0346819e-05,7.6969753e-10,4.033853e-05,1.0,3.7927427e-27,1.550297e-14,0.4787238,0.046305083,1.0,1.3512068e-16,0.21696866,1.5661256e-22,0.35691422,1.0,0.00029457547,1.0,0.021866366,1.2544176e-11,2.9237397e-17,9.779749e-07,1.33990165e-20,6.5249114e-05
10047,0.09390064,0.10609732,0.0007638446,9.877628e-10,0.009406016,5.197478e-09,4.4716446e-24,0.028673459,0.09785719,0.046305083,1.0,3.94133e-13,0.07631681,3.909244e-07,0.008984792,0.00035658508,0.0003618775,1.0,0.048885982,3.0471579e-09,8.576099e-15,0.012409483,2.487097e-14,1.6880371e-06
10048,0.09390064,0.05994424,0.0023997494,0.033031244,0.12289385,3.240275e-17,0.07163558,1.0,0.33540437,0.046305083,3.006636e-39,4.5997373e-11,0.07631681,0.0076358337,1.7525892e-05,1.4971746e-15,0.00034960004,3.1905525e-08,0.0025632665,2.467524e-08,9.064662e-08,3.006636e-39,1.6246673e-28,4.3203192e-05
10049,0.09390064,0.05994424,0.048253316,0.00013100244,0.44864616,0.10501985,0.1584589,1.3014879e-06,0.2662358,0.046305083,7.965034e-31,0.0021039026,0.07631681,0.015294579,0.006130043,0.0045524277,0.00016375893,2.3009756e-09,0.011657234,0.03139462,1.1493305e-05,0.7283052,6.0338755e-31,0.0025105642
10055,0.99100035,0.10276631,0.013763593,0.025117783,0.7436452,2.2467577e-05,3.770625e-06,1.0,0.65468967,1.0,1.6504085e-14,1.3858755e-15,0.39042553,1.3048162e-18,2.103202e-05,2.1953996e-14,0.0004498181,1.4330696e-20,0.011657234,1.6736778e-09,1.2122022e-06,1.0,9.1502177e-26,0.00046723403
10059,1.0,0.05994424,0.0048410497,0.298278,0.21803539,0.03166042,0.020347917,0.000249909,0.84718573,0.046305083,2.100379e-32,1.0,0.07631681,7.946509e-08,0.0031169266,0.2228136,0.0003618775,1.0,0.011657234,7.4423676e-11,0.0015305775,0.9987525,1.0,0.9589964
10060,0.5925877,0.10609732,0.00010800486,6.936727e-06,4.689914e-05,1.0,1.3421965e-23,1.0,0.08034598,0.046305083,0.99999225,6.089552e-10,0.24536146,1.0756332e-24,0.3619056,1.0,0.0007142897,1.0,0.0856132,3.7002633e-13,5.0706937e-08,1.0,0.9999734,3.7654147e-05
10070,0.09390064,0.05994424,0.018526593,0.017147785,0.47395396,0.05084429,0.1584589,2.1268452e-13,0.49861002,0.046305083,1.9401547e-33,1.3046188e-08,0.09646739,0.0005758448,5.3212907e-06,1.3395208e-09,0.00018158024,0.0015850307,0.011657234,5.1043124e-05,6.242701e-08,6.901581e-09,6.0338755e-31,0.9998324
10076,0.9652193,0.10609732,0.0011725159,7.446812e-05,3.937344e-05,1.0050483e-07,2.0673282e-23,0.9656957,0.36203566,0.046305083,1.0,4.410462e-20,0.3937441,2.2458277e-23,0.6590129,1.0,0.0007060004,1.0,0.09863405,9.772278e-13,2.017782e-09,1.0,0.99993074,0.00089431903
10080,0.75554055,0.05994424,0.002123055,0.15500468,0.46589577,1.5666005e-07,0.00020453265,1.5445147e-11,0.2662358,0.046305083,1.1801761e-32,7.8598094e-07,0.35768265,9.322765e-24,3.6937436e-07,1.7086405e-06,0.00036158625,1.4519393e-11,0.011657234,3.6654954e-05,0.012485361,1.0,2.4422514e-32,0.004299327
10082,1.0,1.0,0.0046863975,1.7972421e-09,0.8372588,1.0,3.4334443e-27,1.0,0.34194723,0.046305083,0.99999976,1.3190425e-09,0.45032075,8.33875e-25,0.009058526,0.0043012477,0.00022600578,3.0155882e-36,0.035931535,7.507899e-10,1.0,1.0,1.0309562e-08,5.916939e-06
10084,1.0,1.0,0.00017159869,5.1688605e-08,0.00053407496,1.0787135e-08,3.7927427e-27,1.0,0.8604196,0.046305083,1.0,1.8209111e-18,0.25424892,2.0823393e-26,0.74752057,1.0,0.0005301782,1.0,0.09863405,2.244912e-11,1.9691525e-18,1.0,0.99999964,0.011913035
10088,0.09390064,0.05994424,0.01475308,0.05532341,0.4221894,8.478749e-09,0.1584589,0.22649832,0.52219325,0.046305083,6.06544e-33,0.00078768615,0.07631681,0.015294579,0.007858283,6.8349306e-12,0.00020965029,7.018026e-16,0.011657234,0.06995697,0.03476188,1.6701648e-06,6.0338755e-31,0.0025105642
10093,0.13582136,0.10609732,0.032865476,0.00077060744,0.0010337653,0.9999052,1.0941414e-22,0.99992585,0.294635,0.046305083,1.0150091e-09,1.1259138e-08,0.07631681,2.5582072e-05,0.02711831,9.670449e-07,0.0004707903,1.0,0.035931535,5.3792556e-12,1.6739665e-11,0.0073045613,3.2365238e-06,1.7819075e-07
10094,0.9999995,0.05994424,0.5482855,2.7548313e-07,0.40084127,0.99999964,0.035518482,1.5350015e-08,0.71090823,0.046305083,0.26071158,3.3369805e-08,0.07631681,3.6566234e-06,0.006048964,1.0,0.00022909351,5.14179e-08,0.011657234,3.9521916e-07,4.572992e-16,3.780778e-14,3.5630137e-23,0.00069994165
10096,0.13582136,0.05994424,2.706863e-05,0.8665057,0.41863984,2.4280708e-10,0.010872191,3.1728235e-36,0.011274427,0.046305083,2.4197381e-05,0.00026126555,0.07631681,2.5537225e-05,0.0003128317,9.6788305e-08,0.00016375893,1.0,0.0019824235,1.1865123e-06,1.1669558e-06,7.333921e-18,4.438248e-10,0.9964539
10098,0.09390064,0.9866833,0.99888676,0.00023471564,0.0025212371,0.9999981,1.0871849e-22,1.0,1.0,0.046305083,1.2992624e-19,4.060061e-10,0.07631681,0.00011125549,0.21163397,1.0,0.0007506101,2.089442e-06,0.15428965,1.1818144e-12,4.628569e-11,0.15286747,2.895087e-11,1.1931972e-10
10102,0.09390064,0.05994424,0.012176019,0.18573147,0.44864616,0.10501985,0.9995983,1.0,0.2662358,0.046305083,2.7846692e-13,3.562403e-05,0.09646739,0.07470838,1.4624786e-05,0.0013869064,0.00025897025,2.3009756e-09,0.011657234,0.0058173058,0.004143602,0.6875265,6.0338755e-31,0.0015662214
10107,0.60725737,0.10276631,0.3093609,0.01352198,0.28599402,0.21503769,0.0020563675,1.6859449e-10,0.2662358,0.07390926,3.7345654e-21,0.0056877593,0.3115724,5.7924326e-25,1.3115496e-05,5.1521354e-05,0.00016375893,3.006636e-39,1.0,0.06308077,1.0,1.0,6.0338755e-31,0.037799396
10108,0.09390064,0.05994424,0.014204132,0.022313934,0.23957808,0.000406944,0.02285768,1.0,0.2662358,0.091239415,3.006636e-39,1.36516745e-08,1.0,0.006321921,0.0006788148,3.7170587e-08,0.0002188818,0.81835884,0.0025632665,8.250308e-11,4.4233425e-06,2.8276065e-07,4.761755e-21,0.00169769
10112,0.99964404,0.05994424,0.0017355193,0.026657764,0.05565494,1.0,0.9189678,1.0,0.0042371973,0.046305083,1.0,0.0008963041,0.2081817,4.0406418e-24,3.7918952e-09,1.0,0.00062113407,3.006636e-39,0.011657234,0.0804826,0.00016682384,1.0,4.762982e-32,2.1485432e-06
10116,0.65599644,0.05994424,8.185061e-05,0.08789777,0.039892867,1.0,0.00020042126,1.0,0.0042371973,0.046305083,1.0,4.1084593e-05,0.2081817,3.6359582e-26,0.26981196,1.0,0.00058889383,1.0,0.028777288,0.027062848,1.12210505e-10,1.0,6.0338755e-31,0.061222814
10122,0.09390064,0.10276631,0.013607388,0.01352198,0.44864616,0.10501985,0.1584589,1.0,0.2662358,0.046305083,8.556559e-22,3.183575e-05,0.07631681,0.03716945,0.020003723,8.3939617e-14,0.00016375893,0.9999652,0.0016357065,0.0013407405,8.47603e-06,7.15158e-07,6.0338755e-31,0.0010857349
10123,1.0,1.0,0.012176019,0.0025217468,0.44864616,0.10501985,0.1584589,0.019819386,0.2662358,0.046305083,4.5732266e-13,0.0006087062,0.09646739,0.000120277815,0.00013297927,0.0001040728,0.00016375893,2.3009756e-09,0.011657234,0.027062848,5.7474936e-06,0.6875265,6.0338755e-31,0.0015662214
10128,0.96348596,0.17572631,7.697145e-06,1.4100529e-09,0.43022007,1.0,3.8986717e-26,1.0,0.20837766,0.046305083,1.0,6.552004e-10,0.1839583,8.466839e-24,0.6517492,1.0,0.004491933,3.1699717e-34,0.12492097,8.9789254e-10,2.0201789e-15,1.0,1.9405477e-10,2.1057815e-06
10130,0.4839726,0.05994424,0.0014332463,0.13234894,0.6482329,4.52104e-10,0.0020563675,1.0,0.0043902476,0.046305083,0.9999833,0.0031847109,0.2770771,3.378337e-24,1.1321976e-06,0.042214885,0.00016375893,2.3736968e-30,0.036917485,0.031144826,1.8586226e-05,1.0,6.5785204e-19,5.50159e-06
10133,0.45571685,0.05994424,0.00013582688,0.010022755,0.11952317,1.0,0.019863704,0.76303995,0.5085588,0.046305083,4.449307e-06,1.0,0.07631681,1.4355706e-08,0.038088027,6.632823e-05,0.00038564537,1.0,0.0019824235,0.027062848,0.00030981994,1.0,1.0,0.06554852
10134,0.09390064,0.10609732,0.0014788904,2.3082154e-09,0.013836958,1.9672695e-09,4.3643876e-27,0.0005994359,0.9645828,0.046305083,7.3905574e-13,3.7220227e-13,1.0,7.477329e-07,0.9704155,1.0,0.00020411126,1.0,0.035931535,8.54014e-11,1.0,1.0,0.2685298,5.1643356e-06
10136,0.5529831,0.10609732,0.00014902708,6.24084e-13,0.27572957,1.5597005e-12,2.737119e-20,0.9999999,0.10870308,0.046305083,0.9997855,3.2418184e-18,0.1839583,5.3528807e-23,0.32274005,1.0,0.00026881247,1.0,0.021866366,1.0418103e-12,4.5177536e-22,1.0,6.7341874e-09,0.0021310577
10137,1.0,0.2066177,0.2874807,0.9997682,0.140321,1.8369756e-14,1.0,3.006636e-39,0.103193976,0.42439565,1.093203e-14,7.858468e-06,0.14227797,1.9946422e-06,1.1549879e-05,3.2210505e-09,0.008576707,0.063869104,0.96919155,0.00033162144,1.3625784e-09,1.0,2.2683632e-13,0.4853066
10140,1.0,1.0,1.0,0.00033640856,0.003575286,1.2526365e-22,2.0649322e-23,0.97934145,1.0,1.0,0.43532592,6.8053717e-13,0.29854968,9.542557e-07,0.19933033,1.0,0.0008429639,1.0,0.47558144,5.4962935e-13,3.39094e-08,3.828353e-21,1.0,0.0051069073
10142,0.13777927,0.18762568,0.015532692,0.01352198,0.44864616,0.57808626,7.710212e-05,3.2562305e-08,0.2662358,0.046305083,3.5725695e-22,1.9389388e-05,0.07631681,0.0004649143,0.016963953,0.023544364,0.00016375893,2.3009756e-09,0.011657234,0.8856127,0.0006738337,0.8341478,2.2606795e-24,0.9599808
10147,0.09390064,0.292818,0.040960833,6.221848e-05,0.003943436,1.8410058e-14,9.718288e-23,0.025144383,0.14479572,0.30965918,1.0400701e-14,4.2576917e-14,0.4470434,6.0018347e-06,0.026479242,2.92881e-08,0.00024407149,1.0,0.06054306,2.3838535e-13,2.6301055e-11,3.006636e-39,5.8365546e-16,4.4526332e-05
10150,0.09390064,0.10609732,0.62715596,2.22322e-10,0.013139184,1.0,3.137432e-25,0.991447,0.32917997,0.046305083,3.8295334e-15,8.807931e-13,0.13686801,3.6779858e-07,0.010545085,1.0,0.0006175237,0.90330607,0.032960944,4.844021e-12,1.2071751e-13,1.0,2.1848847e-22,0.00010499535
10156,0.13582136,0.10609732,0.16318642,1.1038217e-10,0.011451132,1.0,3.137432e-25,2.0878613e-07,0.28723732,0.046305083,0.9911293,1.2804463e-13,0.13686801,2.5525537e-10,0.032325324,2.1592915e-13,0.00025215474,2.3841356e-09,0.09863405,3.5411233e-12,9.559054e-14,1.0,1.9797068e-05,2.9191614e-08
10160,0.09390064,0.10609732,0.15973559,2.411083e-10,0.011417376,0.011412408,3.137432e-25,0.99988866,0.24016015,0.046305083,1.01398595e-23,1.31304455e-11,1.0,1.1206382e-09,0.10704568,0.0001367506,0.000597793,0.99993765,0.15428965,2.0703408e-10,3.1127342e-08,0.100407146,7.3627416e-13,5.4999464e-07
10161,0.09390064,0.05994424,0.014106541,0.0027961298,0.23957808,0.00094586506,0.022883628,1.0,0.2662358,0.046305083,1.1250882e-25,3.5750263e-13,0.24536146,0.0023761075,0.002240176,3.85967e-12,0.00040823864,0.9999608,0.0025632665,4.2440274e-07,0.00010638817,3.006636e-39,4.364887e-27,0.74908197
10163,0.17665558,0.37892917,0.99878377,0.4699931,0.64174056,0.4614908,0.99903595,5.784837e-06,0.99960047,0.92404234,3.006636e-39,2.800862e-05,1.0,0.056799233,0.0010703278,8.30733e-07,0.00051425106,5.0532617e-10,1.0,0.0035273852,9.921188e-10,0.92345864,2.0707957e-28,1.8602777e-11
10167,0.09390064,0.05994424,0.0058805165,0.069622256,0.15951541,0.005912229,0.022883628,1.0,0.33540437,0.046305083,3.006636e-39,0.0021039026,0.07631681,0.01632049,0.0021279156,4.9173387e-08,0.00019582067,7.893943e-14,0.0025632665,3.8068075e-07,0.0052488283,0.5315813,4.364887e-27,0.0015869463
10170,0.09390064,0.05994424,0.0013972756,0.17683904,0.23957808,5.2285003e-09,0.014242248,1.0,0.94538414,0.046305083,0.00028950375,3.0410207e-13,0.07631681,2.5242505e-05,0.053334054,3.2298504e-11,0.00029140117,1.0,0.0019824235,3.3884054e-12,1.3634231e-13,2.9289559e-15,4.4520273e-28,2.0044654e-07
10173,0.09390064,0.05994424,0.06270485,0.15356557,0.6289888,0.4614908,0.1584589,0.03146081,0.4941278,0.046305083,3.006636e-39,0.004325961,0.07631681,0.0012187951,0.44886625,1.3519655e-15,0.0010279915,2.3009756e-09,0.054583166,0.027062848,0.00029944585,0.6875265,2.016815e-29,9.833767e-11
10174,1.0,1.0,0.01939461,0.0006855331,0.48358837,8.0683614e-25,0.81092966,4.979151e-14,0.01377545,0.29050592,0.99996877,6.560986e-09,0.07631681,0.00041788846,0.00088148145,7.608558e-12,0.0005847212,6.903242e-12,0.2954565,1.6070435e-05,1.5566819e-11,0.9999918,2.365045e-13,0.007954725
10175,0.09390064,0.05994424,0.026650418,0.0012210069,0.44864616,1.0,0.20706835,0.080183774,0.13688383,0.046305083,0.0047218325,0.00023206181,0.07631681,0.00079414673,0.0023354604,3.730369e-07,0.00016375893,4.1551107e-07,0.011657234,0.3204599,3.4310727e-13,1.6258194e-14,6.0338755e-31,5.142457e-07
10176,0.09390064,0.10609732,0.061715227,8.362353e-10,0.009406016,7.963523e-06,1.1950006e-22,1.0,0.10870308,0.046305083,1.0802609e-21,2.400796e-09,0.41527018,1.4975796e-05,0.00064389606,0.048916604,0.00020411126,5.9808248e-12,0.10617509,3.229723e-10,2.7094939e-14,1.0,2.4215422e-20,1.6973286e-06
10178,1.0,1.0,0.0060455706,0.0032541815,0.44864616,8.100556e-05,0.016312161,1.0,0.2662358,0.046305083,1.7641953e-32,2.204616e-09,0.13686801,0.0003192118,0.00057267374,0.0015166518,0.00020689992,1.0,0.011657234,0.008208979,0.0026859716,0.082944006,2.4422514e-32,0.9853108
10179,0.17665558,0.05994424,0.035118602,0.9999889,0.75610393,0.05084429,0.1584589,1.0,0.53353196,0.046305083,3.006636e-39,2.1977786e-11,0.07631681,6.06403e-05,4.2867818e-05,1.0982829e-19,0.00056711596,4.7335394e-13,0.011657234,1.2500265e-09,1.0,6.3231437e-06,6.0338755e-31,0.99859864
10185,0.09390064,0.05994424,0.005039445,0.0022144513,0.44864616,6.284549e-09,0.019863704,1.0,0.99873716,0.046305083,1.3057549e-29,1.3522831e-06,0.07631681,0.00078463793,0.55195725,1.1550276e-07,0.00022369089,1.0,0.47081,0.027062848,0.0016881669,3.9946608e-05,2.0707957e-28,2.9280793e-11
10188,0.7443844,0.05994424,0.0026591923,0.0032541815,0.62752587,0.00012783229,0.018350748,0.9999999,0.2662358,0.046305083,4.983191e-32,2.9239592e-08,0.07631681,0.00618275,0.009364888,5.59015e-08,0.00046223064,1.0,0.011657234,4.2054476e-06,3.7656052e-06,1.0597133e-08,2.4422514e-32,0.00038327608
10189,0.4611641,0.10609732,3.3955112e-06,0.00052528357,0.18875846,1.0,7.8235034e-23,0.9999993,0.056746874,0.046305083,1.0,5.459005e-13,0.1839583,1.0028812e-21,0.10589407,1.0,0.00046972057,1.5099339e-33,0.021866366,3.939904e-12,9.333172e-13,1.0,1.1937311e-08,4.7958076e-07
10191,0.09390064,0.10609732,0.006143907,9.709273e-10,0.008148275,1.0,3.56255e-24,0.99999857,0.051689018,0.046305083,8.1519584e-24,7.391852e-10,0.07631681,5.844606e-05,0.06275647,1.0,0.00024310048,8.2677276e-27,0.035931535,8.5841406e-10,7.5523296e-19,0.99999976,8.352486e-21,0.00038663467
10202,0.09390064,0.10609732,0.010196602,0.0014861984,0.0024129683,0.7696231,2.7942633e-23,9.6834155e-18,0.09888052,0.046305083,1.0,4.382031e-15,0.07631681,9.783788e-07,0.19372793,0.010987196,0.0047921413,1.0,0.7392197,1.1768365e-12,7.192715e-14,1.7456706e-18,9.150178e-12,0.90489507
10209,0.18312137,0.9754944,0.9981263,0.15027848,0.44864616,0.0066432212,1.0,0.020765767,1.0,0.046305083,6.3497753e-37,0.0080826925,0.07631681,0.06754759,0.2382639,0.0013869064,0.0011695877,2.1453072e-15,0.028777288,0.04238213,2.1974984e-14,0.4900495,2.5549659e-28,0.99989974
10213,0.5171309,0.87148964,0.20105939,0.4560118,0.4221894,0.10501985,0.1584589,0.007896316,0.2662358,0.046305083,9.141677e-32,0.007106609,0.07631681,0.042496126,0.24752423,7.3297116e-07,0.0001898146,2.3009756e-09,1.0,0.027062848,0.004143602,0.00011996168,6.0338755e-31,0.0010697473
10217,0.09390064,0.05994424,0.012176019,0.016324133,0.44864616,0.10501985,0.1584589,1.0,0.6522179,0.046305083,1.1104713e-18,3.183575e-05,0.07631681,0.0083296355,0.026821095,0.005436281,0.00019912275,2.3009756e-09,0.011657234,0.08944243,1.0,0.6875265,6.0338755e-31,0.0025105642
10221,0.09390064,0.05994424,0.0034050175,0.0034963058,0.20573747,7.31656e-09,0.17858735,1.0,0.2662358,0.046305083,1.0,7.290581e-16,0.09646739,0.002149437,0.09518393,5.2457085e-07,0.00067797943,3.5869881e-12,0.0016357065,1.4262046e-11,1.0776041e-06,7.943865e-36,1.6246673e-28,0.00017458895
10227,1.0,0.10609732,3.7454345e-05,1.5936986e-10,0.013139184,6.319706e-17,3.137432e-25,4.4944088e-07,0.18138881,0.046305083,1.0,8.807931e-13,1.0,6.6140213e-09,0.6707517,1.0,0.00020411126,1.0,0.019819437,2.1536288e-12,1.4851759e-25,1.2445011e-15,3.573645e-08,1.6335931e-05
10229,0.09390064,0.05994424,0.00237074,0.9890648,0.13497634,9.794519e-10,0.07330553,1.0,0.2662358,0.046305083,3.006636e-39,0.0021665804,0.07631681,0.02540679,0.0005123448,4.405187e-18,0.00029483228,6.8194907e-22,0.0025632665,4.9343154e-08,5.5051746e-06,2.4551928e-29,1.6246673e-28,1.7454935e-05
10230,0.09390064,0.05994424,0.012176019,0.01352198,0.44864616,8.478749e-09,0.1584589,2.8973544e-13,0.2662358,0.046305083,5.092643e-36,0.00023215343,0.07631681,0.0013227382,0.016963953,1.2950637e-08,0.00018132642,7.018026e-16,0.011657234,0.10385899,0.0006738337,2.0476398e-06,6.0338755e-31,0.00044780393
10231,0.09390064,0.05994424,0.01475308,0.01352198,0.44864616,0.10501985,0.1584589,0.3784997,0.99294597,0.046305083,1.6161858e-36,2.2984383e-05,0.07631681,0.0011813083,0.007858283,2.0773597e-05,0.00016375893,1.2370926e-13,0.011657234,0.027062848,1.0,0.6875265,6.0338755e-31,0.0025105642
10233,0.09390064,0.05994424,0.0107198395,0.9742579,0.54667646,0.10501985,0.016312161,0.9499721,0.3350658,0.046305083,1.148474e-25,3.410151e-05,0.13686801,0.00028087458,0.02684283,0.028856378,0.0002096101,1.7681704e-06,0.011657234,0.0007234348,0.0076505174,0.6875265,6.0338755e-31,1.9196368e-05
10234,0.09390064,0.05994424,0.007366039,0.069622256,0.15951541,1.4425203e-12,0.022883628,1.0,0.2662358,0.046305083,3.006636e-39,0.00081993407,0.07631681,0.00013267201,0.019862242,4.9173387e-08,0.00019582067,1.6274347e-08,0.0025632665,4.3994623e-07,0.0017202869,0.52003425,4.364887e-27,9.242057e-06
10237,0.5004433,0.95011604,0.87229407,2.9242381e-05,0.0023594697,0.9999994,7.035129e-23,1.0,0.05375699,0.1314709,0.96820605,5.7409166e-09,0.46468252,6.616951e-08,0.39465773,0.9864103,0.00063981704,0.10286592,1.0,7.2685434e-13,4.853424e-09,0.06614946,0.10322374,0.00040155053
10238,0.41575256,0.05994424,0.001757269,0.39880705,0.14560603,0.0015873021,0.02285768,1.0,0.157382,0.046305083,1.057228e-27,1.3115182e-06,0.07631681,0.0022239676,2.7098388e-06,9.014213e-16,0.00059221615,1.8936597e-12,0.0025632665,5.189333e-07,0.00012364463,0.36169472,1.2709429e-27,1.3591477e-08
10241,0.13582136,0.05994424,0.001041838,0.041880462,0.0269011,0.99976593,0.02285768,2.1720741e-07,0.004391559,0.046305083,1.8798479e-05,1.0,0.16824047,5.9376313e-09,5.5100416e-05,9.606146e-08,0.00021682607,8.849549e-15,0.008123963,5.230747e-08,0.8644296,1.6713311e-11,1.0,0.0028829458
10243,1.0,1.0,0.87512255,1.478971e-10,0.0013362061,1.0,3.56255e-24,9.226602e-06,0.9715803,0.73241514,1.0,2.7883965e-08,0.1749142,4.8584032e-05,0.05642907,1.0,0.00022600578,2.9210859e-25,0.035931535,9.428787e-10,1.0977026e-08,0.38725826,1.0917166e-19,1.7081629e-06
10247,0.55774224,0.10609732,0.016897462,3.8720818e-11,0.011417376,1.0,3.375059e-20,3.3440037e-37,0.080249615,0.046305083,1.0,7.073539e-09,0.07631681,9.5114316e-08,0.00010828194,1.0,0.0006079328,1.0,0.03344825,1.8912072e-10,1.2095195e-16,1.0,2.1848847e-22,1.4167332e-06
10248,1.0,1.0,2.3464894e-05,1.0016274e-09,0.02860285,1.5744011e-33,1.9865175e-21,1.6943245e-27,0.95564675,0.046305083,3.1211762e-08,5.4068125e-16,0.2309254,7.2230094e-08,0.42629868,1.0,0.00064064324,1.0,0.019819437,1.5182006e-12,2.277496e-18,0.6143211,7.275047e-17,0.31751564
10252,0.09390064,0.10609732,0.014181742,1.3161451e-09,0.020614363,4.795849e-06,3.5368608e-25,1.0,0.10870308,0.046305083,7.883246e-29,2.2729353e-14,0.07631681,6.2722165e-07,0.08691442,9.522583e-07,0.00025788002,0.010878202,0.020334642,1.3357179e-11,1.5400944e-13,0.9391779,2.9640489e-21,0.0027543434
10253,0.09390064,0.05994424,0.0001012327,0.46068814,0.370471,0.04498305,0.019226326,1.0,0.2662358,0.046305083,3.0736172e-17,0.00041761724,0.07631681,0.016270438,0.0009510639,3.2804721e-13,0.00040261648,1.0,0.0019824235,8.041897e-08,0.99999964,0.009435541,4.364887e-27,0.00012259705
10256,0.84490865,0.10609732,1.3725218e-06,1.3793969e-10,1.1303546e-05,1.0,3.8986717e-26,1.0,0.0070939222,0.046305083,1.0,7.864983e-14,0.09646739,9.0146857e-10,0.0050025363,1.0,0.0004301415,1.0,0.003252419,7.4805716e-13,7.1844554e-23,1.0,3.603942e-15,2.224185e-08
10257,0.3202229,0.05994424,0.8121542,2.332897e-07,0.44864616,8.9768526e-10,0.016312161,1.0,0.13953175,0.046305083,2.0487735e-07,7.2445323e-07,0.24918829,1.06687585e-05,0.0017004568,5.3557483e-09,0.00027135815,2.215012e-37,1.0,0.14765702,0.99879044,0.8040082,6.0338755e-31,0.9998882
10261,0.09390064,0.05994424,0.19112824,0.11028297,0.44864616,0.0037705598,0.018350748,0.01241285,0.9821332,0.046305083,5.947132e-38,3.5122838e-07,0.07631681,1.0,0.5242188,0.008519093,0.00026482728,0.9370064,0.011657234,3.8204584e-05,0.09427841,0.082944006,2.4422514e-32,1.7076765e-05
10262,0.51905054,0.05994424,0.14193957,0.54050225,0.18106374,0.9999995,0.1584589,1.3475117e-15,0.08323652,0.046305083,1.8629994e-24,1.1423993e-08,0.07631681,0.00019601868,0.029729526,0.001817623,0.00016375893,5.95502e-27,0.011657234,0.027062848,5.9280714e-12,0.41546458,3.106166e-10,0.04200094
10266,0.09390064,0.05994424,7.3317083e-06,0.0052439757,0.41605037,1.0,0.019863704,1.3515797e-21,0.9701716,0.046305083,1.0,2.187631e-06,0.12317237,2.7986855e-06,0.02875007,0.8818769,0.00042579303,1.0,0.006414221,0.00041293862,2.7038574e-05,9.318943e-09,6.0338755e-31,6.506008e-07
10267,0.09390064,0.05994424,0.012176019,0.01352198,0.44864616,0.10501985,0.1584589,0.3784997,0.2662358,0.046305083,9.141677e-32,0.0021039026,0.07631681,0.015294579,0.0028250862,0.0013869064,0.00016375893,2.3009756e-09,0.011657234,0.027062848,0.004143602,0.6875265,6.0338755e-31,0.0025105642
10273,0.09390064,0.05994424,6.8528266e-07,0.0061577265,0.15951541,0.42436415,0.019727968,1.0,0.72292405,0.046305083,1.0,2.5903682e-10,0.2051175,0.5316686,0.0018526589,0.0001040728,0.0049714856,1.0,0.0064144097,9.074483e-09,2.8465507e-08,2.5375934e-07,2.8187328e-26,0.99866545
10279,0.17665558,0.05994424,2.4682474e-06,0.48148572,0.19062595,9.794519e-10,0.14918229,1.0,0.14585476,0.046305083,3.3612598e-06,0.0051672948,0.07631681,0.009963551,0.0016612577,4.3187446e-19,0.0007513676,3.2979922e-22,0.0025632665,7.5635725e-08,0.00019653315,7.8927534e-29,1.6246673e-28,0.0002012289
10282,0.22413866,0.10609732,0.015606999,2.487249e-10,0.011417376,1.1748914e-05,3.56255e-24,1.0,0.10870308,0.046305083,3.410007e-09,2.7883965e-08,0.07631681,5.997989e-06,0.0040171403,0.99689037,0.00020411126,0.9368941,0.035931535,2.2170545e-10,5.336771e-09,0.9999833,5.4310075e-20,0.9635061
10284,0.09390064,0.4697083,0.7095242,4.0435771e-10,0.0104946755,0.9949398,3.915353e-24,0.31866124,0.6058759,0.6388234,0.9986156,8.05534e-09,0.40359595,5.4361806e-07,0.03528208,0.9999989,0.00020411126,8.085408e-23,0.035931535,3.8721833e-08,2.5361615e-07,0.9999938,6.187261e-19,0.0020458144
10285,1.0,0.09818575,0.058788557,0.009045979,0.10831679,0.00094586506,0.02285768,1.0,0.83913714,0.046305083,8.1956924e-27,1.0,0.07631681,2.3681592e-07,0.0008026054,5.6548094e-10,0.00043637143,1.0,0.0025632665,1.487368e-06,0.0024377701,1.7195507e-05,1.0,1.849125e-06
10286,0.09390064,0.05994424,0.010843568,0.0010074865,0.031203935,1.592105e-12,2.241046e-05,1.0,0.15172344,0.0951895,1.0,1.0,0.07631681,1.9619595e-09,0.0061362395,4.0626488e-05,0.00032127602,1.0,0.0016357065,4.6287046e-06,7.624901e-12,1.0,1.0,1.5066287e-05
10288,0.6375568,0.4697083,0.1003095,0.0002733529,3.59445e-05,3.2201406e-13,2.4042433e-23,1.0,0.88656265,0.87969476,1.0,1.0,0.6249756,1.47899715e-24,0.5888134,1.0,0.00029457547,1.0,0.8636581,5.8211313e-13,1.12256e-08,1.0,1.0,5.8071615e-05
10294,0.09390064,0.10609732,0.0006755904,4.66993e-10,0.009406016,5.4514253e-15,8.2018077e-23,1.0,0.10870308,0.046305083,1.082078e-13,5.1612148e-12,0.07631681,8.162224e-05,0.0048475256,1.47492e-10,0.0002572538,1.0,0.03261185,4.720917e-09,3.645697e-06,1.00052604e-16,2.9520313e-21,2.5901618e-06
10295,0.9999838,0.05994424,0.006720971,0.012898514,0.44864616,0.9999995,0.1584589,1.0,0.3396805,0.046305083,3.006636e-39,0.0021039026,0.07631681,9.2676884e-05,0.0005704108,0.0013869064,0.00016375893,2.3009756e-09,0.011657234,0.3921801,6.242701e-08,0.8017108,6.0338755e-31,0.03039414
10297,0.6595023,0.6140455,0.39929575,9.687529e-08,0.00038510677,0.004186661,9.547416e-24,3.006636e-39,0.9957074,0.7540616,0.9876331,7.142781e-12,0.12127647,3.220192e-23,0.95347804,0.78675497,0.00039696478,1.0,0.035931535,4.689629e-10,7.0250917e-07,1.0,1.438244e-14,5.4004254e-06
10303,0.09390064,0.05994424,0.09596501,0.00082291744,0.44864616,0.0037705598,0.018350748,3.3684995e-20,0.60852975,0.046305083,7.3648394e-34,1.8440552e-06,0.07631681,0.0015171893,0.0028183397,0.042334702,0.00022859559,1.0,0.03779956,0.0016108542,1.0,0.18174088,2.4422514e-32,0.00667603
10304,0.48398104,0.10276631,5.6357756e-05,0.044145033,0.6938256,0.04056265,0.0002818373,4.4591112e-11,0.6953182,0.046305083,7.4962587e-23,0.000376709,0.24536146,0.0005107404,0.02551,1.390184e-17,0.00020639747,1.0,0.0019824235,0.14170583,6.9593684e-06,1.6711988e-17,6.0338755e-31,0.0002767528
10309,0.09390064,0.10609732,0.02169674,7.660828e-10,0.009406016,0.99999547,3.7554194e-23,1.0,0.10870308,0.046305083,4.107768e-15,1.4282682e-11,0.07631681,0.003997957,0.016574329,1.0,0.0002950024,8.894806e-36,0.035931535,5.287557e-10,1.9003425e-12,1.0,1.0302373e-22,1.1529928e-05
10312,1.0,1.0,0.6828072,6.7576375e-11,0.011417376,7.2926234e-09,3.137432e-25,1.0,0.16640143,0.046305083,2.4829113e-22,1.2152038e-08,0.13686801,1.2417607e-06,0.024715569,0.0005976583,0.00028694898,9.551244e-12,0.035931535,2.2170545e-10,2.8707902e-07,0.999979,6.322855e-20,7.357927e-06
10314,0.09390064,0.05994424,2.334942e-05,1.6631933e-05,0.4039009,0.00286107,2.9735884e-05,1.0,0.157382,0.046305083,0.9999962,5.3340857e-16,0.2309254,7.3575407e-06,0.0021445712,1.512159e-18,0.00057344284,1.0,0.0025632665,7.090085e-13,1.3465558e-08,1.6028703e-19,1.6246673e-28,0.00027917474
10317,0.09390064,0.05994424,0.0067671645,0.25837797,0.29211542,0.01183191,0.02285768,1.0,0.37259588,0.046305083,3.006636e-39,0.007106609,0.07631681,0.0113005545,0.017811129,8.545582e-11,0.0002797129,1.1811334e-09,0.0025632665,6.000381e-07,0.0024757653,0.23095778,4.364887e-27,0.00041055706
10320,0.5929794,0.05994424,1.4398985e-07,0.00060803856,0.028584342,1.0,0.0002217335,1.0,0.0040819766,0.046305083,1.0,1.0640075e-05,0.2081817,5.0267338e-27,2.4365096e-05,1.0,0.00031793345,1.0,0.0019824235,0.021038849,7.073764e-07,1.0,6.0338755e-31,6.501341e-05
10325,0.7524142,0.05994424,0.00061062176,0.003159731,0.0035557551,8.006642e-10,0.0058518522,1.0,0.2662358,0.046305083,0.57558453,1.0,0.2081817,4.1687764e-25,4.6196655e-09,3.3483076e-07,0.00044912897,2.150817e-27,0.011657234,0.0001776445,0.30999342,0.9999999,1.0,0.99996877
10330,1.0,0.18197545,0.999956,0.027054323,0.42553365,3.2336466e-08,0.003232718,1.0,0.57738984,0.30965918,0.018948646,1.4095849e-09,0.07631681,0.00013529303,0.29838094,3.646122e-09,0.00019444495,1.0,0.018876372,0.0003924952,0.007411165,7.93803e-18,2.2458944e-32,6.828617e-10
10332,0.13582136,0.05994424,0.0011379562,0.44151786,0.029004255,1.5324285e-14,0.40215576,1.0,0.0055692014,0.046305083,5.806372e-17,1.0,0.09646739,1.9783405e-08,5.579301e-07,1.0407045e-15,0.001467595,3.9915575e-12,0.04981812,8.554854e-09,2.0067819e-09,3.9522774e-06,1.0,0.00044213646
10333,0.13582136,0.05994424,0.008678516,0.45988622,0.18106374,1.0,0.012001994,1.0,0.025934683,0.046305083,3.077838e-19,3.411415e-11,0.16950274,7.453419e-05,0.00012828522,2.3278317e-05,0.00019444495,0.007938858,0.011657234,0.0024197912,6.508918e-07,0.00023095615,1.7302781e-16,0.010529916
10335,0.09390064,0.05994424,0.0048793633,0.0032541815,0.44864616,0.002905349,7.655132e-06,1.0,0.2662358,0.046305083,7.4978408e-28,1.6197091e-06,0.07631681,0.00497309,0.1725693,0.005281431,0.0002426429,1.0,0.011657234,0.0011880781,8.8655173e-07,0.05336231,1.03412786e-29,0.68213385
10339,0.09390064,0.10609732,0.005861331,1.1168065e-06,0.012144641,1.0,3.9297757e-25,1.5039165e-24,0.75700593,0.046305083,3.313513e-16,2.3748609e-11,0.07631681,1.9363686e-07,0.0043060477,1.0,0.0007652646,1.0,0.15428965,1.0225163e-07,3.113573e-11,1.0,3.8448195e-20,8.483732e-09
10340,0.09390064,0.05994424,0.016058113,4.207194e-08,0.40084127,1.0985403e-06,0.99999595,5.257082e-23,0.26557928,0.046305083,4.8748593e-15,3.9470272e-08,0.07631681,0.001563989,1.2032943e-05,1.1291243e-05,0.0049714856,3.962814e-20,0.57262146,0.011141046,4.3454065e-06,0.6255032,2.2458944e-32,0.98801917
10342,0.13582136,0.10609732,6.9061525e-06,6.4998535e-09,0.002573349,0.94298786,1.0850221e-22,3.006636e-39,0.27088207,0.046305083,0.3246951,4.4179188e-10,0.07631681,4.7677735e-05,0.25161916,1.0,0.00028650288,4.1152226e-28,0.03344825,1.4885231e-09,1.829574e-09,1.0,0.013361835,6.278206e-05
10344,1.0,1.0,0.06213693,0.001960687,0.21777721,0.0005247474,2.1482529e-05,1.0,0.59488755,0.046305083,0.3671974,2.0660763e-14,0.07631681,3.5028515e-06,0.016577732,0.24375443,0.00030191633,0.9998342,0.0054030083,1.179571e-09,1.0,0.9999511,7.33454e-17,0.56124866
10348,0.09390064,0.05994424,0.0011309362,0.0015233171,0.32240134,0.3356969,0.023729388,1.0,0.2662358,0.046305083,3.5360012e-23,1.09018256e-16,0.07631681,0.9995023,0.0071460223,4.6713288e-07,0.0012227352,0.40490016,0.015497587,1.2024717e-12,1.7574182e-07,9.953422e-15,8.7787854e-27,1.1699713e-10
10350,0.13582136,0.05994424,0.003094675,0.04279916,0.022036113,1.0,0.02285768,0.0023230375,0.011666831,0.046305083,0.99999344,1.0,0.07631681,8.439522e-10,5.6080998e-09,2.3389852e-07,0.00019582067,2.0039838e-07,0.0025632665,1.1738489e-07,0.014442449,1.8705404e-32,1.0,0.00019663115
10352,0.5116465,0.10609732,0.016469682,3.40888e-10,0.9767511,1.0,4.1546508e-23,2.7608929e-12,0.6255764,0.046305083,1.0,1.6944945e-10,0.2081817,6.301968e-23,0.0134368865,0.9126353,0.0002809375,3.006636e-39,0.035931535,3.899023e-10,2.36858e-06,0.9999999,1.9664854e-20,2.591701e-07
10355,0.09390064,0.05994424,7.1380344e-07,0.0037279553,0.7319197,0.10501985,0.1584589,1.8001991e-17,0.40417373,0.046305083,3.6957323e-22,7.343843e-06,0.24536146,0.00015288375,7.078856e-05,0.0013869064,0.00023197953,2.1492254e-20,0.011657234,0.29991624,0.93561625,1.8737007e-13,6.0338755e-31,0.0018350675
10357,0.4839726,0.05994424,0.005766531,0.3233894,0.67701286,1.0,0.0020563675,3.295695e-27,0.011274427,0.046305083,0.62196034,5.0182444e-13,0.1839583,3.498165e-24,0.0028116396,1.2949585e-14,0.0005877578,1.766411e-24,0.011657234,2.529787e-11,3.2234033e-07,8.0398493e-10,3.106166e-10,0.021516247
10361,0.09390064,0.05994424,5.851505e-05,0.307303,0.5004057,1.8274797e-07,0.019863704,0.9932833,0.2662358,0.046305083,1.0,4.78592e-10,0.09646739,0.0140282065,0.027003838,0.0022009506,0.0003618775,1.0,0.0019824235,2.097863e-07,1.020632e-11,6.041437e-10,2.4422514e-32,0.0002602393
10362,0.09390064,0.05994424,0.012176019,0.01352198,0.44864616,0.10501985,1.0,0.09869135,0.2662358,0.046305083,9.141677e-32,0.0021039026,0.07631681,0.008659768,0.006130043,0.0013869064,0.12301002,3.9829185e-08,0.028777288,0.027062848,0.004143602,0.6875265,6.0338755e-31,0.0025105642
10370,0.09390064,0.10609732,0.117732935,1.4688261e-09,0.026161091,0.9040291,3.56255e-24,1.5169829e-11,0.16800801,0.046305083,6.0796296e-10,4.741765e-12,0.07631681,6.9038742e-06,0.0064492086,0.00045530486,0.000274712,0.9309276,0.020334642,2.6815092e-11,9.990831e-12,0.02685769,4.4351625e-20,0.9999887
10376,0.13582136,0.05994424,0.0006712737,0.03982728,0.27231193,5.174381e-13,0.011598362,0.9999999,0.014510826,0.046305083,1.890682e-05,4.1585173e-13,0.07631681,2.7849526e-07,0.18188973,3.0773417e-21,0.00075527315,1.0,0.0019824235,1.7470553e-08,6.2528716e-10,2.404489e-07,9.691954e-14,0.009376459
10379,0.09390064,0.05994424,0.7617416,0.0070620934,0.5808024,1.0,0.99968517,1.0,0.59347665,0.046305083,4.6898043e-38,7.781534e-16,0.07631681,0.0008041453,0.0063372403,4.6546697e-10,0.00059056573,1.0,0.04244934,9.571561e-12,6.880049e-10,1.0,4.762982e-32,4.681109e-06
10380,0.09390064,0.10609732,0.1751926,2.487249e-10,0.0071279556,0.0023393955,3.915353e-24,4.7679708e-07,0.10870308,0.046305083,2.0472338e-08,1.3882563e-08,0.07631681,1.8535426e-06,0.04701449,0.013813574,0.0005812177,2.4225275e-07,0.20016249,2.0713242e-10,2.0832937e-05,0.9974515,9.403044e-19,7.803562e-05
10381,0.58456075,0.05994424,0.025546297,0.044944864,0.44864616,0.10501985,0.1584589,1.9108996e-10,0.52219325,0.046305083,1.4146427e-32,0.0065360684,0.07631681,0.0038138868,0.00078179623,0.87846166,0.00030897695,2.3009756e-09,0.03779956,0.62156284,0.27675167,0.92345864,1.9267124e-30,0.0025105642
10382,0.09390064,0.05994424,0.93076026,0.3270292,0.076071806,1.0354839e-10,1.1588926e-05,0.35101357,0.2662358,0.046305083,2.7431732e-26,1.0,0.07631681,3.4274817e-07,0.00043471542,4.37669e-28,0.008390837,9.255672e-27,0.0064144097,6.520295e-08,0.0004506918,3.820493e-08,1.0,0.003623193
10385,0.62409043,0.435717,0.87159395,1.02870615e-10,0.016242925,2.2801023e-08,4.9557564e-26,1.0,0.15257373,0.046305083,2.1155763e-25,8.197649e-15,0.07631681,1.4165755e-05,0.01308329,1.0,0.00020411126,6.744752e-21,0.021866366,5.2941386e-13,8.3278724e-11,0.2138557,7.1223555e-21,0.020930542
10388,0.13582136,0.05994424,0.0031954923,0.9999993,0.16564564,0.3665822,0.998836,1.0,0.0046493006,0.046305083,1.0820755e-10,0.0050313035,0.07631681,0.002941457,0.00016590046,2.8285015e-06,0.0004049829,8.1882837e-07,0.011657234,0.00050407957,2.175256e-07,0.30753493,3.9021664e-12,0.28932843
10394,0.9669875,0.17572631,4.4336637e-05,6.026721e-06,0.0011392452,1.0674505e-08,2.0480266e-23,1.0,0.05422198,0.046305083,1.0,4.4829884e-15,0.07631681,1.0662808e-07,0.76298386,1.0,0.00040235365,1.0,0.029907197,3.162366e-13,3.0621482e-17,1.527314e-07,3.645774e-13,0.0069082268
10405,0.1233277,0.9754944,0.9994319,0.017615508,1.0,2.5178938e-17,0.019863704,1.519649e-16,1.0,0.07617714,1.1756761e-28,0.00081993407,0.07631681,5.122281e-05,1.0,2.9534513e-07,0.00031215124,1.0,0.04754536,0.12850448,9.0667274e-10,1.0032761e-12,2.0707957e-28,7.3727336e-13
10406,0.4333966,0.05994424,0.004172308,0.026982594,0.053193565,2.4895757e-13,0.06547103,1.0,0.2662358,0.046305083,7.179787e-26,3.5846625e-08,0.1839583,1.7271073e-22,2.6916343e-06,2.7515584e-14,0.0003312366,2.1131535e-13,0.0025632665,7.187268e-11,8.292623e-05,6.528541e-13,4.364887e-27,0.09390905
10407,0.13582136,0.9866833,0.77752596,1.5869132e-10,0.00360455,0.99994135,3.56255e-24,6.7357036e-09,1.0,0.046305083,0.9999907,1.2166511e-15,0.09646739,8.357001e-07,0.13060017,1.0,0.00025372277,1.7404049e-25,0.021866366,1.1571205e-12,1.1401043e-13,1.0,0.35364524,8.406958e-06
10410,0.09390064,0.05994424,0.004389714,0.01352198,0.44864616,0.10501985,0.1584589,1.845562e-18,0.1337816,0.07617714,3.88173e-31,0.0021039026,0.07631681,0.006850636,0.0008269602,0.0013869064,0.0002456382,2.3009756e-09,0.04244934,0.027062848,0.004143602,0.6875265,6.0338755e-31,0.00079328596
10412,0.09390064,0.05994424,1.5038332e-06,0.011428069,0.32243758,1.0985403e-06,0.09830792,1.5614889e-24,0.25504234,0.046305083,1.2924319e-25,0.00068078534,0.07631681,3.864757e-06,0.00013935566,2.759219e-08,0.00016375893,5.374449e-22,0.011657234,0.0015168404,2.4324711e-09,1.0,2.2458944e-32,1.156541e-05
10414,0.09390064,0.10609732,0.0010880547,1.0198625e-09,0.011417376,0.9808594,3.8343667e-25,3.149341e-09,0.10870308,0.046305083,0.9999999,5.4892924e-10,0.37135705,1.4694688e-05,0.88694274,1.1492716e-06,0.00039964283,1.0,0.03261185,5.9953825e-10,9.954566e-14,6.5791094e-23,1.5293768e-18,0.02687922
10415,0.79466367,0.18197545,0.13069046,1.2271225e-07,0.4063069,1.0,0.00018143833,1.843285e-30,0.91922534,0.30965918,5.023463e-17,3.2934054e-07,0.48861712,6.6822213e-26,2.1283302e-05,0.9232623,0.0002096101,1.0761342e-31,0.011657234,0.0047983765,0.00048155565,1.0,6.0338755e-31,0.0036822595
10416,0.2740695,0.05994424,0.0064270217,0.99999905,0.043646276,0.05902981,0.1584589,1.0,0.0046493006,0.046305083,4.729885e-09,1.0,0.07631681,2.2752282e-08,0.00016590046,2.8285015e-06,0.00023296365,8.246988e-15,0.011657234,0.40006402,5.2400665e-06,0.30753493,1.0,0.9231802
10417,1.0,0.05994424,0.025546297,0.01352198,0.44864616,5.656193e-09,0.1584589,1.3353381e-30,0.2662358,0.046305083,5.2552173e-38,4.1084593e-05,0.07631681,0.00015994441,0.0021842746,0.0035387366,0.00016375893,4.6915346e-14,0.03779956,0.041096326,0.0006738337,0.8688423,6.0338755e-31,0.00062504824
10421,0.09390064,0.05994424,0.00059248065,0.099762246,0.44864616,0.053447388,0.019863704,1.3312415e-07,0.59347665,0.046305083,4.794259e-26,9.872798e-05,0.07631681,0.003770388,0.98050666,0.00027955213,0.00016375893,1.0,0.0019824235,0.027062848,1.9956788e-05,0.00014077712,2.2606795e-24,0.0008053186
10429,0.17665558,0.05994424,0.026650418,0.019434081,0.5004057,0.10501985,0.20706835,1.0,0.2662358,0.046305083,6.170805e-20,7.8427416e-05,0.07631681,0.027077543,0.020003723,0.0013869064,0.00030897695,0.99999964,0.0016357065,0.00034004837,6.8174835e-08,3.784361e-08,6.0338755e-31,0.0010520528
10439,0.09390064,0.9866833,0.9964521,4.729062e-05,0.006069089,1.7952754e-24,6.7148364e-23,1.0,1.0,0.046305083,1.0,1.5737108e-14,0.43289948,0.0003150576,0.56514066,1.0,0.00024407149,1.0,0.019819437,3.1498283e-12,5.091831e-12,1.9093678e-19,9.431097e-12,0.00011405145
10440,0.09390064,0.10609732,0.023061728,5.2469463e-11,0.011417376,1.0,3.915353e-24,4.519026e-31,0.050610077,0.046305083,1.0,1.2023674e-10,0.07631681,1.442697e-07,0.00021207251,0.21773072,0.00053850276,8.7149136e-29,0.035931535,7.698877e-08,2.3811507e-08,0.99998534,4.8840598e-20,1.2287403e-08
10444,0.5116465,0.10609732,0.3932231,1.0618112e-12,0.008783471,1.0,3.8986717e-26,1.7900553e-12,0.050610077,0.046305083,1.0,8.796405e-15,0.59508216,3.3728e-24,0.0016058985,0.9999999,0.00055047154,1.17874714e-14,0.020334642,7.908868e-13,2.2554428e-16,1.0,6.0164606e-21,0.00088250043
10447,0.17665558,0.05994424,4.9651095e-05,0.066982165,0.44864616,1.5278365e-08,0.019863704,1.0,0.2662358,0.046305083,0.087634504,0.0011971103,0.24536146,0.006010816,0.76670957,0.00027955213,0.0003506254,1.0,0.0019824235,3.0260132e-06,4.851378e-13,5.0738766e-08,6.0338755e-31,0.08183604
10449,0.14974806,0.05994424,0.01522754,0.0012210069,0.44864616,1.0,0.016312161,1.0,0.13688383,0.046305083,1.7877822e-20,5.913718e-06,0.13686801,1.1555315e-06,2.5477223e-07,0.4990543,0.00016375893,2.3009756e-09,0.011657234,0.003664032,6.242701e-08,0.15789391,6.0338755e-31,7.567324e-07
10450,0.09390064,0.05994424,0.03750696,1.3868484e-05,0.44864616,0.10501985,0.1584589,0.3784997,0.34321278,0.046305083,7.0079237e-28,0.0021039026,0.07631681,0.015294579,9.877356e-05,0.0059351893,0.00020083674,2.3009756e-09,0.011657234,0.05658786,0.0008946603,0.6875265,6.0338755e-31,0.0025105642
10454,0.16179545,0.05994424,0.05191163,0.20570946,0.15951541,0.00083856774,0.02285768,0.99999094,0.68138325,0.046305083,3.006636e-39,2.4287407e-05,0.37135705,0.386683,1.0,7.7223425e-21,0.00049379346,1.2381199e-27,0.012423,1.0459734e-05,0.06778048,2.0816743e-13,8.7787854e-27,3.871091e-08
10455,0.13582136,0.05994424,0.05725123,0.21574031,0.18106374,0.3665822,0.1584589,1.0,0.0050841863,0.046305083,4.729885e-09,0.00038896853,0.07631681,0.0003515688,0.001030975,2.3384678e-07,0.00016375893,1.3381501e-08,0.011657234,0.99971586,4.0164546e-06,0.30753493,3.9021664e-12,0.28932843
10457,0.8482247,0.17572631,0.07382743,4.4811e-11,0.00053227245,5.0372106e-10,4.018907e-23,1.0,0.62938046,0.046305083,5.519413e-14,1.0,0.07631681,4.932669e-12,0.14076778,3.2767977e-05,0.000739277,3.877562e-28,0.035931535,1.000532e-08,1.225796e-15,1.0,1.0,9.1039556e-07
10459,0.13582136,0.05994424,1.4971278e-06,0.97976226,0.061446615,7.7215073e-16,0.07727903,1.0,0.0061509223,0.046305083,0.79602104,1.5997879e-05,0.07631681,3.020449e-05,1.3277993e-05,3.014743e-17,0.00023923571,1.0,0.05490089,8.6767153e-07,0.060182814,3.1491365e-24,1.8624782e-08,0.16125235
10460,0.09390064,0.05994424,0.0062143565,0.48396194,0.44864616,0.03592954,0.9911141,0.027933028,0.2662358,0.046305083,1.5312257e-20,0.0016121216,0.07631681,0.42740774,0.99966764,2.5509582e-17,0.0005136235,1.0,0.0019824235,0.031119237,8.4701117e-07,1.4753034e-13,6.0338755e-31,0.10735819
10466,0.09390064,0.05994424,0.23424914,0.008196402,0.4993081,7.9377436e-14,0.16447337,1.0,0.99964607,0.046305083,3.006636e-39,1.4359058e-14,0.07631681,0.0072465274,0.006705575,5.665451e-15,0.00025192357,2.950832e-10,0.011657234,6.040584e-10,1.0683053e-09,1.0,2.2458944e-32,2.2285924e-06
10470,0.09390064,0.10609732,0.07491745,9.17688e-13,0.013139184,2.1389989e-11,3.56255e-24,5.821953e-13,0.19634472,0.046305083,2.6406834e-17,3.343936e-13,0.07631681,1.0978746e-05,0.030708699,0.9982931,0.0010823089,0.94880337,0.021866366,6.4976464e-13,6.515501e-14,1.0,1.8598049e-23,0.00012849149
10475,0.09390064,0.23985733,0.37525794,0.01352198,0.44864616,0.10501985,0.1584589,0.07912487,0.6344178,0.83177507,3.006636e-39,0.0021039026,0.2643406,0.00010002002,0.006130043,0.0013869064,0.0028662619,2.6668652e-11,0.10020641,0.027062848,6.242701e-08,0.99160975,6.0338755e-31,0.0025105642
10483,0.09390064,0.05994424,6.3911306e-05,0.001068085,0.5808024,0.06543944,0.019863704,9.621637e-09,0.15280591,0.046305083,3.58834e-10,2.8426222e-12,0.37135705,0.0010203229,0.08185655,8.718035e-15,0.00017983206,1.0,0.0019824235,2.5544045e-10,0.00019421149,3.783405e-21,6.0338755e-31,0.007917465
10484,0.09390064,0.10609732,0.03319675,2.3650804e-10,0.011417376,0.01648029,3.56255e-24,0.061105542,0.10870308,0.046305083,3.6468649e-07,2.7883965e-08,0.07631681,7.6471886e-05,0.017690144,1.0,0.00020411126,1.2631195e-05,0.035931535,5.946162e-10,3.5948898e-07,0.9999993,8.719405e-21,0.00010925377
10485,0.13777927,0.05994424,0.0026443978,0.0337805,0.12387654,0.0021553002,0.09566008,1.0,0.2662358,0.046305083,9.293608e-25,1.0,0.07631681,4.2409476e-07,9.657092e-05,3.565197e-11,0.00019582067,0.009890627,0.0025632665,8.5813436e-13,0.00906766,4.396368e-13,1.0,0.0072482876
10486,0.09390064,0.05994424,0.11935743,0.45307103,0.15951541,0.0007707323,0.017781299,1.0,0.98637587,0.046305083,3.006636e-39,1.1889223e-09,0.09646739,0.002421096,0.0019570077,2.5426198e-19,0.00020639747,0.22418691,0.0025632665,2.2605626e-07,0.0006965283,3.552317e-13,1.7667042e-28,0.00019413466
10492,0.09390064,0.05994424,4.4133844e-07,0.5898808,0.4221894,0.00016155627,0.016312161,1.0,0.43857142,0.046305083,1.2075293e-05,1.5905663e-08,0.13686801,0.0027005584,0.0142950965,6.150209e-12,0.00027394408,1.0,0.0019824235,0.00043247253,0.0082500335,0.21937554,2.4422514e-32,0.01633448
10493,1.0,1.0,0.2193513,2.4861094e-11,0.019870035,7.177099e-07,4.3330766e-23,2.7186048e-10,0.51276475,0.046305083,1.5678409e-15,3.7874847e-17,0.07631681,1.5114969e-06,0.006459085,0.0002022781,0.00076149736,4.435472e-14,0.021866366,3.2554092e-13,2.80209e-14,1.0,5.9144945e-20,0.0004307938
10494,1.0,0.10609732,0.014066868,0.0007563557,0.0011545429,1.0,2.4042433e-23,1.0,0.05375699,0.046305083,1.5317499e-11,4.400488e-09,0.07631681,2.4664174e-05,0.02811803,0.99984264,0.00030339282,1.0,0.035931535,1.0405062e-11,2.4644592e-10,6.313027e-26,1.7556855e-05,6.6198913e-07
10495,0.13582136,0.10609732,0.077556774,1.0768432e-11,1.0,1.0,3.56255e-24,4.1050003e-28,0.0905871,0.046305083,0.14669622,1.0,0.07631681,0.02575533,1.0,1.0,0.00022600578,8.06452e-31,0.035931535,2.2170545e-10,2.0923712e-12,1.0,1.0,5.73227e-06
10496,0.15750547,0.10609732,0.047545813,3.7044317e-12,0.014062952,1.0,3.56255e-24,3.006636e-39,0.04935128,0.046305083,1.0,1.7241686e-14,0.09646739,5.657588e-07,0.00012023023,1.0,0.00051811454,3.459402e-39,0.032960944,8.5182024e-13,1.8475522e-14,1.1899439e-05,2.9431918e-22,1.6665179e-05
10497,0.09390064,0.05994424,0.0004804834,0.15425083,0.66333956,4.1439986e-07,0.016312161,6.246078e-25,0.2662358,0.046305083,6.455039e-14,1.0187724e-06,0.13686801,6.1084065e-05,0.972737,2.770756e-07,0.0002096101,1.0,0.0019824235,0.0804826,2.3989296e-08,7.4202477e-13,2.2606795e-24,0.00019676918
10500,1.0,0.21755613,0.71140593,2.3813776e-12,0.011417376,1.0,3.56255e-24,1.0,0.10870308,0.20450345,3.9507206e-14,1.6349483e-12,0.07631681,0.00010468743,0.48457122,1.0,0.00027246305,1.0,0.998733,1.7021369e-09,7.5798016e-13,1.0,4.329049e-14,0.0033395356
10501,0.09390064,0.05994424,5.316018e-07,0.0006639213,1.0,0.0027922993,0.00025997515,0.99999964,0.14585476,0.046305083,6.02844e-06,6.56912e-18,0.07631681,0.0139486315,1.0,3.2878734e-11,0.0003618775,0.0036154345,0.011657234,1.9802777e-11,0.058874868,9.741908e-09,2.4422514e-32,0.19130334
10507,0.09390064,0.05994424,0.007600825,0.13670123,0.15951541,0.00066502375,0.02285768,1.0,0.48325115,0.046305083,3.006636e-39,6.204199e-07,0.07631681,1.0,1.1500278e-05,3.096907e-18,0.00019582067,2.2352234e-21,0.0025632665,1.0038451e-07,0.0011676558,1.5309248e-13,4.364887e-27,0.004383966
10508,0.09390064,0.05994424,2.4292413e-07,0.0069129854,0.12133858,1.0985403e-06,0.009510287,7.796763e-06,0.15280591,0.046305083,8.688747e-16,1.0,0.13686801,6.142238e-08,2.3706255e-06,0.028856378,0.00021942968,5.374449e-22,0.011657234,0.0005823106,0.00958475,0.5935925,1.0,0.046230864
10510,0.72504663,0.05994424,0.016691778,0.0033004044,0.18390536,0.10501985,7.710212e-05,1.0,0.2662358,0.046305083,4.1175424e-15,1.0,0.07631681,3.6829149e-09,0.0010334246,1.8364284e-11,0.00030897695,9.4258795e-20,0.011657234,3.219025e-08,1.0,0.0021437265,1.0,1.0
10514,0.09390064,0.05994424,0.042982478,4.2431033e-08,0.44864616,0.10501985,0.1584589,0.3784997,0.2662358,0.046305083,1.544881e-17,0.0021039026,0.41527018,0.04392902,8.302806e-05,3.2077474e-12,0.00018132574,1.1908527e-18,0.03622963,0.046594977,6.2173434e-08,1.1764079e-12,6.0338755e-31,0.00044766435
10518,0.13582136,0.05994424,0.000348522,0.10230422,1.0,0.00013167596,0.019248234,0.99999976,0.019235546,0.046305083,0.041513585,8.812178e-06,0.07631681,0.00076008006,6.5278564e-06,1.758964e-07,0.00019582067,1.0,0.0019824235,2.6913498e-09,0.06997503,3.4942616e-14,7.392464e-12,0.009148397
10520,0.16888583,0.10609732,0.025547285,4.746405e-09,0.0037107877,1.0,3.56255e-24,1.0,0.18635944,0.046305083,3.8810535e-07,4.3015067e-11,0.07631681,6.7831635e-08,0.031911522,1.0,0.00047022811,0.0019974331,0.03344825,3.0363667e-09,9.735849e-21,1.0,0.0027307563,0.001075639
10525,0.09390064,0.05994424,0.01789633,0.0007302524,0.32242206,2.5753834e-24,0.08337264,1.0,0.48325115,0.0951895,3.006636e-39,1.7875294e-13,0.07631681,0.0011245608,0.0016835621,2.6220819e-18,0.0006388665,1.0,0.012423,2.7832367e-12,0.8026039,3.006636e-39,4.0315646e-28,5.909478e-07
10528,0.09390064,0.05994424,9.0969406e-05,0.811977,0.37528476,2.5817198e-15,0.005248517,1.0,0.2662358,0.046305083,0.99263316,0.005307163,0.07631681,0.02938614,0.39873263,8.69087e-06,0.00029272828,1.0,0.0019824235,0.003592462,2.2584941e-13,6.1913057e-09,2.2458944e-32,0.00015397162
10529,0.09390064,0.5943586,0.5338647,2.3819843e-10,0.009748736,5.683576e-20,3.715804e-23,1.0,0.9446788,0.046305083,4.3579427e-30,1.0055026e-11,0.07631681,0.0007266256,0.0108799515,2.2576035e-06,0.00026125804,3.983856e-33,0.035931535,1.4885032e-09,1.36980765e-08,5.4443703e-11,2.8451076e-15,0.00017312303
10531,0.40809065,0.05994424,8.544072e-05,0.0032509116,0.5261966,4.2716508e-10,0.073902875,0.44849417,0.2662358,0.046305083,2.1664843e-07,2.0601694e-18,0.07631681,1.7943159e-05,0.003976043,0.008495524,0.00032015936,1.0,0.0019824235,4.4038698e-10,0.004184459,0.91547227,9.1502177e-26,0.00019330272
10532,1.0,0.10609732,0.00023439762,6.992017e-11,0.0027407347,1.0,3.56255e-24,1.0,0.5045412,0.046305083,8.3887924e-10,1.0,0.07631681,1.9525881e-10,0.10355919,1.0,0.0003316556,1.0,0.032960944,2.2945164e-12,3.38371e-27,1.0,1.0,0.92086667
10534,0.13582136,0.05994424,0.028318135,0.11728642,0.0964918,0.009505258,0.02285768,1.0,0.004391559,0.046305083,1.130747e-16,0.0031847109,0.07631681,0.0007353857,1.845146e-05,3.096737e-07,0.00019582067,1.6230165e-13,0.0025632665,7.6180554e-06,0.14384946,1.9753473e-11,8.7913406e-11,0.020030983
10535,1.0,1.0,0.064306885,0.06489179,0.34869018,0.019740015,0.0026124723,1.0,0.77283937,0.046305083,1.5869938e-15,3.482901e-05,0.07631681,7.921461e-05,0.0019982755,6.7874275e-14,0.00018304498,6.824264e-19,0.011657234,0.26424494,1.0,3.572633e-07,3.9021664e-12,0.99450845
10536,0.13582136,0.05994424,0.0016583817,0.00019368372,0.029700095,3.9785054e-13,0.017761031,1.0,0.009083144,0.046305083,1.0,1.0,0.4543069,1.6092377e-09,4.5816905e-06,0.0048497594,0.0009043576,0.6880309,0.0641357,3.4170108e-10,3.3101644e-09,3.4651683e-12,1.0,0.0010217256
10539,0.09390064,0.10609732,0.00080614584,2.487249e-10,0.011417376,0.29636332,3.8343667e-25,1.0,0.14503387,0.046305083,2.7423673e-07,8.3436286e-11,0.07631681,0.00037069162,0.004263153,0.9789684,0.00022650973,1.0,0.03261185,2.2170545e-10,4.3647065e-11,4.7943776e-15,7.365932e-20,2.926121e-05
10543,0.17665558,0.05994424,0.0012310381,0.028896654,0.1438104,4.147966e-09,0.019863704,0.78945005,0.45347273,0.046305083,6.0334565e-10,1.0,1.0,3.6777296e-06,0.7810013,1.1550276e-07,0.00036660858,1.0,0.009629485,0.027062848,4.467179e-08,8.008584e-13,1.0,1.9019933e-11
10544,0.09390064,0.05994424,6.554041e-05,0.0116222575,0.12133858,1.8713482e-08,0.2056298,1.0,0.2662358,0.046305083,2.4932286e-14,1.0,0.07631681,0.05449968,0.3923194,1.4757705e-07,0.00024309491,1.0,0.0019824235,0.04698081,3.6216697e-05,1.5016335e-06,1.0,0.0011874117
10552,0.09390064,0.05994424,0.2705573,0.022231061,0.5004057,3.127691e-07,0.018350748,2.1268452e-13,0.48461762,0.046305083,4.7364763e-31,7.8598094e-07,0.07631681,5.6396355e-05,0.03877837,4.6690557e-18,0.00036093342,1.0,0.054583166,0.0061900057,0.629756,1.6763018e-15,8.381589e-30,2.0494946e-13
10554,0.09390064,0.10609732,0.009303997,0.0010764489,0.0026864838,7.405896e-06,2.9176254e-23,1.0,0.12484369,0.046305083,1.4365503e-13,5.5254943e-09,0.07631681,1.5009969e-05,0.0017551507,1.5805567e-06,0.00024407149,1.0,0.03261185,1.952277e-12,4.9266607e-08,6.166209e-11,4.0154315e-14,2.648732e-06
10555,0.09390064,0.05994424,1.0783443e-06,0.016542817,0.32377535,5.183673e-18,0.087029934,1.0,0.14585476,0.046305083,5.929694e-29,8.8272405e-20,0.07631681,0.00049419794,0.00036199394,0.89843273,0.0003609985,1.2092966e-07,0.0084867235,7.906847e-13,1.8880722e-07,3.006636e-39,4.0315646e-28,0.0021807223
10566,1.0,1.0,1.8348352e-05,0.009898891,0.004051549,2.8475158e-09,1.821108e-23,6.584162e-10,0.56925434,0.046305083,0.43650526,8.963593e-10,0.07631681,5.2924054e-07,0.32018957,1.0,0.00031633224,1.0,0.035931535,4.352849e-12,2.0998328e-11,8.1841016e-08,0.006552891,4.6234486e-08
10567,0.8703765,0.10609732,0.04191727,2.0159384e-10,0.11916335,1.0,8.29023e-23,1.0,0.15311112,0.046305083,1.0,1.3341939e-13,0.2081817,3.510532e-23,0.00060179236,1.0,0.00022814856,9.230335e-39,0.17798871,6.256719e-12,2.2233341e-14,1.0,4.3748333e-22,0.0002004673
10571,0.09390064,0.45155433,0.8845355,2.2555542e-09,0.009406016,0.91806775,7.8235034e-23,1.0,0.29509836,0.30965918,4.648229e-10,1.9784713e-07,0.16795658,7.787378e-05,0.0055466546,1.0,0.00031780193,0.9999788,0.15428965,1.9664728e-10,1.660804e-14,0.98898965,1.1554029e-19,3.5654238e-10
10578,0.17665558,0.05994424,0.0010671207,0.7377652,0.15951541,0.0014625521,0.02285768,3.006636e-39,0.2662358,0.046305083,1.1562262e-36,1.3970084e-05,0.07631681,0.0008298687,0.00010535147,1.8060775e-20,0.0006007708,5.0171867e-11,0.0025632665,4.0796326e-09,4.5122224e-08,9.064221e-10,4.761755e-21,0.19174871
10583,1.0,0.05994424,0.00032221185,0.08054448,0.15951541,1.0,7.413287e-06,1.0,0.13688383,0.046305083,9.9762785e-09,1.2105477e-06,0.07631681,2.3956889e-05,0.00021930128,9.296652e-11,0.00039035967,1.26573166e-20,0.0025632665,3.055441e-06,0.008228693,0.9999995,1.7667042e-28,4.222699e-05
10584,0.09390064,0.05994424,0.0064580077,0.999998,0.23423387,7.188021e-05,0.026580019,3.9134562e-13,0.33540437,0.046305083,7.837319e-34,8.300264e-15,0.07631681,0.012631417,0.01529707,1.502458e-19,0.0002363428,0.00267441,0.0025632665,2.2607288e-11,2.2985686e-08,5.96689e-27,5.144188e-29,0.010267841
10586,0.107352525,0.10609732,8.0064643e-07,3.5702363e-09,0.0026240791,1.1510983e-15,3.8705587e-27,1.0,0.054282483,0.046305083,1.0,7.0324584e-12,0.07631681,6.6423173e-12,0.27499437,1.0,0.00047234853,1.0,0.035931535,7.0839323e-10,3.0339738e-18,1.0,2.7256924e-10,0.00020335097
10587,0.8948444,0.10276631,0.03283567,0.0015376038,0.574614,0.0018342598,0.0026124723,1.0,0.37259588,0.046305083,6.3686824e-34,7.6621316e-13,0.07631681,0.00087684597,0.0045719193,4.947884e-13,0.00021511609,1.9029327e-19,0.011657234,1.0856462e-09,8.3134165e-07,7.693783e-06,6.0338755e-31,0.18637675
10588,0.09390064,0.05994424,0.055523463,0.009973494,0.46115193,0.00094586506,0.02285768,1.0,0.95518005,0.046305083,1.8229813e-19,5.3982455e-07,0.29585013,0.03452087,0.14510219,3.0968673e-07,0.00045771172,0.7555895,0.0025632665,4.6028956e-07,0.99975425,1.0,5.9308445e-30,0.000118409676
10592,0.13582136,0.05994424,8.452039e-05,0.99998486,0.09698522,1.0,0.0031138612,2.3569795e-28,0.0042371973,0.046305083,0.16608448,0.0057873563,0.16795658,1.1066454e-06,7.127253e-05,1.0,0.0004816486,8.163802e-27,0.0054030083,0.004475015,1.27996985e-17,5.158612e-14,3.106166e-10,0.000527837
10594,0.82953477,0.05994424,0.004707568,0.0029219338,0.014535695,0.99843127,3.0103695e-06,1.0,0.2662358,0.046305083,0.9999945,1.0,0.7857627,3.251252e-28,0.00017058251,1.0,0.00016375893,2.1774622e-30,0.0051946533,0.027062848,1.7256971e-08,1.0,1.0,0.0005326335
10595,0.16888583,0.10609732,0.00059672055,5.584199e-05,0.0024502908,0.010512769,1.215046e-23,1.0,0.10870308,0.046305083,1.0,2.6990074e-18,0.07631681,3.1746126e-07,0.07940581,1.0,0.0003846293,1.0,0.021866366,1.754204e-12,9.6082945e-15,1.0,0.99999976,5.8664214e-06
10596,0.4333966,0.32243612,0.4153746,0.002619031,0.029205037,1.0,0.0020563675,5.3212566e-18,0.2740135,0.57735074,0.0087223025,1.8095155e-12,0.36645103,6.938164e-25,1.0785366e-06,1.0,0.00025249517,4.5060994e-23,0.025902305,7.259191e-13,5.186347e-09,1.0,2.0707957e-28,7.8306897e-07
10599,0.6832289,0.10609732,0.0023124502,0.00027954121,2.2050743e-05,2.1768633e-12,2.0147987e-23,0.9996767,0.6787386,0.046305083,1.0,1.0,0.12127647,1.2261779e-25,0.84199554,1.0,0.000715306,1.0,0.095738746,1.1496124e-12,3.9088242e-13,5.6830675e-16,1.0,1.0
10602,0.09390064,0.28153327,0.461503,5.633115e-11,0.011417376,3.042143e-07,3.5368608e-25,1.0,0.98614234,0.57959044,3.808714e-23,3.3274087e-12,0.1749142,4.1360316e-05,0.028416269,6.4623566e-07,0.00025788002,9.118539e-12,0.035931535,1.4078471e-08,0.00062342844,0.9953614,3.6100262e-21,0.0004994789
10604,0.09390064,0.6140455,0.6283457,0.0005797032,0.0003757562,0.9999999,8.01276e-23,1.0,0.41949308,0.68413407,1.0,1.4356431e-10,0.22281624,7.8263366e-07,0.04252363,1.0,0.00083764724,1.0,0.1858669,3.5681053e-13,1.9772671e-10,0.011075033,9.479095e-14,3.5114084e-08
10610,0.4333966,0.05994424,0.0018365434,0.018123465,0.035338026,5.377182e-09,0.0020563675,0.9659877,0.14409234,0.046305083,0.009134488,6.8531995e-07,0.1839583,1.2005475e-22,2.857076e-08,1.0,0.0002532336,3.9046698e-26,0.011657234,0.044877876,0.9988776,0.99998426,2.4422514e-32,0.0008785471
10615,1.0,0.32243612,0.9636811,0.00040317298,0.20702624,0.002370387,0.016312161,3.0261e-27,0.92798615,0.62786126,7.981025e-33,8.3273036e-14,0.3816271,1.39621795e-11,2.0448673e-05,8.884509e-05,0.00055844,0.96051335,0.08982352,3.6171735e-10,2.1057068e-16,1.0,5.2525614e-12,0.982586
10616,0.09390064,0.05994424,0.01637834,0.035632282,1.0,7.9377436e-14,0.5730741,0.14514433,0.2662358,0.046305083,2.5769832e-33,0.0010378377,0.07631681,0.017910952,0.00033607503,1.2950637e-08,0.00018241738,1.7549591e-17,0.011657234,0.581232,3.6643807e-05,2.861835e-07,6.0338755e-31,4.5309207e-05
10617,0.09390064,0.05994424,0.012176019,0.01352198,0.66333956,0.10501985,0.1584589,0.42777875,0.2662358,0.046305083,1.6443321e-36,4.3330232e-07,0.07631681,0.0054805996,0.1931192,4.042532e-08,0.00016375893,2.3009756e-09,0.011657234,0.042205118,0.0014341773,0.6875265,6.0338755e-31,0.0025105642
10622,0.13582136,0.14426152,0.008319161,0.06443322,0.059015535,1.0,0.1584589,4.898305e-39,0.004538272,0.1314709,1.0,0.00046905858,0.07631681,3.808494e-05,7.663121e-07,1.0,0.00034302878,7.0974885e-35,0.9925775,0.000281894,1.5335903e-09,7.038423e-05,1.0470191e-09,0.46591812
10624,0.99993014,0.10609732,0.03164288,7.10942e-10,0.011417376,0.55960196,3.56255e-24,2.7065104e-20,0.10870308,0.046305083,1.5972086e-16,2.3341913e-08,0.07631681,6.296862e-08,0.00066563376,1.5996972e-07,0.0010086155,6.4823675e-14,0.03344825,3.8953812e-10,7.415409e-13,0.21791413,6.187261e-19,1.0031519e-05
10627,0.5929794,0.10609732,0.000108602406,6.6593564e-11,0.30371642,0.9218526,3.4334443e-27,4.931172e-16,0.1448456,0.091239415,1.0,1.4962971e-09,1.0,4.4447015e-26,0.04741115,1.0,0.0007566628,1.0,0.035931535,1.3079936e-10,1.0,1.0,1.4188157e-16,0.0045116832
10630,0.9978452,0.10609732,0.0002259879,9.308736e-11,0.011417376,2.7193428e-09,3.8343667e-25,1.0,0.062153894,0.046305083,1.0,7.322335e-10,0.07631681,9.648561e-07,0.016956123,0.99999976,0.00027750156,1.0,1.0,5.3371295e-08,4.2360412e-17,1.3071819e-19,3.3540878e-12,1.4978396e-05
10633,0.4646028,0.10609732,1.1165733e-05,3.8718626e-06,0.0015931603,1.0,3.856904e-23,1.0,0.07175108,0.046305083,1.0,1.6935163e-09,0.07631681,2.79688e-09,0.73452365,1.0,0.0003963947,1.0,0.04044106,6.059904e-13,6.4795245e-07,1.0,1.0,5.6457206e-06
10634,0.13582136,0.10609732,0.25354308,2.0580344e-09,0.0024003522,0.99991775,8.420424e-24,1.0,0.37809393,0.046305083,0.9997993,6.706775e-11,0.07631681,2.9338755e-08,0.94095266,1.0,0.00020411126,1.0,0.03261185,1.6589712e-10,1.8784875e-14,0.00014614324,3.1198193e-05,8.855016e-06
10635,0.41575256,0.10609732,0.18193503,1.839423e-10,0.011417376,1.2181868e-10,3.56255e-24,5.1383427e-06,0.3014372,0.046305083,5.642551e-28,6.84978e-09,0.07631681,2.7583945e-05,0.030198187,0.9999485,0.00020411126,2.4984902e-13,0.6243197,2.2170545e-10,1.5053065e-15,0.9999645,6.322855e-20,7.823202e-05
10636,0.09390064,0.10609732,0.00069532526,0.0022882333,0.0024676134,3.1913867e-05,1.8584717e-23,0.9777744,0.054282483,0.046305083,0.9872974,5.429484e-13,0.09646739,8.75534e-07,0.35265166,0.011069341,0.0005191683,1.0,0.26524475,1.4053391e-07,9.532659e-13,0.051415436,4.6500216e-17,0.0006148226
10642,0.48106945,0.10276631,0.02895217,0.0009748608,0.574614,0.10501985,0.1584589,0.0053676604,0.52219325,0.046305083,4.5367924e-34,2.4974943e-07,0.07631681,3.0071651e-05,0.006635082,7.5447155e-11,0.0051096603,0.03502899,0.028777288,8.2392426e-10,0.06566974,4.854459e-06,6.0338755e-31,0.02377776
10646,0.09390064,0.05994424,0.13477802,1.2643987e-06,0.44864616,0.0037705598,0.018350748,1.4622362e-06,0.2662358,0.046305083,3.006636e-39,6.218067e-08,0.07631681,0.019564698,0.5947497,0.004713868,0.00020689992,1.0,0.011657234,0.023594504,0.0009052753,0.065006,2.4422514e-32,0.001504536
10647,0.13582136,0.05994424,0.00027309786,0.02191647,0.18106374,0.0032164077,8.299053e-06,1.0,0.014846692,0.046305083,1.0,5.335784e-09,0.07631681,4.4060502e-07,0.00078657945,0.00020955435,0.00017983206,1.0,0.0019824235,3.8033093e-07,5.3591604e-13,2.622028e-05,2.2864113e-13,0.068305224
10648,0.13582136,0.05994424,0.0032225624,0.17751278,0.18106374,1.0,0.1584589,1.0,0.0043902476,0.046305083,6.253974e-16,4.8241745e-05,0.07631681,0.00038804708,2.4483877e-06,0.0053309253,0.00016375893,8.203822e-09,0.011657234,0.003664032,9.526671e-07,4.320661e-05,1.7302781e-16,0.005348616
10653,0.29913616,0.10609732,0.027607119,7.1122547e-10,0.011417376,1.0,3.56255e-24,1.6225382e-26,0.3019125,0.8471056,5.1888107e-09,2.1481215e-10,0.07631681,1.3537009e-05,0.26987842,1.0,0.00020411126,1.01487305e-10,0.5699201,2.2170545e-10,1.4220357e-14,1.0,1.0370195e-14,0.007883652
10655,0.09390064,0.10609732,0.020975934,0.00606191,0.0026864838,0.120456375,2.0171366e-23,6.977371e-16,0.8677678,0.046305083,1.1685719e-08,3.4218581e-09,0.07631681,9.354524e-05,0.00037043073,0.121648215,0.00024407149,1.0,0.03261185,3.8231224e-13,1.5187206e-10,9.507983e-09,1.9339583e-15,0.0001414495
10659,0.41575256,0.05994424,0.02895217,0.806091,0.21803539,0.10501985,0.1584589,1.5565878e-10,0.2662358,0.046305083,3.1691664e-31,1.0,0.07631681,3.004487e-08,0.009442951,7.5447155e-11,0.00016375893,0.0009953475,0.011657234,3.6171735e-10,1.5183464e-06,7.693783e-06,1.0,1.0
10663,0.09390064,0.05994424,0.0058805165,0.70802,0.15951541,0.00094586506,1.0,1.0,0.2662358,0.046305083,3.2241826e-33,0.010215268,0.07631681,0.030932434,0.0076670507,2.1139678e-07,0.08408656,1.3079279e-11,0.0025632665,6.057076e-07,0.0052488283,0.44194716,4.364887e-27,0.00076506956
10665,0.15750547,0.9866833,0.9988815,9.586041e-10,0.011417376,9.438652e-09,3.8343667e-25,0.99989986,1.0,1.0,2.662301e-15,2.4527895e-12,0.07631681,1.1719335e-08,0.017564585,1.1917341e-11,0.001634293,1.0,0.14164153,5.5230394e-09,1.768916e-13,1.4588114e-20,7.095083e-19,4.170983e-08
10671,0.4839726,0.05994424,0.07155023,0.055189047,0.56383866,9.1682915e-07,0.034891997,1.0,0.34203467,0.046305083,0.00016586029,5.433149e-07,0.1839583,1.847874e-24,4.269866e-05,1.7798256e-11,0.00016375893,3.586523e-23,0.011657234,6.732511e-11,1.324819e-07,1.0,7.33454e-17,0.0030170856
10673,0.6265116,0.17572631,0.012355351,5.132166e-09,0.021207184,0.9999492,3.9297757e-25,4.9703323e-12,0.45439333,0.046305083,7.317489e-18,4.2677183e-17,0.07631681,9.310436e-08,0.0136085795,1.0,0.00075691915,1.0,0.020334642,5.2368682e-11,4.4496623e-08,1.0,4.7573043e-22,0.0006626933
10674,0.09390064,0.05994424,0.00014303642,0.22413598,0.14731796,2.2934856e-18,0.011683816,1.0,0.60283107,0.046305083,6.29498e-05,1.5554248e-05,0.2309254,0.0002897636,0.04230896,9.11089e-08,0.0005130334,1.0,0.009629485,3.6596127e-08,1.0,1.4737111e-21,2.6206405e-19,3.0792758e-12
10675,0.29163453,0.05994424,2.3431007e-06,0.0014778739,0.17365032,1.0307233e-10,0.014242248,1.0,0.2184399,0.046305083,1.0,1.6908632e-09,0.24814984,5.8163846e-07,0.0087389015,1.6730586e-09,0.0005495727,1.0,0.006572451,2.8666255e-10,3.2182786e-14,1.0,1.1408924e-27,2.994841e-08
10676,0.2420962,0.05994424,1.3470009e-06,0.01352198,0.023127923,1.0,0.1584589,3.3350675e-18,0.9395018,0.046305083,1.0,1.0,0.07631681,1.5568791e-07,0.00034626384,1.0,0.00016375893,2.1737275e-30,0.011657234,0.07439462,0.008921096,0.0002656332,1.0,0.9710277
10677,0.15841892,0.05994424,0.0056323935,0.012957121,0.451603,1.0985403e-06,0.144885,0.5021545,0.2662358,0.046305083,3.006636e-39,0.0049222,0.12283942,0.022069179,6.832265e-05,0.0029737332,0.00016375893,5.753923e-11,0.011657234,0.0002150029,0.00958475,4.364222e-08,2.2458944e-32,6.3217867e-06
10681,0.17665558,0.05994424,0.005270303,0.0108877085,0.44864616,0.002905349,0.00025997515,1.6670848e-14,0.2662358,0.046305083,8.7693784e-35,8.663323e-06,0.07631681,0.004894615,0.00015365393,4.622616e-07,0.00068329094,1.0,0.011657234,0.0013688887,0.00066853093,6.6306277e-10,2.4422514e-32,0.99484456
10683,0.09390064,0.05994424,0.012176019,0.99978775,0.4221894,0.071882464,0.1584589,0.3784997,0.6522179,0.046305083,1.4090505e-27,0.007106609,0.07631681,0.015294579,0.13705562,7.3297116e-07,0.0001898146,2.1367947e-13,0.011657234,0.027062848,5.0776158e-05,2.3157294e-09,6.0338755e-31,0.0005052369
10684,0.50756395,0.05994424,2.0235834e-06,0.0016081218,0.47052363,7.261688e-08,0.011324586,0.9999956,0.32862854,0.046305083,8.261115e-05,3.4115726e-14,0.07631681,8.439077e-07,1.5480065e-07,2.5437294e-16,0.00020191139,9.864121e-19,0.011657234,6.79587e-11,0.9999949,1.0,3.106166e-10,0.0011945029
10688,1.0,1.0,0.020572565,0.13970344,0.4221894,0.10501985,0.1584589,8.032223e-12,0.2662358,0.046305083,2.5986727e-32,0.007106609,0.07631681,0.015294579,0.00060299627,7.3297116e-07,0.0001898146,2.3009756e-09,0.011657234,0.08703179,0.004143602,2.0230188e-13,6.0338755e-31,0.0031511036
10689,0.15723225,0.05994424,0.015349334,0.021138942,0.41605037,0.10501985,0.20706835,1.0,0.33540437,0.046305083,3.006636e-39,1.8028371e-05,0.16950274,0.04345467,0.006130043,0.00018481363,0.00016375893,2.0769794e-12,0.011657234,0.030831663,2.0226724e-12,0.002972889,6.0338755e-31,0.0025105642
10699,0.44515803,0.10609732,5.0495702e-05,4.54629e-05,0.007095108,2.9588303e-13,1.3697344e-23,1.0,0.5438421,0.046305083,0.8807137,1.01631814e-10,0.07631681,4.7028912e-08,0.5615183,1.0,0.0006967105,1.0,0.38308737,2.6755548e-13,1.5238143e-12,1.0,0.00016764906,3.5150137e-05
10701,0.2455108,0.05994424,0.003662128,0.43543836,0.08145779,1.0,0.02285768,1.0,0.004391559,0.046305083,1.0,3.3686814e-05,0.07631681,3.173552e-06,8.3731344e-08,6.2906375e-10,0.00055552705,4.716859e-16,0.0025632665,3.3533524e-08,0.032265224,2.4472147e-05,7.4804754e-12,0.6745066
10702,0.09390064,0.05994424,6.879731e-05,4.1345328e-07,0.44864616,1.0,0.0002818373,0.999979,0.58039707,0.046305083,1.0,7.0897437e-07,0.07631681,0.0005762626,0.07287642,7.2489558e-12,0.0049714856,1.0,0.004965229,0.0007234348,4.761619e-06,5.1000345e-12,6.0338755e-31,6.8714354e-09
10703,0.5529831,0.05994424,0.0011319752,0.015630342,0.006266478,4.2929485e-23,0.08022197,0.8899448,0.34321278,0.046305083,3.265315e-32,3.5583057e-09,0.35515404,4.9013544e-23,3.0570675e-06,4.3477296e-12,0.00024465838,3.9506896e-22,0.0025632665,1.371932e-10,0.00021386836,3.1648148e-25,6.0870295e-22,0.07581609
10704,1.0,0.05994424,0.00036579464,1.8951057e-07,0.3566171,0.0009474976,0.020347917,0.9998429,0.007679177,0.046305083,5.809181e-26,6.233943e-16,0.07631681,1.3823856e-07,0.013460586,0.50926787,0.0016957562,1.0,0.08982352,3.5853978e-10,0.00048648068,0.99996305,2.8526744e-13,0.0008569991
10705,0.13582136,0.10609732,0.386425,4.9915827e-09,0.00064733136,1.0,3.915353e-24,1.0,0.23079085,0.07390926,1.0,1.0,0.5816765,1.214973e-10,0.0009866877,0.00010246446,0.00021918798,1.8419983e-23,1.0,5.2590426e-10,1.0086044e-08,1.0,1.0,7.896323e-05
10706,0.13582136,0.10609732,0.0018027484,0.00019998774,0.0013451467,2.2564142e-17,8.4039025e-23,1.0,0.51464903,0.046305083,8.9253e-06,7.647621e-20,0.38096955,1.3944161e-07,0.033302728,1.0,0.0047957245,1.0,0.21439129,2.5167227e-13,1.2575647e-12,1.0,1.0,1.8813568e-06
10716,0.09390064,0.10609732,0.22653438,5.655341e-09,0.011417376,5.5596537e-08,1.7842053e-20,1.0,0.15646629,0.046305083,1.3224904e-14,1.62735e-09,0.07631681,7.4569834e-07,0.0050572692,0.6286889,0.0056656464,1.5586981e-16,0.0856132,4.868936e-09,7.796867e-08,0.24036255,9.261644e-19,0.0002809707
10720,0.5529831,0.05994424,4.44799e-05,9.93018e-10,0.2065845,1.9426967e-09,0.0008725292,1.0,0.2662358,0.091239415,1.0,1.7208119e-07,1.0,5.081455e-25,0.007840146,0.43753365,0.00018132574,1.0,0.0019824235,0.00037312202,4.62223e-13,1.0,6.0338755e-31,0.031092491
10722,0.09390064,0.05994424,0.006797776,9.497737e-05,0.1438104,0.0037705598,0.018350748,0.47838423,0.2662358,0.046305083,9.232849e-36,1.0,0.07631681,2.2708825e-07,0.01885603,0.99999166,0.0006853284,1.0741466e-05,0.028777288,0.0013688887,2.919387e-06,0.7617228,1.0,0.9999999
10723,0.09390064,0.05994424,0.004389714,0.05532341,0.4221894,0.10501985,0.1584589,0.19080347,0.1337816,0.046305083,3.88173e-31,0.007106609,0.07631681,0.006850636,0.0008269602,7.3297116e-07,0.0001898146,2.0261768e-06,0.011657234,0.027062848,0.004143602,0.24011749,6.0338755e-31,0.00079328596
10727,0.41575256,0.32243612,0.95787,0.0003605512,0.3666133,0.10501985,1.0,0.79725635,0.8205771,0.6499391,3.006636e-39,3.9939332e-05,0.1749142,0.0021154508,0.00065312925,0.41403136,0.03645714,4.2958498e-11,0.028777288,0.027062848,3.3603342e-14,0.65918213,6.0338755e-31,0.0014460724
10729,1.0,1.0,0.9509008,0.09394721,0.1438104,0.0055640726,0.1584589,1.58499e-06,0.1337816,0.046305083,3.88173e-31,1.0,0.07631681,0.006850636,0.003939733,1.038839e-10,0.0001898146,8.3877954e-15,0.34783295,0.04290338,0.00034510117,0.6875265,1.0,0.00056404993
10736,0.09390064,0.05994424,4.0140773e-07,0.0001547824,0.3867178,1.0,0.014591461,1.0,0.55071545,0.046305083,3.5379214e-06,5.2683606e-17,0.07631681,2.6970047e-06,0.07441945,7.6175085e-05,0.00047768513,1.0,0.0025632665,1.9126298e-12,0.011887539,1.0,1.0560753e-19,0.002681567
10738,0.4653587,0.05994424,1.225324e-07,0.026836831,0.0009713647,1.0,0.0926618,3.006636e-39,0.13688383,0.046305083,1.0,0.0004980222,0.1839583,1.11735205e-23,7.0383597e-09,1.0866261e-09,0.0005424765,3.006636e-39,0.011657234,0.012378834,0.0019912869,1.0,8.414572e-26,3.4124028e-08
10740,0.09390064,0.10609732,0.4089177,1.0068562e-10,0.013472197,0.022277428,3.56255e-24,0.999869,0.40602058,0.046305083,1.0,1.6916525e-14,0.09646739,3.5346568e-06,0.9945879,1.0,0.00020411126,3.851064e-07,0.021866366,2.769953e-13,1.8363468e-12,0.51406467,9.594347e-21,0.9010961
10744,0.09390064,0.05994424,0.00014261165,0.099762246,0.44864616,0.053447388,0.019863704,0.7134505,0.2662358,0.046305083,1.3884189e-25,0.00041761724,0.07631681,0.027400892,0.5109542,0.00027955213,0.00016375893,1.0,0.0019824235,0.027062848,0.00012313516,6.330944e-05,6.0338755e-31,0.0025105642
10748,0.09390064,0.05994424,0.012176019,0.01352198,0.44864616,0.10501985,0.1584589,0.3784997,0.2662358,0.046305083,3.524599e-28,2.2359973e-05,0.07631681,0.015294579,0.022370093,2.6264859e-06,0.00016375893,9.633868e-07,0.011657234,0.0011455646,0.004143602,0.6875265,6.0338755e-31,1.8158558e-05
10756,0.40768707,0.17572631,0.012806057,3.5896405e-10,0.002573349,1.0,3.962672e-23,1.0,0.050610077,0.046305083,1.0,4.9188182e-09,0.07631681,9.1676394e-10,0.00049134094,5.5360862e-05,0.000770595,1.564811e-23,0.12492097,1.0081692e-09,7.193318e-14,0.00031920965,7.569732e-09,3.4226458e-05
10757,0.99997246,0.05994424,0.06655556,0.07212548,0.4221894,0.10501985,0.1584589,1.3171812e-06,0.97536737,0.046305083,1.5889266e-37,1.2554831e-06,0.07631681,0.0026374264,0.20879246,1.4126116e-06,0.0001898146,2.3009756e-09,0.011657234,0.9986513,0.5035502,0.891993,2.5549659e-28,0.001348323
10761,1.0,0.10609732,8.016918e-08,4.5867035e-10,0.002573349,3.6483206e-35,4.3255433e-24,1.0,0.107138954,0.046305083,1.0,9.698246e-13,0.07631681,4.5480095e-09,0.01429878,1.0,0.00087625254,1.0,0.14164153,1.4711701e-09,3.003005e-22,1.0,0.99999905,0.0016652945
10762,0.09390064,0.10609732,1.2996198e-07,3.7633157e-11,0.009406016,1.1244646e-20,4.3255433e-24,7.153128e-20,0.054282483,0.046305083,1.0,1.0674946e-09,0.09646739,0.00065267156,0.13385175,1.0,0.00025061937,1.0,0.03261185,8.966534e-10,1.5182286e-17,2.3055949e-05,2.5065464e-10,0.0014120311
10763,0.11815516,0.10609732,0.0011007981,1.0288225e-09,0.011417376,0.85550344,3.5368608e-25,3.847129e-17,0.09027307,0.046305083,1.48686395e-05,7.368794e-10,0.07631681,5.0635414e-08,0.0010707715,1.0,0.0011292482,1.7780594e-07,0.035931535,3.189929e-10,1.14930676e-10,1.0,2.9878875e-22,2.5217025e-05
10769,0.09390064,0.10609732,4.5307356e-06,3.7159793e-09,0.0034993608,1.0,3.56255e-24,0.5663524,0.07802995,0.046305083,0.5915518,7.500606e-12,0.35600263,1.4659894e-07,0.010941801,1.0,0.00023658585,6.434946e-16,0.8115594,2.1079115e-10,3.9750223e-10,1.0,3.7916712e-20,0.009426066
10771,0.09390064,0.05994424,0.012176019,0.03958866,0.44864616,8.478749e-09,0.1584589,0.22649832,0.2662358,0.046305083,6.06544e-33,0.00023215343,0.07631681,0.015294579,0.006130043,1.2950637e-08,0.00016375893,7.018026e-16,0.011657234,0.06995697,0.004143602,1.6701648e-06,6.0338755e-31,0.0025105642
10777,0.5116465,0.10609732,0.0042256746,1.4715426e-10,0.24270087,0.9999958,3.4334443e-27,1.5623215e-26,0.21175258,0.046305083,0.9936547,9.1349935e-11,0.66507053,9.801643e-24,0.19650109,1.0,0.0006166571,1.3781321e-21,0.03344825,6.417083e-10,3.8727892e-12,0.9999976,7.95645e-21,0.042422514
10778,0.13582136,0.05994424,0.0057631284,0.0065847235,0.05933801,4.283848e-10,0.01297383,1.0,0.188867,1.0,1.4972621e-09,4.8305545e-05,0.66020715,9.5695356e-08,0.0035785271,0.98277736,0.00019582067,1.0,0.008123963,1.16242856e-10,1.0957958e-06,0.9996437,3.3667533e-12,0.0013999623
10781,0.13582136,0.10609732,0.00027736562,6.492927e-05,0.003268445,1.0,1.675777e-23,1.0,0.07130109,0.046305083,1.0,9.347553e-16,0.13686801,2.2432585e-06,0.5213844,1.0,0.00027281343,1.0,0.032960944,2.195e-12,1.7768381e-10,1.0,1.0,6.757544e-06
10782,0.09390064,0.05994424,0.56311643,1.0,0.5888728,0.8498623,0.018350748,1.0,0.7029519,0.046305083,3.006636e-39,3.4981646e-09,0.07631681,7.111047e-07,0.025051259,1.0175349e-16,0.0003276474,1.0,0.054583166,8.576542e-11,3.795764e-14,3.255993e-13,8.381589e-30,1.9970347e-08
10788,0.09390064,0.05994424,0.009850224,0.14252646,0.37528476,1.8400515e-06,0.0012024083,1.25054175e-20,0.95739317,0.046305083,3.006636e-39,1.6286108e-09,0.07631681,4.157024e-06,7.480534e-05,0.00033894985,0.00043374786,1.0,0.011657234,0.011622784,1.661467e-07,6.6534613e-16,9.1502177e-26,0.0033488174
10792,0.3929468,0.05994424,0.02859402,0.25531888,0.40134645,0.09954256,0.0031138612,3.006636e-39,0.0069186734,0.046305083,1.2899059e-24,8.289383e-14,0.07631681,1.1728251e-09,0.0008207717,0.00034742363,0.00016375893,0.39931047,0.011657234,1.0030742e-10,1.2385214e-12,0.00087664346,9.764248e-13,0.013056115
10798,0.30465332,0.18197545,0.15781237,0.80585515,0.18106374,1.0,0.99903595,1.0,0.0046493006,0.30965918,4.3837516e-12,0.0032016204,0.07631681,0.007279037,2.7855562e-05,0.010111537,0.00020972705,2.9532442e-16,0.011657234,0.003664032,1.8059391e-07,0.52362,6.268984e-13,0.15190639
10805,0.13582136,0.10609732,0.18015833,2.602438e-09,0.0031282369,1.0,3.56255e-24,1.0,0.17225842,0.046305083,0.78256685,6.3804934e-10,0.07631681,1.1951595e-05,0.05873594,0.99601775,0.00035188752,9.969091e-20,0.15428965,5.329671e-09,1.0948907e-11,1.0,9.0528934e-05,2.186429e-07
10806,0.31930003,0.17572631,0.23585069,2.8721603e-09,0.011417376,0.7011079,3.56255e-24,1.0,0.10870308,0.046305083,2.218886e-10,6.556042e-10,0.07631681,4.8256745e-05,0.5507348,0.0010720973,0.00024416062,3.9384554e-15,0.035931535,1.2191002e-06,1.4054391e-10,0.99992895,5.4254875e-13,0.99575484
10807,0.09390064,0.05994424,0.0040200013,0.003782454,0.3661592,0.0005934666,0.020670947,1.0,0.2662358,0.046305083,2.7084168e-38,1.1843354e-15,0.07631681,0.00064606935,0.001413797,1.6058474e-08,0.00029363896,0.99999976,0.0025632665,1.5391622e-11,7.636484e-05,5.9352445e-12,5.144188e-29,0.0013601837
10809,0.12530889,0.10609732,0.0050774133,4.719679e-11,0.0024609636,1.0,3.137432e-25,1.0,0.053557195,0.046305083,1.0,3.942945e-10,0.38424185,3.0057912e-10,0.0037176814,1.0,0.0002517548,1.0,0.03261185,1.8303131e-10,1.4146197e-19,5.0522127e-17,8.688767e-19,0.0022452262
10811,0.5171309,0.10609732,0.030347308,0.0032260672,0.00306492,0.97613937,1.5219003e-23,1.0,0.51276475,0.046305083,2.695903e-23,1.0583961e-12,0.07631681,2.090066e-08,0.19206288,2.3965046e-09,0.0005281559,1.0,0.03344825,3.8579163e-13,4.832565e-17,1.0,2.052046e-12,2.171163e-07
10814,0.09390064,0.05994424,0.0015680456,0.00041895758,0.091035254,1.0,0.16447337,0.9949233,0.004538272,0.046305083,0.9999995,1.4226582e-05,0.09427853,1.2302856e-06,9.099914e-08,1.0,0.00018258409,2.3461957e-29,0.011657234,0.00011885289,1.0427747e-08,1.0,2.2458944e-32,1.3433055e-08
10817,0.13582136,0.05994424,0.1280795,0.9989429,0.4254704,0.004367598,1.0,1.0,0.0046493006,0.046305083,5.009258e-08,1.2801521e-11,0.07631681,0.006457476,0.050950155,8.540788e-12,0.08168865,1.0,0.011657234,2.3607727e-09,1.1329681e-07,4.0451016e-15,2.2864113e-13,0.0046922597
10818,1.0,0.05994424,8.7541736e-08,7.312963e-05,0.20762771,3.8760778e-08,8.159955e-06,1.0,0.0055692014,0.046305083,1.0,3.5045499e-16,0.16795658,2.7925717e-10,1.0,0.000550856,0.0010938805,1.0,0.0019824235,8.439288e-12,8.864597e-12,3.1765933e-19,8.185838e-15,0.026989445
10819,0.09390064,0.05994424,0.0033179133,0.012974782,0.26682836,0.0004320121,9.590321e-06,0.99999654,0.56454206,0.046305083,3.006636e-39,4.4201826e-08,0.07631681,3.7922797e-05,0.032087352,7.598985e-16,0.00023251318,6.269845e-28,0.0025632665,1.0235959e-06,7.163745e-07,9.846423e-17,1.6353626e-20,7.476148e-05
10831,0.16179545,0.10609732,0.13719961,4.3891668e-11,0.009406016,1.78413e-13,4.3330766e-23,1.0,0.17155215,0.046305083,1.5373072e-27,9.009878e-09,0.07631681,5.301465e-06,0.001230615,0.72713166,0.00020411126,4.211539e-15,0.035931535,1.0216562e-08,1.0249707e-11,1.0,8.153717e-20,0.0003229364
10846,0.40462878,0.4697083,0.87856364,2.9260486e-10,0.009406016,1.1246949e-07,2.6047785e-23,0.0640764,0.6058759,0.61588275,7.545348e-15,9.009878e-09,0.1749142,1.2985216e-05,0.0008136038,1.0,0.00020411126,5.5030727e-05,0.76812154,2.2395004e-09,2.1586008e-12,1.0,3.0081557e-20,0.0005768264
10852,0.09390064,0.05994424,1.2508044e-06,0.004066428,0.39242938,0.00023120448,7.404681e-06,1.0,0.31492916,0.046305083,1.173382e-13,5.2765438e-18,0.07631681,0.0001727968,1.6160475e-06,9.8813e-18,0.00067299523,1.0,0.012423,1.5813566e-10,3.3924682e-06,1.9097385e-35,4.8280163e-31,0.9965814
10858,0.09390064,0.05994424,0.012176019,0.05887352,0.6388928,0.10501985,0.9971244,1.0,0.60283107,0.046305083,1.5934633e-34,0.00018225136,0.07631681,0.015294579,0.7457805,0.00026303585,0.00028848238,6.647302e-22,0.011657234,0.06596438,0.9873783,0.6875265,6.0338755e-31,0.015638268
10860,0.13582136,0.05994424,0.010813918,0.027405191,0.21027285,3.688167e-12,0.00023062211,3.4514344e-20,0.0069186734,0.07617714,9.736423e-06,0.00023093258,0.13686801,5.6963313e-06,0.0023014084,6.296559e-05,0.00020084917,3.8153232e-07,0.04244934,0.47221985,2.4268634e-09,0.64031327,1.1328951e-12,0.2584563
10861,0.62616104,0.10609732,0.03473752,7.301429e-10,0.035349306,1.0,1.0,1.0,0.16640143,0.046305083,0.008893528,1.0,0.86213696,5.192954e-26,0.08210347,0.99999976,0.00873501,3.006636e-39,1.0,1.1900068e-09,2.8007539e-14,0.0019554137,1.0,4.0456545e-09
10867,0.8640369,0.35933328,0.0582352,8.291099e-12,0.42914575,8.835501e-11,3.8986717e-26,1.0,0.10870308,0.046305083,1.0,1.88905e-15,1.0,3.7977e-24,0.83240944,1.0,0.00028462292,1.0,0.7715871,5.5851725e-12,7.565021e-18,1.0,7.610861e-13,3.3422406e-05
10871,0.09390064,0.05994424,0.010916004,0.01931308,0.44864616,0.10501985,0.1584589,3.984453e-16,0.2662358,0.046305083,3.9894514e-26,7.498613e-06,0.07631681,0.0011813083,0.00019277852,1.9371453e-10,0.00019444495,3.9980606e-14,0.011657234,0.15526628,1.0,1.0,6.0338755e-31,0.0051977867
10877,0.13582136,0.05994424,0.08774566,0.006764866,0.34954414,1.0,0.04984616,1.0,0.0369655,0.07390926,1.0,2.7443894e-17,0.5526894,5.7470846e-09,1.6783175e-06,0.0045691235,0.00023896033,0.99960524,0.1112735,5.4671577e-08,4.2670347e-17,0.0054690354,3.094801e-13,3.5621346e-05
10879,0.09390064,0.10609732,8.112584e-05,5.766505e-10,0.003321995,1.0,6.8730153e-26,3.006636e-39,0.1762158,0.046305083,1.0,2.7883965e-08,0.07631681,1.3931383e-05,0.16835962,1.0,0.0002572538,1.543036e-08,0.03359453,2.410798e-10,7.6091775e-13,1.0,7.1223555e-21,0.007504253
10882,0.24247748,0.05994424,0.012176019,0.119498566,0.22537561,1.0,0.1584589,1.534793e-20,0.14409234,0.046305083,8.184163e-05,0.0009412595,0.07631681,0.0054859254,0.006130043,1.0,0.00020639747,2.8808578e-19,0.011657234,0.010748109,0.0022572253,0.99999785,6.0338755e-31,0.012653138
10884,0.09390064,0.05994424,0.11610816,0.010205095,0.22135927,1.0005407e-05,1.0,1.0,0.49861002,0.046305083,3.006636e-39,1.0,0.07631681,0.008668946,0.0006708637,1.1911272e-15,0.18297812,2.0899399e-18,0.011657234,1.2418025e-08,3.7527918e-06,0.5935925,1.0,0.0035125248
10888,0.09390064,0.05994424,0.010909575,3.3972405e-11,0.66333956,0.10501985,1.0726221e-06,1.0,0.2662358,0.046305083,1.0690196e-05,9.45217e-06,0.09646739,0.0014300088,9.450856e-05,0.00068013615,0.00018132574,1.02882375e-14,0.011657234,0.004530289,2.3705832e-08,0.6284384,6.0338755e-31,0.9403612
10890,0.09390064,0.10609732,0.107138634,1.3006546e-10,0.0014548688,1.0,3.915353e-24,1.0,0.2515642,0.046305083,1.0,1.2949562e-10,0.07631681,8.1778586e-07,0.020402962,1.0,0.00022600578,8.7837075e-20,0.035931535,1.2062822e-09,1.6017266e-05,1.0,3.035525e-18,0.9999968
10891,0.8543851,0.32243612,0.827651,0.04050605,0.17677584,3.1417287e-08,0.015810221,1.0,0.71161354,0.7056576,2.1783514e-07,3.0773128e-07,0.1749142,2.2693693e-07,0.0040561133,1.1578471e-08,0.0003705951,1.0,1.0,3.2906522e-07,1.8781997e-06,0.011576643,2.3104779e-14,3.1382693e-05
10892,0.2455108,0.9754944,0.99992096,0.0007884007,0.27349794,1.07215e-05,1.1544637e-07,1.0,1.0,0.046305083,5.2438327e-27,1.3775498e-12,0.07631681,8.0044865e-06,0.091279715,2.917589e-10,0.00035095782,1.0,0.0019824235,2.871441e-10,3.656392e-10,1.0,3.6809198e-13,0.00920967
10895,0.29453388,0.05994424,0.0074121784,0.63603055,0.16754703,0.99913234,0.0044777757,2.5316496e-30,0.24118203,0.046305083,2.2372028e-28,1.1682391e-13,0.11601528,3.5935253e-07,0.00045854188,0.029664896,0.000518963,0.027337613,0.03779956,8.56411e-09,2.1024531e-19,1.0,1.3451223e-13,0.04900475
10899,0.09390064,0.05994424,0.0060455706,0.00060178345,0.44864616,8.824243e-09,0.018350748,0.25501978,0.53353196,0.046305083,3.1153706e-31,2.4998172e-08,0.09646739,0.019564698,0.00016908944,5.419241e-13,0.00020689992,0.99999976,0.011657234,0.06484618,0.23971029,6.865452e-08,2.4422514e-32,0.0015662214
10902,0.09390064,0.05994424,5.9764065e-05,0.004901127,0.18759887,1.0275206e-16,0.019890876,1.0,0.2662358,0.046305083,1.0,4.1084593e-05,0.07631681,0.00011556418,0.04439041,0.0004193202,0.00022697668,1.0,0.0025632665,1.0214354e-09,0.40221986,9.725729e-05,2.7577285e-24,0.12584403
10904,0.09390064,0.05994424,0.012176019,0.017362464,0.063746504,1.0,0.1584589,1.6750037e-12,0.14409234,0.046305083,0.0003110663,0.0021039026,0.07631681,0.0010222299,0.0042253872,1.0,0.00016375893,2.2796245e-19,0.011657234,0.041096326,0.007938742,1.0,6.0338755e-31,0.00044780393
10906,0.31779277,0.10276631,3.1240987e-07,9.875228e-05,0.40082785,1.0,0.02012294,1.0,0.14585476,0.046305083,0.99999714,3.1651792e-16,0.07631681,4.705709e-06,0.00022211182,1.7394357e-14,0.00057344284,1.0,0.024397263,1.172443e-12,7.468731e-11,4.392844e-05,4.2745196e-21,0.0005069905
10909,0.41575256,0.26236472,0.12916186,4.6945253e-10,0.011417376,3.1991633e-05,3.137432e-25,1.3618527e-14,0.38865504,0.1314709,1.4393512e-31,2.1353626e-15,0.2585178,1.8990023e-06,0.008840382,1.0,0.00029452157,0.0010507312,0.99987817,1.349071e-10,7.3983285e-17,2.0641703e-05,2.0378725e-15,0.9996766
10910,1.0,1.0,0.00024988494,0.031643976,0.5292922,0.004981164,5.3476992e-06,1.0,0.2662358,0.046305083,1.0,1.1508763e-08,0.07631681,1.03130515e-05,0.34495687,7.638822e-05,0.0003270563,1.0,0.0025632665,4.9953064e-09,0.009165261,1.0,4.2745196e-21,0.0002396999
10913,0.97205985,0.26783937,0.16170283,0.002803436,0.01176049,0.23381913,0.019695304,1.0,0.013470937,0.6843106,1.0,9.6460363e-17,0.402842,5.189336e-24,1.2762604e-06,1.0,0.0003609985,1.5238227e-16,1.0,3.0457255e-11,0.860759,0.009802006,2.5690713e-11,0.078204446
10919,0.09390064,0.05994424,0.24527118,0.01352198,0.44864616,0.47937214,1.0,0.08880524,0.48461762,0.046305083,2.6902614e-32,0.0021039026,0.07631681,4.833283e-05,0.006130043,5.7366555e-07,0.07654155,2.3009756e-09,0.054583166,0.027062848,0.004143602,0.6875265,2.0707957e-28,3.0406757e-11
10920,0.09390064,0.05994424,0.012176019,0.99999726,0.4221894,1.1364211e-15,0.1584589,0.4842288,0.52219325,0.046305083,9.141677e-32,0.10018563,0.07631681,0.015294579,0.006130043,0.0004579498,0.0001898146,4.6915346e-14,0.011657234,0.027062848,0.1005465,0.6875265,6.0338755e-31,0.00063814264
10921,0.18077892,0.05994424,0.007995371,0.99997604,0.07375759,0.017483491,0.023642795,1.0,0.8151759,0.046305083,2.0049185e-28,2.4040908e-06,0.07631681,0.000509149,2.9146772e-06,9.372062e-20,0.0003388978,3.2115465e-36,0.0084867235,4.3214436e-07,0.0007738903,1.4257657e-05,7.4804754e-12,0.06415618
10927,0.13582136,0.05994424,0.0015360673,0.031863283,0.11675669,3.264073e-11,0.022883628,1.0,0.057777144,0.046305083,2.4360454e-17,1.0565371e-11,0.07631681,1.6015174e-05,0.00044515435,1.1241949e-08,0.00028660614,0.999998,0.024397263,7.3214584e-13,1.3050081e-05,3.006636e-39,1.1901213e-11,0.018700147
10938,1.0,0.05994424,0.002093158,6.3938125e-05,0.47793555,9.828761e-22,0.044893276,1.0,0.38363042,0.046305083,1.0,2.8882007e-13,0.07631681,3.8167857e-07,0.046163317,0.07164816,0.001303628,1.0,0.0064144097,3.0471593e-12,1.0,1.0,1.6570894e-29,4.9470896e-07
10940,0.09390064,0.10609732,0.022936685,5.8545085e-11,0.010264092,0.0015242514,3.137432e-25,1.0,0.10870308,0.07617714,1.0203125e-08,2.8652714e-09,0.13686801,7.1084146e-06,0.0042437566,1.0,0.00026196294,7.0135078e-15,0.12287176,4.2366104e-08,1.6683222e-14,1.0,1.8277949e-17,2.3890292e-05
10941,0.86734027,0.05994424,5.296182e-07,0.00820353,0.0035615445,0.0013455194,0.0020563675,0.9985178,0.0046493006,0.046305083,1.0,3.23072e-05,0.1839583,7.6463755e-25,2.2319771e-05,0.0002659862,0.00030897695,3.006636e-39,0.011657234,0.14582413,2.3276513e-08,0.88777393,3.9021664e-12,0.402435
10949,0.5171309,0.10609732,0.031829674,2.487249e-10,0.011417376,0.6817539,3.56255e-24,0.32519668,0.10870308,0.046305083,4.053495e-06,2.7883965e-08,0.07631681,1.6888622e-05,0.006469969,0.9998516,0.00020411126,1.46754715e-08,0.035931535,2.560038e-10,1.842145e-09,0.99991286,6.187261e-19,7.803562e-05
10951,0.09390064,0.05994424,0.1371731,0.09226187,0.37528476,8.865729e-07,0.09830792,0.5021545,0.7142238,0.046305083,1.4379524e-30,7.5477896e-05,0.07631681,5.2102052e-05,0.25034097,1.3493954e-21,0.0006634232,5.753923e-11,0.054583166,0.0056791822,0.9885529,0.6255032,7.707709e-30,1.7714467e-11
10952,0.09390064,0.05994424,0.006029912,0.042238127,0.58455074,0.0009178367,0.019708652,1.0,0.2662358,0.046305083,3.006636e-39,8.7615315e-10,0.07631681,0.019972585,0.009342266,5.2458722e-20,0.0002663674,1.5318833e-16,0.0025632665,1.7936369e-08,0.0048439037,4.2778986e-20,1.9273452e-22,0.0020217204
10956,0.3202229,0.05994424,0.05328945,0.01352198,0.658756,0.0021611885,0.00027500946,2.9055778e-07,0.66969377,0.046305083,1.7253554e-30,7.564453e-08,0.69103193,0.00044494495,0.004094674,0.002405806,0.0003534856,1.1312087e-16,0.005171375,4.1017684e-05,0.0022647465,0.98914474,2.2606795e-24,0.002855305
10963,0.41575256,0.10276631,0.006077473,0.022652583,0.15293407,1.0,0.1584589,1.0,0.004958806,0.046305083,0.001682224,1.558683e-09,0.12317237,6.972407e-05,0.004857869,1.0,0.000227917,6.606392e-17,0.036917485,8.6110916e-08,6.971352e-07,7.366991e-06,2.2606795e-24,4.2468368e-05
10965,0.1951893,0.05994424,0.0038791907,0.040942896,0.08145779,0.99999774,0.025759669,1.0,0.0050841863,0.046305083,3.3358995e-30,0.00015336207,0.07631681,3.435048e-06,0.0001532979,3.096737e-07,0.00036945983,5.3583988e-11,0.0025632665,3.8068075e-07,0.0028799728,3.0112405e-15,5.5943434e-15,0.24316257
10967,0.09390064,0.10609732,1.2257915e-07,8.589258e-08,0.009406016,3.2204046e-13,2.7445264e-24,1.0,0.054282483,0.046305083,1.0,9.7047926e-14,0.07631681,4.423987e-07,0.15626849,1.0,0.0004604421,1.0,0.050333515,1.1053923e-08,7.11702e-17,1.0,1.330154e-09,1.0797072e-09
10969,0.7627085,0.10276631,5.053477e-05,2.2379643e-05,0.13497634,6.1708912e-15,2.947091e-05,1.0,0.2662358,0.046305083,1.0,4.7781152e-09,0.07631681,6.99437e-05,0.12599023,8.647664e-06,0.0005746114,1.0,0.018962827,5.833316e-08,4.2031414e-09,1.4998121e-27,1.0491686e-27,0.0006927347
10972,0.50756395,0.10609732,0.6796265,1.40847005e-05,0.005374181,1.0,4.9557564e-26,3.006636e-39,0.8332487,1.0,1.0,8.481948e-10,0.07631681,4.0716054e-07,0.0021811964,1.0,0.0014307853,1.0,0.12492097,6.502389e-11,3.840265e-18,1.0,0.9869261,2.5701745e-05
10973,0.13582136,0.05994424,0.00015122698,0.12938465,0.08145779,6.0473916e-08,0.019226326,1.0,0.007167812,0.046305083,1.3613479e-08,9.559994e-06,0.07631681,0.00034511185,0.008373632,9.357133e-08,0.00021504001,1.0,0.0019824235,1.5323327e-07,0.36177447,9.433269e-13,8.7913406e-11,0.014782936
10977,0.69879955,0.49095544,0.88648415,0.034398977,0.5512113,0.10501985,7.710212e-05,1.3041152e-17,0.90166426,0.757593,5.626412e-08,1.0119978e-05,0.1749142,0.9999994,0.4770407,8.3939617e-14,0.00031121608,0.99998236,0.0016357065,0.0039656647,2.3612405e-07,5.02509e-06,6.0338755e-31,0.090151034
10979,0.09390064,0.05994424,0.01056161,0.9917997,0.15951541,0.0014556159,0.028268347,1.0,0.2662358,0.046305083,2.884373e-29,0.03517495,0.07631681,0.009136966,0.0073372014,3.073577e-05,0.00034005678,7.1998606e-08,0.0025632665,6.875922e-07,0.061933417,0.2084999,4.364887e-27,0.24496157
10982,1.0,0.13886929,0.015085969,0.008899356,0.44864616,1.0,0.9778631,1.0,0.8776408,0.046305083,1.7615486e-05,2.5692648e-13,0.07631681,0.034080986,7.9131405e-06,1.0,0.0003259609,1.0,1.0,0.051522657,3.1739605e-14,1.0,6.0338755e-31,0.0002282332
10983,0.09390064,0.05994424,2.8032056e-07,9.612484e-09,0.5243949,0.10501985,4.344928e-05,0.9995308,0.14585476,0.046305083,2.1107092e-16,0.00014791348,0.07631681,1.2953484e-07,0.15860869,4.648628e-05,0.00018132574,3.0583604e-28,0.011657234,0.00026804546,1.6628669e-11,7.500255e-10,2.2606795e-24,0.0008053186
10985,0.09390064,0.05994424,0.06271607,7.080031e-05,0.40084127,1.0005407e-05,0.009510287,2.5973591e-36,0.47399318,0.046305083,3.006636e-39,0.0006114502,0.13686801,0.0010397611,0.000916414,3.252355e-07,0.00016375893,8.376997e-20,0.2564673,0.005886661,4.298547e-05,1.0,9.509912e-30,0.00048396626
10987,0.09390064,0.05994424,0.009123456,0.002643427,0.44864616,0.00014173155,0.1584589,0.3784997,0.2662358,0.046305083,1.4090505e-27,6.8531995e-07,0.07631681,1.0,0.1451977,3.132669e-06,0.0003545318,1.0,0.011657234,0.003084022,0.010839016,8.6803587e-10,2.4422514e-32,0.0009414312
10994,0.09390064,0.05994424,0.95625824,0.003188919,0.22267772,0.016457822,0.02285768,1.0,0.42111132,0.046305083,0.99999857,6.5177537e-06,0.07631681,0.0028924057,0.00012779122,3.6701372e-06,0.00021682607,0.999984,0.0016357065,1.2987469e-08,0.0008726748,7.7517784e-11,1.2709429e-27,2.375858e-06
10999,0.99593663,0.10609732,0.0029737852,0.00017827013,0.0005775369,1.1848107e-10,6.66281e-23,1.0,0.05422198,0.046305083,1.0,1.9174658e-12,0.1839583,8.5492345e-26,0.12029684,1.0,0.0003609985,1.0,0.035931535,2.0668508e-12,1.10143e-11,1.0,5.0841944e-08,0.0005055575
11003,0.11815516,0.10609732,0.43604013,1.8695456e-09,0.0027407347,1.0,3.56255e-24,9.567821e-06,0.7686647,0.046305083,6.532437e-14,1.0,0.07631681,2.1024438e-09,0.847609,1.0,0.00056579936,1.1012856e-05,0.09863405,1.4011138e-10,7.6931144e-14,0.9991379,1.0,1.1032186e-06
11006,0.13582136,0.10609732,0.02912048,1.1668342e-09,0.0032429688,1.0,3.5368608e-25,1.964979e-08,0.08110535,0.046305083,0.99969125,4.5324886e-10,0.07631681,2.1883919e-07,0.011287616,1.0,0.00025788002,2.0953619e-09,0.035931535,3.7347578e-10,1.9638013e-13,1.0,0.49516407,1.8686055e-06
11007,0.09390064,0.05994424,5.201874e-07,0.0054901256,0.61466324,0.0037705598,0.018350748,1.0,0.14585476,0.046305083,1.6265965e-27,6.298936e-13,0.07631681,0.0001515551,0.74387604,4.003937e-14,0.00022665448,0.9999956,0.011657234,7.2705847e-12,5.197987e-05,7.5278643e-07,2.4422514e-32,0.7092162
11008,0.5116465,0.10609732,0.019632204,1.11993255e-10,0.045662913,0.0017130653,3.8986717e-26,1.0,0.15257373,0.046305083,0.99969554,8.05534e-09,0.22558899,3.3622824e-22,0.006350823,1.0,0.00024954544,5.2205527e-22,1.0,2.2170545e-10,5.05268e-15,1.0,3.070835e-20,0.00026572793
11009,0.09390064,0.14426152,0.007039556,0.15959646,0.118943885,0.0014625521,0.02285768,1.0,0.5085588,0.1314709,4.2059523e-37,0.0021039026,0.07631681,0.087713145,0.00070718926,2.9720016e-18,0.00019582067,1.6366447e-13,0.9872163,7.5928057e-07,0.56279653,9.761423e-08,4.364887e-27,0.00033053913
11014,0.41575256,0.18487613,0.9386543,5.5941973e-10,0.015364187,0.026475297,3.56255e-24,2.4422778e-26,0.47902122,0.046305083,1.2181325e-30,5.9664235e-12,0.07631681,3.2169268e-07,0.58885443,0.99997795,0.00060255686,9.748563e-09,0.035931535,7.7724355e-10,6.0418936e-15,0.9999993,8.719405e-21,9.500291e-05
11016,0.21586333,0.05994424,0.024367882,0.9973737,0.6258748,1.0,0.1584589,0.99999464,0.15280591,0.046305083,0.0001224808,0.01599411,0.07631681,0.00012929295,6.948619e-08,1.048281e-11,0.00042579303,9.7036074e-14,0.011657234,0.99899083,3.191813e-05,8.788604e-06,6.0338755e-31,0.0005754448
11017,0.09390064,0.05994424,0.28088605,0.019434081,0.44864616,0.4614908,0.1584589,0.3784997,0.4941278,0.046305083,4.6163147e-33,0.0021039026,0.07631681,1.0,0.019621639,1.2709052e-06,0.00038714622,2.3009756e-09,0.054583166,0.059066717,6.0427403e-05,0.6875265,2.0707957e-28,2.9280793e-11
11023,0.13582136,0.05994424,0.010143747,0.17751278,0.34869018,0.09765114,0.1584589,1.0,0.0050841863,0.046305083,3.2097145e-14,0.0031847109,0.07631681,0.0003515688,0.0018087107,0.0068397857,0.00016375893,5.9382086e-09,0.011657234,0.10185143,3.2517295e-05,1.09292805e-05,1.7302781e-16,0.004530483
11027,0.13926475,0.05994424,0.001394484,0.0020137613,0.11281106,2.3818155e-05,0.022914741,8.6057164e-17,0.4476153,0.046305083,2.808257e-19,1.0,0.07631681,9.591843e-09,0.00043460974,1.5725833e-13,0.0003790478,0.9886813,0.0016283505,4.4627915e-09,0.021638408,6.3925516e-14,1.0,0.89967275
11032,0.13582136,0.05994424,2.137724e-05,0.00016755828,0.27776945,9.255749e-18,0.02499748,1.0,0.006441062,0.046305083,1.0,9.430827e-16,0.07631681,3.8822193e-07,0.0047299466,2.7094336e-09,0.00069670024,1.0,0.0019824235,8.530364e-13,2.1956737e-06,0.0022339902,4.4721088e-11,0.02876654
11038,0.09390064,0.05994424,0.029014962,0.9999926,0.4221894,0.46914527,0.99999857,0.4842288,0.2662358,0.046305083,2.1750503e-34,0.008012741,0.07631681,0.015294579,0.009185601,0.0004579498,0.0001898146,2.3009756e-09,0.011657234,0.027062848,1.8482015e-05,0.9625762,2.5549659e-28,0.0006407095
11042,0.09390064,0.05994424,0.0019998127,0.101472564,0.18937553,1.4425203e-12,0.02285768,0.9999982,0.157382,0.046305083,3.6370708e-17,4.2371725e-05,0.43289948,0.00024620327,6.127864e-05,1.4172797e-08,0.00019582067,1.2747259e-07,0.0084867235,0.0001224899,0.0014277726,1.8493261e-05,4.364887e-27,0.95698917
11046,0.09390064,0.10276631,0.00022627015,0.977545,0.2463614,0.00094586506,0.015786901,1.0,0.14585476,0.046305083,3.3845792e-17,2.1327203e-08,0.13686801,1.3550146e-05,0.0041910624,3.0604979e-06,0.00021625064,1.0,0.0016357065,1.5881533e-08,0.00017958926,0.9124663,4.4520273e-28,5.284599e-05
11047,0.31930003,0.98998743,0.9998147,2.3650804e-10,0.011417376,0.9999999,3.56255e-24,1.0,1.0,1.0,6.4876964e-15,2.7740772e-09,0.07631681,1.6693989e-06,0.011433079,1.0,0.00021918798,5.685281e-23,0.62760955,5.629047e-10,2.6438691e-09,1.0,7.1223555e-21,0.00012894809
11048,0.13582136,0.05994424,0.00025610873,0.0011829546,0.05933801,0.0071952255,0.019695304,0.9999999,0.0055692014,0.07617714,5.161115e-35,6.6893785e-10,0.07631681,4.7569665e-06,6.9959214e-07,9.662085e-05,0.0014991837,1.1889238e-18,0.00956654,3.174268e-11,0.040280927,3.2312074e-14,1.3360383e-12,0.025580293
11051,0.6966911,0.1250053,0.42825222,0.08345094,0.15951541,0.015070717,0.023225969,1.0,0.45347273,0.046305083,1.5055526e-16,0.001504203,0.41527018,4.1872627e-06,2.9291838e-05,3.8945864e-06,0.00026754072,1.0,0.5651083,4.8454393e-07,0.10093706,1.0814463e-06,1.5543979e-25,4.5590387e-13
11054,0.16888583,0.10609732,0.00040172742,2.9571652e-06,0.006398696,0.02327721,3.8343667e-25,1.6874619e-08,0.066007785,0.046305083,0.99984896,4.6903453e-10,0.07631681,2.938927e-06,0.5155071,1.0,0.0008959348,1.0,0.03261185,1.4678059e-10,2.571548e-14,0.9883309,0.8154002,1.8716124e-05
11055,0.67892116,0.05994424,0.009431651,0.021138942,0.47021,0.99999106,8.438272e-07,1.5958879e-06,0.6518176,0.046305083,3.006636e-39,4.3321588e-08,0.1839583,8.172536e-25,6.267624e-05,7.1302755e-11,0.00016375893,3.006636e-39,0.011657234,0.20959304,1.3827007e-09,1.0,6.0338755e-31,1.0
11061,0.2455108,0.32243612,1.0,0.7893601,0.1538164,0.15895806,1.48047275e-05,7.8373634e-23,0.091188364,0.95411766,1.6212024e-14,2.1205301e-07,0.1749142,7.0963773e-09,0.002792031,2.2588786e-12,0.00031149542,4.529085e-17,0.5885011,0.0007385883,1.0,0.6305763,2.6629653e-12,0.99593747
11063,1.0,1.0,1.4657879e-05,0.01352198,0.08523716,1.0,0.1584589,2.6603925e-07,0.009637102,0.046305083,1.0,0.0021039026,0.07631681,6.5829454e-06,0.0028699301,1.0,0.00022373887,1.8122806e-36,0.054583166,0.094425336,0.0150741,0.99999857,2.0707957e-28,1.762635e-09
11064,0.09390064,0.05994424,0.020390749,0.00086195377,0.21803539,0.10501985,0.1584589,0.0006772688,0.9295625,0.046305083,4.4741196e-31,1.0,0.07631681,3.081973e-08,0.0045719193,2.0773597e-05,0.00019444495,7.5436475e-08,0.4551362,9.726048e-10,1.0,7.693783e-06,1.0,0.9979097
11068,0.13582136,0.10609732,0.0034689691,2.3122572e-08,0.00064733136,1.0,5.688241e-27,1.0,0.30668002,0.046305083,1.0,1.0,1.0,5.7927167e-11,0.04054406,1.2631612e-08,0.00027540012,1.0,0.03261185,2.3858493e-10,2.6025821e-09,9.3968505e-17,1.0,0.9994104
11071,0.13582136,0.05994424,0.00058654905,0.9482322,0.06795589,8.920484e-16,0.28237385,1.0,0.008765932,0.046305083,9.2187e-10,0.013232842,0.07631681,0.00055830536,5.4927237e-05,2.3235995e-10,0.00036144324,1.0,0.0019824235,2.2506297e-06,0.0002820432,7.466371e-25,8.0733135e-11,0.009975693
11074,1.0,0.05994424,2.5327097e-07,0.79585576,2.4766701e-05,1.4431479e-08,7.2215876e-06,1.0,0.14585476,0.046305083,1.0,2.0739934e-07,0.12127647,3.661042e-24,0.028674932,0.0017251536,0.0009194941,1.0,0.0016283505,8.362369e-10,0.17267254,1.0,8.336349e-21,0.00035231598
11076,0.09390064,0.10609732,0.039121367,0.03348535,0.00285689,0.0029090773,1.6485888e-23,3.567393e-23,0.10870308,0.046305083,2.2402738e-16,9.140635e-16,0.13686801,1.8003824e-08,0.011037482,0.99093693,0.00031279708,0.999998,0.021866366,4.89752e-13,1.1731666e-14,0.27000782,5.102632e-16,2.333208e-05
11080,0.09390064,0.10609732,0.014876494,2.1873665e-10,0.011417376,2.1143363e-08,3.4185623e-25,0.026085047,0.21087472,0.07617714,3.9846076e-22,7.478785e-10,0.13686801,1.8660828e-09,0.0039382554,0.91287744,0.00020411126,9.617579e-21,0.12287176,2.3144917e-10,5.410104e-12,1.0,9.184276e-19,0.00011482832
11085,0.09390064,0.05994424,0.13091451,0.01352198,0.5004057,0.10501985,0.1584589,2.1268452e-13,0.33540437,0.046305083,2.9461525e-33,2.2234306e-05,0.07631681,0.015294579,0.2277991,2.6264859e-06,0.00016375893,2.3009756e-09,0.011657234,0.0026214223,0.009776534,6.901581e-09,6.0338755e-31,1.0
11090,0.09390064,0.05994424,0.0016980576,0.0091925645,0.42553365,7.9377436e-14,0.034891997,1.0,0.1337816,0.046305083,8.636604e-23,3.8154687e-07,0.24673085,3.4738823e-06,4.73232e-06,1.2950637e-08,0.00020356434,0.999622,0.0016357065,3.9490686e-05,2.770718e-10,7.3513966e-11,6.0338755e-31,3.3798099e-06
11091,0.09390064,0.9754944,0.9715148,0.003762033,0.38910815,4.995776e-07,0.019248234,1.0,1.0,0.046305083,2.9918984e-17,1.8349548e-18,0.07631681,0.0010348398,0.38296553,2.3323418e-14,0.00022900965,1.0,0.0019824235,2.2499275e-11,8.9721205e-08,1.5499483e-14,1.7667042e-28,2.5195345e-07
11092,0.13582136,0.9754944,0.9992488,3.0725656e-05,0.16564564,1.7247568e-07,0.1584589,3.9181003e-10,1.0,0.046305083,0.03964236,0.0053179855,0.07631681,0.22904779,0.03589655,1.33186165e-14,0.0002925762,4.6695605e-23,0.011657234,0.52855617,6.3163334e-06,0.7185101,7.1915224e-10,0.07835467
11095,0.5925877,0.05994424,3.131562e-07,0.008855893,0.0063799876,0.004816772,0.015786901,1.0,0.0055692014,0.046305083,1.0,3.0798308e-06,0.7507458,8.970327e-26,2.0464904e-05,0.0022433877,0.0006324165,2.5160911e-30,0.024286639,1.8176437e-09,6.1280925e-11,0.9999993,1.7360558e-13,0.09937582
11096,0.13582136,0.05994424,0.036186896,0.9714446,0.1358977,0.38447306,0.99987614,5.8731243e-28,0.09802113,0.046305083,3.988557e-17,2.1187998e-05,0.07631681,1.0,0.022039972,0.19059512,0.00030685656,4.81498e-22,0.011657234,0.031250205,1.02551884e-10,0.9999553,5.2525614e-12,0.11063041
11100,0.13582136,0.10609732,0.0002936479,0.0007739711,0.0023255234,5.7674102e-24,1.4028863e-22,1.0,0.066007785,0.046305083,1.0,7.3082104e-15,0.07631681,0.0012226729,0.82211936,1.0,0.00029021228,1.0,0.020334642,2.8426764e-12,1.7007809e-12,1.5236205e-37,1.0,0.99779886
11103,0.09390064,0.10609732,0.009523115,0.9999721,0.0024129683,1.1606218e-12,2.4888178e-23,3.114553e-11,0.14479572,0.046305083,9.241907e-28,7.4143244e-08,0.07631681,9.966414e-05,0.12697557,1.0,0.0003812903,0.05054898,0.03344825,1.1018999e-12,4.364809e-07,1.0,2.2106471e-15,0.0010583608
11104,0.62670594,0.05994424,0.012176019,0.01352198,0.44864616,0.10501985,0.1584589,0.3784997,0.2662358,0.046305083,1.3786082e-32,0.0002567182,0.07631681,0.0011813083,0.036945645,3.928693e-08,0.00016375893,1.9183958e-15,0.011657234,0.042205118,1.0,0.98423415,6.0338755e-31,0.0025105642
11105,1.0,0.05994424,0.0045616836,0.0029392946,0.015871258,2.4442318e-10,0.016948503,1.0,0.0055692014,0.046305083,1.0,3.7876312e-16,0.3937441,9.378799e-25,0.0014557685,1.0,0.00033069833,1.0,0.0060928767,1.0108619e-11,5.0009433e-08,1.0,6.1633347e-09,0.15428478
11106,0.09390064,0.10609732,0.117018595,3.5996213e-11,0.013472197,0.004986668,3.56255e-24,0.99994755,0.10870308,0.046305083,5.837871e-15,1.4078201e-12,0.07631681,3.9885974e-05,0.08946603,5.6468656e-07,0.00025122272,0.9307272,0.021866366,5.2941386e-13,5.1246507e-10,4.330348e-06,1.8598049e-23,0.00049331784
11109,0.09390064,0.05994424,0.018189292,0.027899021,0.44864616,0.10501985,1.0,0.09678355,0.2662358,0.046305083,1.1385472e-30,0.0021039026,0.07631681,0.04392902,0.008885151,8.3939617e-14,0.08168865,9.7036074e-14,0.011657234,0.046594977,0.030041339,7.15158e-07,6.0338755e-31,0.0010857349
11111,0.09390064,0.10609732,0.0065122335,4.9689007e-12,0.015349212,1.0,3.915353e-24,1.0,0.057161536,0.046305083,0.9999957,6.786315e-10,0.07631681,2.1495274e-10,4.8040343e-05,3.4047848e-06,0.004491933,1.2125264e-13,0.079981185,4.3431833e-10,9.91897e-07,0.99922824,6.820464e-19,1.0029663e-06
11112,0.13582136,0.4697083,0.926236,2.6845466e-09,0.0031282369,0.09537466,3.56255e-24,3.006636e-39,0.9991227,0.7007845,0.00027400706,1.3423411e-10,0.1749142,0.9958646,0.50844866,1.0,0.00032617195,3.1182617e-30,0.12287176,2.2170545e-10,8.703511e-08,1.0,6.9887587e-06,1.5841347e-06
11118,0.09390064,0.05994424,0.012176019,0.01352198,0.44864616,0.10501985,0.1584589,0.3784997,0.2662358,0.046305083,4.3426656e-08,0.00018355883,0.07631681,0.0054805996,0.7378562,0.0013869064,0.00016375893,1.0,0.0016357065,0.0007234348,5.215559e-05,0.6875265,6.0338755e-31,1.3045179e-05
11119,0.09390064,0.05994424,3.595572e-07,0.9999864,0.44864616,0.31584573,0.0031138612,3.5363894e-17,0.14585476,0.046305083,0.9550202,2.07167e-05,0.07631681,0.0027972977,0.56390715,3.2730364e-12,0.0006729586,1.402845e-06,0.011657234,0.00013311135,0.00012342834,2.8391318e-09,2.2606795e-24,1.5640329e-06
11122,0.1233277,0.14426152,0.011649892,1.5034303e-07,0.40084127,1.0,0.061293595,3.3190431e-15,0.13688383,0.1314709,8.3748875e-09,3.392059e-08,0.13686801,0.0001021662,1.7698626e-07,4.8685617e-10,0.00022909351,1.6998809e-10,0.99947625,0.00030640897,0.0006852784,1.0,2.4422514e-32,3.2679475e-07
11125,0.56229216,0.10609732,0.039525274,1.6541701e-08,0.23065408,1.0,3.3072865e-24,0.9999845,0.056746874,0.046305083,1.0,2.5361084e-09,0.33536997,3.1717295e-24,0.16325124,0.9664877,0.00020411126,8.042606e-26,0.03359453,5.714781e-10,3.1525026e-16,1.0,1.6487168e-09,8.325419e-06
11127,0.09390064,0.05994424,0.10019752,0.08642134,0.18209082,1.0,0.016312161,1.0,0.0069165444,0.046305083,3.8902167e-06,9.973825e-06,0.13686801,0.00011113674,0.0015143406,1.0,0.0002412089,3.006636e-39,0.011657234,0.15609026,0.004143602,0.9999912,6.0338755e-31,0.0025105642
11129,0.09390064,0.05994424,0.013518769,0.0054798746,0.574614,0.999647,7.710212e-05,1.0,0.2662358,0.046305083,0.9999999,1.4146552e-11,0.09646739,0.9999763,0.00014464374,1.3627993e-09,0.0004359467,0.7911038,0.0060928767,5.022484e-10,1.0,1.3677587e-11,4.762982e-32,0.17031533
11139,0.13582136,0.05994424,2.1833062e-05,9.814956e-05,0.26848677,6.278817e-14,0.016312161,0.99996877,0.0069186734,0.046305083,1.0,1.1536253e-16,0.17500326,6.127937e-08,0.8728385,0.05332175,0.00040307076,1.0,0.0019824235,1.5759158e-05,8.1028635e-13,4.9417224e-14,6.481468e-13,0.20935726
11143,0.09390064,0.05994424,1.12109255e-07,0.013018634,0.14731796,6.289977e-25,0.64150006,7.5069843e-06,0.16469246,0.046305083,7.4307794e-22,3.6712612e-11,0.07631681,0.00049345184,0.0012351584,3.031114e-06,0.000954542,1.0,0.0019824235,2.2295577e-12,1.482451e-07,3.006636e-39,1.7723866e-22,8.380943e-09
11145,0.2205447,0.19594647,0.008941981,2.212161e-08,0.154697,1.2832678e-13,2.1482529e-05,1.0,0.011274427,0.046305083,2.452634e-09,1.0,0.07631681,3.355296e-09,0.0006691913,0.8116672,0.00021279846,1.6768e-12,0.054583166,0.00012538269,1.171207e-16,0.96081394,1.0,4.426187e-06
11153,0.09390064,0.10609732,0.0033638217,5.878664e-12,0.010827831,9.106498e-11,7.76709e-24,1.0,0.10870308,0.046305083,7.030463e-11,6.1021734e-19,0.07631681,1.3569012e-05,0.00022995465,1.0,0.00029452157,2.3246044e-11,0.021866366,2.8840556e-13,3.8363527e-12,0.002675178,2.1572236e-22,0.004346121
11155,0.09390064,0.10609732,0.0005644003,5.3648214e-11,0.010264092,0.9999995,4.0891118e-25,1.0,0.10870308,0.046305083,0.33553416,2.8325475e-10,0.07631681,4.6068744e-06,0.0028483707,0.7161712,0.00023658585,1.0,0.03261185,2.2170545e-10,1.6332947e-10,1.0655797e-14,7.207969e-19,4.1862768e-05
11157,0.09390064,0.05994424,0.032682583,0.4439747,0.5004057,1.0,0.018350748,4.389392e-15,0.8124633,0.046305083,2.0225841e-23,4.900471e-10,0.07631681,0.0010898531,0.00020845671,0.072389595,0.00020689992,1.0,0.011657234,1.239339e-06,5.535425e-06,1.0,2.4422514e-32,5.142457e-07
11158,0.09390064,0.05994424,0.0040904367,0.034790415,0.03057561,1.0,0.026610697,1.0,0.0042371973,0.046305083,1.0,2.4257082e-05,0.07631681,0.00012804847,1.6983138e-05,1.0,0.00041935715,9.40655e-21,0.0025632665,2.1323464e-08,2.3227292e-05,1.0,1.6353626e-20,5.0095633e-08
11165,0.99997246,0.05994424,0.014137625,0.4711284,0.14560603,0.00143103,0.025539387,1.0,0.2662358,0.046305083,2.1164499e-16,0.0020634504,0.09646739,0.053848162,0.00042511773,2.5951687e-11,0.00035676087,0.30837005,0.0025632665,5.908678e-06,0.001996479,9.147977e-07,4.364887e-27,0.000121543155
11166,0.09390064,0.10609732,8.191478e-06,0.00091642456,0.006375612,1.0,2.4070327e-23,2.880516e-20,0.06890529,0.0951895,1.0,2.9150609e-08,0.07631681,1.3292493e-08,0.0013017737,1.0,0.00030207526,1.0,0.035931535,5.002555e-12,3.4061645e-13,1.0,0.0015509275,6.262958e-10
11172,0.3985752,0.05994424,0.012176019,0.006527185,0.8578054,1.0,0.1584589,0.02100776,0.13688383,0.046305083,0.16331048,0.0051672948,0.07631681,3.408376e-05,6.259334e-05,9.551565e-06,0.00030897695,2.3009756e-09,0.011657234,0.00015344558,0.004143602,0.77814287,6.0338755e-31,2.4490973e-07
11175,0.13582136,0.05994424,1.1253452e-07,0.9821822,0.1966613,8.309641e-06,8.299053e-06,1.0,0.0069186734,0.046305083,1.0,1.05690345e-08,0.07631681,1.0,0.004060415,0.008831033,0.00020689992,1.0,0.0019824235,6.757144e-07,8.168299e-17,1.6495123e-17,2.466685e-13,0.06984435
11180,0.09390064,0.10609732,0.024843046,1.478971e-10,0.011417376,1.2417124e-12,3.56255e-24,1.0,0.10870308,0.046305083,5.744865e-11,2.7883965e-08,0.07631681,1.6888622e-05,0.0048755263,0.9997638,0.00025032324,7.002577e-10,0.035931535,2.2170545e-10,1.4746818e-09,0.99991286,4.5706288e-20,0.00030556007
11182,0.5116465,0.2205169,0.38155916,0.0006342917,0.05071926,0.9999585,2.4042433e-23,1.0,0.10870308,0.046305083,9.537876e-17,2.9973124e-10,0.8715376,7.432614e-24,0.2481435,1.0,0.0012923281,1.0,0.9951385,1.1669503e-12,2.4113198e-12,1.0,1.6138718e-18,0.015710674
11193,0.13582136,0.10609732,0.026812607,0.020103823,0.0038212913,1.0,1.0,1.0,0.056746874,0.046305083,0.0036393118,6.1572704e-17,0.07631681,9.299709e-05,0.04394445,0.051545084,0.21540341,3.006636e-39,0.021866366,3.2224386e-13,4.044519e-07,1.0,7.9517655e-09,3.5724665e-07
11197,0.09390064,0.05994424,0.012176019,0.019434081,0.063746504,1.0,0.1584589,1.0,0.9849198,0.046305083,0.008694054,2.2984383e-05,0.07631681,0.0024254783,0.006130043,1.0,0.00016375893,1.2256133e-23,0.011657234,0.24510773,0.0014341773,0.99999774,6.0338755e-31,0.0005070558
11199,0.09390064,0.05994424,2.328096e-07,0.0019271335,0.6759633,0.04803421,0.016312161,1.0,0.19738899,0.046305083,2.7808224e-38,2.2458306e-13,0.19388974,1.5390496e-09,0.0028381327,4.0661444e-06,0.00019444495,1.3275624e-22,0.011657234,3.7103383e-11,1.0,1.0,6.0338755e-31,0.9242528
11201,1.0,1.0,0.024623081,6.117101e-08,0.002667784,0.00031335015,4.1425263e-24,5.3273942e-24,0.066007785,0.07617714,0.973668,5.4780146e-11,0.07631681,3.5445944e-06,0.08316171,1.0,0.0010601293,1.0,0.12287176,4.344418e-10,5.820285e-14,1.0,0.87539095,0.9966113
11202,0.09390064,0.05994424,0.012176019,0.0025217468,0.44864616,0.10501985,0.1584589,1.0,0.2662358,0.046305083,2.8964272e-12,0.000108856315,0.2973902,0.015294579,6.641051e-05,0.0013869064,0.00018304498,6.810065e-19,0.011657234,0.6511214,0.004143602,0.6875265,6.0338755e-31,7.09077e-06
11204,0.09390064,0.05994424,0.97821975,0.07189761,0.44864616,0.39868677,0.99903595,0.02868212,0.60852975,0.07390926,2.4785629e-33,0.0080826925,0.14227797,0.27819994,0.028658072,8.3939617e-14,0.00023312231,8.270465e-21,0.011657234,0.15994938,1.3996542e-05,1.2713598e-12,6.0338755e-31,0.07555712
11213,0.09390064,0.10609732,0.04285862,1.2729487e-09,0.011417376,1.0,3.56255e-24,2.552164e-05,0.10870308,0.07617714,6.1793006e-15,7.6151274e-10,0.07631681,6.616383e-07,0.36453056,0.9979069,0.00020411126,1.2303289e-05,0.12287176,3.3344577e-10,5.7881002e-11,0.9999852,1.8488793e-12,0.80303264
11216,0.09390064,0.05994424,0.008673418,0.18368462,0.44864616,0.57808626,0.1584589,3.5565307e-26,0.2662358,0.046305083,3.117713e-39,0.00084298075,0.07631681,0.015294579,0.00090069894,0.001477347,0.000248451,4.1408705e-15,0.011657234,0.002757335,0.00016682384,1.0,6.0338755e-31,0.004857913
11217,0.48737064,0.05994424,0.67000204,0.0012210069,0.5061281,1.0,0.0020563675,1.5665266e-10,0.9996456,0.046305083,1.0,5.432058e-06,0.2081817,3.306566e-25,4.2019178e-07,0.99913895,0.00023380747,3.006636e-39,0.011657234,0.00037133571,0.0016150407,1.0,2.2606795e-24,2.6143699e-08
11218,0.09390064,0.05994424,0.5223253,0.020374816,0.40084127,4.8730998e-12,0.010629494,1.0,0.48461762,0.046305083,3.861366e-37,9.8848936e-08,0.07631681,4.1840817e-06,0.00045673674,1.1690261e-07,0.0007451813,4.4094955e-16,0.35864797,0.00045746635,2.0121557e-05,3.9263816e-14,7.707709e-30,2.111222e-11
11219,0.09390064,0.05994424,7.4021795e-05,0.5893169,0.40035892,0.061488513,0.085527666,1.0,0.42313853,0.046305083,0.033465743,0.0004980222,0.07631681,0.0007360019,6.452227e-05,1.6318171e-27,0.00020639747,1.0,0.0025632665,8.4458984e-10,2.4411952e-06,4.9526257e-31,1.7723866e-22,1.0861609e-07
11220,0.48737064,0.10609732,0.15633084,6.921978e-07,0.043153945,1.0,4.300545e-27,9.707749e-11,0.05422198,0.046305083,1.0,7.0324584e-12,0.2081817,5.047593e-23,0.047196645,1.0,0.00031998695,1.0,0.26524475,2.1606639e-09,8.4279185e-15,1.0,0.005390099,5.132539e-06
11222,0.18683869,0.45155433,0.8623517,1.0093704e-08,0.011417376,4.225194e-06,3.56255e-24,1.0,0.76821476,1.0,7.596925e-09,2.4376462e-08,0.07631681,2.3552118e-06,0.06714595,0.98782897,0.00021918798,3.6071024e-24,0.035931535,1.4742403e-09,3.3999906e-10,0.99991286,3.7340975e-20,0.020112336
11223,0.13582136,0.05994424,0.0020224778,0.6066986,0.18106374,3.808102e-05,0.020347917,3.7009536e-29,0.013785833,0.046305083,1.2766693e-12,6.8318644e-09,0.19275242,0.0003942573,8.560913e-05,0.00070740335,0.0003618775,1.0,0.011657234,0.0011880781,0.81268966,1.0,2.1259935e-13,0.11063041
11226,0.9072895,0.05994424,0.04131583,0.0032006165,0.005559307,1.0,0.00018143833,1.1320202e-31,0.0693862,0.046305083,0.99999976,6.1793203e-06,0.1839583,1.5679226e-25,5.9871995e-06,0.99990046,0.00047111424,8.343627e-30,1.0,3.3423828e-07,1.2218255e-11,1.0,1.0434609e-12,0.03866506
11228,1.0,0.10609732,0.7157953,1.4026667e-11,0.011417376,0.9999994,4.3643876e-27,1.0,0.7373692,0.046305083,3.0634602e-11,1.6823021e-10,0.13686801,8.868387e-08,0.3630022,1.0,0.00063153746,6.8705112e-15,1.0,2.4212876e-09,7.1640555e-11,1.0,8.020652e-15,3.115068e-06
11230,0.65636736,0.23985733,0.16020314,0.0034459583,0.44864616,0.10501985,0.1584589,0.98619425,0.96565443,0.7354804,1.5666705e-28,0.0001322654,0.1749142,8.3562794e-05,0.0002798748,1.5099666e-07,0.0004163129,6.930817e-23,0.2564673,0.03653301,5.7474936e-06,1.109289e-12,6.0338755e-31,0.07193586
11232,0.13582136,0.18197545,0.4766586,0.8819787,0.1538164,6.411647e-15,0.016013617,0.8673767,0.113413036,1.0,0.08995807,0.0044719935,0.07631681,6.642438e-05,0.00027470704,0.002052447,0.00016375893,1.0,0.0019824235,0.0055601373,1.8364064e-08,7.680138e-07,5.6697155e-13,0.04991328
11242,0.09390064,0.05994424,0.012090272,4.6101354e-06,0.6310193,8.478749e-09,0.1584589,0.18261753,0.2662358,0.046305083,1.0250296e-18,5.3691714e-05,0.07631681,0.006968179,5.400987e-06,1.4029794e-19,0.0069512334,1.501373e-22,0.028777288,0.20019719,0.0691641,1.758955e-08,6.0338755e-31,1.9567286e-05
11244,0.13582136,0.05994424,5.1259995e-05,5.1281266e-05,0.129138,0.09315783,0.011683816,1.0,0.014807332,0.046305083,1.0,1.0964262e-08,0.07631681,7.655325e-09,0.002612348,1.3298029e-06,0.0006399265,1.0,0.004965229,2.7600568e-11,0.020980064,1.0,9.893523e-10,0.43678868
11246,0.13777927,0.23883942,0.016676312,5.842525e-12,0.011417376,0.99735427,3.137432e-25,1.0,0.057161536,0.1314709,3.6899448e-07,2.759495e-10,0.13686801,4.4980784e-08,0.8618525,0.9998759,0.00020411126,9.675711e-23,0.81267446,7.4855885e-11,2.9510092e-12,0.0005948932,2.6199248e-16,1.2216292e-06
11247,0.13582136,0.9754944,0.9998858,0.600484,0.21393079,1.0,0.1584589,1.0,1.0,0.046305083,8.27244e-24,2.7601412e-11,0.07631681,0.0009842415,1.4363997e-07,1.5240042e-22,0.00020639747,3.2672478e-06,0.011657234,0.00015086906,8.134656e-09,1.8436737e-28,1.7302781e-16,0.027547639
11252,0.09390064,0.10609732,0.33222753,6.323128e-10,0.009406016,4.3193708e-07,4.3330766e-23,1.0,0.10870308,0.046305083,1.37586564e-17,5.746178e-08,0.07631681,0.000617534,0.006245022,0.95574486,0.00020411126,1.8838006e-07,0.035931535,1.042442e-09,2.338143e-06,0.43940225,2.4104308e-17,2.111526e-05
11253,0.31583336,0.05994424,0.012916399,0.7941246,0.022036113,4.7007465e-16,0.014242248,1.0,0.33815262,0.046305083,0.9892363,1.0,0.09646739,6.4040204e-11,3.428176e-05,1.4565963e-15,0.00044927883,1.0,0.0019824235,1.2958158e-06,1.5705213e-09,9.5555235e-09,1.0,1.0
11254,0.09827416,0.17572631,0.009171867,4.5901227e-11,0.009406016,8.841126e-06,9.489725e-23,1.0,0.057161536,0.046305083,1.2752058e-10,1.4538634e-10,0.07631681,6.5971886e-05,0.006779726,0.03488506,0.00072559767,1.0,0.035931535,2.0173974e-09,9.612304e-12,9.618778e-16,5.692516e-20,0.15242374
11257,0.5117579,0.05994424,0.001773627,0.0046983524,0.021412054,0.9999999,0.99795604,2.7526692e-08,0.2662358,0.046305083,1.5077202e-30,1.8575314e-07,0.1839583,1.8319987e-23,6.39419e-05,0.57228506,0.00024613098,2.8877203e-10,0.011657234,0.025865166,0.018261619,1.0,9.1502177e-26,0.0074779894
11258,0.09390064,0.10609732,0.13418643,1.3119006e-11,0.011417376,6.7785803e-17,3.137432e-25,5.229047e-21,0.7577605,0.14165203,0.9991819,3.3459045e-11,1.0,2.3955687e-08,0.08789217,1.0,0.00022600578,1.0,0.035931535,1.3232736e-09,1.4554204e-13,1.0,7.632514e-15,0.044697117
11259,0.09390064,0.18197545,0.26311588,0.8539979,0.47395396,0.10501985,0.1584589,2.1268452e-13,0.2662358,0.30965918,4.9973425e-29,0.00130096,0.07631681,0.026477952,0.03961942,0.0013869064,0.0004197701,0.00027534945,0.011657234,0.00032961933,0.047055934,1.0,6.0338755e-31,1.3045179e-05
11260,0.13582136,0.05994424,0.0028499868,0.70561343,0.020053418,1.0,0.998836,1.0,0.00401448,0.046305083,0.99997985,0.00017084736,0.07631681,0.0005154767,1.0638694e-05,1.0,0.0002702116,2.685858e-20,0.011657234,0.0058173058,3.194123e-06,0.99981874,3.9021664e-12,0.1932618
11262,0.09390064,0.05994424,0.92461824,0.0020955917,0.574614,0.071882464,0.0031138612,1.0,0.8047901,0.046305083,1.1167146e-20,9.78737e-13,0.07631681,1.0,0.8982182,0.00010550177,0.00034590845,1.0,0.011657234,1.7425982e-09,1.6400688e-10,5.8911912e-08,2.2606795e-24,0.013881189
11263,0.99995494,0.10609732,0.021391237,2.487249e-10,0.011417376,0.6817539,3.7992354e-24,0.016158482,0.10870308,0.046305083,7.936067e-17,2.7883965e-08,0.07631681,6.265054e-07,0.0029822842,0.99572986,0.00020411126,3.675744e-08,0.035931535,2.2170545e-10,6.365516e-14,0.99991286,6.187261e-19,7.803562e-05
11265,0.09390064,0.14426152,0.024962245,0.017362464,0.44864616,0.05084429,0.1584589,0.014272491,0.49861002,0.1314709,8.012918e-37,0.00018355883,0.07631681,0.2899219,1.0,0.00079832517,0.00047062765,1.8122356e-14,0.57857555,0.00027341573,6.5307927e-07,1.01109954e-10,6.0338755e-31,1.3045179e-05
11269,0.09390064,0.05994424,0.16097553,0.013694924,0.6653214,0.10501985,0.0026124723,0.014457461,0.42111132,0.046305083,1.5686046e-25,0.00010518636,0.07631681,0.007842105,0.5293763,4.2745694e-07,0.00016375893,1.1674163e-22,0.011657234,8.9037276e-05,0.0003896568,0.17223752,6.0338755e-31,0.0007556436
11270,0.40462878,0.9850558,0.999767,0.0023688178,0.710278,0.17877987,0.016312161,3.0971095e-17,1.0,0.046305083,3.0554217e-28,1.7571198e-09,0.13686801,6.8590447e-07,0.7987895,1.1313964e-05,0.004488576,1.0,0.004965229,0.21934286,1.2560544e-12,1.0,6.0338755e-31,2.0166633e-06
11275,0.09390064,0.05994424,0.2276431,0.0012210069,0.44864616,1.0,0.0026124723,1.1094573e-06,0.6274291,0.046305083,1.7923613e-12,0.00021074757,0.58804107,0.00027166127,5.9267346e-05,0.017235775,0.00016375893,2.3009756e-09,1.0,0.027062848,0.004143602,0.98637587,6.0338755e-31,2.3858652e-08
